CERT,NAME,ACTIVE,ASSET,DEP,NAMEHCR,RSSDHCR,FED_RSSD,BKCLASS,STALP,CITY,SPECGRPN,REPDTE
14,State Street Bank and Trust Company,1,412620000,326247000,STATE STREET CORP,1111435,35301,SM,MA,Boston,All Other Over 1 Billion,06/30/2026
35,AuburnBank,1,1085002,990462,AUBURN NATIONAL BCORP INC,1129533,749635,SM,AL,Auburn,Commercial Lending Specialization,06/30/2026
39,Robertson Banking Company,1,462662,399516,RBC INC,2526755,430036,NM,AL,Demopolis,Commercial Lending Specialization,06/30/2026
41,Phenix-Girard Bank,1,342259,323551,PHENIX-GIRARD BANCSHARES INC,2013246,432432,NM,AL,Phenix City,Other Specialized Under 1 Billion,06/30/2026
49,Bank of Evergreen,1,78111,68562,,,560438,NM,AL,Evergreen,All Other Under 1 Billion,06/30/2026
50,Community Spirit Bank,1,228823,205693,INDEPENDENT BANCSHARES EMPLOYEE STK OWNERSHIP PLAN,3587294,470032,NM,AL,Red Bay,Commercial Lending Specialization,06/30/2026
51,The Bank of Vernon,1,445356,373643,FIRST VERNON BANCSHARES INC,1139998,382537,NM,AL,Vernon,Commercial Lending Specialization,06/30/2026
52,The Citizens Bank of Winfield,1,301260,215178,CITIZENS BCORP OF WINFIELD INC,1833616,293437,NM,AL,Winfield,Other Specialized Under 1 Billion,06/30/2026
54,The Exchange Bank of Alabama,1,392537,336397,GADSDEN CORP THE,1079067,672537,NM,AL,Altoona,Commercial Lending Specialization,06/30/2026
58,United Bank,1,1480601,1224410,UNITED BCORP OF ALABAMA INC,1083895,994435,NM,AL,Atmore,Commercial Lending Specialization,06/30/2026
70,Peoples Exchange Bank,1,98578,86612,PEOPLES EXC BANCSHARES INC,1138870,42037,NM,AL,Monroeville,Commercial Lending Specialization,06/30/2026
72,Central State Bank,1,890704,810307,CENTRAL STATE BCORP,1084593,353238,SM,AL,Calera,Commercial Lending Specialization,06/30/2026
77,BankSouth,1,221455,178389,BANCSOUTH CORP,1084061,194936,NM,AL,Dothan,Commercial Lending Specialization,06/30/2026
81,Warren Bank and Trust Company,1,146341,120343,,,748441,SM,AR,Warren,Agricultural Specialization,06/30/2026
88,Generations Bank,1,1091001,935578,HARRELL BANCSHARES INC,2352196,329345,SM,AR,Rogers,Commercial Lending Specialization,06/30/2026
89,Signature Bank of Arkansas,1,1631775,1436395,WHITE RIVER BANCSHARES CO,3306589,3350724,SM,AR,Fayetteville,Commercial Lending Specialization,06/30/2026
90,Commercial Bank & Trust Company,1,364047,335988,DREW BANCSHARES INC,1098198,23643,SM,AR,Monticello,Commercial Lending Specialization,06/30/2026
93,Riverside Bank,1,73912,56643,OAK TREE FINANCIAL CORP INC,5977479,977045,NM,AR,Sparkman,Mortgage Lending Specialization,06/30/2026
99,Bank of Delight,1,201031,169238,,,455945,NM,AR,Delight,Agricultural Specialization,06/30/2026
105,Bank of Cave City,1,194374,171866,SHARP BANCSHARES INC,1099663,629148,SM,AR,Cave City,Agricultural Specialization,06/30/2026
107,The Merchants & Planters Bank,1,51276,46930,CLARENDON HOLDING CO,1099252,691042,NM,AR,Clarendon,Agricultural Specialization,06/30/2026
109,Horatio State Bank,1,311503,275520,PIONEER BANCSHARES HORATIO ARK,1139091,458142,NM,AR,Horatio,All Other Under 1 Billion,06/30/2026
110,Bank OZK,1,41703134,33996752,,,107244,NM,AR,Little Rock,Commercial Lending Specialization,06/30/2026
131,Seacoast National Bank,1,21335888,16801603,SEACOAST BANKING CORP OF FL,1085013,34537,N,FL,Stuart,Commercial Lending Specialization,06/30/2026
147,Century Bank and Trust,1,490737,435303,CENTURY BCORP INC,2043850,944337,NM,GA,Milledgeville,Commercial Lending Specialization,06/30/2026
148,Bank of Madison,1,448109,398082,MADISON BANK CORP,1135105,752831,NM,GA,Madison,Commercial Lending Specialization,06/30/2026
149,Bank of Hazlehurst,1,134175,117876,HAZLEHURST INVESTORS INC,3140961,628039,NM,GA,Hazlehurst,Agricultural Specialization,06/30/2026
155,Bank of Alapaha,1,250968,229968,ALAPAHA HOLDING CO,3194076,986935,NM,GA,Alapaha,All Other Under 1 Billion,06/30/2026
160,Exchange Bank,1,410305,358860,EXCHANGE BANKSHARES INC,1085862,613839,NM,GA,Milledgeville,Commercial Lending Specialization,06/30/2026
169,First National Bank of Griffin,1,368282,321309,,,563233,N,GA,Griffin,Commercial Lending Specialization,06/30/2026
170,The Peoples Bank of Georgia,1,252305,219261,,,272030,NM,GA,Talbotton,Commercial Lending Specialization,06/30/2026
172,United Bank,1,2159044,1882152,UNITED BK EMPLOYEE STK OWNERSHIP PLAN TR,5937848,37435,NM,GA,Zebulon,Commercial Lending Specialization,06/30/2026
175,The Commercial Bank,1,463730,419160,TCB BANCSHARES INC,1417418,469737,NM,GA,Crawford,Commercial Lending Specialization,06/30/2026
178,Talbot State Bank,1,51658,45247,TSB BCORP INC,1249020,577230,NM,GA,Woodland,Mortgage Lending Specialization,06/30/2026
183,The Merchants & Citizens Bank,1,145987,128715,M&C BANCSHARES INC,5586321,784430,NM,GA,Mcrae,Other Specialized Under 1 Billion,06/30/2026
197,Alliance Bank,1,454838,398155,ALLIANCE BCORP,1138405,493741,NM,IN,Francesville,Agricultural Specialization,06/30/2026
210,Tri-County Bank & Trust Company,1,313914,259406,NORTH SALEM STATE BCORP THE,1136830,914545,NM,IN,Roachdale,Commercial Lending Specialization,06/30/2026
214,Washington State Bank,1,601122,510481,W S B INC,1207468,433943,SM,IA,Washington,Agricultural Specialization,06/30/2026
226,Guthrie County State Bank,1,279225,209327,GUTHRIE COUNTY BANCSHARES INC,1208380,969844,NM,IA,Panora,Agricultural Specialization,06/30/2026
228,American State Bank,1,1447885,1218221,AMBANK CO INC,1201457,735441,NM,IA,Sioux Center,Agricultural Specialization,06/30/2026
230,Community State Bank,1,345777,295542,COMMUNITY STATE BCORP,1131424,849348,NM,IA,Spencer,Agricultural Specialization,06/30/2026
231,Commercial Savings Bank,1,348840,292743,COMMERCIAL BAN CORP,1132971,194440,SM,IA,Carroll,Commercial Lending Specialization,06/30/2026
232,Solon State Bank,1,122478,90313,SOLON FINANCIAL INC,1137903,185448,NM,IA,Solon,Commercial Lending Specialization,06/30/2026
234,Pocahontas State Bank,1,122569,83053,DENTEL BCORP,1133615,402846,NM,IA,Pocahontas,Agricultural Specialization,06/30/2026
235,Security State Bank,1,492270,337286,OLD O BRIEN BANC SHARES INC,1209172,425845,NM,IA,Sutherland,Agricultural Specialization,06/30/2026
245,Raccoon Valley Bank,1,486033,430200,GREENE INVESTMENT CO,1205905,102342,NM,IA,Perry,Commercial Lending Specialization,06/30/2026
248,State Savings Bank,1,291895,222099,SSB HOLDING CO INC,1201729,762045,NM,IA,West Des Moines,Commercial Lending Specialization,06/30/2026
251,First Security Bank,1,65225,54690,BEULAH BCORP INC,1919976,943143,NM,IA,Mapleton,Agricultural Specialization,06/30/2026
252,Pinnacle Bank,1,324441,268223,IOWA RIVER BCORP INC,3916317,365745,SM,IA,Marshalltown,Commercial Lending Specialization,06/30/2026
253,Luana Savings Bank,1,2341323,1965552,LUANA BCORP,1209211,674849,NM,IA,Luana,Commercial Lending Specialization,06/30/2026
254,First Whitney Bank and Trust,1,287508,254825,WHITNEY CORP OF IOWA,1200571,740249,NM,IA,Atlantic,Agricultural Specialization,06/30/2026
258,Stock Yards Bank & Trust Company,1,10360306,8489173,STOCK YARDS BCORP INC,1249730,317342,NM,KY,Louisville,Commercial Lending Specialization,06/30/2026
262,Citizens Bank,1,250355,221562,ROCKCASTLE BCORP INC,2262268,840019,NM,KY,Mount Vernon,Commercial Lending Specialization,06/30/2026
267,Kentucky Farmers Bank Corporation,1,328451,276091,KFB HOLDINGS INC,5907083,683814,NM,KY,Catlettsburg,All Other Under 1 Billion,06/30/2026
275,"Morgantown Bank & Trust Company, Incorporated",1,439663,385692,MORGANTOWN DEPOSIT BCORP INC,1119217,330949,NM,KY,Morgantown,Commercial Lending Specialization,06/30/2026
281,Hyden Citizens Bank,1,148623,134820,MIDDLEFORK FINANCIAL GROUP INC,1071539,211114,NM,KY,Hyden,Commercial Lending Specialization,06/30/2026
284,Auburn Banking Company,1,164254,149785,FIRST COMMUNITY BCORP INC,2151670,811541,NM,KY,Auburn,All Other Under 1 Billion,06/30/2026
287,Community Financial Services Bank,1,1371632,1226605,COMMUNITY FINL SERVICES EMPLOYEE STK OWNERSHIP PLAN,2052067,698144,SM,KY,Benton,Commercial Lending Specialization,06/30/2026
288,Farmers & Traders Bank of Campton,1,67248,58355,MIDDLEFORK FINANCIAL GROUP INC,1071539,839817,NM,KY,Campton,Commercial Lending Specialization,06/30/2026
289,Bank of Hindman,1,259730,211360,COMMUNITY EXC BANCSHARES INC,3923306,763211,NM,KY,Hindman,Commercial Lending Specialization,06/30/2026
291,Jackson County Bank,1,175869,113604,,,1016718,NM,KY,Mc Kee,Agricultural Specialization,06/30/2026
292,The Monticello Banking Company,1,1067848,924295,MONTICELLO BANKSHARES INC,1097922,266945,SM,KY,Monticello,Commercial Lending Specialization,06/30/2026
296,Bank of Edmonson County,1,283407,242731,EDMONSON BANCSHARES INC,2155397,903240,NM,KY,Brownsville,All Other Under 1 Billion,06/30/2026
297,Lewisburg Banking Company,1,246068,210117,LEWISBURG BANCSHARES CORP,1250071,580847,SM,KY,Lewisburg,All Other Under 1 Billion,06/30/2026
303,United Cumberland Bank,1,460172,399334,MCCREARY BANCSHARES INC,1071342,425818,NM,KY,Whitley City,Commercial Lending Specialization,06/30/2026
304,Clinton Bank,1,70405,59174,CLINTON BCORP INC,2266387,782548,NM,KY,Clinton,Agricultural Specialization,06/30/2026
306,Bank of Zachary,1,415985,359683,ZACHARY BANCSHARES INC,1086056,860334,NM,LA,Zachary,Commercial Lending Specialization,06/30/2026
307,Landmark Bank,1,229830,203965,CLINTON BANCSHARES INC,1085460,535034,NM,LA,Clinton,Commercial Lending Specialization,06/30/2026
314,The Mer Rouge State Bank,1,51815,44991,,,741956,NM,LA,Mer Rouge,Agricultural Specialization,06/30/2026
324,Citizens Bank,1,466261,401331,CITIZENS CORP,1246681,514132,NM,MS,Columbia,All Other Under 1 Billion,06/30/2026
327,Merchants and Planters Bank,1,198973,161749,,,579636,NM,MS,Raymond,Commercial Lending Specialization,06/30/2026
340,"The Peoples Bank, Biloxi, Mississippi",1,770659,610137,PEOPLES FINANCIAL CORP,1133174,870539,NM,MS,Biloxi,Other Specialized Under 1 Billion,06/30/2026
342,Farmers State Bank,1,790327,664252,FARMERS STATE FINANCIAL CORP,2108227,475354,SM,MT,Victor,Commercial Lending Specialization,06/30/2026
352,The Bank of Baker,1,160896,142179,UNITED BCORP,1128264,222558,NM,MT,Baker,Agricultural Specialization,06/30/2026
363,"First Montana Bank, Inc.",1,530272,437877,FIRST NATIONAL BCORP INC,1134845,613156,SM,MT,Missoula,Commercial Lending Specialization,06/30/2026
384,The Ohio Valley Bank Company,1,1646225,1413087,OHIO VALLEY BANC CORP,2012436,498317,SM,OH,Gallipolis,Commercial Lending Specialization,06/30/2026
389,The Peoples Bank,1,60436,54294,PEOPLES BANCSHARES GAMBIER INC,1427734,378110,NM,OH,Gambier,Mortgage Lending Specialization,06/30/2026
399,First Summit Bank,1,33759,28998,,,514356,NM,OK,Ryan,Agricultural Specialization,06/30/2026
402,Sooner State Bank,1,354635,310956,TUTTLE BANCSHARES INC,1067372,534756,NM,OK,Tuttle,Commercial Lending Specialization,06/30/2026
404,The Farmers State Bank,1,193946,182146,F S B PROPERTIES INC,1055539,647759,SM,OK,Quinton,All Other Under 1 Billion,06/30/2026
406,Cleo State Bank,1,122528,103896,CLEO BANCSHARES INC,1052958,155759,NM,OK,Cleo Springs,Agricultural Specialization,06/30/2026
418,High Plains Bank,1,330216,285023,HPB HOLDINGS INC,1060711,881852,NM,OK,Okeene,Agricultural Specialization,06/30/2026
420,Bank of Vici,1,28851,26773,VICI BCORP,1055605,286251,NM,OK,Vici,Commercial Lending Specialization,06/30/2026
421,Security State Bank,1,279534,247854,CHEYENNE BANKING CORP,2180205,58551,NM,OK,Cheyenne,Agricultural Specialization,06/30/2026
428,American Exchange Bank,1,103691,89001,,,811550,NM,OK,Henryetta,Consumer Lending Specialization,06/30/2026
432,Security First National Bank of Hugo,1,137726,121871,SOONER SW BANKSHARES INC,2411619,422657,N,OK,Hugo,Commercial Lending Specialization,06/30/2026
444,PS Bank,1,674545,587957,PEOPLES LTD,1143959,597313,NM,PA,Wyalusing,Commercial Lending Specialization,06/30/2026
445,Mercer County State Bank,1,611253,530328,MERCER COUNTY STATE BCORP INC,1247183,866121,NM,PA,Sandy Lake,Commercial Lending Specialization,06/30/2026
485,Security Bank Midwest,1,304087,238800,MIDWEST BANCSHARES INC,4347301,435255,NM,SD,Tyndall,Agricultural Specialization,06/30/2026
492,Western Dakota Bank,1,85563,77319,WESTERN DAKOTA HOLDING CO,2351359,128258,NM,SD,Timber Lake,Agricultural Specialization,06/30/2026
496,BankStar Financial,1,363464,302145,ELKTON HOLDING CO,1943917,109453,NM,SD,Elkton,Commercial Lending Specialization,06/30/2026
501,Farmers and Merchants State Bank,1,180435,137272,PAGE HOLDING CO,1363748,601153,NM,SD,Plankinton,Agricultural Specialization,06/30/2026
505,Great Plains Bank,1,150436,120561,GREAT PLAINS BANK CORP,1125898,589158,NM,SD,Eureka,Agricultural Specialization,06/30/2026
526,Farmers State Bank,1,35408,31172,COMMERCIAL BCORP,3108439,542854,SM,WY,Pine Bluffs,All Other Under 1 Billion,06/30/2026
529,Central Bank and Trust,1,202520,182299,CENTRAL TRUST CO,1020920,903950,NM,WY,Lander,Commercial Lending Specialization,06/30/2026
588,Manufacturers and Traders Trust Company,1,218788000,172325000,M&T BANK CORP,1037003,501105,SM,NY,Buffalo,Commercial Lending Specialization,06/30/2026
597,Chemung Canal Trust Company,1,2818102,2371123,CHEMUNG FINANCIAL CORP,1133594,884303,SM,NY,Elmira,Commercial Lending Specialization,06/30/2026
609,Tompkins Bank & Trust,1,8790772,7165944,TOMPKINS FINANCIAL CORP,2367921,433608,NM,NY,Ithaca,Commercial Lending Specialization,06/30/2026
618,Bank of Millbrook,1,311669,269805,MILLBROOK BANK SYSTEM INC,2646998,175609,SM,NY,Millbrook,All Other Under 1 Billion,06/30/2026
622,Amalgamated Bank,1,9409107,8485188,WORKERS UNITED,4400336,661308,NM,NY,New York,Commercial Lending Specialization,06/30/2026
623,Deutsche Bank Trust Company Americas,1,40535000,28146000,DEUTSCHE BK AKTIENGESELLSCHAFT,1242423,214807,SM,NY,New York,All Other Over 1 Billion,06/30/2026
628,"JPMorgan Chase Bank, National Association",1,4091315000,2820284000,JPMORGAN CHASE&CO,1039502,852218,N,OH,Columbus,International Specialization,06/30/2026
639,The Bank of New York Mellon,1,425115000,372562000,BANK OF NY MELLON CORP THE,3587146,541101,SM,NY,New York,International Specialization,06/30/2026
659,Five Star Bank,1,6294915,5309825,FINANCIAL INSTITUTIONS INC,1032464,601416,SM,NY,Rochester,Commercial Lending Specialization,06/30/2026
660,The Adirondack Trust Company,1,1701861,1473192,ADIRONDACK TR EMPLOYEE STK OWNERSHIP TR,3138267,645317,SM,NY,Saratoga Springs,Commercial Lending Specialization,06/30/2026
686,Journey Bank,1,1669098,1434152,MUNCY COLUMBIA FINANCIAL CORP,1118283,881012,NM,PA,Bloomsburg,Commercial Lending Specialization,06/30/2026
698,Wayne Bank,1,2905992,2529829,NORWOOD FINANCIAL CORP,2365356,59316,NM,PA,Honesdale,Commercial Lending Specialization,06/30/2026
713,Orrstown Bank,1,5611609,4624164,ORRSTOWN FINL SERVICES INC,1248153,342410,SM,PA,Harrisburg,Commercial Lending Specialization,06/30/2026
737,The Apple Creek Banking Company,1,270585,243364,APPLE CREEK BANC CORP,1248993,213912,SM,OH,Apple Creek,Commercial Lending Specialization,06/30/2026
763,Minster Bank,1,811604,719375,MINSTER FINANCIAL CORP,2795702,604024,SM,OH,Minster,Commercial Lending Specialization,06/30/2026
769,The Farmers Bank and Savings Company,1,471968,425473,FARMERS BANCSHARES INC,1132814,58225,NM,OH,Pomeroy,Commercial Lending Specialization,06/30/2026
803,"WesBanco Bank, Inc.",1,27745993,21774922,WESBANCO INC,1070448,645625,NM,WV,Wheeling,Commercial Lending Specialization,06/30/2026
823,Citizens Bank and Trust Company,1,577555,485497,CITIZENS BCORP OF VIRGINIA INC,3219474,991621,SM,VA,Blackstone,All Other Under 1 Billion,06/30/2026
845,The Bank of Romney,1,368807,283485,ROMNEY BANKSHARES INC,1417324,722432,SM,WV,Romney,Commercial Lending Specialization,06/30/2026
847,The Pleasants County Bank,1,84714,76703,PLEASANTS CNTY BANKSHARES INC,2728447,8631,SM,WV,Saint Marys,All Other Under 1 Billion,06/30/2026
855,"Merchants & Farmers Bank of Greene County, Alabama",1,135865,120395,MERCHANTS&FARMERS BANCSHARES,2111432,376237,NM,AL,Eutaw,Commercial Lending Specialization,06/30/2026
861,State Bank & Trust,1,413034,362560,PEOPLES BCORP INC,1085602,386731,NM,AL,Winfield,Commercial Lending Specialization,06/30/2026
876,Bank of Dawson,1,159915,131978,DAWSON BANCSHARES INC,1085536,193537,NM,GA,Dawson,Agricultural Specialization,06/30/2026
877,Magnolia State Bank,1,198651,167159,MAGNOLIA BANKSHARES INC,2453936,204237,NM,GA,Eastman,Commercial Lending Specialization,06/30/2026
879,Farmers State Bank,1,186213,160300,LINCOLN BANCSHARES INC,2645937,773032,NM,GA,Lincolnton,All Other Under 1 Billion,06/30/2026
889,Georgia First Bank,1,290751,259455,SOPERTON BANCSHARES INC,1250736,260831,NM,GA,Soperton,Commercial Lending Specialization,06/30/2026
893,Citizens Bank,1,832450,715988,,,126834,NM,TN,Carthage,Commercial Lending Specialization,06/30/2026
898,The Bank of Forest,1,296291,268960,FIRST FOREST CORP,1085518,642437,NM,MS,Forest,Commercial Lending Specialization,06/30/2026
899,The Gerber State Bank,1,100820,78055,GERBER BANCSHARES INC,3420702,663638,NM,IL,Argenta,Agricultural Specialization,06/30/2026
902,Byron Bank,1,384414,338123,BYRON BANCSHARES INC,1203107,325534,NM,IL,Byron,Commercial Lending Specialization,06/30/2026
903,Amalgamated Bank of Chicago,1,1328907,1142698,AMALGAMATED INVESTMENTS CO,1020676,397531,NM,IL,Chicago,Commercial Lending Specialization,06/30/2026
913,The Northern Trust Company,1,178566494,148110314,NORTHERN TRUST CORP,1199611,210434,SM,IL,Chicago,International Specialization,06/30/2026
925,The State Bank of Geneva,1,116156,102885,GENEVA BANCSHARES INC,1136924,991135,SM,IL,Geneva,Commercial Lending Specialization,06/30/2026
926,Peoples National Bank of Kewanee,1,587626,516978,PEOPLES FINL CORP OF IL INC,1491801,823133,N,IL,Kewanee,Other Specialized Under 1 Billion,06/30/2026
931,Citizens State Bank of Milford,1,56922,52042,ARTHUR R MURRAY INC,1201390,771047,NM,IL,Milford,Agricultural Specialization,06/30/2026
950,Iowa State Bank,1,470727,378878,MID-IOWA BANCSHARES CO,1207673,734248,NM,IA,Algona,Agricultural Specialization,06/30/2026
951,Cherokee State Bank,1,271111,218933,,,205542,NM,IA,Cherokee,Agricultural Specialization,06/30/2026
953,Bankers Trust Company,1,7832471,6716992,BTC FINANCIAL CORP,1201671,811046,NM,IA,Des Moines,Commercial Lending Specialization,06/30/2026
954,FNB Bank,1,274629,211302,FIRST FONTANELLE EMPLOYEE STK OWNERSHIP PLAN&TR,3696141,617743,SM,IA,Fontanelle,Agricultural Specialization,06/30/2026
955,Connection Bank,1,540910,452366,FORT MADISON FINANCIAL CO,1357037,624246,SM,IA,Fort Madison,Commercial Lending Specialization,06/30/2026
956,Glenwood State Bank,1,352857,307682,GLENWOOD BCORP,1204421,566243,SM,IA,Glenwood,All Other Under 1 Billion,06/30/2026
958,United Bank of Iowa,1,2495750,1958459,IDA GROVE BANCSHARES INC,1205183,738040,NM,IA,Ida Grove,Agricultural Specialization,06/30/2026
963,The Home Trust & Savings Bank,1,287720,252926,HTB INC,1427033,60545,SM,IA,Osage,Agricultural Specialization,06/30/2026
968,Security Trust & Savings Bank,1,266430,239412,STORM LAKE SECURITY BCORP,2382344,363648,SM,IA,Storm Lake,Agricultural Specialization,06/30/2026
969,Templeton Savings Bank,1,169642,141877,,,366247,SM,IA,Templeton,Agricultural Specialization,06/30/2026
976,Blissfield State Bank,1,114600,104548,BLISSFIELD BANK CORP,1245648,937843,SM,MI,Blissfield,Agricultural Specialization,06/30/2026
977,Tri-County Bank,1,638618,545565,TRI-COUNTY BCORP INC,1969506,695349,SM,MI,Brown City,Commercial Lending Specialization,06/30/2026
982,Eastern Michigan Bank,1,553623,453657,MERCANTILE BANK CORP,2608763,643340,SM,MI,Croswell,Other Specialized Under 1 Billion,06/30/2026
999,G. W. Jones Exchange Bank,1,122764,110942,JONES BCORP INC,2004039,540542,SM,MI,Marcellus,Other Specialized Under 1 Billion,06/30/2026
1005,Isabella Bank,1,2170035,1845402,ISABELLA BANK CORP,1401118,74140,SM,MI,Mount Pleasant,Commercial Lending Specialization,06/30/2026
1008,Bank Michigan,1,175994,144907,BANK MICHIGAN FINANCIAL CORP,5620971,382742,SM,MI,Brooklyn,Commercial Lending Specialization,06/30/2026
1014,ChoiceOne Bank,1,4453559,3608257,CHOICEONE FINL SERVICES INC,1139297,324340,SM,MI,Sparta,Commercial Lending Specialization,06/30/2026
1022,"Clare Bank, National Association",1,332461,275959,MONTFORT BCORP INC,1205325,988144,N,WI,Platteville,Agricultural Specialization,06/30/2026
1027,Fm Bank And Trust,1,1363808,1203834,FARMERS BCORP INC,1247615,33147,SM,AR,Blytheville,Agricultural Specialization,06/30/2026
1028,FBT Bank & Mortgage,1,263592,222146,FBT BANCSHARES INC,1099092,314444,SM,AR,Fordyce,Commercial Lending Specialization,06/30/2026
1040,Midland States Bank,1,6691838,5721115,MIDLAND STATES BCORP INC,1491351,773247,SM,IL,Effingham,Commercial Lending Specialization,06/30/2026
1047,Bank & Trust Company,1,641344,540496,LBT BANCSHARES INC,1099195,496845,NM,IL,Litchfield,Agricultural Specialization,06/30/2026
1049,First National Bank of Steeleville,1,274522,229005,STEELEVILLE BANCSHARES INC,1099627,129349,N,IL,Steeleville,All Other Under 1 Billion,06/30/2026
1058,Midwest BankCentre,1,3069248,2523075,STUPP BROS INC,1094556,657459,SM,MO,Lemay,Commercial Lending Specialization,06/30/2026
1060,Wood & Huston Bank,1,1233304,1081859,WOOD&HUSTON BCORP INC,1058558,671558,NM,MO,Marshall,Commercial Lending Specialization,06/30/2026
1068,Cass Commercial Bank,1,1326197,1115990,CASS INFORMATION SYSTEMS INC,1098648,177751,SM,MO,Des Peres,Commercial Lending Specialization,06/30/2026
1073,Lindell Bank & Trust Company,1,915166,707206,FIRST ILLINOIS BCORP INC,1095889,185859,SM,MO,St. Louis,Commercial Lending Specialization,06/30/2026
1086,The Bank of Versailles,1,358995,257040,BOV HOLDING CO,3643837,625850,SM,MO,Versailles,Mortgage Lending Specialization,06/30/2026
1090,Upper Peninsula State Bank,1,371702,303589,S B E CORP,1129159,236957,NM,MI,Escanaba,Commercial Lending Specialization,06/30/2026
1092,Baybank,1,173382,145827,BAYBANK CORP,2533070,242958,NM,MI,Gladstone,Commercial Lending Specialization,06/30/2026
1095,Central Savings Bank,1,516761,447412,CENTRAL BANK CORP,1246805,382050,SM,MI,Sault Sainte Marie,Commercial Lending Specialization,06/30/2026
1100,Peoples State Bank of Plainview,1,429056,393216,WRZ BANKSHARES INC,1427640,786555,SM,MN,Plainview,Commercial Lending Specialization,06/30/2026
1105,First Interstate Bank,1,25794971,21734129,FIRST INTRST BANCSYSTEM,1123670,659855,SM,MT,Billings,Commercial Lending Specialization,06/30/2026
1117,American Bank & Trust,1,2248298,1951501,LEACKCO BANK HOLDING CO INC,1131406,275358,NM,SD,Sioux Falls,Agricultural Specialization,06/30/2026
1118,"Citizens State Bank, of Arlington",1,153202,134904,,,274856,SM,SD,Arlington,Agricultural Specialization,06/30/2026
1122,First Fidelity Bank,1,717008,648721,FIDELITY CORP,1121788,80150,NM,SD,Burke,Agricultural Specialization,06/30/2026
1125,Merchants State Bank,1,219569,180687,H&W HOLDING CO,1363908,289757,SM,SD,Freeman,Agricultural Specialization,06/30/2026
1141,The Colorado Bank and Trust Company of La Junta,1,330337,280420,GRINNELL BANCSHARES INC,1208157,285151,SM,CO,La Junta,Commercial Lending Specialization,06/30/2026
1147,The Peoples Bank,1,531095,486557,PEOPLES BANKSHARES LTD THE,1056657,530655,SM,KS,Pratt,Agricultural Specialization,06/30/2026
1163,Wahoo State Bank,1,116521,91711,HOHL FINANCIAL INC,2566247,662350,SM,NE,Wahoo,All Other Under 1 Billion,06/30/2026
1164,The Citizens Bank,1,804307,697476,CITIZENS BK EMPLOYEE STK OWNERSHIP&RETIREMENT SVG PLAN,2749031,961259,NM,NM,Farmington,Other Specialized Under 1 Billion,06/30/2026
1165,The First Bank of Okarche,1,137453,114144,,,918150,NM,OK,Okarche,Agricultural Specialization,06/30/2026
1167,Tanager Bank,1,222271,178954,TANAGER BANCSHARES INC,6081289,85052,SM,WY,Jackson,Commercial Lending Specialization,06/30/2026
1169,Sundance State Bank,1,290903,255155,SUNDANCE BANKSHARES INC,2629946,94755,SM,WY,Sundance,Agricultural Specialization,06/30/2026
1184,"The Bank and Trust, S.S.B.",1,583769,529300,WESTEX BCORP INC,1105014,623454,SM,TX,Del Rio,All Other Under 1 Billion,06/30/2026
1198,Arrowhead Bank,1,295320,259859,ARROWHEAD CO,1237447,570558,NM,TX,Llano,All Other Under 1 Billion,06/30/2026
1209,"Commercial Bank of Texas, National Association",1,1685806,1500318,NACOGDOCHES COML BANCSHARES,1107595,885869,N,TX,Nacogdoches,Commercial Lending Specialization,06/30/2026
1213,"Cornerstone Capital Bank, SSB",1,3666532,2370037,CORNERSTONE CAPITAL BCORP INC,6013468,2891622,SI,TX,Houston,All Other Over 1 Billion,06/30/2026
1218,First State Bank,1,184007,154013,FIRST STATE BANKSHARES INC,1417137,407168,NM,TX,Spearman,Agricultural Specialization,06/30/2026
1219,Wellington State Bank,1,659733,599444,WSB BANCSHARES INC,2007218,371362,SM,TX,Wellington,Agricultural Specialization,06/30/2026
1225,Farmers and Merchants Bank of Long Beach,1,11770092,8762647,PALOMAR ENTERPRISES LLC,3649950,871769,SM,CA,Long Beach,Commercial Lending Specialization,06/30/2026
1237,Ireland Bank,1,355369,314109,IRELAND BCORP LTD,1248845,428462,NM,ID,Malad City,Commercial Lending Specialization,06/30/2026
1265,Cashmere Valley Bank,1,2316834,1962766,,,574976,NM,WA,Cashmere,Commercial Lending Specialization,06/30/2026
1281,Washington Trust Bank,1,10536386,8828663,W T B FINANCIAL CORP,1029464,58971,NM,WA,Spokane,Commercial Lending Specialization,06/30/2026
1291,Farmers Bank & Trust Company,1,3159678,2712679,MAGNOLIA BANKING CORP,1135413,12946,SM,AR,Magnolia,Commercial Lending Specialization,06/30/2026
1294,FNBC Bank,1,843316,704134,FNBC BCORP INC,1099690,100843,SM,AR,Ash Flat,Commercial Lending Specialization,06/30/2026
1296,Farmers Bank,1,288732,247858,WILKINSON BANKING CORP,1417511,325141,NM,AR,Greenwood,All Other Under 1 Billion,06/30/2026
1299,Evolve Bank & Trust,1,1188644,980920,EVOLVE BCORP INC,1142411,592448,SM,AR,West Memphis,Commercial Lending Specialization,06/30/2026
1331,Farmers & Merchants Bank of Central California,1,5834435,5096373,FARMERS&MERCHANTS BCORP,2781910,808260,NM,CA,Lodi,Agricultural Specialization,06/30/2026
1365,Peoples Bank and Trust Company,1,1591618,1395748,PBT BANCSHARES INC,1248658,153353,NM,KS,Mcpherson,Commercial Lending Specialization,06/30/2026
1373,BOM Bank,1,1609147,1384583,GRANT BANCSHARES INC,3203138,684455,NM,LA,Natchitoches,Commercial Lending Specialization,06/30/2026
1374,The Bank of Commerce,1,81481,72995,COMMERCE BANCSHARES INC,3135471,103134,NM,LA,White Castle,Commercial Lending Specialization,06/30/2026
1376,Citizens Bank & Trust Company,1,480828,405420,CITIZENS BCORP INC,1084472,357937,NM,LA,Plaquemine,Commercial Lending Specialization,06/30/2026
1380,Feliciana Bank & Trust Company,1,180398,146055,FELICIANA BANCSHARES INC,4211336,879439,NM,LA,Clinton,Commercial Lending Specialization,06/30/2026
1391,Arlington State Bank,1,56697,52693,ARLCO INC,1123728,270353,NM,MN,Arlington,Agricultural Specialization,06/30/2026
1399,Frandsen Bank & Trust,1,3656900,3131406,FRANDSEN FINANCIAL CORP,1128358,751656,SM,MN,Lonsdale,Commercial Lending Specialization,06/30/2026
1402,Citizens Alliance Bank,1,1436180,1221175,FORSTROM BCORP INC,1128134,279954,NM,MN,Clara City,Agricultural Specialization,06/30/2026
1409,Kensington Bank,1,446697,376192,KENSINGTON BCORP INC,2359917,58757,NM,MN,Kensington,Agricultural Specialization,06/30/2026
1413,Perennial Bank,1,158134,144586,DARWIN BANCSHARES INC,1125571,344852,NM,MN,Darwin,All Other Under 1 Billion,06/30/2026
1415,Northwoods Bank of Minnesota,1,140608,124956,DORSET BANCSHARES INC,1124097,284752,SB,MN,Park Rapids,Commercial Lending Specialization,06/30/2026
1417,Woodlands National Bank,1,331007,298548,MILLE LACS BCORP INC,2359823,980951,N,MN,Hinckley,Commercial Lending Specialization,06/30/2026
1418,Bank of Weston,1,246469,225408,WILSON BANCSHARES INC,1060104,393355,NM,MO,Weston,Commercial Lending Specialization,06/30/2026
1426,Focus Bank,1,854141,679759,SECURITY STATE BANCSHARES INC,1248573,498148,NM,MO,Charleston,Commercial Lending Specialization,06/30/2026
1427,United Security Bank,1,97241,81215,MID-MO BANCSHARES INC,1247736,630340,NM,MO,Fulton,All Other Under 1 Billion,06/30/2026
1434,Town & Country Bank,1,228874,194140,PLATTE VALLEY CATTLE CO,1054859,738255,SM,NE,Ravenna,Agricultural Specialization,06/30/2026
1435,Exchange Bank,1,1575285,1219400,EXCHANGE CO,1061893,492650,NM,NE,Kearney,Commercial Lending Specialization,06/30/2026
1438,Countryside Bank,1,118534,96698,UB INC,2090779,474357,NM,NE,Unadilla,Agricultural Specialization,06/30/2026
1439,American Interstate Bank,1,132031,105274,AMERICAN INTERSTATE BCORP INC,1210459,547251,NM,NE,Elkhorn,Commercial Lending Specialization,06/30/2026
1464,Bank of Holland,1,261621,234145,HOLLAND BCORP INC,2960359,941804,NM,NY,Holland,All Other Under 1 Billion,06/30/2026
1468,Bank of Crockett,1,299054,266287,SECURITY BCORP OF TN INC,1135374,324854,SM,TN,Bells,Agricultural Specialization,06/30/2026
1475,Peoples Bank & Trust Company,1,168551,142564,PEOPLES BCORP INC,1131554,28732,NM,TN,Manchester,Commercial Lending Specialization,06/30/2026
1484,Bank of Frankewing,1,413119,364558,FRANKEWING BANCSHARES INC,1136447,166531,NM,TN,Frankewing,Commercial Lending Specialization,06/30/2026
1487,First Farmers and Merchants Bank,1,1762742,1565094,FIRST FARMERS&MERCHANTS CORP,1083783,150035,SM,TN,Columbia,Commercial Lending Specialization,06/30/2026
1497,Security State Bank,1,1138646,1027911,BRISCOE RANCH INC,1102451,839068,NM,TX,Pearsall,Commercial Lending Specialization,06/30/2026
1513,Citizens State Bank of La Crosse,1,648501,513360,CLAYTON BANKSHARES INC,1123782,447557,NM,WI,La Crosse,Commercial Lending Specialization,06/30/2026
1527,Diamond Bank,1,957206,838378,BAINUM BCORP,1491333,27847,SM,AR,Murfreesboro,Agricultural Specialization,06/30/2026
1528,Southern Bancorp Bank,1,3012822,2336560,SOUTHERN BCORP INC,1248939,852544,SM,AR,Arkadelphia,Commercial Lending Specialization,06/30/2026
1536,Bank of Stockton,1,4994340,3796737,1867 WESTERN FINANCIAL CORP,1399765,479268,NM,CA,Stockton,Commercial Lending Specialization,06/30/2026
1545,"First National Bank, Ames, Iowa",1,1111663,955576,AMES NATIONAL CORP,1202258,820048,N,IA,Ames,Commercial Lending Specialization,06/30/2026
1547,Iowa Trust and Savings Bank,1,210609,142054,BRADLEY BCORP INC,1202119,202541,NM,IA,Centerville,Agricultural Specialization,06/30/2026
1550,Central State Bank,1,419323,344418,AJJ BCORP INC,2253734,678744,SM,IA,Coralville,Commercial Lending Specialization,06/30/2026
1552,CBI Bank & Trust,1,1703404,1440378,CENTRAL BANCSHARES INC,1203899,830542,SM,IA,Muscatine,Commercial Lending Specialization,06/30/2026
1553,The Shelby County State Bank,1,523571,462948,DANES HOLDINGS INC,4771979,536349,NM,IA,Harlan,Agricultural Specialization,06/30/2026
1556,Twin Cedars Bank,1,118346,104665,TWIN CEDARS BCORP INC,5693180,750444,NM,IA,Bussey,Commercial Lending Specialization,06/30/2026
1562,Peoples Bank,1,193740,173300,KING HARRIS BCORP INC,5420788,519445,NM,KY,Lebanon,Commercial Lending Specialization,06/30/2026
1566,The Peoples Bank,1,144971,132637,LAKE VALLEY BCORP INC,1119253,76443,NM,KY,Taylorsville,Mortgage Lending Specialization,06/30/2026
1600,First Farmers & Merchants State Bank,1,96410,85692,215 HOLDING CO,1247576,276654,NM,MN,Brownsdale,Agricultural Specialization,06/30/2026
1604,Security Bank USA,1,263859,238824,SECURITY ST BANCSHARES BEMIDJI,1125496,950758,NM,MN,Bemidji,Commercial Lending Specialization,06/30/2026
1607,The Bank of Elk River,1,719068,661242,METRO NORTH BANCSHARES INC,3027268,10250,NM,MN,Elk River,Commercial Lending Specialization,06/30/2026
1610,The State Bank of Faribault,1,329197,301406,FARIBAULT BANCSHARES INC,1126158,46053,NM,MN,Faribault,Commercial Lending Specialization,06/30/2026
1611,"Carroll County Trust Company of Carrollton, Missouri",1,207555,173433,CARROLL COUNTY BANCSHARES INC,1131013,490843,NM,MO,Carrollton,Agricultural Specialization,06/30/2026
1612,Sherwood Community Bank,1,77931,71591,,,887854,NM,MO,Creighton,Commercial Lending Specialization,06/30/2026
1616,Exchange Bank of Missouri,1,453843,409725,NORTHERN MO BANCSHARES INC,1249495,686459,SM,MO,Fayette,Agricultural Specialization,06/30/2026
1617,The Bank of Missouri,1,4225030,3583014,RELIABLE CMTY BANCSHARES INC,1416439,330855,NM,MO,Perryville,Commercial Lending Specialization,06/30/2026
1622,First Security Bank,1,61922,56913,FIRST AMERICAN BANCSHARES INC,1059751,322551,NM,MO,Union Star,All Other Under 1 Billion,06/30/2026
1639,FCNB Bank,1,220438,196005,STEELVILLE CMTY BANC-SHARES,1096037,619859,SM,MO,Steelville,Commercial Lending Specialization,06/30/2026
1654,Ozark Bank,1,340999,283078,,,882952,NM,MO,Ozark,Commercial Lending Specialization,06/30/2026
1655,The Bank of Old Monroe,1,994586,916641,CUIVRE RIVER BANCSHARES INC,2315164,880855,NM,MO,Old Monroe,Commercial Lending Specialization,06/30/2026
1660,Farmers and Merchants Bank of South Carolina,1,413556,350836,FMB OF S C BANCSHARES INC,1137426,282226,NM,SC,Holly Hill,Other Specialized Under 1 Billion,06/30/2026
1673,1st Financial Bank USA,1,1404116,1093193,,,526452,NM,SD,Dakota Dunes,All Other Over 1 Billion,06/30/2026
1675,Richland State Bank,1,49556,44676,BRYANT BANCSHARES INC,1127717,83852,NM,SD,Bruce,Agricultural Specialization,06/30/2026
1678,Plains Commerce Bank,1,1298838,1078336,PLAINS COMMERCE FINANCIAL INC,5331286,593052,NM,SD,Sioux Falls,Commercial Lending Specialization,06/30/2026
1686,Farmers State Bank,1,254767,237411,PARKSTON INVESTMENT CO,1122897,120953,NM,SD,Parkston,Agricultural Specialization,06/30/2026
1687,Community Bank,1,69277,60217,,,276953,NM,SD,Avon,Agricultural Specialization,06/30/2026
1693,UBank,1,182753,158406,U BANCSHARES INC,6041582,423636,NM,TN,Knoxville,Commercial Lending Specialization,06/30/2026
1696,The Farmers Bank,1,942795,799989,FIRST FARMERS BANCSHARES INC,1086122,901938,NM,TN,Portland,Commercial Lending Specialization,06/30/2026
1700,First Century Bank,1,809789,722344,CLAIBORNE HOLDING CO INC,1135646,999935,NM,TN,Tazewell,Commercial Lending Specialization,06/30/2026
1705,Mountain Valley Bank,1,254614,198896,SEQUATCHIE COUNTY BCORP INC,1134751,714437,NM,TN,Dunlap,Commercial Lending Specialization,06/30/2026
1711,Wellworth Bank,1,1838229,1536667,CITIZENS BCORP INVESTMENT INC,1140239,63733,NM,TN,Lafayette,Commercial Lending Specialization,06/30/2026
1713,Bank of Perry County,1,253081,224267,,,284239,NM,TN,Lobelville,Consumer Lending Specialization,06/30/2026
1715,Citizens 1st Bank,1,810982,615538,,,869663,SM,TX,Tyler,Commercial Lending Specialization,06/30/2026
1720,Western Bank,1,947176,796871,CIRCLE I BANK GROUP INC,4442523,199463,NM,TX,Lubbock,Commercial Lending Specialization,06/30/2026
1730,Peoples Bank of Greensboro,1,115546,108976,GREENSBORO BANCSHARES INC,1086775,320034,NM,AL,Greensboro,Agricultural Specialization,06/30/2026
1735,Farmers and Merchants Bank,1,308742,268630,F&M FINANCIAL CORP,1137882,434539,NM,AL,Piedmont,Commercial Lending Specialization,06/30/2026
1745,The Farmers & Merchants Bank,1,98284,86474,,,291732,NM,AL,Waterloo,Agricultural Specialization,06/30/2026
1753,Union Bank & Trust Company,1,355771,320830,FIRST UNION FINANCIAL CORP,1098880,22048,SM,AR,Monticello,Commercial Lending Specialization,06/30/2026
1756,Central Bank,1,954592,743390,CROSS COUNTY BANCSHARES INC,1131611,3488579,NM,AR,Little Rock,Commercial Lending Specialization,06/30/2026
1768,Mechanics Bank,1,21245166,18098231,2011 TCRT,4759650,936462,NM,CA,Walnut Creek,Commercial Lending Specialization,06/30/2026
1779,The Citizens State Bank of Ouray,1,231193,212286,CSBO HOLDINGS INC ESOP,4933302,98351,NM,CO,Ouray,Commercial Lending Specialization,06/30/2026
1780,Farmers State Bank of Calhan,1,416381,336306,PIEPER BCORP INC,1055119,956956,NM,CO,Calhan,All Other Under 1 Billion,06/30/2026
1781,First State Bank Shannon-Polo,1,190456,167067,SHANNON BCORP INC,1209985,232847,NM,IL,Shannon,Agricultural Specialization,06/30/2026
1786,Longview Bank,1,732066,653134,LONGVIEW CAPITAL CORP,1204618,380533,NM,IL,Ogden,Agricultural Specialization,06/30/2026
1808,Better Banks,1,445751,406951,BACKLUND INV EMPLOYEE STK OWNERSHIP PLAN,5986136,851631,NM,IL,Peoria,All Other Under 1 Billion,06/30/2026
1821,Fowler State Bank,1,190332,149304,BENTON FINANCIAL CORP,1130762,554343,NM,IN,Fowler,Agricultural Specialization,06/30/2026
1829,The Fairmount State Bank,1,57020,49022,FAIRMOUNT BANKING CO,2033440,503547,SM,IN,Fairmount,Agricultural Specialization,06/30/2026
1833,State Bank,1,916099,764136,LIZTON FINANCIAL CORP,1129618,345747,NM,IN,Brownsburg,Commercial Lending Specialization,06/30/2026
1839,Community State Bank,1,175893,160586,COMMUNITY BCORP,1210347,987848,NM,IN,Royal Center,Agricultural Specialization,06/30/2026
1843,The Farmers and Merchants Bank,1,213417,193970,FARMERS&MERCHANTS BCORP THE,1135507,629746,NM,IN,Boswell,Agricultural Specialization,06/30/2026
1847,The Bippus State Bank,1,458882,391892,BIPPUS STATE CORP,1210217,443148,NM,IN,Huntington,Commercial Lending Specialization,06/30/2026
1849,Wayne Bank and Trust Co.,1,255289,224595,WAYTRU BCORP,1204533,451246,SM,IN,Richmond,Commercial Lending Specialization,06/30/2026
1852,First Security Bank and Trust Company,1,538199,469015,CEDAR VALLEY BANKSHARES LTD,1207815,894544,NM,IA,Charles City,Agricultural Specialization,06/30/2026
1857,Waukon State Bank,1,426855,366515,WFC INC,1142783,436542,SM,IA,Waukon,Agricultural Specialization,06/30/2026
1860,Montezuma State Bank,1,54596,46165,CHIEF IOWA INVESTMENT CORP,4516255,700140,NM,IA,Montezuma,Agricultural Specialization,06/30/2026
1865,The Kansas State Bank Overbrook Kansas,1,101214,83865,,,582654,NM,KS,Overbrook,Agricultural Specialization,06/30/2026
1867,"The Farmers State Bank of Oakley, Kansas",1,396056,295126,SECURITY BANCSHARES INC,1248836,278256,NM,KS,Oakley,Agricultural Specialization,06/30/2026
1868,The Bank of Tescott,1,648341,574297,TESCOTT BANCSHARES INC,1841004,54058,NM,KS,Tescott,Agricultural Specialization,06/30/2026
1869,Union State Bank,1,719142,633317,DOCKING BANCSHARES INC,3094121,227151,SM,KS,Arkansas City,Commercial Lending Specialization,06/30/2026
1874,Bank of Labor,1,1110876,1041089,INTL BROTHERHOOD BOILERMAKERS IRON SHIP BUILDERS BLACKSMITHS FORGERS&HELPERS,1051317,246657,NM,KS,Overland Park,Commercial Lending Specialization,06/30/2026
1895,Farmers and Merchants Bank,1,874465,725713,FARMERS&MERCHANTS BANCSHARES,5041521,891226,NM,MD,Upperco,Commercial Lending Specialization,06/30/2026
1900,First Independent Bank,1,632336,533003,FINLAYSON BANCSHARES INC,1126037,761851,NM,MN,Russell,Agricultural Specialization,06/30/2026
1903,St. Clair State Bank (Incorporated),1,134355,118386,SAINT CLAIR AGENCY INC,1128723,854753,NM,MN,Saint Clair,Agricultural Specialization,06/30/2026
1905,"Profinium, Inc.",1,533111,455057,PROFINIUM FINL HOLDINGS INC,1128527,865450,SM,MN,Truman,Agricultural Specialization,06/30/2026
1906,Triumph State Bank,1,93297,80031,TRIMONT BCORP,1127306,803256,NM,MN,Trimont,Agricultural Specialization,06/30/2026
1908,The Wanda State Bank,1,229771,201258,,,190956,NM,MN,Wanda,Agricultural Specialization,06/30/2026
1913,Castle Rock Bank,1,293514,249607,,,152253,NM,MN,Castle Rock,All Other Under 1 Billion,06/30/2026
1929,Farmers State Bank of Trimont,1,73122,60734,FSB HOLDING CO INC,1126185,803658,NM,MN,Trimont,Agricultural Specialization,06/30/2026
1931,New Market Bank,1,195978,177532,MARKET BCORP INC,1143904,165758,NM,MN,Elko New Market,Commercial Lending Specialization,06/30/2026
1933,Citizens State Bank Norwood Young America,1,141333,126599,PIESCO INC,2780717,875655,NM,MN,Norwood Young America,Agricultural Specialization,06/30/2026
1936,Community State Bank of Missouri,1,333856,296008,,,825548,NM,MO,Bowling Green,Agricultural Specialization,06/30/2026
1937,Bank of Crocker,1,143349,126781,,,765354,NM,MO,Waynesville,Other Specialized Under 1 Billion,06/30/2026
1945,Metz Banking Company,1,117350,103996,,,772754,NM,MO,Nevada,Agricultural Specialization,06/30/2026
1946,Alliant Bank,1,256378,232092,NEMO BANCSHARES INC,2352253,35057,NM,MO,Madison,Agricultural Specialization,06/30/2026
1956,Citizens Bank of Eldon,1,247281,216344,CITIZENS BANCSHARES ELDON MO,1141900,954251,NM,MO,Eldon,Agricultural Specialization,06/30/2026
1964,Lamar Bank and Trust Company,1,269039,235086,LAMAR TRUST BANCSHARES INC,1067354,767255,SM,MO,Lamar,Commercial Lending Specialization,06/30/2026
1972,Citizens Bank & Trust Company,1,155395,127173,CBT CORP INC,1857779,657758,SM,MT,Big Timber,Agricultural Specialization,06/30/2026
1978,The Yellowstone Bank,1,1339307,1121644,YELLOWSTONE HOLDING CO,1124921,680457,SM,MT,Laurel,Commercial Lending Specialization,06/30/2026
1980,Valley Bank of Kalispell,1,218118,198555,VALLEY BANCSHARES INC,1125900,473257,NM,MT,Kalispell,Commercial Lending Specialization,06/30/2026
1982,The First State Bank of Malta,1,189670,164910,FS BANCO INC,1857171,615253,SM,MT,Malta,Agricultural Specialization,06/30/2026
1983,Western Nebraska Bank,1,193257,163738,WNB HOLDINGS LLC,5559222,248352,NM,NE,Curtis,Agricultural Specialization,06/30/2026
1986,Commercial State Bank,1,75505,49922,COMMERCIAL ST HOLDING CO INC,1065828,924553,NM,NE,Republican City,Agricultural Specialization,06/30/2026
1992,Pathway Bank,1,338145,245512,PATHWAY BCORP,3304361,73554,NM,NE,Cairo,Agricultural Specialization,06/30/2026
1993,CerescoBank,1,81258,69024,CERESCO BCORP INC,2696984,75651,NM,NE,Ceresco,Agricultural Specialization,06/30/2026
2036,Farmers & Merchants Bank,1,998750,842551,F&M FINANCIAL CORP,1076619,348720,NM,NC,Granite Quarry,Commercial Lending Specialization,06/30/2026
2057,State Bank & Trust of Kenmare,1,201089,182804,JORGENSON HOLDING CO,1122057,675659,NM,ND,Kenmare,Agricultural Specialization,06/30/2026
2068,The Fahey Banking Company,1,384660,305921,,,520423,NM,OH,Marion,Commercial Lending Specialization,06/30/2026
2093,The National Capital Bank of Washington,1,742180,659158,NATIONAL CAPITAL BCORP INC,5581607,791821,N,DC,Washington,Commercial Lending Specialization,06/30/2026
2102,The Conway National Bank,1,1997130,1669308,CNB CORP,1134108,631422,N,SC,Conway,Commercial Lending Specialization,06/30/2026
2107,First National Bank of South Carolina,1,309663,271557,FNB CORP,1143230,347022,N,SC,Holly Hill,Commercial Lending Specialization,06/30/2026
2138,Queensborough National Bank & Trust Company,1,2280085,2052408,QUEENSBOROUGH CO THE,1130904,960935,N,GA,Louisville,Commercial Lending Specialization,06/30/2026
2145,Bank of Monticello,1,158021,135589,MONTICELLO BANCSHARES INC,2412139,805335,NM,GA,Monticello,Commercial Lending Specialization,06/30/2026
2154,The Geo. D. Warthen Bank,1,190263,162902,GDW BANKSHARES INC,4519126,305237,NM,GA,Sandersville,All Other Under 1 Billion,06/30/2026
2157,First State Bank of Randolph County,1,86859,84400,,,140634,NM,GA,Cuthbert,Agricultural Specialization,06/30/2026
2160,The First National Bank of Waynesboro,1,229101,182702,FIRST BURKE BANKING CO,1137752,31134,N,GA,Waynesboro,All Other Under 1 Billion,06/30/2026
2205,Bank of The Rockies,1,277449,229497,COUNTRICORP,1134470,475756,NM,MT,Helena,Agricultural Specialization,06/30/2026
2208,First Northern Bank of Wyoming,1,982644,869825,FIRST NATL BUFFALO BANKSHARES,1057243,868956,SM,WY,Buffalo,Commercial Lending Specialization,06/30/2026
2224,"Bank of Bridger, National Association",1,802733,729801,BRIDGER CO THE,1122310,17950,N,MT,Bridger,Agricultural Specialization,06/30/2026
2228,RNB STATE BANK,1,296177,276516,CARBON COUNTY HOLDING CO,2043346,548052,SM,WY,Rawlins,Commercial Lending Specialization,06/30/2026
2229,RSNB Bank,1,380994,348723,RSNB BCORP,2718167,550952,SM,WY,Rock Springs,Commercial Lending Specialization,06/30/2026
2232,Pinnacle Bank - Wyoming,1,1298471,1164006,PINNACLE BCORP INC,1053272,561659,NM,WY,Cody,Commercial Lending Specialization,06/30/2026
2240,First American Bank,1,1914506,1632872,FIRST ARTESIA BANCSHARES INC,1108967,771458,NM,NM,Artesia,Commercial Lending Specialization,06/30/2026
2241,CNB Bank,1,1066187,969722,CARLSBAD BCORP INC,1131527,219651,NM,NM,Carlsbad,Commercial Lending Specialization,06/30/2026
2244,The James Polk Stone Community Bank,1,443786,379330,JAMES POLK STONE CMTY BANCSHARES,1104978,785857,NM,NM,Portales,Commercial Lending Specialization,06/30/2026
2247,Bank of the Southwest,1,176341,159047,NEW MEXICO NATL FINL INC,2013947,499752,NM,NM,Roswell,Commercial Lending Specialization,06/30/2026
2249,Western Bank,1,325894,285738,LORDSBURG FINANCIAL CORP,1417454,723653,SM,NM,Lordsburg,Agricultural Specialization,06/30/2026
2270,"Zions Bancorporation, N.A.",1,89041284,76616434,,,276579,N,UT,Salt Lake City,Commercial Lending Specialization,06/30/2026
2273,The First National Bank of Ely,1,132946,119300,FNBELY BCORP,5192393,450669,N,NV,Ely,Other Specialized Under 1 Billion,06/30/2026
2284,North Valley Bank,1,426886,374862,NORTH VALLEY BANCSHARES INC,3264193,783910,SM,OH,Zanesville,Commercial Lending Specialization,06/30/2026
2285,The Genoa Banking Company,1,747848,664685,GENBANC INC,1071388,504311,SM,OH,Genoa,Commercial Lending Specialization,06/30/2026
2286,Buckeye State Bank,1,569249,474203,BUCKEYE STATE BANCSHARES INC,5314748,870913,NM,OH,Powell,Commercial Lending Specialization,06/30/2026
2300,The Bank of Magnolia Company,1,107840,92782,MAGNOLIA BCORP INC,2402813,940021,NM,OH,Magnolia,All Other Under 1 Billion,06/30/2026
2301,The First State Bank,1,160039,139251,,,141350,NM,OK,Boise City,Agricultural Specialization,06/30/2026
2308,Washita Valley Bank,1,68812,60006,FORT COBB BANCSHARES INC,1061932,184759,NM,OK,Fort Cobb,Agricultural Specialization,06/30/2026
2315,Armstrong Bank,1,2842870,2589245,IRONHORSE FINANCIAL GROUP INC,3488485,470452,SM,OK,Muskogee,Commercial Lending Specialization,06/30/2026
2317,Method Bank,1,241168,204313,METHOD BANCSHARES INC,5786868,59754,SM,OK,Wyandotte,Mortgage Lending Specialization,06/30/2026
2320,Carson Community Bank,1,166708,145366,CARSON FINL HOLDING CO INC,2606321,539452,NM,OK,Stilwell,Agricultural Specialization,06/30/2026
2326,AVB Bank,1,612338,541523,ARKANSAS VALLEY BANCSHARES INC,1057980,262059,NM,OK,Broken Arrow,Commercial Lending Specialization,06/30/2026
2327,Local Bank,1,463077,382626,GRANDVIEW BANKSHARES INC,2355870,815754,SM,OK,Hulbert,Commercial Lending Specialization,06/30/2026
2328,"American Exchange Bank, Lindsay, Oklahoma",1,97359,85708,GRIFFITH FAMILY FINL HOLDINGS L L C,2816858,826451,NM,OK,Lindsay,Other Specialized Under 1 Billion,06/30/2026
2331,Peoples Bank and Trust Company,1,61880,49188,,,243955,NM,OK,Ryan,Commercial Lending Specialization,06/30/2026
2359,Mauch Chunk Trust Company,1,642783,607529,MAUCH CHUNK TR FINANCIAL CORP,3045011,857811,NM,PA,Jim Thorpe,Commercial Lending Specialization,06/30/2026
2379,Bank of Gleason,1,138467,113214,BANCSHARES OF GLEASON INC,1098808,141958,NM,TN,Gleason,All Other Under 1 Billion,06/30/2026
2380,Carroll Bank and Trust,1,662057,605538,CARROLL FINANCIAL SERVICES INC,1848825,541857,SM,TN,Huntingdon,Commercial Lending Specialization,06/30/2026
2391,Security Bank,1,224072,191799,SECURITY BCORP OF TN INC,1135374,497851,SM,TN,Newbern,Commercial Lending Specialization,06/30/2026
2443,Clear Mountain Bank,1,1026081,887494,STATE BCORP INC,1076150,886624,SM,WV,Bruceton Mills,Commercial Lending Specialization,06/30/2026
2444,"Clay County Bank, Inc.",1,135903,116151,FIRST CLAY COUNTY BANC CORP,1427211,832528,NM,WV,Clay,All Other Under 1 Billion,06/30/2026
2448,"Pioneer Community Bank, Inc.",1,191136,160222,PIONEER COMMUNITY GROUP INC,2356514,294827,NM,WV,Iaeger,Commercial Lending Specialization,06/30/2026
2452,West Union Bank,1,300343,263745,TRI-COUNTY BCORP INC,3068289,22730,NM,WV,West Union,Commercial Lending Specialization,06/30/2026
2453,Davis Trust Company,1,274894,204212,DAVIS TRUST FINANCIAL CORP,2878294,357526,NM,WV,Elkins,Commercial Lending Specialization,06/30/2026
2455,The Bank of Brodhead,1,421899,338168,BRODHEAD BANCSHARES INC,5371853,517441,SM,WI,Brodhead,Commercial Lending Specialization,06/30/2026
2467,Citizens State Bank,1,237585,196803,CITIZENS BCORP INC,3559862,149150,NM,WI,Cadott,Commercial Lending Specialization,06/30/2026
2468,Northwestern Bank,1,725616,575167,NW BANCSHARES INC,1246542,153054,SM,WI,Chippewa Falls,Commercial Lending Specialization,06/30/2026
2469,Badger Bank,1,206034,164635,CITIZENS FINL EMPLOYEE STK OWNERSHIP PLAN&TR,1247727,846945,NM,WI,Fort Atkinson,Commercial Lending Specialization,06/30/2026
2477,Bank of Deerfield,1,268267,230489,DEERFIELD FINANCIAL CORP,1416738,588245,NM,WI,Deerfield,Commercial Lending Specialization,06/30/2026
2482,Nekoosa Port Edwards State Bank,1,286546,243521,NEKOOSA PORT EDWARDS BCORP INC,1204074,791942,NM,WI,Nekoosa,All Other Under 1 Billion,06/30/2026
2496,The National Iron Bank,1,317995,291420,IRON BANCSHARES INC,2606693,1008209,N,CT,Salisbury,Mortgage Lending Specialization,06/30/2026
2608,The National Grand Bank of Marblehead,1,444849,365802,GRAND BANK CORP,1115406,863607,N,MA,Marblehead,Mortgage Lending Specialization,06/30/2026
2616,Millbury National Bank,1,146508,123414,,,881900,N,MA,Millbury,Commercial Lending Specialization,06/30/2026
2682,The First National Bank of Brooksville,1,73650,65174,FNB BANCSHARES INC,2262503,798512,N,KY,Brooksville,All Other Under 1 Billion,06/30/2026
2691,Cumberland Valley National Bank & Trust Company,1,816053,737188,CUMBERLAND VALLEY FINL CORP,1071463,647218,N,KY,London,Commercial Lending Specialization,06/30/2026
2695,The First National Bank of Grayson,1,371868,325538,FIRST GRAYSON BCORP INC,1823747,610913,N,KY,Grayson,Commercial Lending Specialization,06/30/2026
2700,First Southern National Bank,1,1282399,1117717,FIRST SOUTHERN BCORP INC,1247987,702612,N,KY,Lancaster,Commercial Lending Specialization,06/30/2026
2708,The First National Bank of Manchester,1,230135,206414,FIRST NATIONAL FINANCIAL CORP,1427220,719610,N,KY,Manchester,Commercial Lending Specialization,06/30/2026
2711,"Traditional Bank, Inc.",1,2440347,2141027,TRADITIONAL BCORP INC,1070420,786210,NM,KY,Mount Sterling,Commercial Lending Specialization,06/30/2026
2718,"Citizens Bank of Kentucky, Inc.",1,669889,570974,CITIZENS NATIONAL CORP,1071623,495419,SM,KY,Paintsville,Commercial Lending Specialization,06/30/2026
2720,"Community Trust Bank, Inc.",1,6947398,5665534,COMMUNITY TRUST BCORP INC,1070644,509811,SM,KY,Pikeville,Commercial Lending Specialization,06/30/2026
2723,The Salyersville National Bank,1,163507,125211,SNB BCORP INC,2896207,472018,N,KY,Salyersville,Commercial Lending Specialization,06/30/2026
2725,The Citizens National Bank of Somerset,1,700903,568983,CITIZENS BANCSHARES INC,1070484,410917,N,KY,Somerset,Mortgage Lending Specialization,06/30/2026
2733,Bank of Buffalo,1,140539,102408,BUFFALO BANCSHARES INC,1096297,825940,SM,KY,Buffalo,All Other Under 1 Billion,06/30/2026
2735,FIRST NATIONAL BANK OF KENTUCKY,1,258049,227584,PORT WILLIAM BANCSHARES INC,2744849,907444,N,KY,Carrollton,Commercial Lending Specialization,06/30/2026
2738,"First & Farmers National Bank, Inc.",1,714152,630653,PINE KNOB HOLDINGS LLC,5623570,721949,N,KY,Somerset,All Other Under 1 Billion,06/30/2026
2740,The Farmers National Bank of Danville,1,989832,847973,BOYLE BCORP INC,1119244,785147,N,KY,Danville,Commercial Lending Specialization,06/30/2026
2750,The Lincoln National Bank of Hodgenville,1,454383,377820,HAMBAC INC,1118911,553944,N,KY,Hodgenville,Consumer Lending Specialization,06/30/2026
2753,"Citizens Bank and Trust of Lebanon, Inc.",1,172976,156932,CNB OF LEBANON BCORP INC,1098639,641449,SM,KY,Lebanon,Other Specialized Under 1 Billion,06/30/2026
2754,The Farmers National Bank of Lebanon,1,163006,145523,LEBANON BANCSHARES INC,1098451,575348,N,KY,Lebanon,Commercial Lending Specialization,06/30/2026
2759,"FNB Bank, Inc.",1,769966,706367,JACKSON FINANCIAL CORP,1119347,400141,NM,KY,Mayfield,Commercial Lending Specialization,06/30/2026
2765,Farmers Bank and Trust Company,1,247792,215093,UNITED BCORP OF PRINCETON INC,1098554,46941,NM,KY,Princeton,Agricultural Specialization,06/30/2026
2767,The First National Bank of Russell Springs,1,475182,409018,FIRST BCORP INC,1099140,173641,N,KY,Russell Springs,Commercial Lending Specialization,06/30/2026
2777,MidSouth Bank,1,771483,702796,MIDSOUTH BCORP,1136689,929932,NM,AL,Dothan,Commercial Lending Specialization,06/30/2026
2779,The First National Bank and Trust,1,238604,218854,FIRST SUNCOAST TR BANCSHARES,1141302,670430,N,AL,Atmore,Commercial Lending Specialization,06/30/2026
2784,First Bank of Boaz,1,239835,208012,FIRST BOAZ BCORP,1082889,533535,NM,AL,Boaz,Other Specialized Under 1 Billion,06/30/2026
2787,Community Neighbor Bank,1,193200,171739,FIRST CAMDEN BANCSHARES INC,1836475,466932,NM,AL,Camden,All Other Under 1 Billion,06/30/2026
2794,Dozier Bank,1,54837,40329,FIRST DOZIER BANCSHARES INC,3013793,496434,NM,AL,Dozier,Commercial Lending Specialization,06/30/2026
2804,The First National Bank of Hartford,1,172993,152323,FIRST HARTFORD BANCSHARES INC,1084052,112332,N,AL,Hartford,All Other Under 1 Billion,06/30/2026
2805,HNB First Bank,1,282412,253708,HNB HOLDING CO INC,2081834,117038,NM,AL,Headland,Commercial Lending Specialization,06/30/2026
2828,Friend Bank,1,221036,190853,SNB HOLDINGS INC,2848653,244037,NM,AL,Slocomb,Commercial Lending Specialization,06/30/2026
2829,First Southern State Bank,1,893481,807176,FIRST BANCSHARES STEVENSON INC,1869987,246134,NM,AL,Stevenson,Commercial Lending Specialization,06/30/2026
2832,First Bank of Alabama,1,1362045,1213912,FIRSTBANC OF ALABAMA INC,1135356,257233,NM,AL,Talladega,Commercial Lending Specialization,06/30/2026
2838,AmeriFirst Bank,1,364118,325057,USAL BCORP INC,2685577,139133,NM,AL,Montgomery,Commercial Lending Specialization,06/30/2026
2850,Farmers Bank,1,678408,563406,FARMERS BCORP INC,2142306,307062,NM,ID,Buhl,Agricultural Specialization,06/30/2026
2945,State Bank Northwest,1,222980,185401,STATE BCORP NORTHWEST,3658729,479071,NM,WA,Spokane Valley,Agricultural Specialization,03/31/2026
2987,Baker-Boyer National Bank,1,692859,632286,BAKER BOYER BCORP,1141870,69678,N,WA,Walla Walla,Commercial Lending Specialization,06/30/2026
3017,High Plains Bank,1,643130,567020,HIGH PLAINS BANKING GROUP INC,1062760,247551,SM,CO,Flagler,Commercial Lending Specialization,06/30/2026
3018,The First National Bank of Fleming,1,30682,24954,FLEMING COMMUNITY AGENCY INC,2561167,306056,N,CO,Fleming,Agricultural Specialization,06/30/2026
3019,Rocky Mountain Bank & Trust,1,126515,109906,FIRST FLO CORP,1067233,249658,NM,CO,Florence,Commercial Lending Specialization,06/30/2026
3031,Points West Community Bank,1,877585,767981,FIRST NEBRASKA BANCS INC,1051081,444556,NM,CO,Windsor,Agricultural Specialization,06/30/2026
3034,First National Bank Colorado,1,634277,532445,FIRST BANKSHARES LAS ANIMAS,1064027,513256,N,CO,Las Animas,Agricultural Specialization,06/30/2026
3063,First Pioneer National Bank,1,243414,205475,FIRST PIONEER BANK CORP,1062528,357553,N,CO,Wray,Agricultural Specialization,06/30/2026
3066,First Financial Bank,1,15234117,13300183,FIRST FINANCIAL BANKSHARES INC,1102312,470050,SM,TX,Abilene,Commercial Lending Specialization,06/30/2026
3067,"Clear Fork Bank, National Association",1,1025678,911975,ALBANY BANCSHARES INC,1246926,340751,N,TX,Albany,Commercial Lending Specialization,06/30/2026
3075,The First National Bank of Anderson,1,230385,203187,FIRST ANDERSON BANCSHARES INC,1108323,362155,N,TX,Anderson,Commercial Lending Specialization,06/30/2026
3078,The First National Bank of Anson,1,105211,97197,ANSON BANCSHARES INC,1103702,366359,N,TX,Anson,Other Specialized Under 1 Billion,06/30/2026
3079,The First National Bank of Aspermont,1,133878,127989,ASPERMONT BANKSHARES INC,5325212,138257,N,TX,Aspermont,Agricultural Specialization,06/30/2026
3087,The First National Bank of Ballinger,1,275275,244941,TEXAS COUNTRY BANCSHARES INC,1106990,160454,N,TX,Ballinger,Commercial Lending Specialization,06/30/2026
3091,The First National Bank of Bastrop,1,1180522,1068089,BASTROP BANCSHARES INC,2410304,18050,N,TX,Bastrop,Commercial Lending Specialization,06/30/2026
3098,Cendera Bank,1,257603,228505,CENDERA FINANCIAL HOLDINGS INC,1104567,89957,SM,TX,Bells,Commercial Lending Specialization,06/30/2026
3103,The State National Bank of Big Spring,1,640047,574872,SNB FINANCIAL INC,1110278,169354,N,TX,Big Spring,Other Specialized Under 1 Billion,06/30/2026
3108,"Legend Bank, N.A.",1,1271315,1128503,LEGEND BCORP INC,1416578,100357,N,TX,Bowie,Commercial Lending Specialization,06/30/2026
3109,The Brady National Bank,1,167712,153248,TEXAS COUNTRY BANCSHARES INC,1106990,101952,N,TX,Brady,All Other Under 1 Billion,06/30/2026
3110,The Commercial National Bank of Brady,1,425387,365224,COMMERCIAL NATIONAL CORP,1103207,42354,N,TX,Brady,Commercial Lending Specialization,06/30/2026
3113,The Brenham National Bank,1,517689,464456,BRENHAM BANCSHARES INC,1108789,227357,N,TX,Brenham,Commercial Lending Specialization,06/30/2026
3121,First Bank,1,703566,603447,FIRST BURKBURNETT BANCSHARES,1109544,239659,NM,TX,Burkburnett,Commercial Lending Specialization,06/30/2026
3126,"Classic Bank, National Association",1,657456,576166,CAMERON FINANCIAL CORP,2762384,182951,N,TX,Cameron,Commercial Lending Specialization,06/30/2026
3127,Citizens National Bank,1,691811,603962,CENTRAL TEXAS FINANCIAL CORP,3137729,59352,N,TX,Cameron,Commercial Lending Specialization,06/30/2026
3133,The First Bank of Celeste,1,83872,76271,METROPLEX NORTH BANCSHARES INC,1107492,871956,NM,TX,Celeste,Other Specialized Under 1 Billion,06/30/2026
3140,Citizens Bank,1,309769,273431,TRIPLE J FINANCIAL INC,2952541,885252,NM,TX,Amarillo,Agricultural Specialization,06/30/2026
3144,The City National Bank of Colorado City,1,452420,396035,CITY NATIONAL BANCSHARES INC,2215451,799854,N,TX,Colorado City,Commercial Lending Specialization,06/30/2026
3149,The First National Bank in Cooper,1,57308,49676,COOPER LAKE FINANCIAL CORP,1249280,767152,N,TX,Cooper,All Other Under 1 Billion,06/30/2026
3158,Citizens National Bank of Crosbyton,1,77612,64049,CITIZENS BANCSHARES INC,1102161,901451,N,TX,Crosbyton,Agricultural Specialization,06/30/2026
3161,Texas Heritage National Bank,1,936370,811917,DAINGERFIELD HOLDING CO,3220836,824653,N,TX,Daingerfield,Commercial Lending Specialization,06/30/2026
3170,Farmers and Merchants Bank,1,269793,232912,F&M BANCSHARES INC,2344641,555256,NM,TX,De Leon,All Other Under 1 Billion,06/30/2026
3179,The First National Bank of Eagle Lake,1,167651,147707,EAGLE LAKE BANCSHARES INC,2723648,651952,N,TX,Eagle Lake,Agricultural Specialization,06/30/2026
3182,MapleMark Bank,1,1007399,837457,MAPLE FINANCIAL HOLDINGS INC,5136810,594451,SM,OK,Tulsa,Commercial Lending Specialization,06/30/2026
3183,NewFirst National Bank,1,934933,810853,NEWFIRST FINANCIAL GROUP INC,3213922,938859,N,TX,El Campo,Commercial Lending Specialization,06/30/2026
3184,"Lone Oak Bank, National Association",1,119617,100136,FIRST ELDORADO BANCSHARES INC,2234863,665258,N,TX,Eldorado,Commercial Lending Specialization,06/30/2026
3190,The First National Bank of Evant,1,199410,180377,,,379153,N,TX,Evant,All Other Under 1 Billion,06/30/2026
3193,The Falls City National Bank,1,597107,498014,,,441050,N,TX,Falls City,Mortgage Lending Specialization,06/30/2026
3197,First Texas National Bank,1,216947,195287,FLOYD COUNTY BANCSHARES INC,1104941,393252,N,TX,Floydada,Agricultural Specialization,06/30/2026
3206,"Texas Gulf Bank, National Association",1,726942,638588,TEXAS GULF BANCSHARES INC,1101726,514655,N,TX,Houston,Commercial Lending Specialization,06/30/2026
3210,The Moody National Bank,1,1543622,1314779,MOODY BANCSHARES INC,1107522,253356,N,TX,Galveston,Commercial Lending Specialization,06/30/2026
3217,First National Bank of Giddings,1,356153,315085,GIDDINGS BANCSHARES INC,1110193,324153,N,TX,Giddings,Agricultural Specialization,06/30/2026
3218,The First National Bank of East Texas,1,594788,536675,FIRST GILMER BANKSHARES INC,1246515,445955,N,TX,Gilmer,Commercial Lending Specialization,06/30/2026
3219,"Gilmer National Bank, Gilmer, Texas",1,374499,340372,GILMER NATIONAL BANCSHARES INC,2839969,323651,N,TX,Gilmer,Commercial Lending Specialization,06/30/2026
3225,"Titan Bank, N.A.",1,896113,771503,BMC BANCSHARES INC,3831625,328357,N,TX,Mineral Wells,All Other Under 1 Billion,06/30/2026
3226,Ciera Bank,1,992919,868790,FIRST GRAHAM BCORP INC,1107700,327855,SM,TX,Graham,Commercial Lending Specialization,06/30/2026
3228,The First National Bank of Granbury,1,946349,835284,FIRST GRANBURY BCORP,1105528,329952,N,TX,Granbury,Commercial Lending Specialization,06/30/2026
3230,Grandview Bank,1,729344,639641,D2 ALLIANCES LLC,5139969,333856,NM,TX,Grandview,Commercial Lending Specialization,06/30/2026
3232,The Granger National Bank,1,53472,47224,GRANGER BANCSHARES INC,1137257,272151,N,TX,Granger,Commercial Lending Specialization,06/30/2026
3237,State National Bank,1,55132,47675,GROOM BANCSHARES INC,1103234,460556,N,TX,Groom,Agricultural Specialization,06/30/2026
3248,The First National Bank of Hebbronville,1,101984,88275,HEBBRONVILLE REGIONAL BANCSHARES,3828241,173959,N,TX,Hebbronville,Other Specialized Under 1 Billion,06/30/2026
3250,"VeraBank, National Association",1,4582833,4023786,VERABANK INC,1917600,56351,N,TX,Henderson,Commercial Lending Specialization,06/30/2026
3255,The Citizens National Bank of Hillsboro,1,224367,206906,HILLSBORO BANCSHARES INC,3220274,184656,N,TX,Hillsboro,Other Specialized Under 1 Billion,06/30/2026
3256,"Horizon Bank, SSB",1,2553778,2207935,FRONTIER BANCSHARES INC,3412798,703552,SI,TX,Austin,Commercial Lending Specialization,06/30/2026
3268,The First National Bank of Hughes Springs,1,319529,283124,CHALYBEATE SPRINGS CORP,1838068,849357,N,TX,Hughes Springs,Commercial Lending Specialization,06/30/2026
3269,First National Bank of Huntsville,1,584870,501617,FIRST NATL BANCSHARES HUNTSVILLE,3018958,583352,N,TX,Huntsville,Commercial Lending Specialization,06/30/2026
3275,The Jacksboro National Bank,1,283161,256048,JACKSBORO NATL BANCSHARES INC,1104503,924058,N,TX,Jacksboro,Agricultural Specialization,06/30/2026
3276,"Austin Bank, Texas National Association",1,3331259,2798244,JSA FAMILY LTD PARTNERSHIP,3035227,548351,N,TX,Jacksonville,Commercial Lending Specialization,06/30/2026
3279,The Karnes County National Bank of Karnes City,1,577379,525528,KARNES CNTY NATL BANCSHARES,5955851,979759,N,TX,Karnes City,Commercial Lending Specialization,06/30/2026
3285,First National Bank Texas,1,4644738,4100094,FIRST COMMUNITY BANCSHARES INC,1108097,613950,N,TX,Killeen,All Other Over 1 Billion,06/30/2026
3286,"Kleberg  Bank, N.A.",1,736776,655486,KLEBERG&COMPANY BANKERS INC,1104325,556459,N,TX,Kingsville,Commercial Lending Specialization,06/30/2026
3289,National Bank & Trust,1,241973,203474,FIRST LA GRANGE BANCSHARES EMPLOYEE STK OWNERSHIP PLAN WITH 401 K PROVISIONS,3685109,792659,N,TX,La Grange,Commercial Lending Specialization,06/30/2026
3292,The Lamesa National Bank,1,426846,375086,,,623052,N,TX,Lamesa,Agricultural Specialization,06/30/2026
3293,First Texas Bank,1,259704,232406,FIRST TEXAS BCORP INC,1100813,875758,NM,TX,Lampasas,Other Specialized Under 1 Billion,06/30/2026
3301,First Liberty Bank,1,873243,763326,FIRST LIBERTY NATL BANCSHARES,1233627,629353,SM,TX,Liberty,Commercial Lending Specialization,06/30/2026
3302,"Texana Bank, National Association",1,330564,291052,LINDEN BANCSHARES INC,1104071,809650,N,TX,Linden,Commercial Lending Specialization,06/30/2026
3303,The First National Bank of Lipan,1,25944,23110,,,811457,N,TX,Lipan,Other Specialized Under 1 Billion,06/30/2026
3305,The First National Bank of Livingston,1,467161,398326,FNB CO,2504285,630658,N,TX,Livingston,All Other Under 1 Billion,06/30/2026
3320,"Big Bend Banks, N.A.",1,165392,140871,BIG BEND BANCSHARES CORP,1918081,362856,N,TX,Marfa,Other Specialized Under 1 Billion,06/30/2026
3325,First National Bank of Central Texas,1,1774437,1551146,2013 MONTE HULSE FAMILY IRREVOCABLE TR I,4577984,369659,N,TX,Waco,Commercial Lending Specialization,06/30/2026
3327,Mason Bank,1,147495,122279,MASON BK EMP STK OWNERSHIP PLAN&TR,3026896,368054,SM,TX,Mason,All Other Under 1 Billion,06/30/2026
3330,The First National Bank of McGregor,1,1075946,949647,MCGREGOR BANCSHARES INC,4619437,895055,N,TX,Mc Gregor,Commercial Lending Specialization,06/30/2026
3335,Bank19,1,147775,121803,,,373553,NM,TX,Memphis,All Other Under 1 Billion,06/30/2026
3336,Menard  Bank,1,90724,82244,MENARD BANCSHARES INC,2291295,375650,SM,TX,Menard,Agricultural Specialization,06/30/2026
3337,Texas National Bank,1,1216298,1069775,TNB BANCSHARES INC,3305434,497954,N,TX,Mcallen,Commercial Lending Specialization,06/30/2026
3339,The First National Bank of Mertzon,1,500293,420240,,,500256,N,TX,Mertzon,Agricultural Specialization,06/30/2026
3342,"Incommons Bank, N.A.",1,277619,245778,BI-STONE BANCSHARES INC,2227481,414858,N,TX,Mexia,Commercial Lending Specialization,06/30/2026
3351,The First National Bank of Moody,1,54179,42421,REYNOLDS TEAGUE THURMAN FINL,3147353,108269,N,TX,Moody,Other Specialized Under 1 Billion,06/30/2026
3368,Normangee State Bank,1,165493,144846,NORMANGEE BANCSHARES INC,4839310,958763,NM,TX,Normangee,All Other Under 1 Billion,06/30/2026
3376,Ozona Bank,1,346068,282793,ONB BANCSHARES INC,3491869,780263,NM,TX,Ozona,Commercial Lending Specialization,06/30/2026
3384,The Liberty National Bank in Paris,1,452142,364661,PARIS BANCSHARES INC,2465283,1669,N,TX,Paris,Commercial Lending Specialization,06/30/2026
3387,FirstBank Southwest,1,1876348,1671479,FIRSTPERRYTON BCORP INC,1108707,840363,NM,TX,Amarillo,Commercial Lending Specialization,06/30/2026
3388,The Perryton National Bank,1,212650,181142,PERRYTON BANCSHARES INC,2454773,8462,N,TX,Perryton,Agricultural Specialization,06/30/2026
3389,Pointbank,1,1161379,968349,PILOT POINT BCORP INC ESOP,3353837,844567,SM,TX,Pilot Point,Commercial Lending Specialization,06/30/2026
3399,First Capital Bank,1,107268,96775,QUANAH FINL EMPLOYEE STK OWNERSHIP PLAN,2366755,919568,SM,TX,Quanah,Agricultural Specialization,06/30/2026
3400,"Texas Republic Bank, National Association",1,510633,389175,TXRB HOLDINGS INC,4215745,735067,N,TX,Frisco,Commercial Lending Specialization,06/30/2026
3401,The First National Bank of Quitaque,1,167122,147444,QUITAQUE NATIONAL CORP,3141034,644963,N,TX,Quitaque,Agricultural Specialization,06/30/2026
3405,Vantage Bank Texas,1,5137149,4637531,VBT FINANCIAL CORP INC,5278381,26765,SM,TX,San Antonio,Commercial Lending Specialization,06/30/2026
3430,Westamerica Bank,1,5768175,4776021,WESTAMERICA BCORP,1025541,697763,SM,CA,San Rafael,All Other Over 1 Billion,06/30/2026
3440,First Northern Bank of Dixon,1,1925947,1692489,FIRST NORTHERN COMMUNITY BCORP,2880626,783161,NM,CA,Dixon,Commercial Lending Specialization,06/30/2026
3510,"Bank of America, National Association",1,2654645000,2121804000,BANK OF AMERICA CORP,1073757,480228,N,NC,Charlotte,All Other Over 1 Billion,06/30/2026
3511,"Wells Fargo Bank, National Association",1,1907928000,1563534000,WELLS FARGO&COMPANY,1120754,451965,N,SD,Sioux Falls,All Other Over 1 Billion,06/30/2026
3579,The First National Bank of Mount Dora,1,358045,317571,FNBMD BANCSHARES INC,5113763,61832,N,FL,Mount Dora,Other Specialized Under 1 Billion,06/30/2026
3599,The First National Bank of Arenzville,1,158691,143666,ARENZVILLE BCORP INC,2734073,593333,N,IL,Arenzville,Agricultural Specialization,06/30/2026
3600,The First National Bank of Assumption,1,25167,22723,,,604033,N,IL,Assumption,Other Specialized Under 1 Billion,06/30/2026
3601,The Atlanta National Bank,1,81266,68975,ANB BCORP INC,2971270,672238,N,IL,Atlanta,All Other Under 1 Billion,06/30/2026
3603,Old Second National Bank,1,6861243,5467167,OLD SECOND BCORP INC,1206911,936136,N,IL,Aurora,Commercial Lending Specialization,06/30/2026
3612,MidAmerica National Bank,1,685045,613023,MIDAMERICA NATL BANCSHARES INC,1206573,510938,N,IL,Canton,Commercial Lending Specialization,06/30/2026
3614,Casey State Bank,1,496687,442801,EAGLE FINANCIAL CORP,3958867,306337,NM,IL,Casey,Agricultural Specialization,06/30/2026
3639,First National Bank & Trust Company,1,388108,364930,TS BANKING GROUP INC,1207785,32234,N,IL,Clinton,Agricultural Specialization,06/30/2026
3657,First American Bank,1,8626339,5551784,FIRST AMERICAN BANK CORP,1199974,850036,NM,IL,Elk Grove Village,All Other Over 1 Billion,06/30/2026
3661,Union National Bank and Trust Company of Elgin,1,421761,376926,ELGIN BANCSHARES INC,1205268,963730,N,IL,Elgin,Commercial Lending Specialization,06/30/2026
3664,"INB, National Association",1,2684002,2421298,ILLINOIS NATIONAL BCORP INC,1208054,925037,N,IL,Springfield,Commercial Lending Specialization,06/30/2026
3674,Grand Ridge National Bank,1,443317,379423,PREMIER COMMERCE BCORP INC,4087830,875132,N,IL,Wheaton,Commercial Lending Specialization,06/30/2026
3677,The Havana National Bank,1,332832,234221,COMMUNITY INVESTMENT GROUP LTD,2909853,940731,N,IL,Havana,Agricultural Specialization,06/30/2026
3688,The First National Bank of Lacon,1,103739,92661,FIRST LACON CORP,1208988,824738,N,IL,Lacon,Agricultural Specialization,06/30/2026
3691,Hometown National Bank,1,307234,265806,LASALLE BCORP INC,1209323,770639,N,IL,La Salle,Commercial Lending Specialization,06/30/2026
3698,First Security Bank,1,151145,125965,FIRST BCORP OF TAYLORVILLE INC,1133585,416339,NM,IL,Mackinaw,Agricultural Specialization,06/30/2026
3701,"Resource Bank, National Association",1,868634,799767,RESOURCE BANCSHARES INC,1207945,235530,N,IL,Dekalb,Commercial Lending Specialization,06/30/2026
3702,First Bank of Manhattan,1,265939,239304,MANHATTAN BANCSHARES INC,1206603,238139,SM,IL,Manhattan,Commercial Lending Specialization,06/30/2026
3705,"First Mid Bank & Trust, National Association",1,9142999,7634153,FIRST MID BANCSHARES INC,1206760,762447,N,IL,Mattoon,Commercial Lending Specialization,06/30/2026
3711,Midwest Bank,1,736415,578122,1870 HOLDINGS INC,3356632,709143,SM,IL,Monmouth,Agricultural Specialization,06/30/2026
3713,Grundy Bank,1,504711,449331,ILLINOIS VALLEY BCORP INC,1208504,715144,SM,IL,Morris,All Other Under 1 Billion,06/30/2026
3719,"American Commercial Bank & Trust, National Association",1,2069383,1844041,FIRST OTTAWA BANCSHARES INC,2791816,856243,N,IL,Ottawa,Commercial Lending Specialization,06/30/2026
3720,First National Bank of Pana,1,394831,350673,,,860147,N,IL,Pana,Commercial Lending Specialization,06/30/2026
3722,Prospect Bank,1,715630,603388,EDGAR COUNTY BANC SHARES INC,2577766,738143,NM,IL,Paris,Commercial Lending Specialization,06/30/2026
3732,Farmers National Bank,1,895663,637196,PROPHETSTOWN BANKING CO,2198563,933041,N,IL,Prophetstown,Agricultural Specialization,06/30/2026
3745,First Community Bank of Moultrie County,1,119743,109672,SULLIVAN BANCSHARES EMPLOYEE SVG&RETIREMENT PLAN,5043794,459644,NM,IL,Sullivan,All Other Under 1 Billion,06/30/2026
3747,"First Neighbor Bank, National Association",1,736010,604162,FIRST NEIGHBORHOOD BANCSHARES EMPLOYEE STK OWNERSHIP PLAN,2558505,413646,N,IL,Toledo,Agricultural Specialization,06/30/2026
3749,The First National Bank in Tremont,1,187618,166145,TREMONT BCORP INC,1492497,353546,N,IL,Tremont,Agricultural Specialization,06/30/2026
3759,Anna-Jonesboro National Bank,1,234192,203869,UNION COUNTY BANCSHARES INC,1142877,855844,N,IL,Anna,All Other Under 1 Billion,06/30/2026
3761,The First National Bank of Ava,1,78310,69537,HEADQUARTERS HOLDING CO,1134603,858443,N,IL,Ava,Agricultural Specialization,06/30/2026
3762,Great Rivers Bank,1,194555,167872,FNB BARRY BCORP INC,4805632,857941,NM,IL,Barry,Agricultural Specialization,06/30/2026
3770,The First National Bank of Brownstown,1,57408,50854,FIRST BROWNSTOWN BCORP INC,2199083,207041,N,IL,Brownstown,Agricultural Specialization,06/30/2026
3777,The First National Bank of Carmi,1,622202,545549,SOUTHERN ILLINOIS BCORP INC,1098929,209148,N,IL,Carmi,Commercial Lending Specialization,06/30/2026
3787,Dieterich Bank,1,1553674,1327210,PRIME BANC CORP,1842355,771140,SM,IL,Effingham,Commercial Lending Specialization,06/30/2026
3792,The Fairfield National Bank,1,620899,410213,FAIRFIELD BANCSHARES INC,2107305,640246,N,IL,Fairfield,Agricultural Specialization,06/30/2026
3799,The Bradford National Bank of Greenville,1,722824,602249,BRADFORD BCORP INC,2456919,720746,N,IL,Greenville,All Other Under 1 Billion,06/30/2026
3805,Kinmundy Bank,1,80069,69004,SOUTH CENTRAL BCORP INC,3674710,489249,SM,IL,Kinmundy,All Other Under 1 Billion,06/30/2026
3807,The First National Bank of Litchfield,1,150367,131768,FIRST MONTGOMERY BCORP INC,1099346,370347,N,IL,Litchfield,Agricultural Specialization,06/30/2026
3808,The Litchfield National Bank,1,135659,120592,LITCHFIELD BANCSHARES CO,1248489,372444,N,IL,Litchfield,Agricultural Specialization,06/30/2026
3809,"Peoples National Bank , N.A.",1,2083619,1843656,MARKET STREET BANCSHARES INC,1250437,375043,N,IL,Mount Vernon,Agricultural Specialization,06/30/2026
3814,The City National Bank of Metropolis,1,444355,343890,CITY NATIONAL BANKCORP INC,1129672,298245,N,IL,Metropolis,All Other Under 1 Billion,06/30/2026
3818,The First Bank and Trust Company of Murphysboro,1,83079,76110,FIRST OF MURPHYSBORO CORP,1097678,303747,NM,IL,Murphysboro,Commercial Lending Specialization,06/30/2026
3821,The Farmers and Merchants National Bank of Nashville,1,270290,242564,FARMERS&MERCHANTS BANCSHARES,2931331,513546,N,IL,Nashville,Agricultural Specialization,06/30/2026
3826,The First National Bank of Okawville,1,66271,58701,,,333940,N,IL,Okawville,Agricultural Specialization,06/30/2026
3827,The Old Exchange National Bank of Okawville,1,91307,80100,OKAWVILLE BANCSHARES INC,1248377,411240,N,IL,Okawville,Agricultural Specialization,06/30/2026
3830,The First National Bank of Raymond,1,187057,172292,RAYMOND BCORP INC,1131303,421445,N,IL,Raymond,Agricultural Specialization,06/30/2026
3832,Old National Bank,1,73857462,56985995,OLD NATIONAL BCORP,1098303,208244,N,IN,Evansville,Commercial Lending Specialization,06/30/2026
3834,Midwest National Bank,1,122601,108496,FIRST SANDOVAL BCORP INC,1139523,122546,N,IL,Sandoval,All Other Under 1 Billion,06/30/2026
3837,The First National Bank of Sparta,1,114585,101090,FIRST BCORP OF SPARTA LTD,1099421,246947,N,IL,Sparta,All Other Under 1 Billion,06/30/2026
3840,The FNB Community Bank,1,498909,423124,FIRST VANDALIA CORP,1099654,137447,SM,IL,Vandalia,Agricultural Specialization,06/30/2026
3842,First National Bank of Waterloo,1,929324,779636,FIRST WATERLOO BANCSHARES INC,1135404,145545,N,IL,Waterloo,Commercial Lending Specialization,06/30/2026
3846,Community First Bank of the Heartland,1,266760,237872,CEDAR BCORP INC,3575264,273840,SM,IL,Mount Vernon,Commercial Lending Specialization,06/30/2026
3850,"First Community Bank, Xenia-Flora",1,55539,47309,FIRST COMMUNITY BANCSHARES,3088643,242,SM,IL,Xenia,All Other Under 1 Billion,06/30/2026
3854,Bank of 1889,1,339236,298804,BK 1889 EMPLOYEE STK OWNERSHIP TR,2027412,864846,SM,AR,Berryville,All Other Under 1 Billion,06/30/2026
3863,First National Bank of Eastern Arkansas,1,589488,520265,BANCSHARES OF EASTERN AR INC,1099449,251745,N,AR,Forrest City,Commercial Lending Specialization,06/30/2026
3864,The First National Bank of Fort Smith,1,2311601,2010993,FIRST BANK CORP,1491360,397540,N,AR,Fort Smith,Commercial Lending Specialization,06/30/2026
3869,Anstaff Bank,1,1180508,1057092,FIRST NATIONAL BCORP INC,2619349,261940,SM,AR,Green Forest,Agricultural Specialization,06/30/2026
3873,Eagle Bank and Trust Company,1,505674,433023,STATE HOLDING CO,1100046,453446,SM,AR,Little Rock,Commercial Lending Specialization,06/30/2026
3887,First National Bank,1,2585603,2122623,FIRST PARAGOULD BANKSHARES INC,1119383,42448,N,AR,Paragould,Commercial Lending Specialization,06/30/2026
3890,Simmons Bank,1,24732685,19932156,SIMMONS FIRST NATIONAL CORP,1094828,663245,SM,AR,Pine Bluff,Commercial Lending Specialization,06/30/2026
3896,First National Bank Of Commerce,1,296625,268762,FIRST NATIONAL CAPITAL CORP,3288425,799948,N,AR,Walnut Ridge,Agricultural Specialization,06/30/2026
3902,First National Bank and Trust Co. of Bottineau,1,175932,150976,FIRST BOTTINEAU INC,1131237,974558,N,ND,Bottineau,Agricultural Specialization,06/30/2026
3919,Heartland State Bank,1,75645,68280,JBS INC,1134966,837653,NM,ND,Edgeley,Agricultural Specialization,06/30/2026
3931,"Alerus Financial, National Association",1,5276612,4239064,ALERUS FINANCIAL CORP,2067007,933256,N,ND,Grand Forks,Commercial Lending Specialization,06/30/2026
3934,Aspire Bank,1,60903,48801,ASPIRE BANCSHARES INC,3435957,668053,NM,ND,Fargo,Commercial Lending Specialization,06/30/2026
3973,First Bank & Trust,1,4784894,4168214,FISHBACK FINANCIAL CORP,1123072,77851,NM,SD,Brookings,Commercial Lending Specialization,06/30/2026
3977,DNB NATIONAL BANK,1,124137,114348,DCNB HOLDING CO,2359962,401559,N,SD,Clear Lake,Agricultural Specialization,06/30/2026
3985,The First National Bank of Frederick,1,28844,25491,,,288152,N,SD,Frederick,Agricultural Specialization,06/30/2026
3999,First National Bank in Philip,1,458390,400611,PHILIP BCORP INC,1125683,538754,N,SD,Philip,Agricultural Specialization,06/30/2026
4009,"BankWest, Inc.",1,1934619,1645029,SOUTH DAKOTA BANCSHARES INC,1124060,540551,NM,SD,Pierre,Agricultural Specialization,06/30/2026
4016,The First National Bank in Sioux Falls,1,2119293,1766553,MINNEHAHA BANSHARES INC,1126354,326858,N,SD,Sioux Falls,Agricultural Specialization,06/30/2026
4028,First Dakota National Bank,1,3390171,2960038,FIRST DAKOTA FINANCIAL CORP,1404687,441256,N,SD,Yankton,Commercial Lending Specialization,06/30/2026
4029,Vision Bank,1,999611,835979,VISION BANCSHARES INC,3292253,241157,SM,OK,Ada,Commercial Lending Specialization,06/30/2026
4031,Frazer Bank,1,354251,317125,FIRST ALTUS BCORP INC,1056134,245351,SM,OK,Altus,Commercial Lending Specialization,06/30/2026
4037,First National Bank and Trust Company of Ardmore,1,686745,587571,FIRST NATL CORP OF ARDMORE INC,1055726,984258,N,OK,Ardmore,Commercial Lending Specialization,06/30/2026
4041,The First Security Bank,1,334957,277361,COMMUNITY CAPITAL BCORP INC,5625350,49951,NM,OK,Beaver,Commercial Lending Specialization,06/30/2026
4042,Legacy Bank,1,686469,624807,MIDSTATE BCORP INC,1054091,320052,NM,OK,Hinton,Commercial Lending Specialization,06/30/2026
4048,SpiritBank,1,912801,819218,SPIRIT BANKCORP INC,1062135,142955,NM,OK,Tulsa,Commercial Lending Specialization,06/30/2026
4049,First Enterprise Bank,1,189692,167893,,,315656,NM,OK,Oklahoma City,Commercial Lending Specialization,06/30/2026
4050,The First National Bank and Trust Company of Broken Arrow,1,269479,224165,FIRST BROKEN ARROW CORP,1062050,145554,N,OK,Broken Arrow,Commercial Lending Specialization,06/30/2026
4051,AllNations Bank,1,84527,76881,ALLNATIONS BCORP INC,3176559,146056,SM,OK,Calumet,Agricultural Specialization,06/30/2026
4054,The Farmers Bank,1,139619,121135,,,998657,NM,OK,Carnegie,Commercial Lending Specialization,06/30/2026
4059,The Peoples National Bank of Checotah,1,171848,139277,PEOPLES NATL BANCSHARES CHECOTAH,1066852,942454,N,OK,Checotah,Other Specialized Under 1 Billion,06/30/2026
4061,ACB Bank,1,135464,114778,ALFALFA COUNTY BANCSHARES INC,1055708,266253,NM,OK,Cherokee,Agricultural Specialization,06/30/2026
4062,"Brooks Bank, National Association",1,1070151,897054,FIRST INDEPENDENT BCORP INC,1065163,154154,N,OK,Chickasha,Commercial Lending Specialization,06/30/2026
4063,MidFirst Bank,1,42834126,25329496,G JEFFREY RECORDS JR 2020 FAMILY TR,5555701,595270,SB,OK,Oklahoma City,Commercial Lending Specialization,06/30/2026
4067,Oklahoma Bank and Trust Company,1,202258,173904,OKLAHOMA BCORP INC,1065613,159953,NM,OK,Clinton,Agricultural Specialization,06/30/2026
4071,FNB Coweta,1,127803,115713,FIRST COWETA CORP,1063329,61953,SM,OK,Coweta,Commercial Lending Specialization,06/30/2026
4076,Southwest Bank of Weatherford,1,86014,74987,SOUTHWEST CAPITAL L L C,2912312,1014059,SM,OK,Weatherford,All Other Under 1 Billion,06/30/2026
4084,The Citizens Bank of Edmond,1,432358,387780,CITIZENS BANCSHARES INC ESOP,3078215,172457,SM,OK,Edmond,Commercial Lending Specialization,06/30/2026
4086,The First National Bank & Trust,1,293960,264956,WESTERN OK FINL SERVICES INC,2293507,114457,N,OK,Elk City,Agricultural Specialization,06/30/2026
4087,Bank of Western Oklahoma,1,469696,426288,WESTERN OK BANCSHARES INC,1062706,175056,SM,OK,Elk City,Agricultural Specialization,06/30/2026
4091,"Stride Bank, National Association",1,5417575,4956794,CENTRAL SERVICE CORP,1051465,278555,N,OK,Enid,Credit-card Specialization,06/30/2026
4092,First Bank,1,118005,100143,ERICK BANCSHARES INC,2209030,280352,NM,OK,Erick,Commercial Lending Specialization,06/30/2026
4094,Bank of Eufaula,1,87125,76973,S N B BANCSHARES INC,1064184,343051,SM,OK,Eufaula,Other Specialized Under 1 Billion,06/30/2026
4097,The Farmers and Merchants National Bank of Fairview,1,118663,103192,FAIRVIEW BANCSHARES INC,1065211,73152,N,OK,Fairview,Agricultural Specialization,06/30/2026
4098,The First National Bank of Fletcher,1,23369,21234,GRIFFITH FAMILY FINL HOLDINGS L L C,2816858,185251,N,OK,Fletcher,Other Specialized Under 1 Billion,06/30/2026
4111,Monument Bank,1,112826,91741,SOONER SW BANKSHARES INC,2411619,195456,SM,OK,Poteau,Agricultural Specialization,06/30/2026
4122,1st Bank in Hominy,1,45270,41604,,,350657,SM,OK,Hominy,Other Specialized Under 1 Billion,06/30/2026
4123,The First National Bank of Hooker,1,91175,76145,HOOKER NATIONAL BANCSHARES INC,1140060,816256,N,OK,Hooker,Agricultural Specialization,06/30/2026
4132,"The City National Bank and Trust Company of Lawton, Oklahoma",1,446240,373940,JRMB II INC,4208961,294751,N,OK,Lawton,Commercial Lending Specialization,06/30/2026
4144,Farmers and Merchants Bank,1,22022,19606,,,836656,NM,OK,Maysville,Agricultural Specialization,06/30/2026
4145,First National Bank & Trust Company of McAlester,1,580353,504171,FIRST OF MCALESTER CORP,1055762,830355,N,OK,Mcalester,Commercial Lending Specialization,06/30/2026
4146,"The Bank, National Association",1,488053,442751,NBM CORP,1056684,829050,N,OK,Mcalester,Commercial Lending Specialization,06/30/2026
4147,Bank 7,1,1913316,1637843,BANK7 CORP,3256134,18854,SM,OK,Oklahoma City,Commercial Lending Specialization,06/30/2026
4148,The First National Bank and Trust Company of Miami,1,191416,162578,FIRST MIAMI BANCSHARES INC,1061316,837158,N,OK,Miami,Agricultural Specialization,06/30/2026
4160,Regent Bank,1,2241430,1938474,REGENT CAPITAL CORP,3632000,309655,NM,OK,Tulsa,Commercial Lending Specialization,06/30/2026
4170,"Patrons Bank, National Association",1,314467,275417,FIRST OKMULGEE CORP,1056330,634955,N,OK,Okmulgee,Commercial Lending Specialization,06/30/2026
4173,The Pauls Valley National Bank,1,356587,327373,PAULS VALLEY BCORP INC,5657799,454658,N,OK,Pauls Valley,Commercial Lending Specialization,06/30/2026
4178,Security Bank,1,938970,827504,PAWNEE HOLDING CO INC,1494343,516855,SM,OK,Tulsa,Commercial Lending Specialization,06/30/2026
4185,First Pryority Bank,1,558094,483443,FIRST PRYOR BCORP INC,2224408,524953,SM,OK,Pryor,Commercial Lending Specialization,06/30/2026
4187,McClain Bank,1,294010,265769,MCCLAIN COUNTY BCORP INC,1060485,648251,NM,OK,Purcell,Commercial Lending Specialization,06/30/2026
4190,American Heritage Bank,1,1484205,1159703,AMERICAN BCORP INC,1052220,311050,SM,OK,Sapulpa,All Other Over 1 Billion,06/30/2026
4193,THE SEILING STATE BANK,1,195039,175151,SEILING BANCSHARES INC,5312539,313157,NM,OK,Seiling,Agricultural Specialization,06/30/2026
4196,"SNB Bank, National Association",1,129448,111346,SHATTUCK BANCSHARES INC,1062416,394156,N,OK,Shattuck,Agricultural Specialization,06/30/2026
4208,Anchor D Bank,1,404513,330110,TEXHOMA BANCSHARES INC,1866306,327556,SM,OK,Texhoma,Agricultural Specialization,06/30/2026
4209,First  Bank of Thomas,1,63194,55674,FIRST THOMAS BAN CORP,1057636,328058,SM,OK,Thomas,All Other Under 1 Billion,06/30/2026
4211,First National Bank of Oklahoma,1,949873,806951,FIRST BCORP OF OKLAHOMA INC,1058343,525053,N,OK,Oklahoma City,Commercial Lending Specialization,06/30/2026
4214,"BOKF, National Association",1,52984896,40020634,BOK FINANCIAL CORP,1883693,339858,N,OK,Tulsa,Commercial Lending Specialization,06/30/2026
4217,COMMUNITY BANK OF OKLAHOMA,1,67252,59356,,,412452,NM,OK,Verden,Commercial Lending Specialization,06/30/2026
4222,The First Farmers National Bank of Waurika,1,55522,47073,,,353957,N,OK,Waurika,Agricultural Specialization,06/30/2026
4228,First Bethany Bank & Trust,1,316798,272896,FIRST BETHANY BCORP INC,1051175,988452,SM,OK,Bethany,Commercial Lending Specialization,06/30/2026
4232,The State Bank of Wynnewood,1,111375,95807,GARVIN COUNTY BANCSHARES INC,2438205,952257,NM,OK,Wynnewood,Agricultural Specialization,06/30/2026
4235,YNB,1,261368,232527,INTL BANCSHARES OK,1062975,953852,NM,OK,Yukon,Commercial Lending Specialization,06/30/2026
4236,"Shamrock Bank, N.A.",1,501461,452860,SHAMROCK BANCSHARES EMPLOYEE STK OWNERSHIP PLAN,2996648,300353,N,OK,Coalgate,Commercial Lending Specialization,06/30/2026
4239,First United Bank and Trust Company,1,16594244,13326353,SPEND LIFE WISELY CO INC,1058398,509950,SM,OK,Durant,Commercial Lending Specialization,06/30/2026
4241,The Idabel National Bank,1,242273,201672,SOUTHEAST CAPITAL CORP,1059582,237954,N,OK,Idabel,Commercial Lending Specialization,06/30/2026
4255,The Camden National Bank,1,6940603,5592615,CAMDEN NATIONAL CORP,1130249,593007,N,ME,Camden,Commercial Lending Specialization,06/30/2026
4256,First National Bank,1,3180486,2680703,FIRST BCORP INC THE,1133932,439404,N,ME,Damariscotta,Commercial Lending Specialization,06/30/2026
4288,First National Bank of Louisiana,1,631070,556514,FIRST NATL BANCSHARES LA INC,5989847,575834,N,LA,Crowley,Commercial Lending Specialization,06/30/2026
4290,The First National Bank of Jeanerette,1,646453,577781,JEANERETTE 1ST NATL BCORP INC,1085303,622037,N,LA,Jeanerette,Commercial Lending Specialization,06/30/2026
4297,"Capital One, National Association",1,662157000,512600000,CAPITAL ONE FINANCIAL CORP,2277860,112837,N,VA,Mclean,Credit-card Specialization,06/30/2026
4318,The Riddell National Bank,1,384342,346892,RNB CORP,1141478,319047,N,IN,Brazil,Commercial Lending Specialization,06/30/2026
4319,"FCN Bank, National Association",1,812493,706478,FCN BANC CORP,1134069,321947,N,IN,Brookville,Commercial Lending Specialization,06/30/2026
4324,First National Bank,1,418537,383066,FIRST NATIONAL BANK CORP,1137529,60648,N,IN,Cloverdale,All Other Under 1 Billion,06/30/2026
4360,Horizon Bank,1,6548335,5478939,HORIZON BCORP INC,1209136,130541,NM,IN,Michigan City,Commercial Lending Specialization,06/30/2026
4364,The First National Bank of Monterey,1,430515,379751,,,44040,N,IN,Monterey,Agricultural Specialization,06/30/2026
4365,First Merchants Bank,1,21320482,16778991,FIRST MERCHANTS CORP,1208559,17147,NM,IN,Muncie,Commercial Lending Specialization,06/30/2026
4382,"First Financial Bank, National Association",1,6171777,4850806,FIRST FINANCIAL CORP,1208595,693345,N,IN,Terre Haute,Commercial Lending Specialization,06/30/2026
4398,LNB Community Bank,1,180959,161284,LNB COMMUNITY BCORP,2807007,176642,NM,IN,Lynnville,Mortgage Lending Specialization,06/30/2026
4419,Springs Valley Bank & Trust Company,1,675306,589604,SVB&T CORP,1098385,93543,NM,IN,French Lick,Commercial Lending Specialization,06/30/2026
4432,"Midwest Heritage Bank, FSB",1,768310,649582,HY-VEE INC,1200852,203043,SB,IA,West Des Moines,Agricultural Specialization,06/30/2026
4433,First Citizens Bank,1,1797291,1576073,FIRST CITIZENS FINANCIAL CORP,1203509,186744,SM,IA,Mason City,Commercial Lending Specialization,06/30/2026
4439,The Clinton National Bank,1,396417,340729,W J YOUNG&CO,1234491,773443,N,IA,Clinton,Agricultural Specialization,06/30/2026
4457,First Heritage Bank,1,72145,59889,FIRST NATIONAL BCORP,2247498,618647,SM,IA,Shenandoah,Agricultural Specialization,06/30/2026
4464,First Bank Hampton,1,240875,208195,A M SAYLOR INC,1200142,786948,SM,IA,Hampton,Agricultural Specialization,06/30/2026
4465,"Midstates Bank, National Association",1,653874,570206,MIDSTATES BANCSHARES INC,1825367,728948,N,IA,Council Bluffs,Agricultural Specialization,06/30/2026
4476,Logan State Bank,1,92183,83563,LOGAN BCORP INC,1492282,754246,SM,IA,Logan,Agricultural Specialization,06/30/2026
4477,The First National Bank of Manning,1,87720,74549,MANNING FINANCIAL SERVICES INC,1491838,818540,N,IA,Manning,Agricultural Specialization,06/30/2026
4482,FNNB Bank,1,109451,89264,UNITED IOWA BANCSHARES INC,1200964,242949,SM,IA,Newton,Commercial Lending Specialization,06/30/2026
4494,The First National Bank of Primghar,1,36340,29914,,,343248,N,IA,Primghar,Agricultural Specialization,06/30/2026
4506,"The Security National Bank of Sioux City, Iowa",1,1690263,1311765,SECURITY NATIONAL CORP,1200348,418249,N,IA,Sioux City,Agricultural Specialization,06/30/2026
4511,The Citizens First National Bank of Storm Lake,1,256452,210488,FNC INC,2511322,424240,N,IA,Storm Lake,Agricultural Specialization,06/30/2026
4514,The State Bank of Toledo,1,134638,120199,TAMA COUNTY ABSTRACT CO,1200179,490348,NM,IA,Toledo,Agricultural Specialization,06/30/2026
4519,First Bank,1,739902,619771,FIRST OF WAVERLY CORP,1206395,376442,SM,IA,Waverly,Agricultural Specialization,06/30/2026
4526,Pony Express Bank,1,399474,342763,PAGE BANCSHARES INC,3201086,953843,NM,MO,Braymer,Commercial Lending Specialization,06/30/2026
4539,Farmers Bank of Northern Missouri,1,566542,478428,NORTHERN MO BANCSHARES INC,1249495,303952,SM,MO,Unionville,Agricultural Specialization,06/30/2026
4540,HNB National Bank,1,1314273,1162910,R DEAN PHILLIPS BK TR DATED 11-19-2004,5558681,908553,N,MO,Hannibal,Agricultural Specialization,06/30/2026
4549,CNB St Louis Bank,1,812872,696778,CARDINAL BCORP INC,1140930,870650,NM,MO,Maplewood,Commercial Lending Specialization,06/30/2026
4556,TPNB Bank,1,111952,94124,PARIS BANCSHARES INC,1099065,1007051,SM,MO,Paris,Agricultural Specialization,06/30/2026
4598,"The First National Bank of Nevada, Missouri",1,122201,104589,1889 BANCSHARES INC,2090751,827355,N,MO,Nevada,Agricultural Specialization,06/30/2026
4611,Farmers National Bank,1,172526,136658,,,137559,N,KS,Phillipsburg,Agricultural Specialization,06/30/2026
4619,Exchange Bank & Trust,1,626801,539715,EXCHANGE BANKSHARES CORP OF KS,1054000,144052,NM,KS,Atchison,Agricultural Specialization,06/30/2026
4621,Farmers Bank & Trust,1,159001,144801,RAWLINS BANCSHARES INC,1062854,984351,NM,KS,Atwood,Agricultural Specialization,06/30/2026
4624,American Bank of Baxter Springs,1,170241,152336,AMERICAN BANCSHARES INC,1065444,1002953,SM,KS,Baxter Springs,Agricultural Specialization,06/30/2026
4636,First Heritage Bank,1,303425,280069,FIRST CENTRALIA BANCSHARES INC,1067916,922157,NM,KS,Centralia,Agricultural Specialization,06/30/2026
4638,The First National Bank in Cimarron,1,143475,131346,FIRST NATIONAL AGENCY INC,1051625,677354,N,KS,Cimarron,Agricultural Specialization,06/30/2026
4652,NINNESCAH VALLEY BANK,1,44591,40525,,,789051,NM,KS,Cunningham,Agricultural Specialization,06/30/2026
4654,The First National Bank of Dighton,1,88525,66459,DIGHTON NATL BANCSHARES INC,1066946,636753,N,KS,Dighton,Agricultural Specialization,06/30/2026
4660,FirstOak Bank,1,241229,212339,FNB BANCSHARES INC,4328083,916857,SM,KS,Independence,Commercial Lending Specialization,06/30/2026
4664,Home Bank and Trust Company,1,183321,166838,GREENWOOD CNTY FINL SERVICES,1141722,840251,NM,KS,Eureka,Commercial Lending Specialization,06/30/2026
4666,"Armed Forces Bank, National Association",1,1423100,1218337,DICKINSON FINANCIAL CORP II,2107707,983457,N,KS,Fort Leavenworth,Commercial Lending Specialization,06/30/2026
4668,First National Bank in Frankfort,1,61566,55440,FIRST FRANKFORT BANCSHARES INC,1064595,923350,N,KS,Frankfort,Agricultural Specialization,06/30/2026
4673,"GNBank, National Association",1,1053271,851058,GN BANKSHARES INC,1064915,928056,N,KS,Girard,Agricultural Specialization,06/30/2026
4678,The Citizens National Bank,1,228968,214662,PADGETT AGENCY INC,1055669,991555,N,KS,Greenleaf,Agricultural Specialization,06/30/2026
4683,Ventura National Bank & Trust,1,41719,32761,VISTA HOLDING CO,5840210,931458,N,KS,Harveyville,Commercial Lending Specialization,06/30/2026
4690,The First National Bank of Hope,1,83394,74087,HOPE BANCSHARES INC,1472079,870856,N,KS,Hope,Agricultural Specialization,06/30/2026
4693,"The Howard State Bank, Howard, Kansas",1,80211,71089,ELK COUNTY BANCSHARES INC,1062863,998358,NM,KS,Howard,Agricultural Specialization,06/30/2026
4697,The First National Bank of Hutchinson,1,1208135,1039282,FIRST KANSAS BANCSHARES INC,1139354,754853,N,KS,Hutchinson,Commercial Lending Specialization,06/30/2026
4702,Central National Bank,1,1388578,1197702,CENTRAL OF KANSAS INC,1064429,234355,N,KS,Junction City,Agricultural Specialization,06/30/2026
4705,Security Bank of Kansas City,1,3858042,3186900,VALLEY VIEW BANCSHARES INC,1050712,1009354,NM,KS,Kansas City,Commercial Lending Specialization,06/30/2026
4707,Citizens Bank of Kansas,1,548444,498604,KING BANCSHARES INC,1061987,1014853,SM,KS,Kingman,All Other Under 1 Billion,06/30/2026
4722,The First National Bank of Louisburg,1,201286,171488,,,132451,N,KS,Louisburg,All Other Under 1 Billion,06/30/2026
4728,The Marion National Bank,1,35410,29753,MARION BANCSHARES INC,2857552,167752,N,KS,Marion,Agricultural Specialization,06/30/2026
4735,Southwind Bank,1,186552,172765,REPUBLIC BANCSHARES INC,2411628,276159,NM,KS,Natoma,Agricultural Specialization,06/30/2026
4746,First Option Bank,1,817581,722092,OSAWATOMIE AGENCY INC THE,1053777,285852,SM,KS,Osawatomie,Commercial Lending Specialization,06/30/2026
4752,The First Security Bank,1,225593,191418,OVERBROOK BANKSHARES INC,1063776,460350,NM,KS,Overbrook,Commercial Lending Specialization,06/30/2026
4756,First National Bank and Trust,1,322199,259469,GOLDEN PLAINS BANKSHARES INC,1066432,183958,N,KS,Phillipsburg,Agricultural Specialization,06/30/2026
4766,SJN Bank of Kansas,1,302913,259562,SJN BANC CO,2796857,412555,NM,KS,Saint John,Agricultural Specialization,06/30/2026
4767,"Sunflower Bank, National Association",1,15653917,13475417,FIRSTSUN CAPITAL BCORP,1066713,474759,N,TX,Dallas,Commercial Lending Specialization,06/30/2026
4769,The First National Bank of Scott City,1,173764,140405,HOEME FAMILY PARTNERSHIP,2260095,414652,N,KS,Scott City,Agricultural Specialization,06/30/2026
4770,"Elevate Bank, National Association",1,60987,53008,ELEVATION BANCSHARES INC,5759844,195157,N,KS,Sedan,Commercial Lending Specialization,06/30/2026
4773,The Solomon State Bank,1,182641,146822,SOLOMON BANCSHARES INC,1063141,356659,NM,KS,Solomon,Mortgage Lending Specialization,06/30/2026
4774,The First National Bank of Spearville,1,62117,53638,SPEARVILLE BANCSHARES INC,3391642,197254,N,KS,Spearville,Agricultural Specialization,06/30/2026
4778,Western National Bank,1,257355,231986,SUMMERFIELD FINL SERVICES LLC,3822632,199351,N,NE,Chester,Agricultural Specialization,06/30/2026
4779,"Dream First Bank, National Association",1,963672,850448,LEGACY FINANCIAL INC,4442699,543459,N,KS,Syracuse,Agricultural Specialization,06/30/2026
4789,Emprise Bank,1,2820619,2512987,EMPRISE FINANCIAL CORP,1135824,65858,NM,KS,Wichita,Commercial Lending Specialization,06/30/2026
4791,Bank of the Flint Hills,1,544519,472965,WAMEGO BANCSHARES INC,1060524,552059,SM,KS,Wamego,Agricultural Specialization,06/30/2026
4792,FNB Washington,1,87794,57394,WASHINGTON 1ST BANCO INC,1055584,209559,SM,KS,Washington,Agricultural Specialization,06/30/2026
4794,First National Bank of Kansas,1,105593,94684,MEADER INSURANCE AGENCY INC,1051371,614256,N,KS,Burlington,Agricultural Specialization,06/30/2026
4796,Bank of Commerce and Trust Company,1,112753,104394,TRI-COUNTY FINANCIAL CORP,4419301,431350,NM,KS,Wellington,Agricultural Specialization,06/30/2026
4799,"Intrust Bank, National Association",1,6761946,5950382,INTRUST FINANCIAL CORP,1064278,557858,N,KS,Wichita,Commercial Lending Specialization,06/30/2026
4801,Southwest National Bank,1,502120,403829,REPUBLIC FINANCIAL CORP,1131451,499855,N,KS,Wichita,Commercial Lending Specialization,06/30/2026
4832,"Shore United Bank, National Association",1,6148263,5426116,SHORE BANCSHARES INC,2429838,933023,N,MD,Easton,Commercial Lending Specialization,06/30/2026
4857,First United Bank & Trust,1,2054956,1743782,FIRST UNITED CORP,1132672,61122,NM,MD,Oakland,Commercial Lending Specialization,06/30/2026
4945,Peoples Bank of the South,1,232002,190457,,,277736,NM,TN,La Follette,Commercial Lending Specialization,06/30/2026
4952,The First National Bank of Middle Tennessee,1,952383,827746,FIRST MCMINNVILLE CORP,1086449,87234,N,TN,Mcminnville,Commercial Lending Specialization,06/30/2026
4958,The First National Bank of Oneida,1,367780,327972,,,966731,N,TN,Oneida,Commercial Lending Specialization,06/30/2026
4960,First Farmers & Commercial Bank,1,226356,202771,FIRST PIKEVILLE BANCSHARES INC,1082834,702836,NM,TN,Pikeville,Commercial Lending Specialization,06/30/2026
4977,First Horizon Bank,1,84116168,68788699,FIRST HORIZON CORP,1094640,485559,SM,TN,Memphis,Commercial Lending Specialization,06/30/2026
4988,Trustmark Bank,1,19190322,16216956,TRUSTMARK CORP,1079562,342634,SM,MS,Jackson,Commercial Lending Specialization,06/30/2026
4993,The Citizens National Bank of Meridian,1,1888606,1631587,CITIZENS NATIONAL BANC CORP,3186576,69333,N,MS,Meridian,Commercial Lending Specialization,06/30/2026
5005,FNB Oxford Bank,1,939718,786945,FIRST NATIONAL HOLDING CO,1097070,590640,SM,MS,Oxford,Commercial Lending Specialization,06/30/2026
5006,First Choice Bank,1,561000,510008,PONTOTOC BANCSHARES CORP,2524911,968744,SM,MS,Pontotoc,Commercial Lending Specialization,06/30/2026
5015,Century Bank and Trust,1,493988,419043,CENTURY FINANCIAL CORP,1491856,694847,NM,MI,Coldwater,Commercial Lending Specialization,06/30/2026
5018,Citizens National Bank of Cheboygan,1,470958,435798,CNB CORP,1135422,773742,N,MI,Cheboygan,Commercial Lending Specialization,06/30/2026
5019,Southern Michigan Bank & Trust,1,1681505,1404337,SOUTHERN MICHIGAN BCORP INC,1207824,822042,NM,MI,Coldwater,Commercial Lending Specialization,06/30/2026
5033,The Dart Bank,1,1472234,1269500,DART FINANCIAL CORP,3726196,47247,NM,MI,Mason,Commercial Lending Specialization,06/30/2026
5058,Superior National Bank,1,1042146,881463,KEWEENAW FINANCIAL CORP,1495854,245557,N,MI,Hancock,Commercial Lending Specialization,06/30/2026
5062,First National Bank & Trust Co.,1,386385,337614,FNB BANCSHARES INC,1416671,251558,N,MI,Iron Mountain,Commercial Lending Specialization,06/30/2026
5072,Range Bank,1,604142,521491,RANGE FINANCIAL CORP,1139868,355559,NM,MI,Marquette,Commercial Lending Specialization,06/30/2026
5074,The First National Bank of St. Ignace,1,335817,316268,MACKINAC NATIONAL BCORP INC,5140929,381950,N,MI,St. Ignace,Other Specialized Under 1 Billion,06/30/2026
5076,The First National Bank of Wakefield,1,52648,47695,WAKEFIELD BCORP INC,1128321,292850,N,MI,Wakefield,All Other Under 1 Billion,06/30/2026
5087,The First National Bank of Bagley,1,129185,119715,FIRST NATL AGENCY BAGLEY INC,1122413,392255,N,MN,Bagley,All Other Under 1 Billion,06/30/2026
5093,The First National Bank of Bemidji,1,1078508,844391,FIRST NB OF BEMIDJI ESOP&TRUST,1248546,363657,N,MN,Bemidji,Commercial Lending Specialization,06/30/2026
5095,Star Bank,1,445778,384621,MIDWEST BCORP INC,1827718,715050,NM,MN,Maple Lake,Agricultural Specialization,06/30/2026
5097,First Bank Blue Earth,1,322701,283154,FNB BANCSHARES INC,1143548,147857,SM,MN,Blue Earth,Agricultural Specialization,06/30/2026
5105,B2 Bank National Association,1,114588,103824,B2 BCORP INC,5680658,108652,N,UT,Holladay,Other Specialized Under 1 Billion,06/30/2026
5107,First Security Bank - Canby,1,85158,72509,FIRST SLEEPY EYE BCORP INC,1123401,339353,NM,MN,Canby,Agricultural Specialization,06/30/2026
5110,Western National Bank,1,37113,33034,WESTERN BCORP INC,3271267,278751,N,MN,Cass Lake,Commercial Lending Specialization,06/30/2026
5115,The First National Bank of Cokato,1,138153,128071,KNOFF BANCSHARES INC,1125320,280558,N,MN,Cokato,Commercial Lending Specialization,06/30/2026
5116,Granite Bank,1,353169,289318,FIRST BANCSHARES COLD SPRING,1247969,311256,NM,MN,Cold Spring,Commercial Lending Specialization,06/30/2026
5117,The First National Bank of Coleraine,1,111974,105149,JAN-MAR CORP,1122217,311658,N,MN,Coleraine,Other Specialized Under 1 Billion,06/30/2026
5123,Deerwood Bank,1,1517800,1378249,DEERWOOD BANCSHARES INC,2499082,314257,NM,MN,Waite Park,Commercial Lending Specialization,06/30/2026
5131,Western National Bank,1,135773,108757,WESTERN BCORP INC,3271267,127055,N,MN,Duluth,Commercial Lending Specialization,06/30/2026
5136,First Bank Elk River,1,369202,269904,FIRST NATL FINL SERVICES INC,1125357,970055,NM,MN,Elk River,Commercial Lending Specialization,06/30/2026
5141,The Miners National Bank of Eveleth,1,96602,84361,,,43856,N,MN,Eveleth,Mortgage Lending Specialization,06/30/2026
5142,The First National Bank of Fairfax,1,35649,21938,FORT RIDGELY NATL BCORP INC,2131373,938354,N,MN,Fairfax,Agricultural Specialization,06/30/2026
5146,"Wells Fargo Bank South Central, National Association",1,2590233,1673209,WELLS FARGO&COMPANY,1120754,2362458,N,TX,Houston,Mortgage Lending Specialization,06/30/2026
5150,The First National Bank of Gilbert,1,86028,76019,BROADWAY BANCSHARES INC,5752863,975452,N,MN,Gilbert,Mortgage Lending Specialization,06/30/2026
5162,"My Kind of Bank, National Association",1,422558,385638,HENNING BANCSHARES INC,1125290,23456,N,MN,Ottertail,Commercial Lending Specialization,06/30/2026
5170,Bank Midwest,1,1345670,1149783,GOODENOW BCORP,1203714,45551,SM,IA,Spirit Lake,Commercial Lending Specialization,06/30/2026
5175,Global Innovations Bank,1,120071,109401,GLOBAL INNOVATIONS HOLDINGS,5610936,1015458,NM,MN,Kiester,Agricultural Specialization,06/30/2026
5180,The First National Bank of Le Center,1,178155,139565,TRAXSHARES INC,1126934,986551,N,MN,Lonsdale,Agricultural Specialization,06/30/2026
5186,First Farmers & Merchants National Bank,1,242610,213502,215 HOLDING CO,1247576,917854,N,MN,Luverne,Agricultural Specialization,06/30/2026
5193,Pioneer Bank,1,883758,762954,CITIZENS BANK GROUP INC,1964668,920854,SM,MN,Mapleton,Agricultural Specialization,06/30/2026
5196,The First National Bank of McIntosh,1,47021,37383,,,988256,N,MN,Mcintosh,Agricultural Specialization,06/30/2026
5197,COMMUNITY FIRST BANK,1,126499,108430,MENAHGA BANCSHARES INC,1123951,923855,NM,MN,Menahga,Commercial Lending Specialization,06/30/2026
5198,The First National Bank of Milaca,1,293216,259783,RUM RIVER BCORP INC,3342411,924357,N,MN,Milaca,Commercial Lending Specialization,06/30/2026
5214,The First National Bank of Moose Lake,1,133658,112361,FIRST NB MOOSE LAKE PROFIT SHARING&ESOP,2992396,706058,N,MN,Moose Lake,Commercial Lending Specialization,06/30/2026
5219,Community Resource Bank,1,556392,471756,MIDCOUNTRY ACQUISITION CORP,5281989,813853,SM,MN,Northfield,Commercial Lending Specialization,06/30/2026
5221,The First National Bank of Osakis,1,97563,80949,FINANCIAL SERVICES LOWRY INC,1127016,726458,N,MN,Osakis,Commercial Lending Specialization,06/30/2026
5223,The Citizens National Bank of Park Rapids,1,396998,348056,PARK RAPIDS BANCSHARES INC,1124613,877752,N,MN,Park Rapids,Commercial Lending Specialization,06/30/2026
5229,Foresight Bank,1,433789,345268,PLAINVIEW BANKSHARES INC,1485800,755458,NM,MN,Plainview,All Other Under 1 Billion,06/30/2026
5232,The First National Bank of Proctor,1,33993,31090,,,731957,N,MN,Proctor,Mortgage Lending Specialization,06/30/2026
5247,First National Bank Minnesota,1,437787,373149,BANCOMMUNITY SERVICE CORP,1128460,197759,N,MN,Saint Peter,Commercial Lending Specialization,06/30/2026
5249,Minnesota National Bank,1,298434,253886,SAUK CTR FINL SERVICES INC,1246243,799751,N,MN,Sauk Centre,Commercial Lending Specialization,06/30/2026
5252,First Security Bank - Sleepy Eye,1,182788,153341,FIRST SLEEPY EYE BCORP INC,1123401,861658,NM,MN,Sleepy Eye,Agricultural Specialization,06/30/2026
5269,First National Bank North,1,864309,756276,WALKER BAN CO,1126318,805755,N,MN,Walker,Commercial Lending Specialization,06/30/2026
5270,"Keen Bank, National Association",1,201067,181527,FRANKSON INVESTMENT CORP,1122534,837354,N,MN,Waseca,Commercial Lending Specialization,06/30/2026
5278,First Financial Bank in Winnebago,1,58149,47700,KRAUSE FINANCIAL INC,1843576,840354,NM,MN,Winnebago,Agricultural Specialization,06/30/2026
5280,"WNB FINANCIAL, N.A.",1,583746,512856,WNB HOLDING CO,1133660,220059,N,MN,Winona,Commercial Lending Specialization,06/30/2026
5286,Fortifi Bank,1,750376,608803,FIRST BERLIN BCORP INC,1889538,111942,NM,WI,Berlin,Commercial Lending Specialization,06/30/2026
5295,PremierBank,1,583852,444152,FIRST AMERICAN BANKSHARES INC,1141629,907547,NM,WI,Fort Atkinson,Commercial Lending Specialization,06/30/2026
5296,"Associated Bank, National Association",1,51756540,40118466,ASSOCIATED BANC-CORP,1199563,917742,N,WI,Green Bay,Commercial Lending Specialization,06/30/2026
5297,FORTE BANK,1,404487,336251,FNB HARTFORD BCORP INC,1209275,742944,NM,WI,Hartford,Commercial Lending Specialization,06/30/2026
5304,"Bank First, N.A.",1,5944186,5029078,BANK FIRST CORP,1208009,594947,N,WI,Manitowoc,Commercial Lending Specialization,06/30/2026
5306,The Stephenson National Bank and Trust,1,676836,588025,STEPHENSON NATIONAL BCORP INC,1245509,598048,N,WI,Marinette,Commercial Lending Specialization,06/30/2026
5317,The Peshtigo National Bank,1,299973,250849,PESHTIGO NATIONAL BCORP INC,1210310,257345,N,WI,Peshtigo,Agricultural Specialization,06/30/2026
5335,WOODTRUST BANK,1,734754,600679,WOODTRUST FINANCIAL CORP,1020582,833749,SM,WI,Wisconsin Rapids,Commercial Lending Specialization,06/30/2026
5336,Pillar Bank,1,267046,195774,BALDWIN BANCSHARES INC,1128639,143952,SM,WI,Baldwin,Agricultural Specialization,06/30/2026
5337,The First National Bank of Bangor,1,363672,225589,BOSSHARD FINANCIAL GROUP INC,1205473,627854,N,WI,Bangor,Commercial Lending Specialization,06/30/2026
5357,First National Community Bank,1,345349,311833,ONE CORP,1124118,23755,N,WI,New Richmond,Commercial Lending Specialization,06/30/2026
5364,The First National Bank of River Falls,1,325271,286582,FIRST NATL BCORP RIVER FALLS,2577159,956255,N,WI,River Falls,Commercial Lending Specialization,06/30/2026
5369,West Plains Bank,1,139328,110490,COMMERCIAL INVESTMENT CO INC,1051429,967952,SM,NE,Ainsworth,Agricultural Specialization,06/30/2026
5377,Farmers and Merchants Bank of Ashland,1,152162,128002,FARMERS&MERCHANTS FINL CORP,3446748,398051,SM,NE,Ashland,Commercial Lending Specialization,06/30/2026
5384,First Community Bank,1,342330,300230,FIRST BEEMER CORP,1059733,993250,SM,NE,Beemer,Agricultural Specialization,06/30/2026
5394,Waypoint Bank,1,391485,324567,MIDWEST BANCO CORP,1053320,244158,NM,NE,Cozad,Agricultural Specialization,06/30/2026
5396,City Bank & Trust Co.,1,323243,288374,TCM CO,1141553,79855,NM,NE,Lincoln,Commercial Lending Specialization,06/30/2026
5401,F&M Bank,1,135277,115087,R DEAN PHILLIPS BK TR DATED 11-19-2004,5558681,259059,NM,NE,Falls City,Agricultural Specialization,06/30/2026
5405,First Bank and Trust of Fullerton,1,108276,83877,FIRST NATIONAL HOLDING CO INC,1247811,266655,SM,NE,Fullerton,Agricultural Specialization,06/30/2026
5408,Genoa Community Bank,1,70451,59677,,,2750,NM,NE,Genoa,Agricultural Specialization,06/30/2026
5410,The First National Bank of Gordon,1,357544,305595,ISHAM MANAGEMENT CO,1050794,3252,N,NE,Gordon,Agricultural Specialization,06/30/2026
5415,Security First Bank,1,2321341,2030796,STOCKMENS FINANCIAL CORP,2360454,276850,NM,NE,Lincoln,Commercial Lending Specialization,06/30/2026
5422,The First National Bank of Johnson,1,95593,78315,FIRST NATL JOHNSON BANCSHARES,1945340,563457,N,NE,Johnson,Agricultural Specialization,06/30/2026
5424,Security Bank,1,309903,269704,EMPLOYEE STK OWNERSHIP PLAN ACCOUNTS TR SECURITY BK KSOP&TR,5650389,566056,SM,NE,Laurel,Agricultural Specialization,06/30/2026
5425,Legends West Bank,1,157807,136733,1905 NEKOTA BANKCORP INC,5841440,13457,NM,NE,Lewellen,Commercial Lending Specialization,06/30/2026
5432,First Northeast Bank of Nebraska,1,472630,361049,FARM&HOME INSURANCE AGENCY INC,1053357,208655,SM,NE,Lyons,Agricultural Specialization,06/30/2026
5434,MNB BANK,1,594103,494916,MNB FINANCIAL SERVICES INC,5340587,575759,SM,NE,Mccook,Agricultural Specialization,06/30/2026
5438,First Bank and Trust Company,1,91188,66311,FIRST OF MINDEN FINANCIAL CORP,2850432,114859,SM,NE,Minden,Agricultural Specialization,06/30/2026
5439,Minden Exchange Bank & Trust Company,1,201419,146477,ARMSTRONG FINANCIAL CO,2540283,456054,NM,NE,Minden,Agricultural Specialization,06/30/2026
5442,Platte Valley Bank,1,809176,692961,PLATTE VALLEY FINL SERVICE COMPANIES,2511014,580155,SM,WY,Torrington,Commercial Lending Specialization,06/30/2026
5452,First National Bank of Omaha,1,34201445,27775472,LAURITZEN CORP,1066209,527954,N,NE,Omaha,All Other Over 1 Billion,06/30/2026
5460,First National Bank in Ord,1,165570,146127,BBJ INC,1052846,850054,N,NE,Ord,Agricultural Specialization,06/30/2026
5469,Citizens Bank & Trust Company,1,242288,199786,HOWARD COUNTY LAND&CATTLE CO,1051401,925055,NM,NE,Saint Paul,Agricultural Specialization,06/30/2026
5472,Cattle Bank and Trust,1,421932,347193,CATTLE CROSSING INC,1059555,529659,NM,NE,Seward,Agricultural Specialization,06/30/2026
5473,JONES BANK,1,441170,370780,JONES NATIONAL CORP,1061156,469559,SM,NE,Seward,Agricultural Specialization,06/30/2026
5478,Stanton State Bank,1,64804,58446,EBERLY INVESTMENT CO,1066759,382256,SM,NE,Stanton,Agricultural Specialization,06/30/2026
5486,FirstBank of Nebraska,1,498084,390069,BANK MANAGEMENT INC,1020854,540056,SM,NE,Wahoo,Agricultural Specialization,06/30/2026
5490,State Nebraska Bank & Trust,1,243966,203794,STATE NATIONAL BANCSHARES INC,1965768,581358,NM,NE,Wayne,Agricultural Specialization,06/30/2026
5495,Citizens State Bank,1,652991,592186,CITIZENS NATIONAL CORP,1056415,482053,SM,NE,Wisner,Agricultural Specialization,06/30/2026
5496,Cornerstone Bank,1,2730249,2312054,FIRST YORK BAN CORP,1050646,403151,SM,NE,York,Agricultural Specialization,06/30/2026
5510,Frost  Bank,1,53950075,43669523,CULLEN FROST BANKERS INC,1102367,682563,SM,TX,San Antonio,Commercial Lending Specialization,06/30/2026
5518,The City National Bank of San Saba,1,80028,70497,CNB NATIONAL FINANCIAL CORP,1110205,714165,N,TX,San Saba,Agricultural Specialization,06/30/2026
5531,The First National Bank of Sonora,1,721953,640687,FIRST SONORA BANCSHARES INC,2184333,591366,N,TX,Sonora,Commercial Lending Specialization,06/30/2026
5536,The First National Bank of Stanton,1,394887,328417,,,458665,N,TX,Stanton,Other Specialized Under 1 Billion,06/30/2026
5538,The First National Bank of Sterling City,1,240137,218370,STERLING CITY BANCSHARES INC,2940810,411062,N,TX,Sterling City,Agricultural Specialization,06/30/2026
5544,The City National Bank of Sulphur Springs,1,1374878,1230950,SULPHUR SPRINGS BANCSHARES INC,1131666,596062,N,TX,Sulphur Springs,Commercial Lending Specialization,06/30/2026
5548,The City National Bank of Taylor,1,250346,220778,CNB FINANCIAL CORP INC,1109825,181963,N,TX,Taylor,All Other Under 1 Billion,06/30/2026
5551,"Extraco Banks, National Association",1,2574832,2094293,EXTRACO CORP,1104923,537560,N,TX,Temple,All Other Over 1 Billion,06/30/2026
5557,The First National Bank of Tom Bean,1,155559,135700,TOM BEAN BANK HOLDING CO,5903209,193162,N,TX,Tom Bean,Agricultural Specialization,06/30/2026
5559,The First National Bank of Trinity,1,92793,86044,,,479567,N,TX,Trinity,All Other Under 1 Billion,06/30/2026
5564,First National Bank of Bosque County,1,182292,158294,VALLEY MILLS FINANCIAL CORP,1104110,198961,N,TX,Valley Mills,Commercial Lending Specialization,06/30/2026
5568,Herring Bank,1,540503,477026,HERRING BCORP INC,1109496,610164,NM,TX,Amarillo,Commercial Lending Specialization,06/30/2026
5569,The Waggoner National Bank of Vernon,1,353736,304842,WAGGONER NATL BANCSHARES INC,3386321,548267,N,TX,Vernon,Commercial Lending Specialization,06/30/2026
5574,Citizens National Bank of Texas,1,2188815,1886288,FIRST CITIZENS BANCSHARES INC,1105470,552161,N,TX,Waxahachie,Commercial Lending Specialization,06/30/2026
5575,First National Bank and Trust Company of Weatherford,1,968323,869722,FIRST BAIRD BANCSHARES INC,1105751,614368,N,TX,Weatherford,Commercial Lending Specialization,06/30/2026
5589,Fannin Bank,1,159091,147142,FANNIN BCORP INC,1137284,377663,NM,TX,Bonham,All Other Under 1 Billion,06/30/2026
5590,The First National Bank of Winnsboro,1,158219,121423,ETEX BANCO INC,1102170,501767,N,TX,Winnsboro,Commercial Lending Specialization,06/30/2026
5595,Yoakum Bank,1,385821,350438,YOAKUM NATIONAL BANCSHARES INC,2287225,311265,NM,TX,Yoakum,Commercial Lending Specialization,06/30/2026
5598,Troy Bank & Trust Company,1,1600939,1394276,TRUST NO 3 UNDER WILL CHARLES HENDERSON,1080139,134437,NM,AL,Troy,Commercial Lending Specialization,06/30/2026
5602,Union State Bank,1,212452,191657,UNION BANCSHARES INC,1085358,467733,NM,AL,Pell City,Commercial Lending Specialization,06/30/2026
5605,Bank of Brewton,1,49594,40310,REPTON SUPPLY CO INC,1079236,351131,NM,AL,Brewton,Other Specialized Under 1 Billion,06/30/2026
5615,Chambers Bank,1,1587615,1325159,CHAMBERS BANCSHARES INC,1141487,517049,SM,AR,Danville,Commercial Lending Specialization,06/30/2026
5619,COMMUNITY STATE BANK,1,89773,76288,POWER BANCSHARES INC,5813513,378044,NM,AR,Bradley,Commercial Lending Specialization,06/30/2026
5623,Smackover State Bank,1,252371,210413,SMACKOVER BANCSHARES INC,1098264,676049,NM,AR,Smackover,Commercial Lending Specialization,06/30/2026
5624,Bodcaw Bank,1,247272,220423,BODCAW BANCSHARES INC,2712781,942847,NM,AR,Stamps,Commercial Lending Specialization,06/30/2026
5632,Logan County Bank,1,120834,101015,,,932642,NM,AR,Scranton,All Other Under 1 Billion,06/30/2026
5633,First Security Bank,1,8583002,6801862,FIRST SECURITY BCORP,1096505,673440,SM,AR,Searcy,Commercial Lending Specialization,06/30/2026
5634,Connect Bank,1,123872,107166,STAR CITY BANCSHARES INC,1131723,126049,SM,AR,Star City,Commercial Lending Specialization,06/30/2026
5635,CS Bank,1,628453,485521,EUREKA BANCSHARES INC,2941769,514048,SM,AR,Eureka Springs,Commercial Lending Specialization,06/30/2026
5673,Citizens Bank and Trust,1,1480129,1397842,CITIZENS BANKING CORP,3200874,701839,NM,FL,Frostproof,Commercial Lending Specialization,06/30/2026
5676,Brannen Bank,1,1030928,991931,BRANNEN BANKS OF FLORIDA INC,1082375,760331,NM,FL,Inverness,Mortgage Lending Specialization,06/30/2026
5685,Southeastern Bank,1,624919,544101,SOUTHEASTERN BANKING CORP,1082058,210238,NM,GA,Darien,Commercial Lending Specialization,06/30/2026
5686,The Bank of Edison,1,83948,78555,BOE BANCSHARES INC,1086140,610539,NM,GA,Edison,Agricultural Specialization,06/30/2026
5694,PrimeSouth Bank,1,1601685,1327227,JONES BANCSHARES L P,2135812,1011638,NM,GA,Blackshear,Commercial Lending Specialization,06/30/2026
5704,Bank of Newington,1,333753,301106,,,948531,NM,GA,Newington,Commercial Lending Specialization,06/30/2026
5709,The Farmers Bank,1,148267,132298,PUTNAM-GREENE FINANCIAL CORP,1246252,11837,NM,GA,Greensboro,Commercial Lending Specialization,06/30/2026
5716,Farmers and Merchants Bank,1,861957,784687,LOWNDES BANCSHARES INC,3839340,763930,NM,GA,Lakeland,Commercial Lending Specialization,06/30/2026
5722,Philo Exchange Bank,1,156573,130259,YANKEE RIDGE INC,2948919,667346,NM,IL,Philo,Agricultural Specialization,06/30/2026
5744,"State Bank of the Lakes, National Association",1,2811675,2381148,WINTRUST FINANCIAL CORP,2260406,595430,N,IL,Antioch,Commercial Lending Specialization,06/30/2026
5749,Foresight Bank,1,1710720,1491637,FORESIGHT FINANCIAL GROUP INC,1137453,556936,NM,IL,Winnebago,Agricultural Specialization,06/30/2026
5753,Fidelity Bank,1,198636,165530,SAVANNA-THOMSON INVESTMENT INC,3084999,597041,NM,IL,Savanna,Commercial Lending Specialization,06/30/2026
5768,The Fountain Trust Company,1,844615,744135,PIPER HOLDINGS INC,3033045,145844,NM,IN,Covington,Agricultural Specialization,06/30/2026
5779,The Peoples Bank,1,323797,298585,TPB BCORP,1130409,7045,NM,IN,Brownstown,All Other Under 1 Billion,06/30/2026
5786,Spencer County Bank,1,131170,111649,,,871648,NM,IN,Santa Claus,Mortgage Lending Specialization,06/30/2026
5791,First State Bank,1,141706,117801,FIRST BELMOND BCORP,1204887,854847,NM,IA,Belmond,All Other Under 1 Billion,06/30/2026
5792,Breda Savings Bank,1,105991,84663,VAN FINANCIAL CORP,3943528,856542,NM,IA,Breda,Agricultural Specialization,06/30/2026
5796,Earlham Savings Bank,1,382508,343937,,,645540,NM,IA,West Des Moines,Agricultural Specialization,06/30/2026
5797,Farmers State Bank,1,221446,189651,FARMERS STATE BANCSHARES INC,2471985,537243,NM,IA,Northwood,Agricultural Specialization,06/30/2026
5800,"American Bank, National Association",1,533050,445029,AMBANK CO INC,1201457,345345,N,IA,Le Mars,Agricultural Specialization,06/30/2026
5814,Audubon State Bank,1,155349,130983,AUDUBON COUNTY INVESTMENT CO,5085664,760649,NM,IA,Audubon,Agricultural Specialization,06/30/2026
5817,Hardin County Savings Bank,1,402273,324446,HARDIN COUNTY BCORP,1205240,647245,NM,IA,Eldora,All Other Under 1 Billion,06/30/2026
5820,State Central Bank,1,63214,50571,LOGAN INVESTMENT CORP,3300215,808345,NM,IA,Bonaparte,Commercial Lending Specialization,06/30/2026
5821,First State Bank,1,384245,308052,FIRST STATE BANK HOLDING CO,1207114,677448,NM,IA,Lynnville,Agricultural Specialization,06/30/2026
5826,Landmark National Bank,1,1601369,1311438,LANDMARK BCORP INC,3030307,481177,N,KS,Manhattan,Commercial Lending Specialization,06/30/2026
5830,Citizens State Bank and Trust Company,1,103622,79602,CROSSDALE INC,1051951,678557,NM,KS,Hiawatha,Agricultural Specialization,06/30/2026
5835,The First State Bank,1,493174,406600,NORTON BANKSHARES INC,1056992,394259,NM,KS,Norton,Agricultural Specialization,06/30/2026
5838,Farmers State Bank,1,69334,62510,MIDDLEFORK FINANCIAL GROUP INC,1071539,131717,NM,KY,Booneville,All Other Under 1 Billion,06/30/2026
5847,"Peoples Bank, Mt. Washington",1,119964,109569,CROSSROADS BCORP INC,1099999,271341,NM,KY,Mount Washington,Commercial Lending Specialization,06/30/2026
5854,"South Central Bank,  Inc.",1,2257592,1968165,SOUTH CNTL BANCSHARES KY INC,2810285,473042,NM,KY,Glasgow,Commercial Lending Specialization,06/30/2026
5867,Bank of Ocean City,1,694973,616450,,,147923,NM,MD,Ocean City,Commercial Lending Specialization,06/30/2026
5873,Woodsboro Bank,1,483327,445859,,,406022,NM,MD,Woodsboro,Commercial Lending Specialization,06/30/2026
5874,"Calvin B. Taylor Banking Company of Berlin, Maryland",1,1018991,881501,CALVIN B TAYLOR BANKSHARES INC,2391300,39327,NM,MD,Berlin,Commercial Lending Specialization,06/30/2026
5885,The Farmers Bank of Willards,1,547649,472566,,,105026,NM,MD,Willards,Commercial Lending Specialization,06/30/2026
5892,Kalamazoo County State Bank,1,118441,105324,,,644141,NM,MI,Schoolcraft,All Other Under 1 Billion,06/30/2026
5902,BankOkolona,1,359590,322345,BANCORP OF OKOLONA,2744326,919344,SM,MS,Okolona,Commercial Lending Specialization,06/30/2026
5903,BankPlus,1,8376253,7348045,BANCPLUS CORP,1097306,121642,SM,MS,Belzoni,Commercial Lending Specialization,06/30/2026
5907,First Bank,1,562943,484636,FIRST SOUTHWEST CORP,1082692,875936,NM,MS,Mccomb,Commercial Lending Specialization,06/30/2026
5956,Peoples Bank,1,1764418,1568982,PEOPLES BCORP OF NC INC,2818245,220527,NM,NC,Newton,Commercial Lending Specialization,06/30/2026
5962,Sutton Bank,1,1740659,1503225,SUTTON BANCSHARES INC,1134500,110413,NM,OH,Attica,All Other Over 1 Billion,06/30/2026
5969,The Farmers & Merchants State Bank,1,3490494,2873662,FARMERS&MERCHANTS BCORP INC,1134630,214414,NM,OH,Archbold,Commercial Lending Specialization,06/30/2026
5981,The Community Bank,1,680084,599508,COMMUNITYBANC INC,1249682,729011,NM,OH,Zanesville,Commercial Lending Specialization,06/30/2026
5994,Prism Bank,1,720897,639594,WDCO VENTURES LLC,5801257,905356,NM,OK,Guthrie,Commercial Lending Specialization,06/30/2026
5999,First State Bank in Temple,1,26356,21549,,,325459,SM,OK,Temple,Agricultural Specialization,06/30/2026
6051,Apollo Trust Company,1,209407,150086,APOLLO BCORP INC,1139000,368522,SM,PA,Apollo,Mortgage Lending Specialization,06/30/2026
6063,CorTrust Bank National Association,1,1564404,1375647,HOPKINS FINANCIAL CORP,1125740,61355,N,SD,Mitchell,Commercial Lending Specialization,06/30/2026
6064,Bryant State Bank,1,52942,45747,BRYANT BANCSHARES INC,1127717,82257,NM,SD,Bryant,Agricultural Specialization,06/30/2026
6078,One American Bank,1,285193,231529,ONE AMERICAN FINANCIAL CORP,5536791,95051,NM,SD,Centerville,Mortgage Lending Specialization,06/30/2026
6084,The Farmers State Bank of Turton,1,41223,34856,,,496957,NM,SD,Turton,Agricultural Specialization,06/30/2026
6085,First PREMIER Bank,1,3640978,2894219,UNITED NATIONAL CORP,1842421,374653,SM,SD,Sioux Falls,All Other Over 1 Billion,06/30/2026
6088,Union Bank,1,247000,223525,JAMESTOWN UNION BANCSHARES INC,1129542,235231,NM,TN,Jamestown,All Other Under 1 Billion,06/30/2026
6091,Macon Bank and Trust Company,1,820507,751453,MACON BANCTRUST INC,1136577,709639,NM,TN,Lafayette,Commercial Lending Specialization,06/30/2026
6100,Lineage Bank,1,197745,170578,RECAP FINANCIAL VENTURES LLC,6077358,321152,NM,TN,Franklin,Commercial Lending Specialization,06/30/2026
6101,Decatur County Bank,1,325642,295346,DECATUR BANCSHARES INC,2201883,66154,SM,TN,Decaturville,Commercial Lending Specialization,06/30/2026
6110,The Peoples Bank,1,113070,100725,1ST JACKSON BANCSHARES INC,2306993,591357,NM,TN,Sardis,Commercial Lending Specialization,06/30/2026
6123,Bank Of Clarke,1,1847024,1603086,EAGLE FINANCIAL SERVICES INC,1951770,753324,SM,VA,Berryville,Commercial Lending Specialization,06/30/2026
6137,Bank of Botetourt,1,939409,821468,,,759625,NM,VA,Buchanan,Commercial Lending Specialization,06/30/2026
6156,Farmers State Bank,1,47355,41359,,,694771,NM,WA,Winthrop,Other Specialized Under 1 Billion,06/30/2026
6158,Peoples Bank,1,2418341,2080686,PEOPLES BCORP,1030947,455972,NM,WA,Bellingham,Commercial Lending Specialization,06/30/2026
6176,"Pendleton Community Bank, Inc.",1,849733,718592,ALLEGHENY BANCSHARES INC,3137082,370020,NM,WV,Franklin,Commercial Lending Specialization,06/30/2026
6180,The Bank of Monroe,1,255364,224166,UNION BANKSHARES INC,2722892,849432,SM,WV,Union,All Other Under 1 Billion,06/30/2026
6186,Citizens State Bank of Loyal,1,311539,250330,CITIZENS BANCSHARES LOYAL INC,1136410,479446,NM,WI,Loyal,Agricultural Specialization,06/30/2026
6194,Citizens State Bank,1,488201,410521,CITIZENS BANCSHARES WOODVILLE,1129065,867856,NM,WI,Hudson,Commercial Lending Specialization,06/30/2026
6195,Sterling Bank,1,352373,314491,NORTHWEST WISCONSIN BCORP INC,2176105,628356,NM,WI,Barron,Commercial Lending Specialization,06/30/2026
6198,Highland State Bank,1,44854,38702,SOUTHWESTERN WI BANCSHARES INC,1881699,681249,NM,WI,Highland,Other Specialized Under 1 Billion,06/30/2026
6271,Community National Bank,1,1172186,983375,COMMUNITY BCORP,1115040,270504,N,VT,Derby,Commercial Lending Specialization,06/30/2026
6275,The National Bank of Middlebury,1,553549,500193,MIDDLEBURY NATIONAL CORP,1136214,173306,N,VT,Middlebury,Mortgage Lending Specialization,06/30/2026
6280,The First National Bank of Orwell,1,91503,80526,,,177500,N,VT,Orwell,Mortgage Lending Specialization,06/30/2026
6354,"First Hope Bank, A National Banking Association",1,656678,585627,FIRST HOPE BCORP,3609132,434203,N,NJ,Hope,Commercial Lending Specialization,06/30/2026
6384,"PNC Bank, National Association",1,609771726,457798362,PNC FINL SERVICES GROUP INC,1069778,817824,N,DE,Wilmington,Commercial Lending Specialization,06/30/2026
6423,Amboy Bank,1,3122546,2714006,AMBOY BCORP,2611718,9807,SM,NJ,Old Bridge,Commercial Lending Specialization,06/30/2026
6442,The First National Bank of Absecon,1,194992,175822,ABSECON BCORP,2579612,188917,N,NJ,Absecon,All Other Under 1 Billion,06/30/2026
6464,The First National Bank of Elmer,1,407773,365286,ELMER BCORP INC,2947985,609010,N,NJ,Elmer,Commercial Lending Specialization,06/30/2026
6528,The First National Bank of Bellevue,1,309703,276804,FIRST BANCSHARES INC,1071258,243414,N,OH,Bellevue,Commercial Lending Specialization,06/30/2026
6530,The First National Bank of Blanchester,1,77667,68864,FIRST BLANCHESTER BANCSHARES,1859193,735414,N,OH,Blanchester,Mortgage Lending Specialization,06/30/2026
6531,The Citizens National Bank of Bluffton,1,1103400,863611,CITIZENS BANCSHARES INC,3248821,738013,N,OH,Bluffton,Commercial Lending Specialization,06/30/2026
6540,The Farmers National Bank of Canfield,1,7159502,5868532,FARMERS NATIONAL BANC CORP,1071191,680813,N,OH,Canfield,Commercial Lending Specialization,06/30/2026
6544,Peoples Bank,1,9530050,7508044,PEOPLES BCORP INC,1070578,577128,SM,OH,Marietta,Commercial Lending Specialization,06/30/2026
6548,U.S. Bank National Association,1,705554946,541886374,U S BCORP,1119794,504713,N,OH,Cincinnati,All Other Over 1 Billion,06/30/2026
6560,The Huntington National Bank,1,283073605,227123103,HUNTINGTON BANCSHARES INC,1068191,12311,N,OH,Columbus,Commercial Lending Specialization,06/30/2026
6574,The First National Bank of Dennison,1,267384,247537,FNB INC,1417267,935719,N,OH,Dennison,All Other Under 1 Billion,06/30/2026
6584,"Community First Bank, National Association",1,56321,51080,COMMUNITY FIRST BANCSHARES INC,2293093,579319,N,OH,Forest,Agricultural Specialization,06/30/2026
6592,The First National Bank of Germantown,1,96173,85373,MAIN STREET CAPITAL CO,5896477,505916,N,OH,Germantown,Mortgage Lending Specialization,06/30/2026
6600,First Financial Bank,1,22351293,17801476,FIRST FINANCIAL BCORP,1071276,165628,SM,OH,Cincinnati,Commercial Lending Specialization,06/30/2026
6605,The Merchants National Bank,1,1266936,1107452,MERCHANTS BCORP INC,2485487,701222,N,OH,Hillsboro,Commercial Lending Specialization,06/30/2026
6616,Kingston National Bank,1,586277,536166,KINGSTON BANCSHARES INC,2246400,966722,N,OH,Kingston,Agricultural Specialization,06/30/2026
6623,LCNB National Bank,1,2219306,1819769,LCNB CORP,2759900,785923,N,OH,Lebanon,Commercial Lending Specialization,06/30/2026
6636,THE VINTON COUNTY NATIONAL BANK,1,1588792,1393896,COMMUNITY BANCSHARES INC,1070765,754826,N,OH,Mcarthur,All Other Over 1 Billion,06/30/2026
6637,The First National Bank of McConnelsville,1,200192,176851,FNB SHARES INC,1137891,44929,N,OH,Mcconnelsville,All Other Under 1 Billion,06/30/2026
6638,The Citizens National Bank of McConnelsville,1,102124,85212,CNB HOLDINGS INC,2951106,685023,N,OH,Mcconnelsville,Mortgage Lending Specialization,06/30/2026
6646,1st National Bank,1,247209,214254,,,480723,N,OH,Lebanon,All Other Under 1 Billion,06/30/2026
6653,The Park National Bank,1,12608562,10781002,PARK NATIONAL CORP,1142336,489623,N,OH,Newark,Commercial Lending Specialization,06/30/2026
6659,Peoples State Bank,1,286470,256791,PEOPLES NATL BANCSHARES INC,2438399,431323,NM,OH,New Lexington,Mortgage Lending Specialization,06/30/2026
6662,RiverHills Bank,1,340803,294380,NEW RICHMOND BCORP,1070541,371223,NM,OH,Milford,Commercial Lending Specialization,06/30/2026
6671,The First National Bank of Pandora,1,298951,275136,PANDORA BANCSHARES INC,1139149,571920,N,OH,Pandora,Commercial Lending Specialization,06/30/2026
6672,"Fifth Third Bank, National Association",1,299177000,240928000,FIFTH THIRD BCORP,1070345,723112,N,OH,Cincinnati,Commercial Lending Specialization,06/30/2026
6680,Home National Bank,1,94963,84003,RACINE HNB INC,5786475,79127,N,OH,Racine,All Other Under 1 Billion,06/30/2026
6700,Somerville Bank,1,290631,260656,SOMERVILLE BCORP,5169667,411624,NM,OH,Eaton,Commercial Lending Specialization,06/30/2026
6706,The First National Bank of Sycamore,1,239373,207356,FNB BANCSHARES INC,4226693,553926,N,OH,Sycamore,Commercial Lending Specialization,06/30/2026
6725,The First National Bank of Waverly,1,196208,172575,CENTRAL OHIO BCORP,3015612,263627,N,OH,Waverly,All Other Under 1 Billion,06/30/2026
6728,The National Bank of Adams County of West Union,1,114657,100848,,,290922,N,OH,West Union,All Other Under 1 Billion,06/30/2026
6732,The Citizens National Bank of Woodsfield,1,153930,141926,CNB BCORP INC,2376969,386825,N,OH,Woodsfield,All Other Under 1 Billion,06/30/2026
6760,"Citizens Bank of West Virginia, Inc.",1,772465,678672,CITIZENS FINANCIAL CORP,1142970,481627,NM,WV,Elkins,Commercial Lending Specialization,06/30/2026
6762,The Fayette County National Bank of Fayetteville,1,158070,134753,FCNB BCORP INC,2355759,488420,N,WV,Fayetteville,All Other Under 1 Billion,06/30/2026
6786,"Mountain Valley Bank, N.A.",1,201901,175080,MOUNTAIN-VALLEY BANCSHARES INC,1404641,1011432,N,WV,Elkins,Commercial Lending Specialization,06/30/2026
6787,The First National Bank of Peterstown,1,84854,73757,PETERSTOWN BCORP INC,2942805,719030,N,WV,Peterstown,All Other Under 1 Billion,06/30/2026
6794,"FNB Bank, Inc.",1,277900,247758,EASTERN BANCSHARES INC,1363784,969639,NM,WV,Romney,All Other Under 1 Billion,06/30/2026
6800,First Neighborhood Bank,1,160621,145281,WEST-CENTRAL BCORP INC,1076169,911339,NM,WV,Spencer,All Other Under 1 Billion,03/31/2026
6803,MCNB Bank and Trust Co.,1,356501,292238,MCNB BANKS INC,2913083,20633,NM,WV,Welch,Commercial Lending Specialization,06/30/2026
6805,The First National Bank of Williamson,1,120280,95884,,,917630,N,WV,Williamson,Commercial Lending Specialization,06/30/2026
6811,First National Bank,1,1139443,1041696,PINNACLE BANKSHARES CORP,2534406,979629,N,VA,Altavista,Commercial Lending Specialization,06/30/2026
6813,The Farmers Bank of Appomattox,1,374588,313563,,,188720,SM,VA,Appomattox,All Other Under 1 Billion,06/30/2026
6821,The National Bank of Blacksburg,1,1832140,1653196,NATIONAL BANKSHARES INC,1139925,754929,N,VA,Blacksburg,Commercial Lending Specialization,06/30/2026
6861,SKYLINE NATIONAL BANK,1,1331608,1180471,SKYLINE BANKSHARES INC,4949303,90328,N,VA,Independence,Commercial Lending Specialization,06/30/2026
6862,Chesapeake Bank,1,1724973,1487780,CHESAPEAKE FINL SHARES INC,1075881,214722,SM,VA,Kilmarnock,Commercial Lending Specialization,06/30/2026
6863,Powell Valley National Bank,1,516491,459962,POWELL VALLEY BANKSHARES INC,1249271,31826,N,VA,Jonesville,Commercial Lending Specialization,06/30/2026
6913,Pioneer Bank,1,371780,296199,PIONEER BANKSHARES INC,1076422,41629,SM,VA,Stanley,Commercial Lending Specialization,06/30/2026
6917,First Bank,1,2073688,1845115,FIRST NATIONAL CORP,1076123,899428,SM,VA,Strasburg,Commercial Lending Specialization,06/30/2026
6954,Cayuga Lake National Bank,1,273740,249068,CAYUGA LAKE BANK CORP,1249075,63201,N,NY,Union Springs,All Other Under 1 Billion,06/30/2026
6959,Ballston Spa National Bank,1,1369479,1203419,BALLSTON SPA BCORP INC,1048728,505,N,NY,Ballston Spa,Commercial Lending Specialization,06/30/2026
6976,Dime Commercial Bank,1,15033530,12739858,DIME COMMERCIAL BANCSHARES INC,1416523,23504,SM,NY,Hauppauge,Commercial Lending Specialization,06/30/2026
6985,The Canandaigua National Bank and Trust Company,1,5405882,4555620,CANANDAIGUA NATIONAL CORP,1133503,161602,N,NY,Canandaigua,Commercial Lending Specialization,06/30/2026
6989,"Community Bank, National Association",1,17447957,14871122,COMMUNITY FINANCIAL SYSTEM INC,1048867,202907,N,NY,Canton,Commercial Lending Specialization,06/30/2026
6990,The Putnam County National Bank of Carmel,1,182711,135233,,,287007,N,NY,Carmel,Commercial Lending Specialization,06/30/2026
7025,The Delaware National Bank of Delhi,1,384117,348590,DELHI BANK CORP,2263331,236603,N,NY,Delhi,Agricultural Specialization,06/30/2026
7031,The First National Bank of Dryden,1,203874,179553,,,241009,N,NY,Dryden,All Other Under 1 Billion,06/30/2026
7074,Arrow Bank National Association,1,4456940,3675780,ARROW FINANCIAL CORP,1048812,866000,N,NY,Glens Falls,Consumer Lending Specialization,06/30/2026
7085,The First National Bank of Groton,1,203883,175143,,,917500,N,NY,Groton,All Other Under 1 Billion,06/30/2026
7123,"Jeff Bank, National Association",1,686247,579196,JEFFERSONVILLE BCORP,1048504,306908,N,NY,Jeffersonville,Commercial Lending Specialization,06/30/2026
7151,The Lyons National Bank,1,2134066,1939421,LYONS BCORP INC,1246476,323204,N,NY,Lyons,Commercial Lending Specialization,06/30/2026
7213,"Citibank, National Association",1,1976180000,1547586000,CITIGROUP INC,1951350,476810,N,SD,Sioux Falls,International Specialization,06/30/2026
7230,"NBT Bank, National Association",1,16091731,13677927,NBT BCORP INC,1139279,702117,N,NY,Norwich,Commercial Lending Specialization,06/30/2026
7274,WSB Municipal Bank,1,152273,98451,,,858818,NM,NY,Watertown,Other Specialized Under 1 Billion,06/30/2026
7356,Champlain National Bank,1,497060,443870,CHAMPLAIN BANK CORP,1138955,126012,N,NY,Elizabethtown,Commercial Lending Specialization,06/30/2026
7404,First Keystone Community Bank,1,1572543,1185570,FIRST KEYSTONE CORP,1118265,790918,NM,PA,Berwick,Commercial Lending Specialization,06/30/2026
7468,First Commonwealth Bank,1,12175009,10334093,FIRST COMMONWEALTH FINL CORP,1071306,42420,NM,PA,Indiana,Commercial Lending Specialization,06/30/2026
7493,The Ephrata National Bank,1,2389971,2023520,HIBSHMAN TR EPHRATA NB STK,1116681,425911,N,PA,Ephrata,All Other Over 1 Billion,06/30/2026
7506,ACNB Bank,1,3303705,2554875,ACNB CORP,1117464,5210,NM,PA,Gettysburg,Commercial Lending Specialization,06/30/2026
7514,Peoples Security Bank and Trust Company,1,5432891,4509551,PEOPLES FINL SERVICES CORP,1139541,278818,NM,PA,Dunmore,Commercial Lending Specialization,06/30/2026
7526,The Honesdale National Bank,1,1168760,993302,HONAT BCORP INC,1144107,465618,N,PA,Honesdale,Commercial Lending Specialization,06/30/2026
7542,Ameriserv Financial Bank,1,1458453,1263920,AMERISERV FINANCIAL INC,1117316,928618,SM,PA,Johnstown,Commercial Lending Specialization,06/30/2026
7551,"Fulton Bank, National Association",1,32561169,27416299,FULTON FINANCIAL CORP,1117129,474919,N,PA,Lancaster,Commercial Lending Specialization,06/30/2026
7590,The National Bank of Malvern,1,224032,186700,MALVERN BANK CORP,2409755,977616,N,PA,Malvern,All Other Under 1 Billion,06/30/2026
7593,First Citizens Community Bank,1,3187334,2402305,CITIZENS FINL SERVICES INC,1118368,978118,SM,PA,Mansfield,Commercial Lending Specialization,06/30/2026
7599,Jim Thorpe Neighborhood Bank,1,265013,241874,JTNB BCORP INC,1406935,920210,SM,PA,Jim Thorpe,All Other Under 1 Billion,06/30/2026
7613,Pennian Bank,1,667947,578895,FIRST COMMUNITY FINANCIAL CORP,1132896,212018,NM,PA,Mifflintown,Commercial Lending Specialization,06/30/2026
7614,The Juniata Valley Bank,1,917861,805828,JUNIATA VALLEY FINANCIAL CORP,1117512,215710,NM,PA,Mifflintown,Commercial Lending Specialization,06/30/2026
7631,UNB Bank,1,167331,156363,UNB CORP,1249945,249416,NM,PA,Mount Carmel,Mortgage Lending Specialization,06/30/2026
7646,The Neffs National Bank,1,470812,371895,NEFFS BCORP INC,1140097,144913,N,PA,Neffs,All Other Under 1 Billion,06/30/2026
7658,First National Bank and Trust Company of Newtown,1,1166108,1017267,FNB BCORP INC,1117491,1007417,N,PA,Newtown,All Other Over 1 Billion,06/30/2026
7659,New Tripoli Bank,1,673984,600377,NEW TRIPOLI BCORP INC,1138106,331713,SM,PA,New Tripoli,Commercial Lending Specialization,06/30/2026
7675,First Northern Bank and Trust Company,1,921494,761912,PALM BCORP,1117213,186717,SM,PA,Palmerton,Commercial Lending Specialization,06/30/2026
7714,QNB Bank,1,2374999,2070023,QNB CORP,1118434,852713,NM,PA,Quakertown,Commercial Lending Specialization,06/30/2026
7759,Univest  Bank and Trust Co.,1,8168987,7038030,UNIVEST FINANCIAL CORP,1116609,354310,SM,PA,Souderton,Commercial Lending Specialization,06/30/2026
7789,The Turbotville National Bank,1,243487,202040,TURBOTVILLE NATIONAL BCORP INC,1142813,906410,N,PA,Turbotville,Agricultural Specialization,06/30/2026
7799,Citizens & Northern Bank,1,3143130,2610552,CITIZENS&NORTHERN CORP,1143623,895710,SM,PA,Wellsboro,Commercial Lending Specialization,06/30/2026
7848,Community Bank,1,1656420,1386264,CB FINANCIAL SERVICES INC,3333718,371924,NM,PA,Carmichaels,Commercial Lending Specialization,06/30/2026
7886,First United National Bank,1,385833,362579,FRYBURG BANKING CO INC,2687601,127224,N,PA,Fryburg,All Other Under 1 Billion,06/30/2026
7888,First National Bank of Pennsylvania,1,50801922,39069851,F N B CORP,3005332,379920,N,PA,Greenville,Commercial Lending Specialization,06/30/2026
7900,"NEXTIER BANK, NATIONAL ASSOCIATION",1,2928192,2542923,NEXTIER INC,2264404,18827,N,PA,Kittanning,Commercial Lending Specialization,06/30/2026
7909,Marion Center Bank,1,425181,385475,COMMUNITY BANKERS CORP,1138928,947525,NM,PA,Indiana,Commercial Lending Specialization,06/30/2026
7946,"BNY Mellon, National Association",1,30616000,26020000,BANK OF NY MELLON CORP THE,3587146,934329,N,PA,Pittsburgh,All Other Over 1 Billion,06/30/2026
8011,Savings Bank of Mendocino County,1,1284117,1037387,,,146663,NM,CA,Ukiah,Commercial Lending Specialization,06/30/2026
8018,Grove Bank & Trust,1,1414037,1206375,COCONUT GROVE BANKSHARES INC,2809560,648130,SM,FL,Miami,Commercial Lending Specialization,06/30/2026
8021,Crews Bank & Trust,1,2333967,2072772,CREWS BANKING CORP,1081239,200435,NM,FL,Wauchula,Commercial Lending Specialization,06/30/2026
8028,Mount Vernon Bank,1,217557,199699,HEART OF GA BANCSHARES INC,2349516,807432,NM,GA,Mount Vernon,Agricultural Specialization,06/30/2026
8033,Citizens Trust Bank,1,790287,678130,CITIZENS BANCSHARES CORP,1078958,680130,SM,GA,Atlanta,Commercial Lending Specialization,06/30/2026
8035,Bath State Bank,1,337560,283891,BATH ST BCORP EMPLOYEE STK OWNERSHIP PLAN WITH 401 K PROVISIONS,5473449,308340,NM,IN,Bath,Agricultural Specialization,06/30/2026
8056,Merchants Bank of Indiana,1,21170764,14341536,MERCHANTS BCORP,3530786,963945,NM,IN,Carmel,Commercial Lending Specialization,06/30/2026
8063,The North Salem State Bank,1,769633,687876,NORTH SALEM STATE BCORP THE,1136830,947749,NM,IN,North Salem,Commercial Lending Specialization,06/30/2026
8067,Community State Bank,1,161189,135066,,,322449,NM,IN,Brook,All Other Under 1 Billion,06/30/2026
8074,The Garrett State Bank,1,399658,339407,G S B FINANCIAL CORP,1210011,465243,SM,IN,Garrett,Mortgage Lending Specialization,06/30/2026
8083,Fairfax State Savings Bank,1,286953,229512,VANDERBILT HOLDING CO INC,2524537,682648,NM,IA,Fairfax,Commercial Lending Specialization,06/30/2026
8094,NSB Bank,1,460803,400638,NORTHWOOD FINL SERVICES CORP,1204841,253646,NM,IA,Mason City,Agricultural Specialization,06/30/2026
8101,Primebank,1,800575,692539,PRIMEBANK INC,2700500,671147,SM,IA,Le Mars,Agricultural Specialization,06/30/2026
8108,New Century Bank,1,88943,71556,REPUBLIC BCORP INC,3333790,392152,SM,KS,Belleville,Commercial Lending Specialization,06/30/2026
8110,Kendall Bank,1,211114,186861,NORTHEAST KS BANCSHARES INC,2562650,366854,NM,KS,Overland Park,Commercial Lending Specialization,06/30/2026
8117,Pbt Bancorp,1,473233,426706,HAZARD BCORP,1357082,814711,SM,KY,Hazard,Commercial Lending Specialization,06/30/2026
8118,Bank of Jamestown,1,263787,192218,JAMESTOWN BCORP INC,1399804,567240,NM,KY,Jamestown,Commercial Lending Specialization,06/30/2026
8120,"Magnolia Bank, Incorporated",1,546325,449530,MAGNOLIA BANCSHARES INC,1095843,261146,NM,KY,Elizabethtown,Commercial Lending Specialization,06/30/2026
8121,Security Bank and Trust Co.,1,71819,60311,SECURITY BCORP MAYSVILLE INC,2952484,835613,NM,KY,Maysville,Other Specialized Under 1 Billion,06/30/2026
8122,First & Peoples Bank and Trust Company,1,207102,190563,FIRST&PEOPLES BANCSHARES INC,1363935,391418,NM,KY,Russell,All Other Under 1 Billion,06/30/2026
8126,"Commonwealth Community Bank, Inc.",1,157743,134800,OHIO CNTY CMTY BANCSHARES INC,1951127,541642,NM,KY,Hartford,Other Specialized Under 1 Billion,06/30/2026
8136,Independence Bank of Kentucky,1,3826419,3017263,INDEPENDENCE BANCSHARES INC,1118854,648242,SM,KY,Owensboro,Commercial Lending Specialization,06/30/2026
8140,Colfax Banking Company,1,152316,138106,COMMUNITY BANCSHARES CO,2948254,178356,NM,LA,Colfax,All Other Under 1 Billion,06/30/2026
8141,Sabine State Bank and Trust Company,1,1349578,1229534,SABINE BANCSHARES INC,1108042,125855,NM,LA,Many,Commercial Lending Specialization,06/30/2026
8144,Bank of Gueydan,1,69220,53147,GUEYDAN BANCSHARES INC,1084801,603232,SM,LA,Gueydan,Agricultural Specialization,06/30/2026
8149,First American Bank and Trust,1,1381519,1209469,ONE AMERICAN CORP,1083729,101037,NM,LA,Vacherie,Commercial Lending Specialization,06/30/2026
8162,State Savings Bank,1,431164,391633,CENTRAL-STATE BCORP INC,1245666,22543,NM,MI,Frankfort,Commercial Lending Specialization,06/30/2026
8165,Honor  Bank,1,442745,384050,HONOR BCORP INC,1881680,815147,NM,MI,Honor,Commercial Lending Specialization,06/30/2026
8172,Lake-Osceola State Bank,1,469413,403382,LAKE FINANCIAL CORP,4764346,11145,NM,MI,Baldwin,All Other Under 1 Billion,06/30/2026
8183,Citizens State Bank,1,581012,530453,CITIZENS BANCSHARES INC,1129047,356752,SM,MI,Royal Oak,Commercial Lending Specialization,06/30/2026
8191,The First State Bank of Red Wing,1,86349,83085,NOBLE BANK HOLDING CO INC,1127548,818559,NM,MN,Red Wing,Other Specialized Under 1 Billion,06/30/2026
8197,Portage Bank,1,116191,93578,PORTAGE BANCSHARES INC,1127173,401951,NM,WA,Bellevue,Commercial Lending Specialization,06/30/2026
8200,Citizens Bank Minnesota,1,595964,498735,CITIZENS BCORP OF NEW ULM INC,1135114,874050,NM,MN,New Ulm,Agricultural Specialization,06/30/2026
8205,Americana Community Bank,1,179866,152741,MIDWEST BANCSHARES INC,1128705,201254,NM,MN,Sleepy Eye,Commercial Lending Specialization,06/30/2026
8207,Prairie Sun Bank,1,106997,92523,DAKOTA FINANCIAL INC,3615272,960551,NM,MN,Milan,Agricultural Specialization,06/30/2026
8210,Freeport State Bank,1,165459,147936,FREEPORT BANCSHARES INC,1125795,72454,NM,MN,Freeport,Agricultural Specialization,06/30/2026
8214,Farmers State Bank of Hamel,1,198344,185083,,,1006157,NM,MN,Hamel,Other Specialized Under 1 Billion,06/30/2026
8218,First State Bank of Swanville,1,23804,19196,SWANVILLE BANCSHARES INC,1124622,833851,NM,MN,Swanville,Commercial Lending Specialization,06/30/2026
8231,Copiah Bank,1,332227,288927,COPIAH BANCSHARES INC,3319972,398837,SM,MS,Hazlehurst,Commercial Lending Specialization,06/30/2026
8232,Bank of Holly Springs,1,587508,490764,HOLLY SPRINGS BANCSHARES INC,2590644,835743,NM,MS,Holly Springs,Commercial Lending Specialization,06/30/2026
8234,RiverHills Bank,1,445157,387577,RIVERHILLS CAPITAL CORP,1082786,573335,NM,MS,Vicksburg,Commercial Lending Specialization,06/30/2026
8235,Planters Bank & Trust Company,1,2711794,2279879,PLANTERS HOLDING CO,1096484,972648,NM,MS,Indianola,Commercial Lending Specialization,06/30/2026
8243,Bank of Anguilla,1,192247,158299,PYRAMID FINANCIAL CORP,3664216,31835,NM,MS,Anguilla,Agricultural Specialization,06/30/2026
8250,Bank of Wiggins,1,228078,204515,,,179335,NM,MS,Wiggins,All Other Under 1 Billion,06/30/2026
8251,Adrian Bank,1,195602,172702,ADRIAN BANCSHARES INC,1399505,94858,SM,MO,Adrian,Agricultural Specialization,06/30/2026
8252,Omb Bank,1,2358824,2066238,JAMESMARK BANCSHARES INC,2816803,2785646,SM,MO,Springfield,Commercial Lending Specialization,06/30/2026
8255,Montgomery Bank,1,1184557,1025868,MONTGOMERY BCORP INC,1119495,613558,SM,MO,Sikeston,Commercial Lending Specialization,06/30/2026
8268,"Farmers Bank of Lohman, Missouri",1,82942,70065,,,743950,NM,MO,Jefferson City,Other Specialized Under 1 Billion,06/30/2026
8273,"UMB Bank, National Association",1,71898588,60172026,UMB FINANCIAL CORP,1049828,936855,N,MO,Kansas City,Commercial Lending Specialization,06/30/2026
8274,Exchange Bank Co.,1,341506,306127,LINCOLN COUNTY BCORP INC,1097173,2747466,SM,MO,Kahoka,Agricultural Specialization,06/30/2026
8276,Alton Bank,1,145001,127852,,,881441,NM,MO,Alton,All Other Under 1 Billion,06/30/2026
8283,Lead Bank,1,2760473,2464789,LUNA PARENT INC,5749238,893855,NM,MO,Kansas City,All Other Over 1 Billion,06/30/2026
8295,O'Bannon Banking Company,1,332566,297011,BUFFALO BANCSHARES INC,1143968,955940,NM,MO,Buffalo,Commercial Lending Specialization,06/30/2026
8296,Century Bank of the Ozarks,1,305305,273101,CENTURY BANCSHARES INC,1095469,904359,SM,MO,Gainesville,Agricultural Specialization,06/30/2026
8317,First State Bank of Forsyth,1,165547,143354,FORSYTH BANCSHARES INC,1247017,597658,NM,MT,Forsyth,Agricultural Specialization,06/30/2026
8321,Stockmens Bank,1,650796,567435,FIRST BANCSHARES INC,2484417,982553,NM,CO,Colorado Springs,Agricultural Specialization,06/30/2026
8322,Nebraska State Bank and Trust Company,1,285754,233680,FIRST CENTRAL NEBRASKA CO,1051072,412153,NM,NE,Broken Bow,Agricultural Specialization,06/30/2026
8333,First Tri County Bank,1,78462,70698,SWANTON AGENCY INC,1054895,570651,NM,NE,Swanton,Agricultural Specialization,06/30/2026
8383,First State Bank of Harvey,1,94594,84552,FIRST HARVEY BCORP INC,1128666,997557,NM,ND,Harvey,Agricultural Specialization,06/30/2026
8386,KodaBank,1,559839,482979,KODA BANCOR INC,1126671,803957,NM,ND,Drayton,Agricultural Specialization,06/30/2026
8387,BankNorth,1,694056,549622,FIRST FINANCIAL CORP,1128040,721350,NM,ND,Arthur,Agricultural Specialization,06/30/2026
8390,Lincoln State Bank,1,125127,111938,LINCOLN HOLDING CO,1495788,667551,NM,ND,Hankinson,Agricultural Specialization,06/30/2026
8397,The Waterford Commercial and Savings Bank,1,60021,52128,2012 WATERFORD COML&SVG BK SHAREHOLDERS VOTING TR,4452401,324229,NM,OH,Waterford,All Other Under 1 Billion,06/30/2026
8403,The Ottoville Bank Company,1,93751,72936,,,443625,SM,OH,Ottoville,All Other Under 1 Billion,06/30/2026
8405,Farmers and Merchants Trust Company of Chambersburg,1,2336081,1925463,FRANKLIN FINL SERVICES CORP,1118238,289515,NM,PA,Chambersburg,Commercial Lending Specialization,06/30/2026
8426,1st Summit Bank,1,1520450,1177819,1ST SUMMIT BCORP JOHNSTOWN INC,1830240,526519,NM,PA,Johnstown,Commercial Lending Specialization,06/30/2026
8432,One Bank of Tennessee,1,1666983,1485935,B P C CORP,1081613,99536,NM,TN,Cookeville,Commercial Lending Specialization,06/30/2026
8439,Centennial Bank,1,1062127,940077,F&M BANCSHARES INC,1135806,531250,NM,TN,Trezevant,Commercial Lending Specialization,06/30/2026
8468,Exchange Bank,1,3185278,2750395,FRANK P DOYLE TRUST ARTICLE IX,1025998,507068,NM,CA,Santa Rosa,Commercial Lending Specialization,06/30/2026
8487,Central State Bank,1,175056,143233,CLAYTON BANCSHARES INC,1095861,152440,NM,IL,Clayton,Agricultural Specialization,06/30/2026
8491,Scott State Bank,1,203523,177975,SCOTT BANCSHARES INC,1206425,443634,NM,IL,Bethany,Commercial Lending Specialization,06/30/2026
8499,Union State Bank,1,168688,142521,GREENFIELD BCORP LTD,3640407,746942,NM,IA,Greenfield,Agricultural Specialization,06/30/2026
8503,The Farmers State Bank,1,77185,67164,WEST IOWA BANC CORP,1249187,944748,NM,IA,Marcus,Agricultural Specialization,06/30/2026
8506,New Albin Savings Bank,1,350557,296607,,,234841,NM,IA,New Albin,Agricultural Specialization,06/30/2026
8507,Sloan State Bank,1,78904,73770,SLOAN STATE CORP,1201439,481748,NM,IA,Sloan,Agricultural Specialization,06/30/2026
8510,Farmers Trust & Savings Bank,1,148127,134526,J CARL H BCORP,1135534,646042,NM,IA,Earling,Agricultural Specialization,06/30/2026
8511,Crawford County Trust and Savings Bank,1,294481,267235,VIKING CORP THE,1021570,810544,NM,IA,Denison,Agricultural Specialization,06/30/2026
8519,White State Bank,1,109022,96401,COUNTRY BCORP,1203910,359744,NM,IA,South English,Agricultural Specialization,06/30/2026
8522,First State Bank,1,125922,102783,READLYN BANCSHARES INC,1139327,795249,NM,IA,Britt,Agricultural Specialization,06/30/2026
8527,Concordia Bank & Trust Company,1,667023,585702,CONCORDIA CAPITAL CORP,2557414,819556,NM,LA,Vidalia,Commercial Lending Specialization,06/30/2026
8531,Bank of Coushatta,1,317082,244652,COUSHATTA BANCSHARES INC,1104530,926959,NM,LA,Coushatta,Commercial Lending Specialization,06/30/2026
8532,Bank of Erath,1,105328,90229,BANK OF ERATH HOLDING CO,4125152,399731,NM,LA,Erath,All Other Under 1 Billion,06/30/2026
8533,Tensas State Bank,1,185479,158480,TENSAS BANCSHARES INC,1109487,134455,NM,LA,Newellton,Agricultural Specialization,06/30/2026
8534,St. Landry Bank and Trust Company,1,294905,269666,ST LANDRY BANCSHARES INC,1417203,885430,NM,LA,Opelousas,Other Specialized Under 1 Billion,06/30/2026
8536,ProGrowth Bank,1,364790,327126,PROGRESSIVE GROWTH CORP,1126877,751254,NM,MN,Nicollet,Agricultural Specialization,06/30/2026
8537,BankCherokee,1,401945,333457,CHEROKEE BANCSHARES INC,1128228,748254,NM,MN,Saint Paul,Commercial Lending Specialization,06/30/2026
8541,State Bank of Fairmont,1,154221,139051,WEB INC,1126112,723158,NM,MN,Fairmont,Agricultural Specialization,06/30/2026
8544,United Community Bank,1,359301,326741,PERHAM STATE BANCSHARES INC,1126242,847157,NM,MN,Perham,Commercial Lending Specialization,06/30/2026
8546,Sentry Bank,1,415465,365032,SAINT JOSEPH BANCSHARES ACQUISITIONS,3348011,746157,NM,MN,Saint Joseph,Commercial Lending Specialization,06/30/2026
8552,Great Southern Bank,1,355145,311992,GREAT SOUTHERN CAPITAL CORP,1080568,101738,SM,MS,Meridian,All Other Under 1 Billion,06/30/2026
8560,Bank 21,1,202081,164689,KNOTT HOLDING CO INC,1060047,634544,NM,MO,Carrollton,Commercial Lending Specialization,06/30/2026
8564,The Bank of Grain Valley,1,110622,85310,GRAIN VALLEY BANCSHARES INC,2858942,956554,NM,MO,Grain Valley,Commercial Lending Specialization,06/30/2026
8569,Goppert Financial Bank,1,312041,269271,GOPPERT FINANCIAL CORP,1051380,815053,NM,MO,Lathrop,Agricultural Specialization,06/30/2026
8572,Citizens Bank of Rogersville,1,125187,106624,WILDCAT BANCSHARES INC,4504917,246451,NM,MO,Rogersville,Commercial Lending Specialization,06/30/2026
8576,The Maries County Bank,1,600499,518532,MARIES COUNTY BCORP INC,1099814,441359,NM,MO,Vienna,Agricultural Specialization,06/30/2026
8584,Bank of Iberia,1,73922,66351,MILCO BCORP INC,1118760,790150,SM,MO,Iberia,All Other Under 1 Billion,06/30/2026
8594,Montrose Savings Bank,1,63197,53674,MONTROSE SVG BANCSHARES INC,1062694,753052,NM,MO,Montrose,Agricultural Specialization,06/30/2026
8595,I3 Bank,1,225494,195758,BBIG HOLDINGS LLC,4459754,348159,SM,NE,Bennington,Commercial Lending Specialization,06/30/2026
8604,First State Bank,1,46759,39773,FIRSTAND CO,2684589,284958,NM,NE,Hordville,Agricultural Specialization,06/30/2026
8632,The Citizens State Bank at Mohall,1,80167,69852,JORGENSON HOLDING CO,1122057,688453,NM,ND,Mohall,Agricultural Specialization,06/30/2026
8637,Dakota Western Bank,1,416153,361567,DAKOTA WESTERN BANKSHARES INC,1124798,827458,SM,ND,Bowman,Agricultural Specialization,06/30/2026
8640,Farmers & Merchants Bank of North Dakota,1,119826,106938,TOLNA BCORP INC,1135039,954158,NM,ND,Tolna,Agricultural Specialization,06/30/2026
8647,Farmers State Bank,1,187526,163044,COMMUNITY IND BCORP INC,1883219,327220,NM,OH,West Salem,Commercial Lending Specialization,06/30/2026
8660,Commercial Bank & Trust Co.,1,1079676,971963,COMMERCIAL HOLDING CO,1099382,467658,NM,TN,Paris,Commercial Lending Specialization,06/30/2026
8661,Farmers Bank,1,94796,85762,TOWNSEND FINANCIAL CORP,1095807,524757,SM,TN,Parsons,Commercial Lending Specialization,06/30/2026
8663,FirstBank,1,16760169,14364240,FB FINANCIAL CORP,1132104,436159,SM,TN,Nashville,Commercial Lending Specialization,06/30/2026
8668,Farmers & Merchants Bank,1,1395901,1266894,F&M BANK CORP,1076495,713926,SM,VA,Timberville,Commercial Lending Specialization,06/30/2026
8672,The Blue Grass Valley Bank,1,59931,53555,,,755421,NM,VA,Blue Grass,All Other Under 1 Billion,06/30/2026
8681,Lamont Bank of St. John,1,51124,49730,,,519874,NM,WA,Saint John,Agricultural Specialization,06/30/2026
8693,Bluff View Bank,1,152804,118431,GALE BANK HOLDING CO INC,1127249,167453,NM,WI,Galesville,Commercial Lending Specialization,06/30/2026
8695,Bank of Lake Mills,1,533754,432278,,,477349,NM,WI,Lake Mills,Consumer Lending Specialization,06/30/2026
8698,The Port Washington State Bank,1,1009818,926853,PORT BANCSHARES INC,1208577,937740,NM,WI,Port Washington,Commercial Lending Specialization,06/30/2026
8700,Waldo State Bank,1,154207,127390,,,131940,NM,WI,Waldo,Commercial Lending Specialization,06/30/2026
8714,Unity Bank,1,574753,509585,KIMBERLY LEASING CORP,1122990,443353,NM,WI,Augusta,Agricultural Specialization,06/30/2026
8725,Cowboy State Bank,1,50259,44400,COWBOY STATE BCORP INC,2992426,544951,SM,WY,Ranchester,Commercial Lending Specialization,06/30/2026
8728,Arvest Bank,1,28053172,24598218,ARVEST BANK GROUP INC,1095674,311845,SM,AR,Fayetteville,Commercial Lending Specialization,06/30/2026
8730,Gateway Bank,1,180978,162589,SIGMA HOLDINGS INC,4512378,733540,SM,AR,Rison,Commercial Lending Specialization,06/30/2026
8735,Merchants and Farmers Bank,1,297564,255864,M&F FINANCIAL CORP,1099506,644842,SM,AR,Dumas,Commercial Lending Specialization,06/30/2026
8738,Citizens' Bank & Trust Co.,1,566429,503174,FIRST BANK CORP,1491360,192147,SM,AR,Van Buren,Commercial Lending Specialization,06/30/2026
8745,First State Bank of Middlebury,1,836222,651327,CRYSTAL VALLEY FINANCIAL CORP,1210244,967046,NM,IN,Middlebury,Commercial Lending Specialization,06/30/2026
8751,Iowa State Savings Bank,1,276508,246229,AMES NATIONAL CORP,1202258,869346,NM,IA,Creston,Agricultural Specialization,06/30/2026
8752,First Trust and Savings Bank,1,320623,271607,WHEATLAND BCORP,1206014,640442,NM,IA,Wheatland,Agricultural Specialization,06/30/2026
8760,Farmers State Bank,1,150493,130657,WHITTEMORE BANCSHARES INC,1245611,208440,NM,IA,Algona,Agricultural Specialization,06/30/2026
8761,Kerndt Brothers Savings Bank,1,347219,282840,KERNDT BANK SERVICES INC,1203590,665146,NM,IA,Lansing,Agricultural Specialization,06/30/2026
8762,The Sacramento Deposit Bank,1,149850,136909,SACRAMENTO BCORP,1133923,180144,NM,KY,Sacramento,Commercial Lending Specialization,06/30/2026
8772,Springfield State Bank,1,486925,388353,SPRINGFIELD BANKSHARES INC,1119365,197142,SM,KY,Springfield,All Other Under 1 Billion,06/30/2026
8774,The Cecilian Bank,1,1591839,1327291,PINE KNOB HOLDINGS LLC,5623570,982142,NM,KY,Cecilia,Commercial Lending Specialization,06/30/2026
8775,Bank of Columbia,1,231103,209217,COLUMBIA BANCSHARES INC,1132140,839246,NM,KY,Columbia,Agricultural Specialization,06/30/2026
8785,Peoples Exchange Bank,1,609826,522714,GENBEACH CO INC,1246944,129910,NM,KY,Winchester,Commercial Lending Specialization,06/30/2026
8798,Cottonport Bank,1,581618,500469,MANSURA BANCSHARES INC,1081097,473930,NM,LA,Cottonport,Commercial Lending Specialization,06/30/2026
8799,Jackson Parish Bank,1,67316,54366,JACKSON BCORP INC,1131705,122153,NM,LA,Jonesboro,All Other Under 1 Billion,06/30/2026
8811,Hebron Savings Bank,1,838796,722986,HSB BCORP INC,2876544,780722,NM,MD,Hebron,Commercial Lending Specialization,06/30/2026
8816,The Queenstown Bank of Maryland,1,729528,648815,QUEENSTOWN BCORP OF MD INC,2618614,429021,NM,MD,Queenstown,Commercial Lending Specialization,06/30/2026
8821,United Farmers State Bank,1,233757,181555,ADAMS BANCSHARES INC,1126738,328656,NM,MN,Adams,Agricultural Specialization,06/30/2026
8824,Eagle Bank,1,226900,193695,EAGLE INVESTMENT CO INC,2565950,1000959,NM,MN,Glenwood,Agricultural Specialization,06/30/2026
8833,Currie State Bank,1,99997,88274,CURRIE BCORP INC,1125151,343958,NM,MN,Currie,Agricultural Specialization,06/30/2026
8842,Grand Marais State Bank,1,207183,189592,CENTRAL TRUST CO,1020920,945950,SM,MN,Grand Marais,Commercial Lending Specialization,06/30/2026
8843,American Heritage National Bank,1,604661,523751,AMERICAN HERITAGE HOLDING CO,4520953,61757,N,MN,Long Prairie,Commercial Lending Specialization,06/30/2026
8845,Farmers and Merchants State Bank of Appleton,1,61973,53809,MPS INVESTMENT CO,1121984,269759,NM,MN,Appleton,Agricultural Specialization,06/30/2026
8850,North Shore Bank of Commerce,1,598527,516518,NORTH SHORE FINANCIAL CORP,1136540,126553,SM,MN,Duluth,Commercial Lending Specialization,06/30/2026
8851,Park State Bank,1,1492454,1205577,PARK FINANCIAL GROUP INC,4792022,286457,NM,MN,Duluth,Commercial Lending Specialization,06/30/2026
8853,Glenwood State Bank (Incorporated),1,545208,469449,,,975854,NM,MN,Glenwood,Commercial Lending Specialization,06/30/2026
8857,Grove Bank,1,56408,45437,GROVE BCORP INC,5381601,79257,NM,MN,Grove City,Commercial Lending Specialization,06/30/2026
8858,State Bank of Chandler,1,68745,60163,CHANDLER BANCSHARES INC,1843688,112556,NM,MN,Chandler,Agricultural Specialization,06/30/2026
8863,Woodland Bank,1,177492,151971,REMER BCORP INC,1126327,788652,NM,MN,Deer River,Commercial Lending Specialization,06/30/2026
8865,Heritage Bank Minnesota,1,120859,109779,WEST CONCORD BANCSHARES INC,1135619,777254,NM,MN,West Concord,Consumer Lending Specialization,06/30/2026
8866,"Merchants Bank, National Association",1,2881736,2498369,MERCHANTS FINANCIAL GROUP INC,1128769,779351,N,MN,Winona,Commercial Lending Specialization,06/30/2026
8867,Ultima Bank Minnesota,1,333896,277289,FINANCIAL SERVICES WINGER INC,1127276,225157,NM,MN,Winger,Agricultural Specialization,06/30/2026
8870,BankFirst Financial Services,1,3306390,2834739,BANKFIRST CAPITAL CORP,1247455,914648,SM,MS,Columbus,Commercial Lending Specialization,06/30/2026
8879,Community Bank of Mississippi,1,5089438,4621096,COMMUNITY BANCSHARES MS EMPLOYEE STK OWNERSHIP PLAN,2313544,460033,NM,MS,Flowood,Commercial Lending Specialization,06/30/2026
8889,Midwest Regional Bank,1,948967,840150,MIDWEST REGIONAL BCORP INC,3595020,691958,NM,MO,Clayton,Commercial Lending Specialization,06/30/2026
8892,SULLIVAN BANK,1,1396624,1225110,MID-MISSOURI HOLDING CO INC,2300768,436953,NM,MO,Sullivan,Commercial Lending Specialization,06/30/2026
8893,America's Community Bank,1,64088,49471,URICH BCORP INC,1064492,440857,NM,MO,Blue Springs,Commercial Lending Specialization,06/30/2026
8896,Jonesburg State Bank,1,145594,125425,MONTGOMERY BANCSHARES INC,1100251,733755,NM,MO,Jonesburg,Commercial Lending Specialization,06/30/2026
8898,St. Johns Bank and Trust Company,1,297131,260108,UNITY BANCSHARES L L C,2630746,173557,NM,MO,Saint Louis,Commercial Lending Specialization,06/30/2026
8903,Peoples Bank & Trust Co.,1,908283,799254,LINCOLN COUNTY BCORP INC,1097173,909055,SM,MO,Troy,Commercial Lending Specialization,06/30/2026
8904,The Nodaway Valley Bank,1,1616201,1397480,NODAWAY VALLEY BANCSHARES INC,1066414,770657,NM,MO,Maryville,Commercial Lending Specialization,06/30/2026
8941,Bank Forward,1,1130017,935356,BK FORWARD EMPLOYEE STK OWNERSHIP PLAN&TR,4932798,812557,NM,ND,Fargo,Agricultural Specialization,06/30/2026
8942,Stock Growers Bank,1,332875,299859,NAPOLEON BCORP INC,1127155,992851,NM,ND,Forman,Agricultural Specialization,06/30/2026
8943,Merchants Bank,1,254278,223367,MERCHANTS HOLDING CO,1142206,700458,NM,ND,Rugby,Agricultural Specialization,06/30/2026
8946,Kindred State Bank,1,43308,39386,,,816751,NM,ND,Kindred,Agricultural Specialization,06/30/2026
8975,Community Bank,1,119081,106929,SOONER SW BANKSHARES INC,2411619,938550,NM,OK,Bristow,Commercial Lending Specialization,06/30/2026
8980,Security State Bank of Oklahoma,1,388240,287457,SECURITY BANCSHARES CORP,4414838,52951,NM,OK,Wewoka,All Other Under 1 Billion,06/30/2026
9005,First State Bank of Roscoe,1,147482,125765,ROSCOE CMTY BANKSHARES INC,2619059,189950,NM,SD,Roscoe,Agricultural Specialization,06/30/2026
9007,Heartland State Bank,1,154029,135067,WESSINGTON BANKSHARES INC,1123018,135854,NM,SD,Redfield,Agricultural Specialization,06/30/2026
9023,Potomac Bank,1,980213,847909,POTOMAC BANCSHARES INC,2234920,1014125,NM,WV,Charles Town,Commercial Lending Specialization,06/30/2026
9024,"Calhoun County Bank, Inc.",1,211736,188263,CALHOUN BANKSHARES INC,1357046,498625,NM,WV,Grantsville,Mortgage Lending Specialization,06/30/2026
9030,The Harrison County Bank,1,164938,150398,HARRISON BANKSHARES INC,1249178,104234,NM,WV,Lost Creek,All Other Under 1 Billion,06/30/2026
9035,Headwaters State Bank,1,122481,102883,LAKE SHORE III CORP,4465559,224954,NM,WI,Land O' Lakes,Commercial Lending Specialization,06/30/2026
9036,Security State Bank,1,136214,105172,SECURITY BANK SHARES INC,1128497,43052,NM,WI,Iron River,Commercial Lending Specialization,06/30/2026
9037,Mound City Bank,1,550667,467980,MOUND CTY FINL SERVICES INC,2510428,259442,NM,WI,Platteville,Agricultural Specialization,06/30/2026
9047,Citizens State Bank,1,594400,537758,HERKY HAWK FINANCIAL CORP,1245741,795548,NM,IA,Monticello,Agricultural Specialization,06/30/2026
9057,Bank of Moundville,1,144592,127830,MOUNDVILLE BANCSHARES INC,2317690,586335,NM,AL,Moundville,All Other Under 1 Billion,06/30/2026
9064,Planters First Bank,1,485694,439830,PLANTERS FIRST BCORP,1081136,300933,NM,GA,Cordele,Commercial Lending Specialization,06/30/2026
9068,Bank of Dudley,1,537913,486805,HOGAN INVESTMENTS I INC,2631435,546535,NM,GA,Dudley,Commercial Lending Specialization,06/30/2026
9069,Farmers & Merchants Bank,1,289614,258564,PUTNAM-GREENE FINANCIAL CORP,1246252,64730,NM,GA,Eatonton,Commercial Lending Specialization,06/30/2026
9070,First Bank of Pike,1,87492,77829,,,760939,NM,GA,Zebulon,Commercial Lending Specialization,06/30/2026
9079,The Harvard State Bank,1,331467,294023,HARVARD BANCSHARES INC,1209604,800134,NM,IL,Harvard,Commercial Lending Specialization,06/30/2026
9080,Holcomb Bank,1,304847,239378,HOLCOMB BCORP INC,1245563,568135,NM,IL,Rochelle,Commercial Lending Specialization,06/30/2026
9087,1st Source Bank,1,9259143,7432748,1ST SOURCE CORP,1199602,991340,SM,IN,South Bend,Commercial Lending Specialization,06/30/2026
9096,Atkins Savings Bank & Trust,1,172196,146247,,,739346,NM,IA,Atkins,Agricultural Specialization,06/30/2026
9099,South Ottumwa Savings Bank,1,565445,473895,CORNERSTONE FINL SERVICES GROUP,1142372,75446,NM,IA,Ottumwa,All Other Under 1 Billion,06/30/2026
9100,Pilot Grove Savings Bank,1,1223296,1082370,PILOT GROVE SB EMPLOYEE STK OWNERSHIP PLAN,1881532,585749,NM,IA,Pilot Grove,Agricultural Specialization,06/30/2026
9105,West Iowa Bank,1,222085,182953,WEST BEND BCORP,1916760,137643,NM,IA,West Bend,Agricultural Specialization,06/30/2026
9106,Farmers State Bank,1,72649,64210,YALE BCORP,1491810,507349,NM,IA,Yale,Agricultural Specialization,06/30/2026
9120,Rolette State Bank,1,51500,45998,,,1012457,NM,ND,Rolette,Agricultural Specialization,06/30/2026
9121,State Bank of Bottineau,1,117217,98443,STATE BK BOTTINEAU HOLDING CO,1127436,1014554,NM,ND,Bottineau,Agricultural Specialization,06/30/2026
9123,Western State Bank,1,2485275,2109750,WESTERN ST AGENCY EMPLOYEE STK OWNERSHIP PLAN&TR,4247081,233554,NM,ND,Devils Lake,Commercial Lending Specialization,06/30/2026
9137,Osgood Bank,1,485771,437336,OSB BCORP INC,2582452,313223,NM,OH,Osgood,Commercial Lending Specialization,06/30/2026
9139,"The Commercial and Savings Bank of Millersburg, Ohio",1,1295187,1134721,CSB BCORP INC,1967865,189129,SM,OH,Millersburg,Commercial Lending Specialization,06/30/2026
9155,Countybank,1,732955,623090,TCB CORP,3147625,271529,NM,SC,Greenwood,Commercial Lending Specialization,06/30/2026
9168,Wayne County Bank,1,595120,507050,WAYNE COUNTY BANCSHARES INC,1084829,511832,SM,TN,Waynesboro,Commercial Lending Specialization,06/30/2026
9172,Security Bank and Trust Company,1,1698276,1434380,SECURITY BANCSHARES INC,5473421,118156,NM,TN,Paris,Commercial Lending Specialization,06/30/2026
9176,Apex Bank,1,1456375,1140333,APEX BCORP INC,5009389,51253,NM,TN,Camden,Mortgage Lending Specialization,06/30/2026
9179,Union Bank & Trust Company,1,98059,85000,OVERTON FINANCIAL SERVICES INC,2854092,80431,NM,TN,Livingston,Mortgage Lending Specialization,06/30/2026
9189,Brighton Bank,1,51038,45538,BRIGHTON BCORP INC,1140248,227656,NM,TN,Brighton,All Other Under 1 Billion,06/30/2026
9196,Home Banking Company,1,123957,111488,HOME BANCSHARES INC,2525048,138556,NM,TN,Selmer,All Other Under 1 Billion,06/30/2026
9204,Central Bank,1,2164532,1778121,CENTRAL BCORP,1025662,622774,NM,UT,Provo,Commercial Lending Specialization,06/30/2026
9244,Glennville Bank,1,444247,395490,GB BANK GROUP INC,3348897,439132,NM,GA,Glennville,All Other Under 1 Billion,06/30/2026
9245,"The Bank of LaFayette, Georgia",1,446778,396232,LAFAYETTE BANKSHARES INC,1085965,944739,NM,GA,La Fayette,Other Specialized Under 1 Billion,06/30/2026
9259,Farmers State Bank of Hoffman,1,232056,168167,FARMERS STATE BCORP INC,1491520,837541,NM,IL,Hoffman,Agricultural Specialization,06/30/2026
9263,Stillman BancCorp N.A.,1,645634,570878,STILLMAN BANCCORP INC,1210646,407645,N,IL,Stillman Valley,Commercial Lending Specialization,06/30/2026
9265,Rushville State Bank,1,134757,118909,RUSHVILLE BANCSHARES INC,1208652,49148,SM,IL,Rushville,Agricultural Specialization,06/30/2026
9273,Villa Grove State Bank,1,85865,74713,VILLA GROVE BANCSHARES INC,1203237,474245,NM,IL,Villa Grove,Commercial Lending Specialization,06/30/2026
9288,First Bank of Berne,1,1087178,973234,FIRST BERNE FINANCIAL CORP,1133008,312244,SM,IN,Berne,Agricultural Specialization,06/30/2026
9295,Farmers State Bank,1,36679,31481,JEMS INC,1201756,749840,SM,IA,Lake View,Other Specialized Under 1 Billion,06/30/2026
9298,Farmers & Merchants Savings Bank,1,616834,516045,DUNN INVESTMENT CO,2558484,863746,SM,IA,Manchester,Commercial Lending Specialization,06/30/2026
9299,Reliance State Bank,1,276805,234675,AMES NATIONAL CORP,1202258,466044,NM,IA,Story City,Agricultural Specialization,06/30/2026
9300,Readlyn Savings Bank,1,148288,111572,READLYN BANCSHARES INC,1139327,287342,NM,IA,Readlyn,Agricultural Specialization,06/30/2026
9306,The Citizens Bank,1,220385,193700,CITIZENS BCORP OF HICKMAN INC,1099270,617145,NM,KY,Hickman,Agricultural Specialization,06/30/2026
9309,United Southern Bank,1,353663,308335,TODD BANCSHARES INC,1140574,110945,SM,KY,Hopkinsville,Commercial Lending Specialization,06/30/2026
9310,Commercial Bank,1,216129,181386,COMMERCIAL BANCSHARES SVG&EMPLOYEE STK OWNERSHIP PLAN,2538860,358112,NM,KY,West Liberty,All Other Under 1 Billion,06/30/2026
9313,"PBK BANK, INC.",1,175556,150425,COMMUNITY BANCSHARES INC,1134283,148715,NM,KY,Stanford,All Other Under 1 Billion,06/30/2026
9315,Bank of Maysville,1,163993,133730,FIRST BANK OF KENTUCKY CORP,1071575,782016,NM,KY,Maysville,All Other Under 1 Billion,06/30/2026
9319,Merchants & Farmers Bank & Trust Company,1,541448,485992,MERCHANTS&FARMERS BANCSHARES,1084203,136338,NM,LA,Leesville,Commercial Lending Specialization,06/30/2026
9320,Marion State Bank,1,237366,207098,,,678454,NM,LA,Marion,Commercial Lending Specialization,06/30/2026
9323,Bank of Winnfield & Trust Company,1,155972,136920,BLACK CAT FINANCIAL CORP,3723953,625953,NM,LA,Winnfield,Other Specialized Under 1 Billion,06/30/2026
9325,Jonesboro State Bank,1,1298497,1207032,JONESBORO BANCSHARES INC,5211708,121651,NM,LA,Jonesboro,All Other Over 1 Billion,06/30/2026
9326,Washington State Bank,1,309213,273886,WASHINGTON ST BANCSHARES INC,1086627,311939,NM,LA,Washington,Commercial Lending Specialization,06/30/2026
9328,Peoples Bank,1,86110,72354,HOMELAND BANCSHARES INC,3816547,923257,NM,LA,Chatham,Commercial Lending Specialization,06/30/2026
9330,First State Bank of Le Center,1,110418,92303,FIRST ST AGENCY OF LE CTR INC,1127940,986159,NM,MN,Le Center,Agricultural Specialization,06/30/2026
9332,Bank of Maple Plain,1,85517,74697,MAPLE BANC SHARES INC,1123812,989851,NM,MN,Maple Plain,All Other Under 1 Billion,06/30/2026
9336,"Battle Bank, National Association",1,180793,112381,BATTLE FINANCIAL INC,6027755,208459,N,MN,Upsala,Other Specialized Under 1 Billion,06/30/2026
9340,"Farmers & Merchants State Bank of New York Mills, Incorporated",1,83459,72156,NEW YORK MILLS BANCSHARES INC,1124202,721752,NM,MN,New York Mills,All Other Under 1 Billion,06/30/2026
9351,State Bank of Lake Park,1,46999,42529,LAKE PARK BANCSHARES INC,1132793,912756,NM,MN,Lake Park,All Other Under 1 Billion,06/30/2026
9354,Farmers State Bank of Hoffman,1,36884,32699,HOFFMAN BANCSHARES INC,1125003,981453,NM,MN,Hoffman,Agricultural Specialization,06/30/2026
9356,The Commercial Bank,1,295482,266985,COMMERCIAL CAPITAL CORP,1086739,700430,NM,MS,De Kalb,Commercial Lending Specialization,06/30/2026
9359,Bank of Commerce,1,1134517,996173,COMMERCE BCORP INC,2770660,99442,NM,MS,Greenwood,Agricultural Specialization,06/30/2026
9366,Peoples Bank,1,503471,445004,PEOPLES BANCSHARES INC,4189314,70638,NM,MS,Mendenhall,Commercial Lending Specialization,06/30/2026
9369,The Bank of Advance,1,509944,438740,MILES BANCSHARES INC,2848073,879644,SM,MO,Advance,Agricultural Specialization,06/30/2026
9378,F & C Bank,1,481005,420698,F&C BCORP INC,2168931,14155,NM,MO,Holden,Agricultural Specialization,06/30/2026
9385,"Bank of Brookfield - Purdin, National Association",1,116748,103499,CAPITAL BANCSHARES INC,1022063,236256,N,MO,Brookfield,Agricultural Specialization,06/30/2026
9388,The Corner Stone Bank,1,211448,183387,,,312356,NM,MO,South West City,All Other Under 1 Billion,06/30/2026
9392,Bank of Grandin,1,240976,205133,,,1351,NM,MO,Grandin,Commercial Lending Specialization,06/30/2026
9396,Valley National Bank,1,66227555,54339086,VALLEY NATIONAL BCORP,1048773,229801,N,NJ,Passaic,Commercial Lending Specialization,06/30/2026
9406,Bank of Cattaraugus,1,30989,27447,,,92902,SM,NY,Cattaraugus,Commercial Lending Specialization,06/30/2026
9410,Tioga State Bank National Association,1,625189,538094,TSB SERVICES INC,1048858,910118,N,NY,Spencer,Commercial Lending Specialization,06/30/2026
9417,Grant County State Bank,1,46656,40066,GRANT COUNTY BCORP INC,1136371,983158,NM,ND,Carson,Agricultural Specialization,06/30/2026
9420,The Union Bank,1,312172,266171,UNION HOLDING CO,1126372,852254,NM,ND,Beulah,Agricultural Specialization,06/30/2026
9422,Citizens State Bank of Lankin,1,72112,61428,CITIZENS STATE BANCSHARES INC,2253060,940852,NM,ND,Lankin,Agricultural Specialization,06/30/2026
9423,Choice Financial Group,1,6383512,5127914,CHOICE FINANCIAL HOLDINGS INC,1125030,826956,NM,ND,Fargo,Commercial Lending Specialization,06/30/2026
9437,First State Bank,1,1240816,1097693,FIRST STATE BCORP INC,2376941,294023,NM,OH,Winchester,All Other Over 1 Billion,06/30/2026
9438,The Mt. Victory State Bank,1,23402,20991,VICTORY BANCSHARES INC,2266873,274025,NM,OH,Mount Victory,All Other Under 1 Billion,06/30/2026
9439,The Peoples Savings Bank,1,71855,63468,PSB HOLDINGS INC,3213892,287922,NM,OH,New Matamoras,All Other Under 1 Billion,06/30/2026
9450,First Bank of Ohio,1,278431,176186,TONTI FINANCIAL CORP,1069714,586027,NM,OH,Tiffin,Consumer Lending Specialization,06/30/2026
9457,The North Side Bank and Trust Company,1,1172039,989480,,,615217,SM,OH,Cincinnati,Commercial Lending Specialization,06/30/2026
9462,Farmers & Merchants Bank,1,359400,307326,F&M BCORP,1071155,176325,NM,OH,Miamisburg,Commercial Lending Specialization,06/30/2026
9463,Unified Bank,1,871724,702080,UNITED BCORP INC,1071502,584724,NM,OH,Martins Ferry,Commercial Lending Specialization,06/30/2026
9465,Wisdom Heritage Bank,1,601348,505805,GRACE INV CO INC ESOP THE,3822687,246956,SM,OK,Alva,Agricultural Specialization,06/30/2026
9467,VALOR BANK,1,302589,262070,FIRST OF GRANDFIELD CORP,1056723,129358,NM,OK,Edmond,Commercial Lending Specialization,06/30/2026
9472,"Welch State Bank of Welch, Okla.",1,449812,394590,WELCH BANCSHARES INC,1061660,416656,NM,OK,Welch,Agricultural Specialization,06/30/2026
9486,Clackamas County Bank,1,266417,230079,CCB FINANCIAL CORP,1246690,641579,NM,OR,Sandy,Commercial Lending Specialization,06/30/2026
9489,Peoples Bank,1,445335,376351,PB BANCSHARES EMP STK OWNERSHIP PLAN,4262525,148238,SM,TN,Clifton,Commercial Lending Specialization,06/30/2026
9499,Thread Bank,1,1110596,1000034,THREAD BCORP INC,1143203,841838,NM,TN,Rogersville,All Other Over 1 Billion,06/30/2026
9502,Movement Bank,1,165482,145559,,,722227,NM,VA,Danville,Commercial Lending Specialization,06/30/2026
9507,The Bank of Marion,1,634069,535922,SOUTHWEST VA BANKSHARES INC,1132391,858528,SM,VA,Marion,All Other Under 1 Billion,06/30/2026
9517,Cleveland State Bank,1,246464,209898,WISCUB INC,1202865,48440,NM,WI,Cleveland,Commercial Lending Specialization,06/30/2026
9523,Bristol Morgan Bank,1,191212,157110,OAKFIELD BCORP INC,2736899,807348,SM,WI,Oakfield,Commercial Lending Specialization,06/30/2026
9526,The Pineries Bank,1,149137,130501,PINERIES BANKSHARES INC,2514921,674344,NM,WI,Stevens Point,All Other Under 1 Billion,06/30/2026
9529,State Bank of Newburg,1,328079,260117,SBN COMMUNITY BCORP INC,3089314,228345,NM,WI,Newburg,Agricultural Specialization,06/30/2026
9536,Community State Bank,1,667468,621257,UNION BCORP INC,1202098,130345,NM,WI,Union Grove,Commercial Lending Specialization,06/30/2026
9614,Local Bank,1,111299,87456,LOCAL BCORP INC,5683604,470434,NM,AL,Tuscaloosa,Commercial Lending Specialization,06/30/2026
9615,Sweet Water State Bank,1,149999,134762,TOMBIGBEE BANCSHARES INC,3346745,253730,NM,AL,Sweet Water,Agricultural Specialization,06/30/2026
9620,First Bank,1,810512,727269,PIONEER BANKCORP INC,2061162,131436,NM,FL,Clewiston,Commercial Lending Specialization,06/30/2026
9622,Capital City Bank,1,4447362,3817144,CAPITAL CITY BANK GROUP INC,1085509,876634,SM,FL,Tallahassee,All Other Over 1 Billion,06/30/2026
9631,Alliance Community Bank,1,414471,368006,AC BCORP INC,1406971,924937,NM,IL,Petersburg,Agricultural Specialization,06/30/2026
9632,Fortress Bank,1,897175,686466,FIRST STATE BCORP INC,3735152,953535,NM,IL,Peoria,Commercial Lending Specialization,06/30/2026
9647,Citizens Bank,1,690633,622818,CITBA FINANCIAL CORP,1207208,44741,NM,IN,Mooresville,Commercial Lending Specialization,06/30/2026
9658,"The Citizens State Bank of Cheney, Kansas",1,96667,87793,CITIZENS STATE BANCSHARES INC,2146395,924254,NM,KS,Cheney,Commercial Lending Specialization,06/30/2026
9661,Bank of Holyrood,1,69766,58877,HOLYROOD BANCSHARES INC,1062788,871358,SM,KS,Holyrood,Agricultural Specialization,06/30/2026
9665,Kaw Valley Bank,1,339531,282983,R DEAN PHILLIPS BK TR DATED 11-19-2004,5558681,485456,NM,KS,Topeka,Commercial Lending Specialization,06/30/2026
9669,Fredonia Valley Bank,1,119766,105450,FREDONIA VALLEY BCORP INC,2509507,502447,NM,KY,Fredonia,All Other Under 1 Billion,06/30/2026
9672,Owingsville Banking Company,1,104061,92296,BATH COUNTY BANKING CO,1071735,492810,NM,KY,Owingsville,Agricultural Specialization,06/30/2026
9678,Edmonton State Bank,1,1152722,1000273,EDMONTON BANCSHARES INC,1098031,845247,NM,KY,Glasgow,Commercial Lending Specialization,06/30/2026
9712,Rockland Trust Company,1,24968842,20525735,INDEPENDENT BANK CORP,1136803,613008,NM,MA,Rockland,Commercial Lending Specialization,06/30/2026
9719,Oxford Bank,1,930519,782577,OXFORD BANK CORP,1249383,448040,SM,MI,Oxford,Commercial Lending Specialization,06/30/2026
9727,Concorde Bank,1,88254,79077,MATSON FINANCIAL INC,2623551,273653,NM,MN,Blomkest,Commercial Lending Specialization,06/30/2026
9728,First Security Bank,1,161749,121618,OLMSTED BCORP INC,1129001,109154,NM,MN,Byron,All Other Under 1 Billion,06/30/2026
9733,Vantage Bank,1,85029,75447,MINNDAK BANCSHARES INC,4203425,58355,NM,MN,Kent,Commercial Lending Specialization,06/30/2026
9735,State Bank of New Richland,1,124245,80979,NEW RICHLAND BANCSHARES INC,1487327,874452,NM,MN,New Richland,Agricultural Specialization,06/30/2026
9737,Midwest Bank,1,984523,788495,MIDWEST BANK GROUP INC,1125580,806958,NM,MN,Detroit Lakes,Commercial Lending Specialization,06/30/2026
9745,Home State Bank,1,218894,194312,KANDIYOHI BANCSHARES INC,1125553,983550,NM,MN,Litchfield,Commercial Lending Specialization,06/30/2026
9746,"Northwestern Bank, National Association",1,164733,143668,NORTHWESTERN BANCSHARES INC,1126466,207555,N,MN,Dilworth,Commercial Lending Specialization,06/30/2026
9747,Vergas State Bank,1,60674,51499,VERGAS BCORP INC,2206842,804150,NM,MN,Vergas,Commercial Lending Specialization,06/30/2026
9751,21st Century Bank,1,894830,658782,CROSSTOWN HOLDING CO,1126149,340256,NM,MN,Loretto,Commercial Lending Specialization,06/30/2026
9752,Marshall County State Bank,1,45406,38238,,,720157,NM,MN,Newfolden,Other Specialized Under 1 Billion,06/30/2026
9760,Community Bank Mankato,1,538319,473874,VERNON CENTER BANCSHARES INC,1127847,835257,NM,MN,Vernon Center,Commercial Lending Specialization,06/30/2026
9769,The First State Bank of Rosemount,1,146091,138445,HIGGINS BCORP INC,2380948,760957,NM,MN,Rosemount,All Other Under 1 Billion,06/30/2026
9770,First State Bank Southwest,1,409937,350776,FIRST STB SW KSOP PLAN&TR,2399678,823656,SM,MN,Pipestone,Agricultural Specialization,06/30/2026
9773,Security State Bank of Warroad,1,138350,119913,WARROAD BANCSHARES INC,1127986,868059,NM,MN,Warroad,Agricultural Specialization,06/30/2026
9775,Bank of Kilmichael,1,341645,311574,KILMICHAEL BCORP INC,3097850,780049,SM,MS,Kilmichael,Commercial Lending Specialization,06/30/2026
9777,Citizens Bank & Trust Co.,1,98552,83045,CB&T BANCSHARES INC,2605249,729945,NM,MS,Marks,Agricultural Specialization,06/30/2026
9788,Bloomsdale Bank,1,390185,356839,PEOPLES COMMUNITY BCORP INC,1416505,820842,NM,MO,Bloomsdale,Commercial Lending Specialization,06/30/2026
9791,Commercial Trust Company of Fayette,1,163792,145175,HARRIS TAUBMAN FINANCIAL CORP,2313049,709451,NM,MO,Fayette,All Other Under 1 Billion,06/30/2026
9803,Bank of Odessa,1,667099,567048,COUNTRY AGENCIES&INVESTMENTS,1053339,819453,NM,MO,Odessa,All Other Under 1 Billion,06/30/2026
9812,Adams State Bank,1,70161,54249,,,332756,NM,NE,Adams,Agricultural Specialization,06/30/2026
9818,Platte Valley Bank,1,107243,92880,PLATTE VALLEY BCORP INC,4045027,45056,NM,NE,North Bend,Agricultural Specialization,06/30/2026
9819,Nebraska State Bank,1,74131,60979,O&F CATTLE CO,1051399,911759,NM,NE,Oshkosh,Agricultural Specialization,06/30/2026
9822,State Bank of Table Rock,1,150405,118538,DUROC INVESTMENT CO,1053973,660253,NM,NE,Table Rock,Agricultural Specialization,06/30/2026
9831,Alden State Bank,1,463060,391269,,,414102,SM,NY,Alden,Commercial Lending Specialization,06/30/2026
9846,Truist Bank,1,548346000,419212000,TRUIST FINANCIAL CORP,1074156,852320,NM,NC,Charlotte,All Other Over 1 Billion,06/30/2026
9871,The St. Henry Bank,1,435566,384506,ST HENRY BCORP INC THE,4001144,568126,SM,OH,St. Henry,Agricultural Specialization,06/30/2026
9875,BANK360,1,61018,52716,ROCKY FINANCIAL CORP,1063833,464853,NM,OK,Cordell,Commercial Lending Specialization,06/30/2026
9879,First State Bank,1,61471,56790,NOBLE BANCSHARES INC,1050178,99853,NM,OK,Noble,Other Specialized Under 1 Billion,06/30/2026
9881,Security Bank and Trust Company,1,166936,145373,SSB HOLDINGS INC,2410603,19356,NM,OK,Miami,Commercial Lending Specialization,06/30/2026
9888,The Dime Bank,1,1194923,1012441,DIMECO INC,2065432,56717,NM,PA,Honesdale,Commercial Lending Specialization,06/30/2026
9889,Mid Penn Bank,1,7038845,5965397,MID PENN BCORP INC,1944204,786612,NM,PA,Millersburg,Commercial Lending Specialization,06/30/2026
9923,Anderson Brothers Bank,1,2380274,2133240,ANDERSON BANCSHARES INC,1138197,6329,NM,SC,Mullins,Commercial Lending Specialization,06/30/2026
9932,"Commercial State Bank, of Wagner",1,260430,218754,COMMERCIAL HOLDING CO,1127182,129853,NM,SD,Wagner,Agricultural Specialization,06/30/2026
9935,Rivers Edge Bank,1,357097,295873,FIRST STATE ASSOCIATES INC,2410582,474450,NM,SD,Marion,Agricultural Specialization,06/30/2026
9967,American State Bank,1,637822,535514,STEELE BANCSHARES INC,4136046,262358,SM,TX,Arp,Commercial Lending Specialization,06/30/2026
9978,First State Bank of Uvalde,1,1684362,1464169,BRISCOE RANCH INC,1102451,273662,NM,TX,Uvalde,Commercial Lending Specialization,06/30/2026
9986,Farmers & Merchants Bank of Craig County,1,92960,76769,,,804422,SM,VA,New Castle,All Other Under 1 Billion,06/30/2026
9997,Jefferson Security Bank,1,566071,522521,JSB FINANCIAL INC,5850143,786733,NM,WV,Shepherdstown,Commercial Lending Specialization,06/30/2026
9998,Capon Valley Bank,1,244166,218427,HIGHLANDS BANKSHARES INC,1131750,18836,NM,WV,Wardensville,Commercial Lending Specialization,06/30/2026
10004,Ergo Bank,1,276713,226157,FS BANCSHARES INC,1249691,599643,NM,WI,Markesan,Agricultural Specialization,06/30/2026
10011,Woodford State Bank,1,523354,406072,WOODFORD BANCSHARES INC,2961347,93244,NM,WI,Monroe,Commercial Lending Specialization,06/30/2026
10012,The Portage County Bank,1,210076,173531,PORTAGE COUNTY BANCSHARES INC,1141133,12647,NM,WI,Almond,Commercial Lending Specialization,06/30/2026
10015,Security Bank,1,253823,216355,SECURITY BANK SHARES INC,1128497,20053,NM,WI,New Auburn,Commercial Lending Specialization,06/30/2026
10044,National Exchange Bank and Trust,1,2890553,2257154,NEB CORP,1202052,722544,N,WI,Fond Du Lac,Commercial Lending Specialization,06/30/2026
10055,First Southern Bank,1,347211,312900,FSBH CORP,5685653,631039,NM,GA,Waycross,Commercial Lending Specialization,06/30/2026
10057,Bank of Hancock County,1,85210,71354,,,37,NM,GA,Sparta,Other Specialized Under 1 Billion,06/30/2026
10072,Planters and Citizens Bank,1,139170,117271,P&C BANK SHARES INC,1081529,132938,NM,GA,Camilla,Agricultural Specialization,06/30/2026
10074,Apex Banking Company of Georgia,1,72628,66499,,,102333,NM,GA,Cleveland,Commercial Lending Specialization,06/30/2026
10075,Peoples State Bank of Colfax,1,49505,43729,PEOPLES FINANCIAL CORP,2128896,33839,NM,IL,Colfax,Agricultural Specialization,06/30/2026
10077,Farmers State Bank of Emden,1,37772,26350,,,860231,NM,IL,Emden,Agricultural Specialization,06/30/2026
10101,The Napoleon State Bank,1,499218,440430,NAPOLEON BCORP,1210525,944047,NM,IN,Napoleon,Agricultural Specialization,06/30/2026
10111,Ohnward Bank & Trust,1,499085,417632,OHNWARD BANCSHARES INC,1200311,761543,NM,IA,Cascade,Agricultural Specialization,06/30/2026
10118,Leighton State Bank,1,298210,254413,LEIGHTON INVESTMENT CO,1137172,936640,NM,IA,Pella,Agricultural Specialization,06/30/2026
10120,American Trust and Savings Bank,1,27845,23190,LOWDEN BANCSHARES INC,1140846,675341,NM,IA,Lowden,Agricultural Specialization,06/30/2026
10121,Liberty Trust & Savings Bank,1,186216,149506,LIBERTY BCORP,1204784,644646,NM,IA,Durant,Agricultural Specialization,06/30/2026
10122,Farmers Savings Bank & Trust,1,212740,192205,TALEN INC,1202333,368344,NM,IA,Traer,Agricultural Specialization,06/30/2026
10125,Citizens Savings Bank,1,165860,151311,FIRST CMTY BANCSHARES CORP,1990096,758842,NM,IA,Anamosa,Agricultural Specialization,06/30/2026
10127,Success Bank,1,277125,236492,GARRETT BANCSHARES LTD,1205044,179148,NM,IA,Bloomfield,Agricultural Specialization,06/30/2026
10132,Exchange State Bank,1,145975,117488,MID AMERICA BANKS INC,1247905,805045,NM,IA,Ames,Agricultural Specialization,06/30/2026
10137,The Commercial Bank of Grayson,1,242022,215429,COMMERCIAL GRAYSON BANCSHARES,1071810,812614,NM,KY,Grayson,Commercial Lending Specialization,06/30/2026
10145,Hart County Bank and Trust Company,1,24146,16114,HART BANCSHARES INC,1118836,456344,NM,KY,Munfordville,Commercial Lending Specialization,06/30/2026
10157,The Shelby State Bank,1,396973,339485,SHELBY FINANCIAL CORP,1493001,961343,NM,MI,Shelby,Commercial Lending Specialization,06/30/2026
10159,First State Bank and Trust,1,499011,455450,UNIVERSAL FINL SERVICES INC,2387152,144856,NM,MN,Bayport,Commercial Lending Specialization,06/30/2026
10160,VersaBank USA National Association,1,911924,675827,GBH INC,5809673,1011656,N,MN,Holdingford,Commercial Lending Specialization,06/30/2026
10162,First State Bank Minnesota,1,105928,92489,FIRST LEROY BCORP INC,1128899,60554,NM,MN,Le Roy,Agricultural Specialization,06/30/2026
10163,Security State Bank of Marine,1,232507,206078,MARINE BANCSHARES INC,2734028,990053,NM,MN,Marine On St. Croix,Commercial Lending Specialization,06/30/2026
10165,Farmers and Merchants State Bank of Pierz,1,336232,308463,FARMERS&MERCHANTS AGENCY INC,1123791,728957,NM,MN,Pierz,Agricultural Specialization,06/30/2026
10167,Citizens State Bank of Roseau,1,290907,247968,ROSEAU REALTY CO INC,2613589,822051,NM,MN,Roseau,All Other Under 1 Billion,06/30/2026
10168,First Farmers & Merchants Bank,1,486424,436807,215 HOLDING CO,1247576,217059,NM,MN,Cannon Falls,Agricultural Specialization,06/30/2026
10169,Sherburne State Bank,1,351059,289542,SAINT JOSEPH BANCSHARES ACQUISITIONS,3348011,198251,NM,MN,Becker,Commercial Lending Specialization,06/30/2026
10174,Farmers State Bank of Underwood,1,113771,103864,UNDERWOOD BANCSHARES INC,1128385,865852,NM,MN,Underwood,Commercial Lending Specialization,06/30/2026
10175,Security State Bank of Hibbing,1,151939,129915,SECURITY FINL SERVICES INC,1128817,950356,NM,MN,Hibbing,Commercial Lending Specialization,06/30/2026
10178,Produce State Bank,1,107198,94646,,,24659,NM,MN,Hollandale,Agricultural Specialization,06/30/2026
10185,Elysian Bank,1,75976,66432,ELYSIAN INC,1128947,13251,NM,MN,Elysian,Commercial Lending Specialization,06/30/2026
10187,The Northern State Bank of Gonvick,1,50574,42292,,,75455,NM,MN,Gonvick,Agricultural Specialization,06/30/2026
10191,PrinsBank,1,308261,262854,PSB FINANCIAL SHARES INC,1495797,787459,NM,MN,Prinsburg,Commercial Lending Specialization,06/30/2026
10194,Pine River State Bank,1,185324,169789,NORBANC GROUP INC,1128424,729057,NM,MN,Pine River,All Other Under 1 Billion,06/30/2026
10197,Hometown Community Bank,1,105716,90803,CYRUS BANCSHARES INC,2752125,156457,NM,MN,Cyrus,Commercial Lending Specialization,06/30/2026
10200,State Bank of Jeffers,1,37083,31248,,,1014255,NM,MN,Jeffers,Agricultural Specialization,06/30/2026
10202,Lowry State Bank,1,84059,69561,FINANCIAL SERVICES LOWRY INC,1127016,457,NM,MN,Lowry,Commercial Lending Specialization,06/30/2026
10212,Commerce Bank,1,219988,156830,COMMERCE BANCSHARES INC,2452630,49054,NM,MN,Geneva,Commercial Lending Specialization,06/30/2026
10214,Vermillion State Bank,1,931375,806603,VERMILLION BANCSHARES INC,1128581,208057,NM,MN,Vermillion,All Other Under 1 Billion,06/30/2026
10218,Citizens Bank & Trust Co.,1,329024,297385,CITIZENS BANCSHARES HUTCHINSON,1121966,56258,NM,MN,Hutchinson,All Other Under 1 Billion,06/30/2026
10236,The Goose River Bank,1,173430,147296,GOOSE RIVER HOLDING CO,1123803,821157,NM,ND,Mayville,Agricultural Specialization,06/30/2026
10243,First State Bank of Golva,1,123534,110109,,,931159,NM,ND,Golva,Agricultural Specialization,06/30/2026
10248,First International Bank & Trust,1,6175429,5461696,WATFORD CITY BANCSHARES INC,1135048,236153,NM,ND,Watford City,Commercial Lending Specialization,06/30/2026
10250,Peoples State Bank of Velva,1,209958,184382,BEALL BANCSHARES INC,4412151,713252,NM,ND,Velva,Agricultural Specialization,06/30/2026
10253,First Security Bank - West,1,75179,66518,BEULAH BCORP INC,1919976,969059,NM,ND,Beulah,Other Specialized Under 1 Billion,06/30/2026
10255,The Old Fort Banking Company,1,843865,781790,OLD FT BK EMPLOYEE STK OWNERSHIP&401-K PLAN,4902465,564324,NM,OH,Old Fort,Commercial Lending Specialization,06/30/2026
10266,The Citizens Bank Company,1,334640,291041,MUSKINGUM VALLEY BANCSHARES,1071856,1010015,NM,OH,Beverly,Commercial Lending Specialization,06/30/2026
10280,The Farmers and Merchants Bank,1,136381,116464,FARMMERC INC,1249909,760210,NM,OH,Caldwell,All Other Under 1 Billion,06/30/2026
10307,Builtwell Bank,1,2284013,1993719,BUILTWELL BCORP INC,1081716,234739,NM,TN,Chattanooga,Commercial Lending Specialization,06/30/2026
10308,The Bank of Fayette County,1,1139937,987708,MOSCOW BANCSHARES INC,1099896,466754,SM,TN,Piperton,Commercial Lending Specialization,06/30/2026
10315,Bank of Halls,1,134554,123172,SECURITY BCORP OF TN INC,1135374,145059,SM,TN,Halls,Agricultural Specialization,06/30/2026
10317,Citizens Bank and Trust Company of Grainger County,1,273206,242384,CITIZENS OF GRAINGER CNTY CORP,1085992,715630,NM,TN,Rutledge,All Other Under 1 Billion,06/30/2026
10319,Citizens Savings Bank and Trust Company,1,188060,156454,CSB&T BCORP INC,3602227,55635,NM,TN,Nashville,Commercial Lending Specialization,06/30/2026
10327,Citizens State Bank of Luling,1,73820,55417,LULING BANCSHARES INC,6079419,954653,NM,TX,Luling,Commercial Lending Specialization,06/30/2026
10330,Commercial State Bank,1,126580,114289,PALMER BANCSHARES INC,2251132,1017564,NM,TX,Palmer,Other Specialized Under 1 Billion,06/30/2026
10344,Schertz Bank & Trust,1,770133,651422,SCHERTZ BANCSHARES CORP,1105443,583268,NM,TX,Schertz,Commercial Lending Specialization,06/30/2026
10345,Peoples State Bank,1,181200,149748,ODOM AMTEX HOLDINGS TRUST THE,5679326,586960,NM,TX,Shepherd,Commercial Lending Specialization,06/30/2026
10352,Crowell State Bank,1,57480,50972,CROWELL BANCSHARES INC,1894998,701857,SM,TX,Crowell,Agricultural Specialization,06/30/2026
10363,Citizens and Farmers Bank,1,2787917,2380827,C&F FINANCIAL CORP,2183493,928421,NM,VA,West Point,Commercial Lending Specialization,06/30/2026
10378,The Bank of New Glarus,1,823152,647440,BANCORP OF NEW GLARUS INC,2339544,797140,NM,WI,New Glarus,Commercial Lending Specialization,06/30/2026
10380,Oostburg State Bank,1,440178,388370,OOSTBURG BCORP INC,2128944,248745,NM,WI,Oostburg,Commercial Lending Specialization,06/30/2026
10382,Farmers & Merchants Bank & Trust,1,175072,149404,F&M BANKSHARES INC,1204300,672247,NM,WI,Marinette,Commercial Lending Specialization,06/30/2026
10383,State Bank Financial,1,512060,439014,FIRST BCORP INC,1842935,2631172,SM,WI,La Crosse,Commercial Lending Specialization,06/30/2026
10384,Waumandee State Bank,1,345491,301165,WAUMANDEE BANCSHARES LTD,2892067,780955,NM,WI,Waumandee,All Other Under 1 Billion,06/30/2026
10407,The Farmers State Bank of Brush,1,116597,93109,FIRST PIONEER BANK CORP,1062528,621151,NM,CO,Brush,Agricultural Specialization,06/30/2026
10434,State Bank of Graymont,1,312701,270844,GRAYMONT BCORP INC,1718209,937339,NM,IL,Graymont,Agricultural Specialization,06/30/2026
10437,First State Bank of Olmsted,1,78431,68409,FSBO HOLDINGS INC,2705091,413347,NM,IL,Olmsted,All Other Under 1 Billion,06/30/2026
10438,Raritan State Bank,1,253907,223647,RARITAN STATE BCORP INC,2267982,749943,NM,IL,Raritan,Agricultural Specialization,06/30/2026
10446,"Frederick Community Bank, The",1,196113,174900,AGRICULTURAL BANKING CORP,1247624,687830,NM,IL,Paxton,Agricultural Specialization,06/30/2026
10458,Farmers State Bank & Trust Co.,1,130200,117914,MOUNT STERLING BCORP INC,2735931,510947,NM,IL,Mount Sterling,Commercial Lending Specialization,06/30/2026
10460,Town & Country Bank Midwest,1,279253,237030,R DEAN PHILLIPS BK TR DATED 11-19-2004,5558681,349343,NM,IL,Quincy,Commercial Lending Specialization,06/30/2026
10464,Federated Bank,1,140099,119211,LONGVIEW CAPITAL CORP,1204618,640143,NM,IL,Onarga,Agricultural Specialization,06/30/2026
10469,Farmers & Merchants Bank of Hutsonville,1,51998,42135,HUTSONVILLE BANC CORP,1096390,724940,NM,IL,Hutsonville,All Other Under 1 Billion,06/30/2026
10471,Camp Grove State Bank,1,53079,37639,KATZ BCORP LLC,5454279,302133,SM,IL,Camp Grove,Mortgage Lending Specialization,06/30/2026
10473,Ipava State Bank,1,221909,194346,ISB BANCSHARES INC,2067771,760434,NM,IL,Lewistown,Agricultural Specialization,06/30/2026
10474,Citizens State Bank,1,453297,407476,FIRST LENA CORP,1208148,356239,NM,IL,Lena,Agricultural Specialization,06/30/2026
10492,Farmers and Merchants Savings Bank,1,122497,102707,COUNTRY BCORP,1203910,673244,NM,IA,Iowa City,Commercial Lending Specialization,06/30/2026
10494,Mount Vernon Bank and Trust Company,1,195476,165669,MOUNT VERNON BCORP,1140912,890649,NM,IA,Mount Vernon,All Other Under 1 Billion,06/30/2026
10497,Iowa State Bank,1,213339,187476,SAC CITY LTD,1203488,298049,NM,IA,Sac City,Agricultural Specialization,06/30/2026
10500,Farmers Savings Bank,1,130508,111012,FSB BCORP,1889846,380346,NM,IA,Wever,Agricultural Specialization,06/30/2026
10503,The First State Bank,1,84258,74076,BEUTLER INC,1059591,275657,SM,KS,Ness City,Agricultural Specialization,06/30/2026
10505,The Kansas State Bank,1,208382,187938,,,287959,NM,KS,Ottawa,Other Specialized Under 1 Billion,06/30/2026
10520,The Citizens Bank,1,228592,181886,CITIZENS BCORP MOREHEAD INC,1071865,962313,NM,KY,Morehead,All Other Under 1 Billion,06/30/2026
10523,Bank of Commerce & Trust Co.,1,377875,331998,,,476539,NM,LA,Crowley,Agricultural Specialization,06/30/2026
10528,"Exchange Bank and Trust Company, Natchitoches, Louisiana",1,212526,191275,EXCHANGE BANCSHARES INC,1106525,985451,NM,LA,Natchitoches,Mortgage Lending Specialization,06/30/2026
10531,Citizens Progressive Bank,1,243271,209776,CALDWELL HOLDING CO,1108985,732253,NM,LA,Winnsboro,Agricultural Specialization,06/30/2026
10532,CLB The Community Bank,1,350865,313125,CATAHOULA HOLDING CO,1109722,930853,NM,LA,Jonesville,Commercial Lending Specialization,06/30/2026
10533,Winnsboro State Bank & Trust Company,1,425687,374806,WINNSBORO BANCSHARES INC,1107081,628552,NM,LA,Winnsboro,Agricultural Specialization,06/30/2026
10561,Arcadian Bank,1,242149,206077,MINNESOTA CMTY BANCSHARES INC,4523440,1007752,NM,MN,Hartland,Agricultural Specialization,06/30/2026
10567,United Minnesota Bank,1,56917,52497,CARLSON BANKSHARES INC,1128451,842853,NM,MN,New London,Consumer Lending Specialization,06/30/2026
10571,Farmers and Merchants State Bank of Alpha,1,47394,41169,,,388753,NM,MN,Alpha,Agricultural Specialization,06/30/2026
10576,First Southeast Bank,1,158286,116043,FIRST SOUTHEASTERN BANC GROUP,1137510,22552,NM,MN,Harmony,Agricultural Specialization,06/30/2026
10594,Bank of Franklin,1,302334,267796,FRANKLIN BANCSHARES INC,3674215,68831,NM,MS,Meadville,Commercial Lending Specialization,06/30/2026
10595,Community First Bank,1,258868,234647,COMMUNITY FIRST BANCSHARES INC,2587411,756848,NM,MO,Butler,Agricultural Specialization,06/30/2026
10597,TBO Bank,1,224834,195761,NORTHEAST KS BANCSHARES INC,2562650,1003950,NM,MO,Orrick,Commercial Lending Specialization,06/30/2026
10608,UNICO Bank,1,502638,456613,WASHCO BANCSHARES INC,1119525,975153,NM,MO,Mineral Point,Commercial Lending Specialization,06/30/2026
10618,BTC Bank,1,1912499,1447472,BETHANY BANKSHARES INC,1905009,1009242,NM,MO,Bethany,Agricultural Specialization,06/30/2026
10619,Hawthorn Bank,1,1759840,1520928,HAWTHORN BANCSHARES INC,2038409,508346,NM,MO,Jefferson City,Commercial Lending Specialization,06/30/2026
10623,State Bank of Missouri,1,134274,122109,C S BANCSHARES INC,1138786,565844,NM,MO,Concordia,All Other Under 1 Billion,06/30/2026
10628,Preferred Bank,1,134473,126220,BOR BCORP,3468209,252452,NM,MO,Rothville,Agricultural Specialization,06/30/2026
10634,Pinnacle Bank,1,9177122,8130562,PINNACLE BCORP INC,1053272,913856,NM,NE,Lincoln,Commercial Lending Specialization,06/30/2026
10635,The Bank of Steinauer,1,19046,16492,STEINAUER BCORP,2847665,384353,NM,NE,Steinauer,Agricultural Specialization,06/30/2026
10637,First Central Bank,1,137788,117715,CENTRAL BANCSHARES INC,1050495,134156,NM,NE,Cambridge,Agricultural Specialization,06/30/2026
10639,Flatwater Bank,1,367668,320816,WILLIAMS FINANCIAL CORP,1053311,493152,NM,NE,Gothenburg,Agricultural Specialization,06/30/2026
10641,Riverstone Bank,1,593442,506009,TRI VALLEY BANCSHARES INC,3952940,388557,NM,NE,Eagle,Commercial Lending Specialization,06/30/2026
10643,Dundee Bank,1,975648,846893,DUNDEE BANCO INC,2332620,397559,NM,NE,Omaha,Commercial Lending Specialization,06/30/2026
10647,American Exchange Bank,1,69664,61806,AMERICAN EXCHANGE CO,1061950,1014451,SM,NE,Elmwood,Agricultural Specialization,06/30/2026
10663,The Andover Bank,1,595104,553145,ANDOVER BCORP INC,1071913,27614,SM,OH,Andover,Mortgage Lending Specialization,06/30/2026
10667,Mabrey Bank,1,2021750,1645403,MABREY BCORP INC,2052777,139553,SM,OK,Bixby,Commercial Lending Specialization,06/30/2026
10672,The Exchange Bank,1,158375,142322,SKIATOOK BANCSHARES INC,1133129,316859,NM,OK,Skiatook,Other Specialized Under 1 Billion,06/30/2026
10674,Bank of Hydro,1,180831,156908,HYDRO BANCSHARES INC,1057168,291059,NM,OK,Hydro,Commercial Lending Specialization,06/30/2026
10677,"Jonestown Bank and Trust Company, of Jonestown, Pennsylvania",1,1005140,834823,JBT BCORP INC,5557983,653611,NM,PA,Jonestown,Commercial Lending Specialization,06/30/2026
10685,Central Penn Bank & Trust,1,1266788,1121073,STEELE BCORP INC,1137042,779016,NM,PA,Mifflinburg,Commercial Lending Specialization,06/30/2026
10704,Avana Bank,1,39554,30590,ABILENE HOLDCO INC,5530605,498456,SM,TX,Abilene,Commercial Lending Specialization,06/30/2026
10709,Crossroads Bank,1,380663,345437,FIRST ST BANCSHARES YOAKUM INC,1107812,564463,NM,TX,Yoakum,Commercial Lending Specialization,06/30/2026
10719,Peoples State Bank of Hallettsville,1,395637,359078,BOZKA INVESTMENTS LTD,3584293,530851,NM,TX,Hallettsville,Agricultural Specialization,06/30/2026
10741,Independence State Bank,1,84207,72247,NORTHERN FINANCIAL CORP,1121724,396057,NM,WI,Independence,Agricultural Specialization,06/30/2026
10788,Illini State Bank,1,171877,124486,ISB BCORP INC,4361361,180845,SM,IL,Oglesby,Agricultural Specialization,06/30/2026
10791,Community Bank,1,310791,210673,STATELINE CMTY BANCSHARES INC,1975468,430344,NM,IL,Winslow,Agricultural Specialization,06/30/2026
10799,First State Bank of Campbell Hill,1,160068,136812,CAMPBELL HILL BANCSHARES INC,1427387,698546,NM,IL,Campbell Hill,All Other Under 1 Billion,06/30/2026
10803,Dewey Bank,1,30303,25262,ARTHUR R MURRAY INC,1201390,846132,NM,IL,Dewey,Agricultural Specialization,06/30/2026
10804,Du Quoin State Bank,1,148246,136321,PERRY COUNTY BCORP INC,1099748,823142,SM,IL,Du Quoin,Other Specialized Under 1 Billion,06/30/2026
10809,First State Bank of Van Orin,1,40045,35381,VAN ORIN BCORP INC,2795140,472148,NM,IL,Van Orin,Agricultural Specialization,06/30/2026
10816,Grand Rivers Community Bank,1,15101,13469,MAIN STREET BANCSHARES INC,4625595,226949,NM,IL,Grand Chain,Commercial Lending Specialization,06/30/2026
10820,State Bank of Industry,1,64345,55575,,,944935,NM,IL,Industry,Agricultural Specialization,06/30/2026
10821,Clay County State Bank,1,104300,91702,CLAY CNTY STATE BANCSHARES INC,3390159,498942,NM,IL,Louisville,Agricultural Specialization,06/30/2026
10829,"Petefish, Skiles & Co.",1,501622,439757,PETEFISH SKILES BANCSHARES INC,2728652,602543,NM,IL,Virginia,Agricultural Specialization,06/30/2026
10831,"The First Trust and Savings Bank of Watseka, Illinois",1,337128,285868,FIRST TRUST HOLDINGS INC THE,2251776,193649,SM,IL,Watseka,Agricultural Specialization,06/30/2026
10840,Campus State Bank,1,26224,22980,,,424437,NM,IL,Campus,Agricultural Specialization,06/30/2026
10843,Citizens Bank of Chatsworth,1,36211,31800,CBC FINANCIAL INC,5164626,441135,NM,IL,Chatsworth,Commercial Lending Specialization,06/30/2026
10844,Buena Vista National Bank,1,344036,294206,BUENA VISTA BCORP INC,1399578,621441,N,IL,Chester,Commercial Lending Specialization,06/30/2026
10845,The Clay City Banking Co.,1,253333,227793,CLAY CITY BANK SHARES INC,2576415,623548,NM,IL,Clay City,All Other Under 1 Billion,06/30/2026
10849,Tompkins State Bank,1,303479,274253,TOMPKINS BCORP INC,1491388,609832,NM,IL,Avon,Agricultural Specialization,06/30/2026
10853,West Central Bank,1,232236,207120,WEST CENTRAL BANCSHARES INC,1129944,920733,NM,IL,Ashland,All Other Under 1 Billion,06/30/2026
10855,State Bank of Bement,1,185573,165916,BEMENT BANCSHARES INC,1205923,439730,NM,IL,Bement,Agricultural Specialization,06/30/2026
10858,Anderson State Bank,1,108907,90314,ANDERSON BCORP INC,1210114,916343,NM,IL,Oneida,Agricultural Specialization,06/30/2026
10860,Murphy-Wall State Bank and Trust Company,1,206121,183789,MURPHY-WALL BCORP INC,2232748,478140,NM,IL,Pinckneyville,Commercial Lending Specialization,06/30/2026
10871,First State Bank of Beecher City,1,112170,93684,TRI-COUNTY BANCSHARES INC,3122837,601041,NM,IL,Beecher City,Commercial Lending Specialization,06/30/2026
10872,Chesterfield State Bank,1,21654,19835,,,767246,NM,IL,Chesterfield,Agricultural Specialization,06/30/2026
10878,Waterman Bank,1,173623,144343,WATERMAN ACQUISITION GROUP LLC,5341249,604640,NM,IL,Waterman,Commercial Lending Specialization,06/30/2026
10883,Eagle Valley Bank,1,229624,202968,GRIGGSVILLE BANCSHARES INC,2156835,695947,NM,IL,Griggsville,Agricultural Specialization,06/30/2026
10886,Legence Bank,1,642942,573594,FIRST ELDORADO BANCSHARES INC,1491481,635840,NM,IL,Eldorado,Agricultural Specialization,06/30/2026
10903,Central State Bank,1,557818,465927,STATE CENTER FINANCIAL INC,1203769,607146,NM,IA,State Center,Commercial Lending Specialization,06/30/2026
10906,The Baldwin State Bank,1,115530,102630,BALDWIN BANCSHARES INC,6087058,997155,NM,KS,Baldwin City,All Other Under 1 Billion,06/30/2026
10907,Guaranty State Bank and Trust Company,1,381435,324643,GUARANTY INC,1064009,1009756,NM,KS,Beloit,Agricultural Specialization,06/30/2026
10918,Grant County Bank,1,298344,251658,RESOURCE ONE INC,2012566,207452,NM,KS,Ulysses,All Other Under 1 Billion,06/30/2026
10919,The State Bank of Bern,1,128197,106655,BERN BANCSHARES INC,1065190,1013650,NM,KS,Bern,Agricultural Specialization,06/30/2026
10920,The Fidelity State Bank and Trust Company,1,194786,147155,FIDELITY BANC DODGE CTY KS,1060234,638850,SM,KS,Dodge City,Agricultural Specialization,06/30/2026
10928,The Miners State Bank,1,134797,117572,MSB BANKSHARES INC,2962344,255350,NM,MI,Iron River,Commercial Lending Specialization,06/30/2026
10956,Northview Bank,1,469656,392512,FINLAYSON BANCSHARES INC,1126037,16551,NM,MN,Sandstone,Commercial Lending Specialization,06/30/2026
10958,United Prairie Bank,1,939274,788398,FARMERS STATE CORP,1123885,712059,NM,MN,Mountain Lake,Agricultural Specialization,06/30/2026
10960,Janesville State Bank,1,98822,84091,JANESVILLE HOLDING CO,1124284,88259,NM,MN,Janesville,Agricultural Specialization,06/30/2026
10962,Grand Rapids State Bank,1,261065,234060,WILCOX BANCSHARES INC,1125245,1003558,SM,MN,Grand Rapids,Commercial Lending Specialization,06/30/2026
10965,Lake Region Bank,1,152994,139061,KANDI BANCSHARES INC,1125647,164153,NM,MN,New London,Commercial Lending Specialization,06/30/2026
10967,"F & M Community Bank, National Association",1,211091,184449,F&M FINANCIAL SERVICES INC,1122178,171759,N,MN,Preston,Agricultural Specialization,06/30/2026
10969,Randall State Bank,1,76376,63249,SECURITY ST AGENCY AITKIN INC,1125441,172251,NM,MN,Randall,Commercial Lending Specialization,06/30/2026
10971,Prime Security Bank,1,154468,131325,NORTH STATE BANCSHARES INC,2130303,909756,NM,MN,Karlstad,Commercial Lending Specialization,06/30/2026
10973,Alliance Bank,1,755850,657888,ALLIANCE FINL SERVICES INC,1127146,166652,NM,MN,Lake City,Commercial Lending Specialization,06/30/2026
10976,Center National Bank,1,242596,215511,CNB FINANCIAL CORP,1246494,1017957,N,MN,Litchfield,Commercial Lending Specialization,06/30/2026
10980,ESB Bank,1,208865,179119,EITZEN INDEPENDENTS INC,1127687,40855,NM,MN,Caledonia,Agricultural Specialization,06/30/2026
10982,Security State Bank of Oklee,1,48774,40917,,,814355,NM,MN,Oklee,Agricultural Specialization,06/30/2026
10984,Security Bank Minnesota,1,145059,125049,LAKE BK SHARES EMPLOYEE STK OWNERSHIP PLAN,2728438,295057,NM,MN,Albert Lea,Commercial Lending Specialization,06/30/2026
10988,Stearns Bank National Association,1,3274377,2385542,STEARNS FINL SERVICES EMPLOYEE STK OWNERSHIP PLAN,2295837,141556,N,MN,Saint Cloud,Commercial Lending Specialization,06/30/2026
10989,Lake Central Bank,1,291311,257347,LAKE CENTRAL FINANCIAL INC,4035943,269058,NM,MN,Annandale,Commercial Lending Specialization,06/30/2026
10991,First State Bank of Bigfork,1,117390,101281,BIGFORK BANCSHARES INC,1990087,364850,NM,MN,Bigfork,All Other Under 1 Billion,06/30/2026
10993,Bonanza Valley State Bank,1,74766,59494,,,107758,NM,MN,Brooten,Agricultural Specialization,06/30/2026
10998,FM Bank,1,738443,636135,INDEPENDENT BANCSHARES INC,2466235,20857,NM,MN,Waseca,Agricultural Specialization,06/30/2026
11002,St. Clair County State Bank,1,231753,195689,MARGARET PARKER PLATTER CHARITABLE TR,5013694,692450,NM,MO,Osceola,Agricultural Specialization,06/30/2026
11003,Grand Missouri Bank,1,151057,126955,STARK BANCSHARES INC,5210372,365950,NM,MO,Bolivar,Commercial Lending Specialization,06/30/2026
11013,The First State Bank of Shelby,1,175638,148476,PRAIRIE BANCSHARES CORP,1126493,686758,NM,MT,Shelby,Agricultural Specialization,06/30/2026
11035,Peapack Private Bank & Trust,1,7963962,7063985,PEAPACK-GLADSTONE FINL CORP,2651590,236706,SM,NJ,Bedminster,Commercial Lending Specialization,06/30/2026
11063,First-Citizens Bank & Trust Company,1,236317000,173952000,FIRST CITIZENS BANCSHARES INC,1075612,491224,NM,NC,Raleigh,Commercial Lending Specialization,06/30/2026
11112,Somerset Trust Company,1,2467590,1996981,SOMERSET TRUST HOLDING CO,2914857,212522,NM,PA,Somerset,Commercial Lending Specialization,06/30/2026
11113,Hamlin Bank and Trust Company,1,503390,389301,,,291611,NM,PA,Smethport,Mortgage Lending Specialization,06/30/2026
11124,S&T Bank,1,9935678,8126539,S&T BCORP INC,1071397,936426,NM,PA,Indiana,Commercial Lending Specialization,06/30/2026
11133,Farmers State Bank of Canton,1,81616,68388,LINCOLN HOLDING CO,1496244,91950,NM,SD,Canton,Agricultural Specialization,06/30/2026
11159,Texas Champion Bank,1,436608,329204,MESQUITE FINL SERVICES INC,2314260,579364,NM,TX,Corpus Christi,Commercial Lending Specialization,06/30/2026
11175,The First State Bank,1,121414,96449,TURNER BANCSHARES INC,4665322,305059,NM,TX,Abernathy,Agricultural Specialization,06/30/2026
11178,"Transpecos Banks, SSB",1,972067,872020,TRANSPECOS FINANCIAL CORP,2649588,908861,SI,TX,Pecos,Commercial Lending Specialization,06/30/2026
11181,First State Bank of Brownsboro,1,139863,129599,BROWNSBORO BANCSHARES INC,3306561,229454,NM,TX,Brownsboro,All Other Under 1 Billion,06/30/2026
11225,First Community Bank,1,158939,141766,FIRST CMTY BANCSHARES CORP,1990096,742542,NM,WI,Milton,Commercial Lending Specialization,06/30/2026
11228,First Citizens State Bank,1,525244,355297,WHITEWATER BCORP INC,1203536,831642,NM,WI,Whitewater,Commercial Lending Specialization,06/30/2026
11232,Bank of Milton,1,221413,193704,MILTON BANCSHARES INC,2342722,426945,NM,WI,Milton,Commercial Lending Specialization,06/30/2026
11235,Bonduel State Bank,1,132061,113077,BONDUEL BCORP INC,1839252,35646,NM,WI,Bonduel,Commercial Lending Specialization,06/30/2026
11236,Horicon Bank,1,1653274,1420026,HORICON BK PROFIT SHARING&EMPLOYEE STK OWNERSHIP PLAN,6107273,528849,NM,WI,Horicon,Commercial Lending Specialization,06/30/2026
11241,Centennial Bank,1,24551658,19562043,HOME BANCSHARES INC,1491409,456045,SM,AR,Conway,Commercial Lending Specialization,06/30/2026
11242,Producers Bank & Trust,1,213225,159626,PRODUCERS B&T EMPLOYEE STK OWNERSHIP PLAN,3487965,897648,SM,AR,Mcgehee,Agricultural Specialization,06/30/2026
11243,Bank of Salem,1,261514,227645,SMITH ASSOCIATED BANKING CORP,1098004,931047,SM,AR,Salem,All Other Under 1 Billion,06/30/2026
11252,The First National Bank of Izard County,1,234756,160037,WYATT BANCSHARES INC,1246618,379649,N,AR,Calico Rock,All Other Under 1 Billion,06/30/2026
11259,The Gunnison Bank and Trust Company,1,255403,209806,LINDOE INC,1052387,502559,SM,CO,Gunnison,Commercial Lending Specialization,06/30/2026
11261,McClave State Bank,1,78911,65488,,,399357,NM,CO,Mcclave,Agricultural Specialization,06/30/2026
11295,The Citizens Bank of Swainsboro,1,420467,365063,SWAINSBORO BANKSHARES INC,1976607,268136,NM,GA,Swainsboro,Commercial Lending Specialization,06/30/2026
11299,"Farmers State Bank of Alto Pass, Ill.",1,342389,307190,FARMERS STATE HOLDING CORP,2321398,856346,NM,IL,Alto Pass,Commercial Lending Specialization,06/30/2026
11302,First State Bank of St. Peter,1,30118,24576,ST PETER BANCSHARES INC,2294634,426141,SM,IL,Saint Peter,Agricultural Specialization,06/30/2026
11306,FNBC Bank & Trust,1,581583,525116,F N B C OF LA GRANGE INC,1201532,608844,NM,IL,La Grange,Commercial Lending Specialization,06/30/2026
11307,Farmers State Bank,1,339829,285773,PIKE BCORP INC,1118966,477648,NM,IL,Pittsfield,Agricultural Specialization,06/30/2026
11310,The Bank of Herrin,1,349156,326501,FGH BCORP INC,2527024,835444,NM,IL,Herrin,Commercial Lending Specialization,06/30/2026
11317,The Iuka State Bank,1,133016,112583,IUKA BANCSHARES INC,3217180,233442,SM,IL,Salem,Commercial Lending Specialization,06/30/2026
11319,Longview Community Bank,1,316810,264881,LONGVIEW CAPITAL CORP,1204618,830645,NM,IL,Mount Pulaski,Agricultural Specialization,06/30/2026
11324,Farmers and Merchants State Bank of Bushnell,1,86456,77582,PRAIRIELAND BCORP INC,1206368,321330,NM,IL,Bushnell,Agricultural Specialization,06/30/2026
11343,Ashton State Bank,1,54529,44549,ASHTON BANCSHARES INC,1250419,821643,NM,IA,Ashton,Agricultural Specialization,06/30/2026
11347,Grinnell State Bank,1,498585,346562,GRINNELL BANCSHARES INC,1208157,783246,NM,IA,Grinnell,Commercial Lending Specialization,06/30/2026
11352,Sanborn Savings Bank,1,92730,66623,SAN BCORP,1202922,595944,NM,IA,Sanborn,Agricultural Specialization,06/30/2026
11355,Bedford Loan & Deposit Bank,1,121758,103497,MEADE BCORP INC,1100309,696047,NM,KY,Bedford,Consumer Lending Specialization,06/30/2026
11358,"Cumberland Security Bank, Inc.",1,420062,359403,FIRST COMMERCE BCORP INC,2909170,202514,NM,KY,Somerset,Commercial Lending Specialization,06/30/2026
11407,Highpoint Community Bank,1,592373,539995,HCB FINANCIAL CORP,1136287,750341,NM,MI,Hastings,Commercial Lending Specialization,06/30/2026
11409,Valley Premier Bank,1,141007,127673,VALLEY PREMIER BK EMPLOYEE STK OWNERSHIP PLAN&TR,2161437,1008955,NM,MN,Hawley,Agricultural Specialization,06/30/2026
11411,Rushford State Bank (Incorporated),1,114721,104776,GEBSCO INC,1126082,884657,NM,MN,Rushford,Agricultural Specialization,06/30/2026
11415,Harvest Bank,1,355123,323440,CATTAIL BANCSHARES INC,1133549,28152,NM,MN,Kimball,Agricultural Specialization,06/30/2026
11417,Welcome State Bank,1,44282,38054,WELCOME BANCSHARES INC,1126073,215653,SM,MN,Welcome,Agricultural Specialization,06/30/2026
11431,Bank of Yazoo City,1,318228,280741,YAZOO CAPITAL CORP,1083402,118736,NM,MS,Yazoo City,All Other Under 1 Billion,06/30/2026
11445,The Jefferson Bank,1,210778,174816,SOUTHEAST ARKANSAS BANK CORP,1137033,703039,NM,MS,Greenville,Agricultural Specialization,06/30/2026
11446,Unity Bank of Mississippi,1,281778,248177,UNITY CAPITAL CORP,1100028,837840,NM,MS,Holly Springs,Commercial Lending Specialization,06/30/2026
11448,Century Bank,1,566204,509190,BANCORP OF LUCEDALE INC,2468275,58636,NM,MS,Lucedale,Commercial Lending Specialization,06/30/2026
11459,Mid America Bank,1,1181463,1032837,FRIENDSHIP BANCSHARES INC,1978151,873259,NM,MO,Jefferson City,Commercial Lending Specialization,06/30/2026
11462,Independent Farmers Bank,1,146505,131901,FARMERS BANCSHARES INC,1416925,956152,NM,MO,Maysville,Agricultural Specialization,06/30/2026
11463,The Citizens-Farmers Bank of Cole Camp,1,206969,175260,,,385547,SM,MO,Cole Camp,All Other Under 1 Billion,06/30/2026
11466,HomePride Bank,1,125269,111955,BANC 60 INC,1095870,747051,NM,MO,Mansfield,Mortgage Lending Specialization,06/30/2026
11475,Thayer County Bank,1,88491,66546,THAYER AGENCY INC,1058932,157155,NM,NE,Hebron,All Other Under 1 Billion,06/30/2026
11477,Auburn State Bank,1,251332,216927,,,979151,SM,NE,Auburn,Agricultural Specialization,06/30/2026
11482,Homestead Bank,1,537000,413623,C S B CO,1055696,140157,NM,NE,Cozad,Agricultural Specialization,06/30/2026
11491,The Citizens Bank of Clovis,1,493107,439935,CBC INC,1106628,710859,NM,NM,Clovis,Commercial Lending Specialization,06/30/2026
11492,InBank,1,1350435,1112469,INBANKSHARES CORP,5199776,209858,NM,NM,Raton,Commercial Lending Specialization,06/30/2026
11501,First National Bank of Scotia,1,719046,631996,GLENVILLE BANK HOLDING CO INC,3471889,472616,N,NY,Scotia,Commercial Lending Specialization,06/30/2026
11507,The Fidelity Bank,1,4662244,4174874,FIDELITY BANCSHARES N C INC,1249002,584920,NM,NC,Fuquay Varina,Commercial Lending Specialization,06/30/2026
11519,Security First Bank of North Dakota,1,293157,246842,OLIVER BCORP INC,1127409,693952,NM,ND,New Salem,Agricultural Specialization,06/30/2026
11521,Chickasaw Community Bank,1,557057,489988,CHICKASAW BANC HOLDING CO,3045721,64552,SM,OK,Oklahoma City,Commercial Lending Specialization,06/30/2026
11522,Liberty National Bank,1,1321040,1178578,B O E BANCSHARES INC,1065172,68756,N,OK,Lawton,Commercial Lending Specialization,06/30/2026
11526,Cowboy Bank,1,350297,297719,COWBOY BANCSHARES LLC,5422531,883959,SM,OK,Kremlin,Agricultural Specialization,06/30/2026
11527,"The First State Bank of Pond Creek, Oklahoma",1,55471,47872,,,644057,NM,OK,Pond Creek,Agricultural Specialization,06/30/2026
11539,Enterprise Bank of South Carolina,1,535133,472216,VARN FINANCIAL CORP,5975952,457426,NM,SC,Ehrhardt,All Other Under 1 Billion,06/30/2026
11557,First State Bank of Burnet,1,325795,288977,,,303653,NM,TX,Burnet,Commercial Lending Specialization,06/30/2026
11559,First State Bank and Trust Company,1,547414,490563,MURPHY-PAYNE INVESTMENTS LTD,2904960,1012251,NM,TX,Carthage,Mortgage Lending Specialization,06/30/2026
11569,Alliance Bank,1,1389330,1203061,ALLIANCE BANCSHARES INC,2127068,176464,NM,TX,Sulphur Springs,Commercial Lending Specialization,06/30/2026
11570,Global One Bank,1,333245,274514,GLOBAL ONE BANCSHARES INC,5756889,748357,NM,TX,Houston,Commercial Lending Specialization,06/30/2026
11578,Burke & Herbert Bank & Trust Company,1,10984290,8997206,BURKE&HERBERT FINL SERVICES,5756704,933621,SM,VA,Alexandria,Commercial Lending Specialization,06/30/2026
11580,The Bank of Southside Virginia,1,670315,489155,BANK OF SOUTHSIDE VA CORP THE,1076105,610128,NM,VA,Carson,All Other Under 1 Billion,06/30/2026
11582,Lee Bank and Trust Company,1,257344,218330,LEE BANKSHARES INC,5686799,661223,NM,VA,Pennington Gap,Commercial Lending Specialization,06/30/2026
11595,Community First Bank,1,634077,522440,BOSCOBEL BCORP INC,1492291,175140,SM,WI,Boscobel,Agricultural Specialization,06/30/2026
11601,Laona State Bank,1,296554,271544,NORTHERN WI BK HOLDING CO INC,1128189,178150,NM,WI,Laona,All Other Under 1 Billion,06/30/2026
11608,BLC Community Bank,1,475453,378430,INDEPENDENT BCORP LTD,2511313,578741,NM,WI,Little Chute,Commercial Lending Specialization,06/30/2026
11623,Bank Cmg,1,1057888,935025,CMG BCORP,3618536,576644,SM,WI,Madison,Commercial Lending Specialization,06/30/2026
11666,D. L. Evans Bank,1,3701851,3165990,D L EVANS BCORP,2242523,543262,NM,ID,Burley,Commercial Lending Specialization,06/30/2026
11667,Vermilion Valley Bank,1,198166,160136,PIPER BANKSHARES INC,1398991,666844,NM,IL,Piper City,Agricultural Specialization,06/30/2026
11669,First State Bank of Forrest,1,328259,280313,FORREST BANCSHARES INC,1207981,980438,NM,IL,Forrest,Commercial Lending Specialization,06/30/2026
11670,Central Bank Illinois,1,1462374,1118252,CENTRAL BANC INC,1492273,931038,NM,IL,Geneseo,Agricultural Specialization,06/30/2026
11674,Warren-Boynton State Bank,1,234520,201360,WB BCORP INC,1207459,837448,NM,IL,New Berlin,Commercial Lending Specialization,06/30/2026
11680,Farmers State Bank of Western Illinois,1,167285,143420,ALPHA BANCO INC,1205192,653433,SM,IL,Alpha,Agricultural Specialization,06/30/2026
11681,Anchor State Bank,1,73463,64208,ANCHOR BCORP INC,1205222,655530,NM,IL,Anchor,Agricultural Specialization,06/30/2026
11682,Anna State Bank,1,111644,97123,ASB MANAGEMENT CORP,2861616,691743,NM,IL,Anna,Other Specialized Under 1 Billion,06/30/2026
11686,State Bank of Cherry,1,137617,105482,CHERRY BCORP INC,1246403,258539,NM,IL,Cherry,Agricultural Specialization,06/30/2026
11699,Goodfield State Bank,1,285516,250072,GOODFIELD FINANCIAL CORP,3154333,936837,NM,IL,Goodfield,Commercial Lending Specialization,06/30/2026
11702,Shelby County State Bank,1,363238,324700,SHELBY COUNTY BCORP INC,1138058,235446,SM,IL,Shelbyville,Agricultural Specialization,06/30/2026
11706,1st Community Bank,1,65288,58249,ILLINOIS HOLDING CO,1204083,338945,NM,IL,Sherrard,Agricultural Specialization,06/30/2026
11708,Teutopolis State Bank,1,358538,309024,TEUTOPOLIS HOLDING CO,1928615,134848,SM,IL,Teutopolis,All Other Under 1 Billion,06/30/2026
11711,Bank of Rantoul,1,285794,223340,BANCORP OF RANTOUL INC,1138526,37949,NM,IL,Rantoul,Agricultural Specialization,06/30/2026
11715,Bank of Yates City,1,89086,80357,FIRST BCORP INC,1142297,371849,NM,IL,Yates City,Agricultural Specialization,06/30/2026
11716,Hartsburg State Bank,1,18124,16517,,,799939,SM,IL,Hartsburg,Agricultural Specialization,06/30/2026
11719,Liberty Bank,1,193864,167363,LIBERTY BCORP INC,1100297,371942,NM,IL,Liberty,Agricultural Specialization,06/30/2026
11722,"The Peoples State Bank of Newton, Illinois",1,736713,577907,PEOPLES BCORP INC,5580712,326344,NM,IL,Newton,Agricultural Specialization,06/30/2026
11729,CIBM Bank,1,819740,669025,CIB MARINE BANCSHARES INC,1139532,340742,NM,IL,Champaign,Commercial Lending Specialization,06/30/2026
11731,Fairview State Banking Company,1,40939,34701,FSB HOLDINGS INC,5399576,601032,NM,IL,Fairview,Agricultural Specialization,06/30/2026
11732,Bank of Farmington,1,240080,211704,FARMINGTON BCORP INC,1491717,976534,NM,IL,Farmington,Agricultural Specialization,06/30/2026
11734,Flanagan State Bank,1,300267,276998,HOMETOWN FINANCIAL GROUP INC,2494153,979133,NM,IL,Flanagan,Agricultural Specialization,06/30/2026
11739,BankOrion,1,688077,582898,ORION BCORP INC,1210048,855741,NM,IL,Orion,Commercial Lending Specialization,06/30/2026
11741,Solutions Bank,1,491597,385250,HIGH POINT FINL SERVICES INC,1916948,927134,NM,IL,Forreston,Agricultural Specialization,06/30/2026
11746,Iroquois Farmers State Bank,1,174461,158650,S&H HOLDINGS INC,1205062,1007930,NM,IL,Iroquois,Agricultural Specialization,06/30/2026
11747,The Farmers State Bank and Trust Company,1,210101,180185,FARMERS HOLDING CO,1099793,481944,NM,IL,Jacksonville,All Other Under 1 Billion,06/30/2026
11750,Bank of Kampsville,1,134098,110747,KAMPSVILLE BANCSHARES INC,3210369,487142,NM,IL,Kampsville,Other Specialized Under 1 Billion,06/30/2026
11759,Citizens State Bank,1,137738,111977,C S B HOLDING CORP,1210301,212344,NM,IA,Wyoming,Agricultural Specialization,06/30/2026
11763,VISIONBANK OF IOWA,1,896116,758867,VISIONBANKSHARES INC,4442596,269049,SM,IA,Ames,Commercial Lending Specialization,06/30/2026
11764,Sibley State Bank,1,104415,91500,CYPRESS CORP,1199808,598543,NM,IA,Sibley,Agricultural Specialization,06/30/2026
11767,FreedomBank,1,433877,367943,FREEDOMBANK SHARES EMPLOYEE STK OWNERSHIP PLAN,2208033,652043,NM,IA,Elkader,Agricultural Specialization,06/30/2026
11771,Availa Bank,1,1732398,1420705,CARROLL COUNTY BANCSHARES INC,1203451,859141,NM,IA,Carroll,Agricultural Specialization,06/30/2026
11777,Commercial Bank,1,382189,354199,,,296559,NM,KS,Parsons,All Other Under 1 Billion,06/30/2026
11778,"Citizens State Bank and Trust Co., Ellsworth, Kansas",1,275922,211405,CSB BANCSHARES AMENDED ESOP,2855679,733951,SM,KS,Ellsworth,Agricultural Specialization,06/30/2026
11782,Bank of Abbeville & Trust Company,1,245469,214417,BOA FINANCIAL CORP,5587485,213538,NM,LA,Abbeville,Commercial Lending Specialization,06/30/2026
11785,Caldwell Bank & Trust Company,1,298566,257585,CALDWELL HOLDING CO,1108985,925354,NM,LA,Columbia,Agricultural Specialization,06/30/2026
11788,Bank of Sunset and Trust Company,1,192304,169134,SUNSET BCORP INC,2376727,910239,NM,LA,Sunset,Commercial Lending Specialization,06/30/2026
11792,Franklin State Bank & Trust Company,1,224676,200221,FRANKLIN BCORP INC,1109731,1006652,NM,LA,Winnsboro,Agricultural Specialization,06/30/2026
11807,United Bank of Michigan,1,1062468,892659,UNITED BANK FINANCIAL CORP,1207392,150044,NM,MI,Grand Rapids,Commercial Lending Specialization,06/30/2026
11810,Huron Community Bank,1,323308,268699,HURON CMTY FINL SERVICES INC,1416608,475345,SM,MI,East Tawas,Commercial Lending Specialization,06/30/2026
11817,Richton Bank & Trust Company,1,51968,43078,CENTON BCORP INC,2782609,40033,SM,MS,Richton,All Other Under 1 Billion,06/30/2026
11821,Little Horn State Bank,1,412555,347473,BITTERROOT HOLDING CO,1128880,537551,NM,MT,Hardin,Commercial Lending Specialization,06/30/2026
11823,Manhattan Bank,1,287061,252738,MSB FINANCIAL INC,2851318,614751,NM,MT,Manhattan,All Other Under 1 Billion,06/30/2026
11860,The Killbuck Savings Bank Company,1,953780,798381,KILLBUCK BANCSHARES INC,2010759,1017425,SM,OH,Killbuck,Commercial Lending Specialization,06/30/2026
11862,The Bank of Beaver City,1,188597,170445,BEAVER BCORP INC,1066263,137456,NM,OK,Beaver,Agricultural Specialization,06/30/2026
11868,The Fidelity Deposit and Discount Bank,1,2971307,2559262,FIDELITY D&D BCORP INC,2858773,1007819,NM,PA,Dunmore,Commercial Lending Specialization,06/30/2026
11891,The Donley County State Bank,1,49651,39085,DONLEY COUNTY BANCSHARES INC,2126669,753856,NM,TX,Clarendon,Agricultural Specialization,06/30/2026
11904,"First State Bank of Ben Wheeler, Texas",1,185121,156120,,,31657,NM,TX,Ben Wheeler,Mortgage Lending Specialization,06/30/2026
11905,Citizens State Bank,1,190617,165656,CITIZENS STATE FINANCIAL CORP,1105818,899651,NM,TX,Corrigan,All Other Under 1 Billion,06/30/2026
11907,Security State Bank,1,338049,288302,,,389358,NM,TX,Farwell,Agricultural Specialization,06/30/2026
11916,The Buckholts State Bank,1,138805,114370,,,53051,NM,TX,Buckholts,Commercial Lending Specialization,06/30/2026
11922,First State Bank of Texas,1,353628,316346,COUNTY BANCSHARES INC,4935502,190563,NM,TX,Orange,Commercial Lending Specialization,06/30/2026
11932,First Security State Bank,1,183062,172878,BOSQUE BANCSHARES INC,1135057,819154,NM,TX,Cranfills Gap,Mortgage Lending Specialization,06/30/2026
11934,Dominion Bank,1,647363,569931,DOMINION BANCSHARES INC,5307638,404653,NM,TX,Dallas,Commercial Lending Specialization,06/30/2026
11935,First Texas Bank,1,1309968,1159656,FIRST TEXAS BCORP INC,1100813,444350,NM,TX,Georgetown,Commercial Lending Specialization,06/30/2026
11952,"The Poca Valley Bank, Inc.",1,666227,603330,POCA VALLEY BANKSHARES INC THE,2152734,851239,NM,WV,Walton,Commercial Lending Specialization,06/30/2026
11953,Highlands Bank,1,407139,356805,HIGHLANDS BANKSHARES INC,1131750,718538,NM,WV,Petersburg,Commercial Lending Specialization,06/30/2026
11971,Bar Harbor Bank & Trust,1,4734427,3860550,BAR HARBOR BANKSHARES,1115385,522605,NM,ME,Bar Harbor,Commercial Lending Specialization,06/30/2026
12010,Provident Bank,1,25650552,19611018,PROVIDENT FINL SERVICES INC,3133637,204004,SI,NJ,Jersey City,Commercial Lending Specialization,06/30/2026
12013,Union County Savings Bank,1,1478885,1349914,,,373601,SI,NJ,Elizabeth,All Other Over 1 Billion,06/30/2026
12079,Citizens Community Bank,1,221938,200025,CCB BANCSHARES INC,1084696,564838,NM,GA,Hahira,Commercial Lending Specialization,06/30/2026
12086,Sainte Marie State Bank,1,22956,19189,,,363442,NM,IL,Sainte Marie,Agricultural Specialization,06/30/2026
12087,Spring Valley City Bank,1,206953,179117,SPRING VALLEY BCORP INC,1139596,452841,NM,IL,Spring Valley,Commercial Lending Specialization,06/30/2026
12098,The First State Bank of Dongola,1,34697,31246,TRI-COUNTY HOLDINGS INC,3584006,630041,SM,IL,Dongola,All Other Under 1 Billion,06/30/2026
12107,Farmers State Bank,1,66903,58521,ELMWOOD BANCSHARES INC,1209819,921936,NM,IL,Elmwood,Agricultural Specialization,06/30/2026
12113,Germantown Trust & Savings Bank,1,523623,433168,GERMANTOWN BANC CORP,1098741,830748,NM,IL,Breese,Agricultural Specialization,06/30/2026
12121,Buckley State Bank,1,49020,42692,BUCKLEY BCORP INC,1492992,316934,NM,IL,Buckley,Agricultural Specialization,06/30/2026
12128,Citizens Savings Bank,1,151098,129223,,,544447,NM,IA,Spillville,Agricultural Specialization,06/30/2026
12135,The Lyndon State Bank,1,115144,85105,CMJR INVESTMENTS INC,1416617,136655,NM,KS,Lyndon,Agricultural Specialization,06/30/2026
12136,The Wilson State Bank,1,123145,108210,WILSON BANCSHARES INC,2356251,501655,NM,KS,Wilson,Agricultural Specialization,06/30/2026
12139,Ford County State Bank,1,58444,52803,,,540850,NM,KS,Spearville,Agricultural Specialization,06/30/2026
12149,First State Bank,1,401968,354251,FIRST BRECKINRIDGE BANCSHARES,1119404,565143,NM,KY,Irvington,Commercial Lending Specialization,06/30/2026
12162,Elkton Bank & Trust Company,1,199052,168510,ELKTON BCORP INC,1099841,998648,NM,KY,Elkton,All Other Under 1 Billion,06/30/2026
12163,The Farmers Bank of Milton,1,305121,253378,FARMERS FINANCIAL CORP,3017700,265340,NM,KY,Milton,All Other Under 1 Billion,06/30/2026
12166,West Point Bank,1,560614,475651,FIRST BRECKINRIDGE BANCSHARES,1119404,79042,NM,KY,Radcliff,Commercial Lending Specialization,06/30/2026
12201,The Cleveland State Bank,1,340225,312012,CLEVELAND STATE BCORP INC,1913684,12142,NM,MS,Cleveland,Commercial Lending Specialization,06/30/2026
12203,Merchants & Marine Bank,1,1348702,1006742,MERCHANTS&MARINE BCORP INC,3696093,94139,NM,MS,Pascagoula,Commercial Lending Specialization,06/30/2026
12204,"The Citizens Bank of Philadelphia, Mississippi",1,1555742,1318103,CITIZENS HOLDING CO,1083475,29636,NM,MS,Philadelphia,Commercial Lending Specialization,06/30/2026
12207,Bank of Winona,1,142721,119640,BANCORP OF WINONA INC,3229503,800442,SM,MS,Winona,Other Specialized Under 1 Billion,06/30/2026
12208,Belgrade State Bank,1,548017,495338,TURNER BANCSHARES INC,1136988,761244,SM,MO,Belgrade,Commercial Lending Specialization,06/30/2026
12214,United State Bank,1,290149,258396,RIVER VALLEY BANCSHARES INC,1096091,659556,NM,MO,Lewistown,Agricultural Specialization,06/30/2026
12219,"First State Bank of St. Charles, Missouri",1,535197,400753,FIRST STATE BANCSHARES INC,1416550,345756,NM,MO,St. Charles,Mortgage Lending Specialization,06/30/2026
12220,County Bank,1,133652,120626,CHARITON COUNTY BANCSHARES INC,1067877,1016848,NM,MO,Brunswick,All Other Under 1 Billion,06/30/2026
12223,The Callaway Bank,1,511521,429637,CALLAWAY SECURITY BANKS INC,1097098,719656,SM,MO,Fulton,Commercial Lending Specialization,06/30/2026
12225,FMB Bank,1,51214,47572,FARMERS&MERCHANTS BANCSHARES,1099225,509857,NM,MO,Wright City,Other Specialized Under 1 Billion,06/30/2026
12226,Peoples Bank Co.,1,147706,124012,LINCOLN COUNTY BCORP INC,1097173,941541,SM,MO,Altenburg,Agricultural Specialization,06/30/2026
12229,First Bank,1,6654998,5829782,FB CORP,1118797,169653,SM,MO,St. Louis,Commercial Lending Specialization,06/30/2026
12230,Peoples Bank,1,248703,227085,PEOPLES BCORP INC,2618427,948250,NM,MO,Cuba,All Other Under 1 Billion,06/30/2026
12232,Bank of Monticello,1,159026,140445,MONTICELLO BANCSHARES INC,3112472,937553,NM,MO,Monticello,Agricultural Specialization,06/30/2026
12241,Washington County Bank,1,662263,558833,BLAIR HOLDINGS INC,4771960,1000052,NM,NE,Blair,Agricultural Specialization,06/30/2026
12244,First State Bank,1,199510,121326,NEBRASKA BANKSHARES INC,1054765,488756,NM,NE,Farnam,Agricultural Specialization,06/30/2026
12246,Commercial Bank,1,56468,46993,C L C ENTERPRISES INC,1053142,42457,NM,NE,Nelson,Agricultural Specialization,06/30/2026
12248,First Nebraska Bank,1,371410,329915,VALLEY BANK SHARES INC,1057430,576952,SM,NE,Valley,Agricultural Specialization,06/30/2026
12258,Southwest Capital Bank,1,482915,432279,LAS VEGAS BCORP INC,1060168,206156,NM,NM,Albuquerque,Commercial Lending Specialization,06/30/2026
12259,Lea County State Bank,1,738343,662407,LEA COUNTY BANCSHARES INC,2148586,1015252,SM,NM,Hobbs,Other Specialized Under 1 Billion,06/30/2026
12266,Mechanics & Farmers Bank,1,475992,402168,M&F BCORP INC,2807810,332224,NM,NC,Durham,Commercial Lending Specialization,06/30/2026
12283,First State Bank,1,139602,130480,,,41553,SM,OK,Anadarko,Other Specialized Under 1 Billion,06/30/2026
12284,Farmers & Merchants Bank,1,20539,18092,,,273859,NM,OK,Duke,Agricultural Specialization,06/30/2026
12285,Cattlemens Bank,1,595206,468940,REEVES BANCSHARES INC,1057216,284556,NM,OK,Altus,Agricultural Specialization,06/30/2026
12298,The Cowboy Bank of Texas,1,108631,88063,MAYPEARL BANCSHARES INC,2591267,370954,NM,TX,Maypearl,Commercial Lending Specialization,06/30/2026
12299,"SouthStar Bank, S.S.B.",1,1369693,1125559,SOUTHERN BANCSHARES INC,1107184,171768,SI,TX,Moulton,Commercial Lending Specialization,06/30/2026
12303,Citizens State Bank,1,511354,449153,GRAHAMJB6 CO,5589836,625065,SM,TX,Woodville,Commercial Lending Specialization,06/30/2026
12305,Columbus State Bank,1,326463,280959,CENTRAL TX BANKSHARE HOLDINGS,2100119,891253,NM,TX,Columbus,Agricultural Specialization,06/30/2026
12315,The First State Bank,1,154599,133641,COLUMBUS BCORP INC,1898008,801654,NM,TX,Columbus,Agricultural Specialization,06/30/2026
12322,Chippewa Valley Bank,1,735805,559013,CHIPPEWA VALLEY AGENCY LTD,1122963,779650,NM,WI,Hayward,All Other Under 1 Billion,06/30/2026
12325,Bank of Cashton,1,146145,127019,EAGLE BANCSHARES INC,3045815,458946,NM,WI,Cashton,Agricultural Specialization,06/30/2026
12327,Bank of Mauston,1,426704,367735,MAUSTON BCORP INC,1205857,601443,NM,WI,Mauston,Commercial Lending Specialization,06/30/2026
12331,State Bank of Chilton,1,516519,435916,CALUMET BCORP INC,1133820,120542,NM,WI,Chilton,Commercial Lending Specialization,06/30/2026
12349,Community Bank of Cameron,1,226865,198625,CAMERON BCORP INC,1516405,385350,NM,WI,Cameron,All Other Under 1 Billion,06/30/2026
12354,Hustisford State Bank,1,80319,58289,HUSTISFORD COMMUNITY BCORP INC,2999854,467144,NM,WI,Hustisford,All Other Under 1 Billion,06/30/2026
12365,The First National Bank of Allendale,1,421226,369142,ALLENDALE BCORP INC,2227409,990642,N,IL,Allendale,Agricultural Specialization,06/30/2026
12368,Regions Bank,1,159787000,131776000,REGIONS FINANCIAL CORP,3242838,233031,SM,AL,Birmingham,Commercial Lending Specialization,06/30/2026
12372,Fowler State Bank,1,154500,123776,,,433859,NM,CO,Fowler,Agricultural Specialization,06/30/2026
12383,Carrollton Bank,1,3881264,3557261,CBX CORP,1860863,1001648,NM,IL,Carrollton,Commercial Lending Specialization,06/30/2026
12384,Jersey State Bank,1,190061,167471,JSB BCORP INC,1141692,482446,NM,IL,Jerseyville,Agricultural Specialization,06/30/2026
12386,State Bank of Toulon,1,343382,298614,STARK COUNTY BCORP INC,1245769,535940,NM,IL,Toulon,Agricultural Specialization,06/30/2026
12388,Williamsville State Bank & Trust,1,93810,83018,WSB FINANCIAL LTD,1248872,365848,NM,IL,Williamsville,Other Specialized Under 1 Billion,06/30/2026
12402,Exchange State Bank,1,112740,98625,LANARK BANCSHARES INC,1204430,769334,NM,IL,Lanark,Agricultural Specialization,06/30/2026
12410,La Salle State Bank,1,183239,155857,LSBANCORP INC,1926228,956134,NM,IL,La Salle,Commercial Lending Specialization,06/30/2026
12417,Tri-Valley Bank,1,82752,77406,,,404943,NM,IA,Randolph,Agricultural Specialization,06/30/2026
12422,The Security State Bank,1,55102,47680,SSB HOLDINGS INC,3044630,73956,NM,KS,Wellington,Agricultural Specialization,06/30/2026
12425,The Dickinson County Bank,1,23370,19448,,,981350,NM,KS,Enterprise,All Other Under 1 Billion,06/30/2026
12432,The Baxter State Bank,1,25152,19235,BAXTER BANCSHARES INC,2366652,1000856,NM,KS,Baxter Springs,All Other Under 1 Billion,06/30/2026
12437,Renasant Bank,1,26986725,22166216,RENASANT CORP,1098844,749242,SM,MS,Tupelo,Commercial Lending Specialization,06/30/2026
12441,Hancock Whitney Bank,1,36329257,29883644,HANCOCK WHITNEY CORP,1086533,463735,NM,MS,Gulfport,Commercial Lending Specialization,06/30/2026
12444,State Bank of Cold Spring,1,81715,73779,LINDELL BANCSHARES INC,1128200,116358,NM,MN,Cold Spring,All Other Under 1 Billion,06/30/2026
12457,The Citizens Bank of Edina,1,106705,90888,R DEAN PHILLIPS BK TR DATED 11-19-2004,5558681,699253,NM,MO,Edina,Agricultural Specialization,06/30/2026
12484,First Oklahoma Bank,1,1336144,1176189,FIRST OKLAHOMA HOLDINGS INC,3957589,75259,NM,OK,Jenks,Commercial Lending Specialization,06/30/2026
12485,The Payne County Bank,1,313182,257073,EMPLOYEE STK OWNERSHIP PLAN EMP PAYNE CNTY BK,2168977,455150,SM,OK,Perkins,All Other Under 1 Billion,06/30/2026
12493,Premier Bank National Association,1,342410,297100,PREMIER BANCSHARES INC,4458113,860259,N,NE,Omaha,Commercial Lending Specialization,06/30/2026
12511,Alliance Bank,1,265973,216432,GEBSCO INC,1126082,21658,NM,WI,Mondovi,Agricultural Specialization,06/30/2026
12512,Community First Bank,1,97627,84675,ROSHOLT BCORP INC,1210422,62147,NM,WI,Rosholt,Commercial Lending Specialization,06/30/2026
12513,Partners Bank of Wisconsin,1,294177,224236,STRATFORD BANCSHARES INC,1138713,114149,NM,WI,Marshfield,Commercial Lending Specialization,06/30/2026
12514,Ixonia Bank,1,1075557,679809,IXONIA BANCSHARES INC,1247295,529341,NM,WI,Ixonia,Commercial Lending Specialization,06/30/2026
12517,Bank Five Nine,1,2532644,2098738,OCONOMOWOC BANCSHARES INC,2320618,806846,NM,WI,Oconomowoc,Commercial Lending Specialization,06/30/2026
12531,The Peoples Bank,1,195878,136770,GOLDEN OAKS BANCSHARES INC,1098684,712648,NM,AR,Magnolia,Consumer Lending Specialization,06/30/2026
12549,Bank of Calhoun County,1,99531,89726,BCC BANCSHARES INC,2753289,960047,NM,IL,Hardin,All Other Under 1 Billion,06/30/2026
12585,The Hopeton State Bank,1,30840,24906,ONE AMERICA BCORP INC,5946167,877958,NM,OK,Hopeton,All Other Under 1 Billion,06/30/2026
12591,The Converse County Bank,1,1093243,982555,CONVERSE COUNTY CAPITAL CORP,1059975,72258,NM,WY,Douglas,All Other Over 1 Billion,06/30/2026
12592,Security State Bank,1,449139,380052,FINANCIAL SECURITY CORP,1060850,955959,SM,WY,Basin,Commercial Lending Specialization,06/30/2026
12594,PB&T Bank,1,815168,717634,PUEBLO BCORP,1022997,106452,NM,CO,Pueblo,Commercial Lending Specialization,06/30/2026
12602,Farmers and Drovers Bank,1,221919,140955,FARMERS&DROVERS FINANCIAL CORP,3566749,788559,NM,KS,Council Grove,Agricultural Specialization,06/30/2026
12608,City Bank & Trust Co.,1,382039,334021,CITY BANCSHARES INC,2625283,841753,NM,LA,Natchitoches,Commercial Lending Specialization,06/30/2026
12609,Patterson State Bank,1,330711,296278,PATTERSON BANCSHARES INC,3631469,85931,NM,LA,Patterson,All Other Under 1 Billion,06/30/2026
12611,The Evangeline Bank and Trust Company,1,1113786,890561,EVANGELINE BANCSHARES INC,1133165,372538,NM,LA,Ville Platte,Commercial Lending Specialization,06/30/2026
12614,Origin Bank,1,10177963,8723491,ORIGIN BCORP INC,1885307,667757,SM,LA,Choudrant,Commercial Lending Specialization,06/30/2026
12616,Legends Bank,1,635540,515221,LINN HOLDING CO,1119271,865151,NM,MO,Linn,Commercial Lending Specialization,06/30/2026
12627,Bank of Washington,1,1148041,887758,DIAMOND BCORP INC,2294812,565750,NM,MO,Washington,Commercial Lending Specialization,06/30/2026
12633,The Central Trust Bank,1,20307848,16405004,CENTRAL BANCOMPANY INC,1094314,853952,SM,MO,Jefferson City,Commercial Lending Specialization,06/30/2026
12661,GreenLeaf Bank,1,158725,135547,G W BCORP INC,1205754,675248,NM,WI,Greenleaf,Commercial Lending Specialization,06/30/2026
12694,Citizens Community Bank,1,142628,125923,BANCORP II INC,1398731,578554,NM,MO,Pilot Grove,Agricultural Specialization,06/30/2026
12706,State Bank,1,295849,266981,SBW BANCSHARES INC,3939473,266244,NM,IL,Waterloo,Commercial Lending Specialization,06/30/2026
12717,Bridge Community Bank,1,141073,116666,ORION BCORP INC,1210048,882541,NM,IA,Mount Vernon,Agricultural Specialization,06/30/2026
12722,Sicily Island State Bank,1,92415,72905,,,1002458,NM,LA,Sicily Island,Commercial Lending Specialization,06/30/2026
12745,Bank of Prague,1,48460,42982,PRAGUE CO,1050730,858452,NM,NE,Prague,Agricultural Specialization,06/30/2026
12757,First State Bank,1,100251,88858,FSB FINANCIAL CORP,5332827,513854,NM,OK,Valliant,All Other Under 1 Billion,06/30/2026
12758,"Farmers State Bank, Allen, Oklahoma",1,57223,48626,,,37659,NM,OK,Allen,All Other Under 1 Billion,06/30/2026
12761,F&M Bank,1,915290,799000,F&M BANCSHARES INC,1054550,163857,NM,OK,Edmond,Commercial Lending Specialization,06/30/2026
12769,First United Bank,1,2409073,2134620,PLAINS BCORP INC,1108163,578255,NM,TX,Dimmitt,Commercial Lending Specialization,06/30/2026
12788,Baraboo State Bank,1,569602,490361,BARABOO BCORP INC THE,1209248,24949,SM,WI,Baraboo,Commercial Lending Specialization,06/30/2026
12814,Peoples State Bank,1,992960,810756,PEOPLES BCORP INC,1209499,262844,NM,WI,Prairie Du Chien,Agricultural Specialization,06/30/2026
12815,"Home State Bank, National Association",1,775950,686571,HOME STATE BCORP INC,1209181,696430,N,IL,Crystal Lake,Commercial Lending Specialization,06/30/2026
12836,First State Bank of Porter,1,162294,138197,,,87047,SM,IN,Porter,All Other Under 1 Billion,06/30/2026
12839,First Farmers Bank & Trust Co.,1,3495725,3030225,FIRST FARMERS FINANCIAL CORP,1249039,139843,SM,IN,Converse,Agricultural Specialization,06/30/2026
12854,Centier Bank,1,10411663,8786698,FIRST BANCSHARES INC,1204560,783648,NM,IN,Whiting,Commercial Lending Specialization,06/30/2026
12855,Farmers State Bank,1,1598373,1255249,FSB FINANCIAL SERVICES INC,1204832,840747,NM,IA,Waterloo,Commercial Lending Specialization,06/30/2026
12857,Denver Savings Bank,1,250581,186883,PSB CORP,1210468,220844,NM,IA,Denver,Commercial Lending Specialization,06/30/2026
12858,Farmers Trust and Savings Bank,1,617971,557321,EASTER ENTERPRISES INC,1200777,543945,NM,IA,Spencer,Commercial Lending Specialization,06/30/2026
12865,Swedish-American State Bank,1,55470,43676,SWEDISH-AMERICAN BANCSHARES,2791571,973252,NM,KS,Courtland,Agricultural Specialization,06/30/2026
12869,Farmers Bank and Trust Company,1,793954,699220,FARMERS BCORP INC OF MARION KY,1246962,262741,NM,KY,Marion,Commercial Lending Specialization,06/30/2026
12874,Katahdin Trust Company,1,1158202,965877,KATAHDIN BANKSHARES CORP,1140127,327305,NM,ME,Patten,Commercial Lending Specialization,06/30/2026
12893,First State Bank of Michigan,1,87760,71572,GTSB FINANCIAL INC,5930577,654047,SM,MI,Decatur,Commercial Lending Specialization,06/30/2026
12899,Mayville State Bank,1,94605,85007,MAYVILLE FINANCIAL CORP,2907251,358448,NM,MI,Mayville,All Other Under 1 Billion,06/30/2026
12944,Orange Bank & Trust Company,1,2792253,2446064,ORANGE COUNTY BCORP INC,3596009,176101,SM,NY,Middletown,Commercial Lending Specialization,06/30/2026
12956,Bank of Richmondville,1,185900,166436,,,767611,NM,NY,Cobleskill,All Other Under 1 Billion,06/30/2026
12959,Cattaraugus County Bank,1,384681,338153,C C BCORP INC,3009714,254504,NM,NY,Little Valley,Commercial Lending Specialization,06/30/2026
12969,The Union Bank Company,1,1443930,1191644,UNITED BANCSHARES INC,1136009,780218,NM,OH,Columbus Grove,Commercial Lending Specialization,06/30/2026
12978,The Richwood Banking Company,1,1296076,1062849,RICHWOOD BANCSHARES INC,1250651,150727,SM,OH,Richwood,Commercial Lending Specialization,06/30/2026
12980,The Corn City State Bank,1,104463,90703,,,560214,SM,OH,Deshler,Mortgage Lending Specialization,06/30/2026
12982,Civista Bank,1,4286454,3486108,CIVISTA BANCSHARES INC,1246533,542528,SM,OH,Sandusky,Commercial Lending Specialization,06/30/2026
12985,Elderton State Bank,1,465167,359644,KEYSTRONG FINANCIAL INC,3631012,282824,NM,PA,Elderton,Commercial Lending Specialization,06/30/2026
13000,Trinity Capital Bank of Texas,1,456638,355058,ENNIS BANCSHARES INC,1131956,435059,NM,TX,Ennis,Commercial Lending Specialization,06/30/2026
13006,The Pecos County State Bank,1,309414,280663,PECOS COUNTY BANCSHARES INC,1109058,396954,NM,TX,Fort Stockton,Commercial Lending Specialization,06/30/2026
13012,First Community Bank,1,3607625,3039018,FIRST COMMUNITY BANKSHARES INC,1478017,2353595,SM,VA,Bluefield,Commercial Lending Specialization,06/30/2026
13020,First Exchange Bank,1,391052,356521,HERITAGE BANCSHARES INC,2257116,170332,NM,WV,White Hall,Commercial Lending Specialization,06/30/2026
13030,Oakwood Bank,1,156351,123868,PF INVESTORS INC,5280133,37051,NM,WI,Pigeon Falls,Agricultural Specialization,06/30/2026
13032,Citizens First Bank,1,344470,283115,FIRSNABANCO INC,1207561,716954,NM,WI,Viroqua,Commercial Lending Specialization,06/30/2026
13033,The Farmers State Bank of Waupaca,1,279490,244103,FARMERS STATE BCORP INC,1209284,879747,SM,WI,Waupaca,All Other Under 1 Billion,06/30/2026
13054,"Park Bank, National Association",1,76465,63684,GOLDEN OAK BANCSHARES INC,4281197,518354,N,WI,Holmen,Other Specialized Under 1 Billion,06/30/2026
13055,Citizens Bank,1,1167142,995992,CITIZENS BANK HOLDING INC,1207132,783844,NM,WI,Mukwonago,Commercial Lending Specialization,06/30/2026
13058,Hiawatha National Bank,1,781326,602137,LAKE SHORE III CORP,4465559,505550,N,WI,Hager City,Commercial Lending Specialization,06/30/2026
13063,Kennebunk Savings Bank,1,2172557,1678779,KENNEBUNK SAVINGS BCORP MHC,5117323,247908,SI,ME,Kennebunk,Commercial Lending Specialization,06/30/2026
13068,Community Bank and Trust,1,445058,394362,COMMUNITY BANCSHARES EMPLOYEE STK OWNERSHIP PLAN,2072793,957757,SM,MO,Neosho,Agricultural Specialization,06/30/2026
13071,Town & Country Bank,1,747729,642229,TOWN&COUNTRY BANCSHARES INC,1095722,487357,SM,MO,Salem,All Other Under 1 Billion,06/30/2026
13083,First Western Bank,1,792662,673755,FIRST W BANCSHARES EMPLOYEE STK OWNERSHIP TR,2628994,34742,SM,AR,Booneville,Commercial Lending Specialization,06/30/2026
13102,Lake City Bank,1,7237115,6344228,LAKELAND FINANCIAL CORP,1208906,874845,SM,IN,Warsaw,Commercial Lending Specialization,06/30/2026
13107,"Citizens State Bank of New Castle, Indiana",1,908766,795181,TOWN FINANCIAL CORP,1200405,1000641,NM,IN,New Castle,Commercial Lending Specialization,06/30/2026
13109,Jackson County Bank,1,1109838,894808,BANCORP OF SOUTHERN INDIANA,1098590,884442,NM,IN,Seymour,Commercial Lending Specialization,06/30/2026
13111,Hendricks County Bank and Trust Company,1,247428,226262,MIDSTATE FINANCIAL CORP,1207552,633640,SM,IN,Brownsburg,Commercial Lending Specialization,06/30/2026
13112,Owen County State Bank,1,388533,323764,OWEN FINANCIAL CORP,1207954,38740,NM,IN,Spencer,Commercial Lending Specialization,06/30/2026
13113,Peoples Trust and Savings Bank,1,240625,192360,PEOPLES BANCSHARES CORP,3199790,67142,NM,IN,Boonville,Mortgage Lending Specialization,06/30/2026
13130,The Friendship State Bank,1,543777,478709,FRIENDSHIP BCORP,1401154,427241,SM,IN,Friendship,All Other Under 1 Billion,06/30/2026
13167,Bank of Clarkson,1,178191,149715,FIRST BRECKINRIDGE BANCSHARES,1119404,720344,NM,KY,Clarkson,Commercial Lending Specialization,06/30/2026
13179,First Community Bank,1,413562,358296,HARBOR SPRINGS FINANCIAL CORP,1208102,932745,SM,MI,Harbor Springs,Commercial Lending Specialization,06/30/2026
13195,Union State Bank of Hazen,1,257424,226700,HAZEN BCORP INC,1128590,855956,NM,ND,Hazen,Agricultural Specialization,06/30/2026
13196,Peoples State Bank,1,69930,60742,PEOPLES STATE HOLDING CO,1123821,238250,NM,ND,Westhope,Agricultural Specialization,06/30/2026
13198,Cornerstone Bank,1,1853302,1648644,CORNERSTONE HOLDING CO INC,3435283,879457,NM,ND,Fargo,Agricultural Specialization,06/30/2026
13209,The Fort Jennings State Bank,1,285842,247227,FJSB BANCSHARES INC,2524443,830113,NM,OH,Fort Jennings,Commercial Lending Specialization,06/30/2026
13216,The Savings Bank,1,520058,450229,SAVINGS BCORP INC,2950716,578116,NM,OH,Circleville,Commercial Lending Specialization,06/30/2026
13220,The Peoples Bank Co.,1,859237,738757,PEOPLES HOLDING CO INC,2684543,702911,NM,OH,Coldwater,All Other Under 1 Billion,06/30/2026
13242,Farmers & Merchants State Bank,1,245590,183037,MAUNESHA BANCSHARES INC,3087039,79145,NM,WI,Waterloo,Commercial Lending Specialization,06/30/2026
13249,The State Savings Bank of Manistique,1,178210,154061,SSB INC,1137686,259956,SM,MI,Manistique,Commercial Lending Specialization,06/30/2026
13251,Chambers State Bank,1,89156,66674,CHAMBANCO INC,1056125,416357,NM,NE,Chambers,Agricultural Specialization,06/30/2026
13255,Midwest Bank,1,1237744,1041239,MIDWEST BANC HOLDING CO,1064652,669555,SM,NE,Pierce,Agricultural Specialization,06/30/2026
13264,Bank of Luxemburg,1,723372,627173,LUXEMBURG BANCSHARES INC,1209743,580548,NM,WI,Luxemburg,Commercial Lending Specialization,06/30/2026
13274,Bank of Commerce,1,203181,174477,COMMERCE BANCSHARES INC,2480491,152057,SM,OK,Chelsea,Commercial Lending Specialization,06/30/2026
13297,Solvay Bank,1,1197828,1071421,SOLVAY BANK CORP,1143342,722816,SM,NY,Solvay,Commercial Lending Specialization,06/30/2026
13303,Bank of England,1,332323,254051,MHBC INVESTMENTS PARTNERSHIP I LLLP,2795083,244149,NM,AR,England,Agricultural Specialization,06/30/2026
13305,The New Washington State Bank,1,798096,721581,NEW INDEPENDENT BANCSHARES INC,2257228,305442,NM,IN,New Washington,Commercial Lending Specialization,06/30/2026
13339,The State Bank and Trust Company,1,1612519,1399812,SB FINANCIAL GROUP INC,1071454,614313,SM,OH,Defiance,Commercial Lending Specialization,06/30/2026
13341,The Croghan Colonial Bank,1,1414784,1093341,CROGHAN BANCSHARES INC,1071726,362717,SM,OH,Fremont,Commercial Lending Specialization,06/30/2026
13366,Exchange Bank and Trust Company,1,428732,385889,PERRY BANCSHARES INC,1064175,456755,SM,OK,Perry,Commercial Lending Specialization,06/30/2026
13381,Northeast Missouri State Bank,1,164128,147411,SCHUYLER COUNTY BANCSHARES INC,1100055,651158,NM,MO,Kirksville,Agricultural Specialization,06/30/2026
13382,Farmers and Merchants State Bank of Springfield,1,139772,120655,PIESCO INC,2780717,770451,NM,MN,Springfield,Agricultural Specialization,06/30/2026
13397,Bank of Utica,1,1508615,1074005,,,254317,NM,NY,Utica,All Other Over 1 Billion,06/30/2026
13407,Farmers State Bank,1,391479,335038,FARMERS BANCSHARES INC,1109320,875057,NM,TX,Center,Commercial Lending Specialization,06/30/2026
13415,Farmers and Merchants Bank,1,80311,69853,,,257653,NM,OK,Arnett,Agricultural Specialization,06/30/2026
13416,Oklahoma State Bank,1,66687,59526,BUFFALO BANCSHARES INC,1065864,324256,NM,OK,Buffalo,Agricultural Specialization,06/30/2026
13421,Union Bank and Trust Company,1,9238781,7516889,FARMERS&MERCHANTS INV INC,1053580,450856,NM,NE,Lincoln,Commercial Lending Specialization,06/30/2026
13430,Wadena State Bank,1,206645,187877,WADENA BANKSHARES INC,1123719,210256,SM,MN,Wadena,Commercial Lending Specialization,06/30/2026
13450,Integrity Bank,1,99703,89241,FSB BANKSHARES INC,2006471,843953,NM,KS,Fowler,Agricultural Specialization,06/30/2026
13454,Royal Bank,1,816093,723052,ROYAL BANCSHARES INC,1491904,532042,NM,WI,Elroy,Agricultural Specialization,06/30/2026
13551,The State Exchange Bank,1,89596,78585,STATE EXCHANGE BANCSHARES INC,1062500,354851,NM,OK,Lamont,Agricultural Specialization,06/30/2026
13561,Fleetwood Bank,1,415590,381134,FLEETWOOD BANK CORP,1138768,551016,SM,PA,Fleetwood,All Other Under 1 Billion,06/30/2026
13565,Bank of Sun Prairie,1,841180,719484,BOSP BANCSHARES INC,3808113,124344,NM,WI,Sun Prairie,Commercial Lending Specialization,06/30/2026
13582,State Bank of Nauvoo,1,37724,34362,,,783349,NM,IL,Nauvoo,All Other Under 1 Billion,06/30/2026
13599,First Lockhart Bank,1,415881,375048,LOCKHART BANKSHARES INC,1995998,631150,NM,TX,Lockhart,Commercial Lending Specialization,06/30/2026
13600,POINTWEST BANK,1,137289,121846,WEST BANCSHARES INC,1105359,292467,NM,TX,West,Mortgage Lending Specialization,06/30/2026
13611,Bank of Mead,1,39676,35599,SELKO BANCO INC,1067206,175458,NM,NE,Mead,Agricultural Specialization,06/30/2026
13616,Corydon State Bank,1,138023,103649,DENTEL BCORP,1133615,837046,NM,IA,Corydon,Agricultural Specialization,06/30/2026
13622,Dayspring Bank,1,1231229,927557,NEBRASKA BANKSHARES INC,1054765,151957,NM,NE,Gothenburg,Agricultural Specialization,06/30/2026
13632,First State Bank,1,665372,547048,FIRST BANK CORP,1491360,114840,SM,AR,Russellville,Commercial Lending Specialization,06/30/2026
13652,Pine Country Bank,1,380280,335105,MIDCOUNTRY ACQUISITION CORP,5281989,761459,NM,MN,Little Falls,Agricultural Specialization,06/30/2026
13656,United Community Bank,1,290042,232735,MILFORD BCORP,1201952,884648,NM,IA,Milford,Agricultural Specialization,06/30/2026
13662,"Farmers and Merchants State Bank, Bloomfield, Nebraska",1,232861,209673,LAURITZEN INVESTMENTS INC,2911931,411651,NM,NE,Bloomfield,Agricultural Specialization,06/30/2026
13692,Brunswick State Bank,1,175606,158569,BSB BANCSHARES INC,3612244,413758,NM,NE,Brunswick,Agricultural Specialization,06/30/2026
13696,Nebraska State Bank,1,36596,32846,,,70955,NM,NE,Bristow,Agricultural Specialization,06/30/2026
13703,Greenville National Bank,1,641498,541490,GREENVILLE NATIONAL BCORP,1071566,295011,N,OH,Greenville,Commercial Lending Specialization,06/30/2026
13712,The Libertyville Savings Bank,1,384129,299050,LIBERTYVILLE SB EMPLOYEE STK OWNERSHIP TR,5904756,857745,NM,IA,Fairfield,Agricultural Specialization,06/30/2026
13715,The State Bank,1,88352,80260,STATE BANCO LTD,1245200,550448,NM,IA,Spirit Lake,All Other Under 1 Billion,06/30/2026
13735,Savings Bank,1,304820,242137,CAPITAL BANCSHARES INC,3104794,588348,NM,IA,Primghar,Agricultural Specialization,06/30/2026
13736,Maynard Savings Bank,1,108381,88183,FAYETTE BCORP,1204355,1009840,NM,IA,Maynard,Agricultural Specialization,06/30/2026
13737,Farmers & Merchants Bank & Trust,1,208229,187024,FARMERS&MERCHANTS BANCSHARES,2178631,888141,NM,IA,Burlington,All Other Under 1 Billion,06/30/2026
13748,The Upstate National Bank,1,294807,208830,,,313009,N,NY,Ogdensburg,Commercial Lending Specialization,06/30/2026
13753,Blue Grass Savings Bank,1,225489,185626,E M F CORP,1143913,794345,NM,IA,Blue Grass,Commercial Lending Specialization,06/30/2026
13774,Benton County State Bank,1,50750,38433,BLAIRSTOWN BCORP INC,1491708,824242,NM,IA,Blairstown,Agricultural Specialization,06/30/2026
13775,Farmers State Bank,1,232571,194331,FARMERS STATE BANCSHARES INC,1997862,105530,NM,TN,Mountain City,Commercial Lending Specialization,06/30/2026
13784,"Northern Interstate Bank, N. A.",1,193510,170838,NORTHERN INTERSTATE FINL INC,1871588,289056,N,MI,Norway,All Other Under 1 Billion,06/30/2026
13788,"Concordia Bank of Concordia, Missouri",1,129992,114115,NORTHERN MO BANCSHARES INC,1249495,164957,NM,MO,Concordia,Commercial Lending Specialization,06/30/2026
13794,McIntosh County Bank,1,118708,105939,MCINTOSH CNTY BK HOLDING,1143678,720858,NM,ND,Ashley,Agricultural Specialization,06/30/2026
13798,First National Bank in Fredonia,1,104413,92471,FIRST NATL BANCSHARES FREDONIA,1064081,844455,N,KS,Fredonia,Other Specialized Under 1 Billion,06/30/2026
13801,Farmers and Merchants Bank,1,306072,279485,FM FINCORP,1135196,372640,NM,IN,Laotto,Commercial Lending Specialization,06/30/2026
13802,The Twin Valley Bank,1,137600,126498,,,381026,SM,OH,West Alexandria,Commercial Lending Specialization,06/30/2026
13809,Minnstar Bank National Association,1,204003,180255,LAKE CRYSTAL BCORP INC,1126747,89854,N,MN,Lake Crystal,Commercial Lending Specialization,06/30/2026
13813,First National Bank in Pinckneyville,1,138388,124498,FIRST PERRY BCORP INC,1099579,340443,N,IL,Pinckneyville,All Other Under 1 Billion,06/30/2026
13816,Bank 1st,1,166052,128577,FNB BANSHARES INC,1204092,142049,SM,IA,West Union,Agricultural Specialization,06/30/2026
13819,Commercial State Bank,1,264422,237305,WAUSA BANSHARES INC,1051698,479754,NM,NE,Wausa,Commercial Lending Specialization,06/30/2026
13821,Cross Bank,1,593483,480686,CROSS COUNTY BANCSHARES INC,1131611,989347,NM,AR,Wynne,Agricultural Specialization,06/30/2026
13832,The Trust Bank,1,46964,39335,LINDSEY FAMILY TRUST,6010430,894834,NM,GA,Lenox,All Other Under 1 Billion,06/30/2026
13843,Kentland Bank,1,419374,321852,KENBANCORP,1206050,367543,NM,IN,Kentland,Agricultural Specialization,06/30/2026
13868,First State Bank Nebraska,1,1134968,989999,FIRST STATE HOLDING CO,1056581,499453,SM,NE,Lincoln,Agricultural Specialization,06/30/2026
13876,CNB Bank,1,8414627,7183689,CNB FINANCIAL CORP,1118340,399517,SM,PA,Clearfield,Commercial Lending Specialization,06/30/2026
13883,The Farmers State Bank,1,180482,158133,GALVA BANCSHARES INC,1064689,801056,NM,KS,Mcpherson,Agricultural Specialization,06/30/2026
13887,Farmers and Merchants Bank,1,307637,276852,FARMERS&MERCHANTS BANCSHARES,1086485,446130,NM,AL,Lafayette,All Other Under 1 Billion,06/30/2026
13892,Sandhills State Bank,1,382766,347118,SANDHILLS FINL SERVICES LLC,4042222,987259,NM,NE,North Platte,Agricultural Specialization,06/30/2026
13897,Farmers State Bank,1,385413,343630,FSC BANCSHARES INC,1067000,757452,NM,MO,Cameron,Mortgage Lending Specialization,06/30/2026
13902,Farmers State Bank of Medora,1,20369,17888,,,295646,NM,IL,Medora,Agricultural Specialization,06/30/2026
13905,First Texoma National Bank,1,225353,202285,FNB FINANCIAL SERVICES INC,1141227,388155,N,OK,Durant,Commercial Lending Specialization,06/30/2026
13919,"SouthTrust Bank, N.A.",1,578803,504400,LIVE OAK BANCSHARES CORP,1105685,521158,N,TX,George West,Commercial Lending Specialization,06/30/2026
13926,"The State Bank of Canton, Canton, Kansas",1,36584,28374,,,858153,NM,KS,Canton,Agricultural Specialization,06/30/2026
13931,State Bank of Schaller,1,40617,34940,CENTURY BANCSHARES INC,2598118,534242,NM,IA,Schaller,Agricultural Specialization,06/30/2026
13946,First Bank & Trust Company,1,255151,229318,FNBT BANCSHARES PERRY OK INC,1138133,640956,NM,OK,Perry,Agricultural Specialization,06/30/2026
13947,Alamosa State Bank,1,340264,297839,ALAMOSA BCORP LTD,1061222,869953,NM,CO,Alamosa,Agricultural Specialization,06/30/2026
13951,Community Bank of Louisiana,1,852855,791649,MANSFIELD BANCSHARES INC,1106365,974754,NM,LA,Mansfield,Other Specialized Under 1 Billion,06/30/2026
13953,Iowa State Bank,1,1257038,872978,VOGEL BANCSHARES INC,1249703,982348,SM,IA,Hull,Agricultural Specialization,06/30/2026
13955,Foundation Bank,1,217915,183224,FOUNDATION FINL HOLDINGS INC,1135280,480853,NM,TN,Mc Kenzie,All Other Under 1 Billion,06/30/2026
13959,CBW Bank,1,80511,53726,CB BANCSHARES CORP,3914872,71859,NM,KS,Weir,Other Specialized Under 1 Billion,06/30/2026
13960,The Bank of Houston,1,67358,51155,SUMMIT BANCSHARES INC,5297083,848453,NM,MO,Houston,Commercial Lending Specialization,06/30/2026
13962,Bank of Hartington,1,150982,136898,CEDAR BCORP,1063301,7456,SM,NE,Hartington,Agricultural Specialization,06/30/2026
13983,The Granville National Bank,1,118351,105129,GRANVILLE BANCSHARES INC,1206171,560830,N,IL,Granville,All Other Under 1 Billion,06/30/2026
13986,"Transact Bank, National Association",1,6475,5102,,,403254,N,CO,Denver,Commercial Lending Specialization,06/30/2026
13990,Palo Savings Bank,1,49179,45303,BANKERS EQUITY CORP,1201596,90047,NM,IA,Palo,Agricultural Specialization,06/30/2026
13999,The Farmers and Merchants State Bank,1,36044,32369,SCOTLAND HOLDING CO,1127856,425050,NM,SD,Scotland,Agricultural Specialization,06/30/2026
14009,Chelsea State Bank,1,416526,365974,CSB BCORP INC,3306824,711548,SM,MI,Chelsea,Commercial Lending Specialization,06/30/2026
14017,Middletown Valley Bank,1,1193543,1078923,COMMUNITY HERITAGE FINL INC,5292707,41825,NM,MD,Middletown,Commercial Lending Specialization,06/30/2026
14024,"Farmers and Merchants Bank of Mound City, Kansas",1,65019,59999,CUNNINGHAM AGENCY INC,1051410,274052,NM,KS,Mound City,All Other Under 1 Billion,06/30/2026
14025,Connections Bank,1,516611,456335,WELLS BANCSHARES INC,1248779,646556,NM,MO,Platte City,Commercial Lending Specialization,06/30/2026
14026,Scribner Bank,1,86922,72092,SCRIBNER BANSHARES INC,1056143,711753,NM,NE,Scribner,Agricultural Specialization,06/30/2026
14028,First Guaranty Bank,1,3892365,3464699,SMITH&HOOD HOLDING CO L L C,4991076,422433,NM,LA,Hammond,Commercial Lending Specialization,06/30/2026
14029,First Liberty Bank,1,885016,768323,FIRST LIBERTY HOLDINGS LLC,3435845,898850,NM,OK,Oklahoma City,Commercial Lending Specialization,06/30/2026
14036,The Missouri Bank,1,461453,403177,WARREN COUNTY BANCSHARES INC,1138393,309150,SM,MO,Warrenton,Commercial Lending Specialization,06/30/2026
14056,Farmers and Merchants Bank of St. Clair,1,343474,301134,SAINT CLAIR BANCSHARES INC,2591539,266851,NM,MO,Saint Clair,Commercial Lending Specialization,06/30/2026
14058,Great Plains State Bank,1,392018,340503,RAE VALLEY FINANCIALS INC,2761480,733559,NM,NE,Petersburg,Agricultural Specialization,06/30/2026
14065,Vallant Bank,1,3985347,3459158,VALLANT FINANCIAL INC,3145966,366238,NM,GA,Elberton,Commercial Lending Specialization,06/30/2026
14069,State Bank of Scotia,1,60976,48590,,,926650,NM,NE,Scotia,Agricultural Specialization,06/30/2026
14073,County National Bank,1,1364594,1105618,CNB COMMUNITY BCORP INC,3340015,682143,N,MI,Hillsdale,Commercial Lending Specialization,06/30/2026
14079,GNB Bank,1,621332,497952,GNB BCORP,1205950,724744,SM,IA,Grundy Center,Agricultural Specialization,06/30/2026
14083,Bison State Bank,1,125850,99027,BISON BANCSHARES INC,5806506,354,NM,KS,Bison,Commercial Lending Specialization,06/30/2026
14095,The First National Bank in Falfurrias,1,79369,71419,,,442655,N,TX,Falfurrias,Other Specialized Under 1 Billion,06/30/2026
14096,Generations Bank,1,58272,46830,GLAASS FINANCIAL LLC,4195285,1016558,NM,NE,Exeter,Agricultural Specialization,06/30/2026
14113,The Peoples State Bank,1,506621,444323,ELLETTSVILLE BANCSHARES INC,1206676,454546,NM,IN,Ellettsville,Commercial Lending Specialization,06/30/2026
14134,Passumpsic Savings Bank,1,934455,752956,PASSUMPSIC BCORP,2337081,300009,SI,VT,Saint Johnsbury,Mortgage Lending Specialization,06/30/2026
14136,Wells River Savings Bank,1,266865,234608,,,303701,SI,VT,Wells River,Mortgage Lending Specialization,06/30/2026
14140,Northfield Savings Bank,1,1576574,1329504,NORTHFIELD MHC,2934305,520003,SI,VT,Northfield,Commercial Lending Specialization,06/30/2026
14158,Union Bank,1,1558133,1100008,UNION BANKSHARES INC,1114940,333203,NM,VT,Morrisville,Commercial Lending Specialization,06/30/2026
14168,Peoples Trust Company of St. Albans,1,395438,348764,,,463605,NM,VT,Saint Albans,Commercial Lending Specialization,06/30/2026
14178,Silex Banking Company,1,98168,84433,SILEX BANCSHARES INC,1141263,552956,NM,MO,Silex,Agricultural Specialization,06/30/2026
14184,Marion Community Bank,1,364235,326196,MARION BANCSHARES INC,1248023,449832,NM,AL,Marion,Commercial Lending Specialization,06/30/2026
14185,"First State Bank and Trust Company, Inc.",1,658983,558719,FIRST ST BCORP COMBINED RETIREMENT BENEFIT PLAN,4101428,489548,SM,MO,Caruthersville,Agricultural Specialization,06/30/2026
14195,Farmers Trust and Savings Bank,1,422690,373787,KOSS-WINN BANCSHARES EMPLOYEE STK OWNERSHIP PLAN WITH 401 K PROVISIONS,2630773,825847,SM,IA,Buffalo Center,Agricultural Specialization,06/30/2026
14207,Lincoln Savings Bank,1,1712237,1474860,LINCOLN BCORP,1210169,589943,NM,IA,Reinbeck,Commercial Lending Specialization,06/30/2026
14208,Security Savings Bank,1,193714,161094,SECURITY FINANCIAL INC,2339928,616540,SM,IA,Gowrie,Agricultural Specialization,06/30/2026
14209,Farmers State Bank,1,1118564,919511,NEIGHBOR INSURANCE AGENCY INC,1200124,1006148,NM,IA,Marion,Commercial Lending Specialization,06/30/2026
14222,Security Financial Bank,1,1040797,827499,SECURITY FINL SERVICES CORP,2848804,450959,SM,WI,Durand,Agricultural Specialization,06/30/2026
14225,The Home National Bank of Thorntown,1,185555,166996,HOME NATIONAL CORP,1133183,696645,N,IN,Thorntown,Mortgage Lending Specialization,06/30/2026
14230,Malvern Bank,1,253216,217726,MALVERN BANCSHARES INC,3070415,756343,NM,IA,Malvern,Commercial Lending Specialization,06/30/2026
14247,United Bank and Trust Company,1,228389,199691,J E COONLEY CO,1209529,116741,NM,IA,Hampton,Agricultural Specialization,06/30/2026
14260,Walters Bank and Trust Company,1,70312,56549,,,536853,NM,OK,Walters,Agricultural Specialization,06/30/2026
14264,Cornhusker Bank,1,1049484,852763,CORNHUSKER GROWTH CORP,2022529,544652,SM,NE,Lincoln,Commercial Lending Specialization,06/30/2026
14266,National Bank of Commerce,1,2233301,1853061,"NATCOM BANCSHARES,INC",2665739,775456,N,WI,Superior,Commercial Lending Specialization,06/30/2026
14269,The Citizens State Bank,1,442401,381242,COMMUNITY BANCSHARES MARYSVILLE,2180223,572459,NM,KS,Marysville,Agricultural Specialization,06/30/2026
14275,Farmers and Merchants Bank,1,215432,165141,FM GROUP INC,2230249,516154,NM,NE,Milligan,Agricultural Specialization,06/30/2026
14276,"First Bank, Upper Michigan",1,629487,528331,FIRST BANCSHARES CORP,1978414,239556,NM,MI,Gladstone,Commercial Lending Specialization,06/30/2026
14281,First Bank of Utica,1,77373,62443,FIRST NATIONAL UTICA CO,1065109,391959,SM,NE,Utica,Agricultural Specialization,06/30/2026
14291,BANK,1,217421,193031,MORNING SUN BANK CORP,1205156,952846,SM,IA,Wapello,Commercial Lending Specialization,06/30/2026
14293,Citizens Bank & Trust,1,107251,93707,,,964250,NM,MO,Rock Port,Agricultural Specialization,06/30/2026
14311,Adams County Bank,1,241104,154566,FIRST KENESAW CO,1053870,9553,NM,NE,Kenesaw,Agricultural Specialization,06/30/2026
14312,Five Points Bank of Hastings,1,551656,488563,HOMETOWN BANC CORP,2482196,386450,SM,NE,Hastings,Agricultural Specialization,06/30/2026
14316,Conservation First Bank,1,127456,101296,BSB COMMUNITY BCORP INC,2983246,208347,NM,WI,Benton,Agricultural Specialization,06/30/2026
14327,Horizon Bank,1,574260,474946,,,663955,NM,NE,Waverly,Commercial Lending Specialization,06/30/2026
14331,FirstBank,1,684342,598290,FIRST ANTLERS BCORP INC,1133370,296456,SM,OK,Antlers,All Other Under 1 Billion,06/30/2026
14333,Commercial Bank and Trust of PA,1,357463,307655,COMMERCIAL NATL FINL CORP,1823738,945026,NM,PA,Latrobe,All Other Under 1 Billion,06/30/2026
14334,United Bank of Union,1,577546,491079,CARDINAL BCORP II INC,1248368,562058,NM,MO,Union,Commercial Lending Specialization,06/30/2026
14344,Farmers State Bank,1,42802,36195,PHILLIPS HOLDINGS INC,1989643,603559,SM,KS,Phillipsburg,Agricultural Specialization,06/30/2026
14349,Bank of Salem,1,147015,132902,JUDSON YOUNG MEMORIAL EDUCATION FOUNDATION,1094444,426758,NM,MO,Salem,All Other Under 1 Billion,06/30/2026
14352,Federation Bank,1,155836,133828,WASHINGTON BCORP,2604493,764142,NM,IA,Washington,Agricultural Specialization,06/30/2026
14355,The First Citizens National Bank of Upper Sandusky,1,389928,327060,,,230423,N,OH,Upper Sandusky,Commercial Lending Specialization,06/30/2026
14382,Fidelity Bank & Trust,1,2603348,2131878,FIDELITY CO,1203778,939249,NM,IA,Dubuque,Agricultural Specialization,06/30/2026
14392,Farmers Trust & Savings Bank,1,191554,138121,FTS FINANCIAL INC,1208483,382443,NM,IA,Williamsburg,Agricultural Specialization,06/30/2026
14399,Haskell National Bank,1,72625,63077,HASKELL BANCSHARES INC,1103494,170257,N,TX,Haskell,Agricultural Specialization,06/30/2026
14400,First National Bank in Tigerton,1,29258,25312,TIGERTON BCORP INC,1204720,74449,N,WI,Tigerton,All Other Under 1 Billion,06/30/2026
14410,City State Bank,1,787947,693189,ALBRECHT FINL SERVICES INC,2022725,252041,NM,IA,Norwalk,Commercial Lending Specialization,06/30/2026
14413,"Iowa State Bank and Trust Company of Fairfield, Iowa",1,352064,300897,IOWA ST FINL SERVICES CORP,2858399,651541,SM,IA,Fairfield,Agricultural Specialization,06/30/2026
14415,Bellevue State Bank,1,187655,156518,BELLEVUE STB EMPLOYEE STK OWNERSHIP PLAN,2307310,178244,NM,IA,Bellevue,Agricultural Specialization,06/30/2026
14420,FNB Bank,1,270262,234954,FIRST NATL BANCSHARES PROFIT SHARING&EMPLOYEE STK OWNERSHIP PLAN&TR,2267731,805250,NM,KS,Goodland,Agricultural Specialization,06/30/2026
14427,First National Bank in DeRidder,1,419041,379182,,,480433,N,LA,Deridder,Commercial Lending Specialization,06/30/2026
14445,Farmers and Merchants Union Bank,1,872148,751948,JEWEL BOX FINL SERVICES INC,2653071,51842,NM,WI,Columbus,Commercial Lending Specialization,06/30/2026
14488,Citizens Bank,1,357447,305372,CITIZENS FINANCIAL GROUP INC,1099784,1001853,NM,MO,New Haven,Commercial Lending Specialization,06/30/2026
14491,The Bank of Charlotte County,1,222803,194496,BCC BANKSHARES INC,2835680,667524,SM,VA,Phenix,All Other Under 1 Billion,06/30/2026
14492,HomeBank,1,733311,604268,BYRON B WEBB INC,1094480,697156,NM,MO,Palmyra,Agricultural Specialization,06/30/2026
14507,"CNB Bank, Inc.",1,805671,652455,CNB FINANCIAL SERVICES INC,2909200,944627,NM,WV,Berkeley Springs,Commercial Lending Specialization,06/30/2026
14513,Thumb Bank and Trust,1,673292,595812,THUMB BCORP EMPLOYEE STK OWNERSHIP PLAN,2972530,698649,SM,MI,Pigeon,Agricultural Specialization,06/30/2026
14521,Bank Iowa,1,2348695,1971381,BANK IOWA CORP,1202762,187947,SM,IA,West Des Moines,Agricultural Specialization,06/30/2026
14522,PCSB Bank,1,326082,294012,WHITMORE CO INC,1200049,188449,NM,IA,Clarinda,Agricultural Specialization,06/30/2026
14523,The Antwerp Exchange Bank Company,1,161306,148190,DIAMOND BANCSHARES INC,1129896,91615,NM,OH,Antwerp,All Other Under 1 Billion,06/30/2026
14531,Amarillo National Bank,1,10380511,9110679,AMARILLO NATIONAL BCORP INC,1107205,353555,N,TX,Amarillo,Commercial Lending Specialization,06/30/2026
14546,New Era Bank,1,453114,387702,NEW ERA BCORP INC,1119628,1014657,NM,MO,Fredericktown,Commercial Lending Specialization,06/30/2026
14556,Exchange State Bank,1,105044,88131,SOUTHEAST KS BANCSHARES INC,2124816,534859,NM,KS,Saint Paul,Agricultural Specialization,06/30/2026
14560,Union State Bank,1,117627,97363,,,903754,NM,WI,West Salem,All Other Under 1 Billion,06/30/2026
14567,First National Bank in Olney,1,469292,415418,SUMMIT BANCSHARES LTD,2267937,412845,N,IL,Olney,Agricultural Specialization,06/30/2026
14574,Odin State Bank,1,82424,74428,ODIN BANCSHARES INC,3072594,876157,NM,MN,Odin,Agricultural Specialization,06/30/2026
14578,Farmers State Bank,1,1314941,1160870,FS BCORP,1245479,113441,NM,IN,Lagrange,All Other Over 1 Billion,06/30/2026
14581,Clarkson Bank,1,81405,70670,CLARKSON BANCSHARES LLC,5686847,1007958,NM,NE,Clarkson,Agricultural Specialization,06/30/2026
14584,The First National Bank in Trinidad,1,250518,234300,REPUBLIC TRINIDAD CORP,1054073,474058,N,CO,Trinidad,All Other Under 1 Billion,06/30/2026
14587,University Bank,1,1242309,1061347,UNIVERSITY BCORP INC,1496253,137652,NM,MI,Ann Arbor,Mortgage Lending Specialization,06/30/2026
14597,Union Bank,1,710191,625856,UNION BANKSHARES INC,1099805,86349,SM,AR,Mena,All Other Under 1 Billion,06/30/2026
14604,Community Point Bank,1,259720,227434,RUSSELLVILLE BCORP INC,3658028,527057,NM,MO,Russellville,Agricultural Specialization,06/30/2026
14619,Savannah Bank National Association,1,187172,170256,,,647414,N,NY,Savannah,All Other Under 1 Billion,06/30/2026
14633,Community Savings Bank,1,613590,501413,COMMUNITY FINANCIAL CORP,1131488,646743,NM,IA,Edgewood,Agricultural Specialization,06/30/2026
14642,The Commercial Bank,1,284164,251379,COMMERCIAL BANK SHARES INC,1248742,349129,NM,SC,Honea Path,Other Specialized Under 1 Billion,06/30/2026
14644,The Malvern National Bank,1,728383,655381,MNB BANCSHARES INC,1099980,906241,N,AR,Malvern,Commercial Lending Specialization,06/30/2026
14646,Newfield National Bank,1,889115,784598,NEWFIELD BCORP INC,1830361,632410,N,NJ,Newfield,Commercial Lending Specialization,06/30/2026
14649,Community Bank,1,138336,122673,DUNLAP IOWA HOLDING CO,1207682,675042,NM,IA,Dunlap,Agricultural Specialization,06/30/2026
14650,Hills Bank and Trust Company,1,4794969,3525152,HILLS BCORP,1245291,731247,NM,IA,Hills,Commercial Lending Specialization,06/30/2026
14660,Bank of Prairie du Sac,1,744547,644308,PLOETZ INVESTMENTS PARTNERSHIP,2658496,997847,NM,WI,Prairie Du Sac,Commercial Lending Specialization,06/30/2026
14662,TrustBank,1,640220,557570,RICH LAND BCORP INC,1098161,338646,NM,IL,Olney,Commercial Lending Specialization,06/30/2026
14674,The First National Bank in Amboy,1,324517,264885,AMBOY BCORP INC,1491753,656032,N,IL,Amboy,Agricultural Specialization,06/30/2026
14679,Industrial Bank,1,774247,606994,IBW FINANCIAL CORP,2326179,536527,NM,DC,Washington,Commercial Lending Specialization,06/30/2026
14692,Peoples Bank,1,529640,464317,RIGLER INVESTMENT CO,1210730,968249,SM,IA,Clive,Agricultural Specialization,06/30/2026
14694,Cedar Valley Bank & Trust,1,126253,114472,D&D BANCSHARES INC,1363962,1014246,NM,IA,La Porte City,Agricultural Specialization,06/30/2026
14695,MA Bank,1,417292,364476,MACON-ATLANTA BCORP INC,1133062,34555,SM,MO,Macon,Agricultural Specialization,06/30/2026
14701,Bank of New Madrid,1,116622,98877,DIXIE BANCSHARES CORP,1095272,688556,NM,MO,New Madrid,Agricultural Specialization,06/30/2026
14705,DeWitt Bank & Trust Co.,1,277340,247711,DEWITT BCORP INC,1205576,668147,NM,IA,Dewitt,Agricultural Specialization,06/30/2026
14712,First National Bank,1,2032246,1510979,CAPITOL BCORP INC,1127294,355858,N,SD,Fort Pierre,Commercial Lending Specialization,06/30/2026
14722,Union Bank,1,396664,313479,UNION FINANCIAL CORP,1250204,390840,NM,MI,Grand Rapids,Commercial Lending Specialization,06/30/2026
14730,Frontier Bank,1,436363,388909,WHITCORP FINANCIAL CO,1051979,191355,NM,CO,Lamar,Agricultural Specialization,06/30/2026
14731,The Citizens National Bank of Quitman,1,133703,118963,LOWNDES BANCSHARES INC,3839340,774235,N,GA,Quitman,Agricultural Specialization,06/30/2026
14735,"First Community Bank of the Heartland, Inc.",1,505974,446306,FIRST TRUST FINANCIAL CORP,2156451,837149,SM,KY,Clinton,Agricultural Specialization,06/30/2026
14744,"Williamstown Bank, Inc.",1,236688,212285,,,918132,NM,WV,Williamstown,Commercial Lending Specialization,06/30/2026
14761,1NB Bank,1,318994,260084,FIRST NATL BCORP CARLYLE INC,1099618,614948,SM,IL,Carlyle,Agricultural Specialization,06/30/2026
14769,DMB Community Bank,1,835042,583621,DMB CORP INC,1135628,56548,NM,WI,Madison,Commercial Lending Specialization,06/30/2026
14772,Danville State Savings Bank,1,182623,158970,DANVILLE BANCSHARES INC,1250464,223845,NM,IA,New London,All Other Under 1 Billion,06/30/2026
14773,State Savings Bank,1,207176,181341,SSB BCORP INC,1203022,792640,NM,IA,Bedford,Agricultural Specialization,06/30/2026
14779,Citizens National Bank at Brownwood,1,303411,272429,BROWNWOOD BANCSHARES INC,1103373,233358,N,TX,Brownwood,Other Specialized Under 1 Billion,06/30/2026
14785,Citizens Savings Bank,1,77929,64598,GILMAN INVESTMENT CO,1202913,474544,NM,IA,Marshalltown,Agricultural Specialization,06/30/2026
14801,First State Bank & Trust,1,542573,466036,JORGENSON WILLISTON HOLDING CO,4237998,248455,NM,ND,Williston,Commercial Lending Specialization,06/30/2026
14807,Farmers Savings Bank,1,299087,260165,MARJON BCORP INC,1203460,774347,NM,IA,Colesburg,Agricultural Specialization,06/30/2026
14809,Heartland Bank,1,256056,203657,SOMERS BCORP,1249105,604547,NM,IA,Somers,Agricultural Specialization,06/30/2026
14812,TS Bank,1,432744,387438,TS BANKING GROUP INC,1207785,552545,NM,IA,Treynor,Agricultural Specialization,06/30/2026
14820,The Citizens National Bank of Hammond,1,23897,22000,,,855303,N,NY,Hammond,Mortgage Lending Specialization,06/30/2026
14836,First National Bank in New Bremen,1,467062,418147,,,204826,N,OH,New Bremen,Agricultural Specialization,06/30/2026
14851,Citizens Bank,1,1423669,1191628,CITCO COMMUNITY BANCSHARES INC,2244545,778738,NM,TN,Elizabethton,Commercial Lending Specialization,06/30/2026
14853,The First National Bank at St. James,1,37882,34624,FIRST NATL AGENCY SAINT JAMES,1142952,794653,N,MN,Saint James,All Other Under 1 Billion,06/30/2026
14857,State Street Bank and Trust Company,1,357069,315493,BACKLUND INV EMPLOYEE STK OWNERSHIP PLAN,5986136,352745,NM,IL,Quincy,Consumer Lending Specialization,06/30/2026
14864,Stockmens National Bank in Cotulla,1,124057,111665,,,818652,N,TX,Cotulla,Other Specialized Under 1 Billion,06/30/2026
14867,Home State Bank,1,480739,436945,GREENE INVESTMENT CO,1205905,653947,NM,IA,Jefferson,Commercial Lending Specialization,06/30/2026
14868,Peoples Savings Bank,1,189109,141959,PSB CORP,1210468,136048,NM,IA,Wellsburg,Agricultural Specialization,06/30/2026
14883,Community State Bank,1,553569,502303,COMMUNITY FINANCIAL CORP,1139738,502746,SM,IN,Avilla,Commercial Lending Specialization,06/30/2026
14885,First Bank,1,889887,816225,FIRST BCORP INC,1416701,451068,NM,AK,Ketchikan,Other Specialized Under 1 Billion,06/30/2026
14894,The Farmers Bank,1,282697,250684,FARMERS BCORP NICHOLASVILLE,1071771,485214,NM,KY,Nicholasville,All Other Under 1 Billion,06/30/2026
14899,Blue Sky Bank,1,1352864,1123828,N B C BANCSHARES PAWHUSKA INC,1065565,517357,SM,OK,Pawhuska,Commercial Lending Specialization,06/30/2026
14904,First Community Bank,1,115746,97758,NEWELL BANCSHARES INC,2382335,233246,NM,IA,Newell,Agricultural Specialization,06/30/2026
14907,The International Bank of Amherst,1,103590,88924,,,504647,NM,WI,Amherst,All Other Under 1 Billion,06/30/2026
14911,Shell Lake State Bank,1,361806,314186,SHELL LAKE BCORP INC,1139251,896155,NM,WI,Shell Lake,Mortgage Lending Specialization,06/30/2026
14912,Bank of Dixon County,1,141719,121619,KINGSBURY BDC FINL SERVICES,2467942,920359,NM,NE,Ponca,Agricultural Specialization,06/30/2026
14914,Collins State Bank,1,301164,260585,COMMUNITY CAPITAL BCORP INC,5617805,219044,NM,WI,Collins,Commercial Lending Specialization,06/30/2026
14920,The Hamler State Bank,1,125278,107352,,,887827,SM,OH,Hamler,Commercial Lending Specialization,06/30/2026
14922,F&M Bank,1,354597,311562,R DEAN PHILLIPS BK TR DATED 11-19-2004,5558681,542153,NM,NE,West Point,Agricultural Specialization,06/30/2026
14929,West Shore Bank,1,833574,720196,WEST SHORE BANK CORP,1206667,832546,NM,MI,Ludington,Commercial Lending Specialization,06/30/2026
14930,First Iowa State Bank,1,396119,358964,VAN BUREN BCORP EMPLOYEE STK OWNERSHIP PLAN,2139708,787842,SM,IA,Albia,Agricultural Specialization,06/30/2026
14952,The Lyon County State Bank,1,212499,183383,OTTAWA BANCSHARES INC,1056769,796657,NM,KS,Emporia,Commercial Lending Specialization,06/30/2026
14960,State Bank of Reeseville,1,169501,139635,RW BCORP LTD,2629834,159645,NM,WI,Reeseville,Agricultural Specialization,06/30/2026
14966,The Security National Bank of Enid,1,400374,365974,SECURITY FINL SERVICES CORP,1064504,119153,N,OK,Enid,Commercial Lending Specialization,06/30/2026
14969,Kish Bank,1,2084448,1518008,KISH BCORP INC,1141889,600419,NM,PA,Belleville,Commercial Lending Specialization,06/30/2026
14974,First State Bank and Trust,1,514926,457634,TONGANOXIE BANKSHARES INC,1059340,605656,NM,KS,Tonganoxie,Commercial Lending Specialization,06/30/2026
14982,Union State Bank,1,136473,125311,MADISON HOLDING CO,1204252,148340,NM,IA,Winterset,All Other Under 1 Billion,06/30/2026
14991,The Farmers State Bank,1,329610,289638,FSB FINANCIAL CORP,1071605,370721,NM,OH,New Madison,Agricultural Specialization,06/30/2026
14995,River Bank,1,1018687,755702,RIVER HOLDING CO,2486813,279842,NM,WI,Stoddard,Commercial Lending Specialization,06/30/2026
14999,The Port Austin State Bank,1,67750,54572,,,779641,NM,MI,Port Austin,All Other Under 1 Billion,06/30/2026
15010,Columbus Bank and Trust Company,1,274633,218781,COLBANK BCORP,4499983,241559,NM,NE,Columbus,Agricultural Specialization,06/30/2026
15019,First Bank,1,13032205,11101718,FIRST BCORP,1076431,216922,SM,NC,Southern Pines,Commercial Lending Specialization,06/30/2026
15032,First State Bank,1,1349122,1214315,FIRST STATE FINANCIAL CORP,1204177,113740,SM,MI,Eastpointe,Commercial Lending Specialization,06/30/2026
15035,Riverwind Bank,1,167823,153022,RIVERWIND BANCSHARES INC,5886094,855143,SM,AR,Augusta,Commercial Lending Specialization,06/30/2026
15038,The Valley State Bank,1,200512,174002,MORLEY BANCSHARES CORP,1472060,1005552,NM,KS,Belle Plaine,Mortgage Lending Specialization,06/30/2026
15046,The Peoples Community Bank,1,388775,339703,PEOPLES CMTY BANCSHARES INC,2516998,420644,NM,WI,Mazomanie,Commercial Lending Specialization,06/30/2026
15050,First State Bank,1,328117,292551,LONOKE BANCSHARES INC,1491614,10849,NM,AR,Lonoke,Commercial Lending Specialization,06/30/2026
15059,Louisiana National Bank,1,474030,413727,LOUISIANA BANCSHARES INC,1133400,109659,N,LA,Ruston,Commercial Lending Specialization,06/30/2026
15078,Junction National Bank,1,93032,84621,,,741152,N,TX,Junction,Agricultural Specialization,06/30/2026
15085,Arthur State Bank,1,831914,686089,JCO VENTURES LLC,3136982,591320,NM,SC,Union,Commercial Lending Specialization,06/30/2026
15091,Lake Ridge Bank,1,3353305,2788408,LAKE RIDGE BCORP INC,2336806,525549,NM,WI,Middleton,Commercial Lending Specialization,06/30/2026
15092,Richland County Bank,1,114101,96013,RICHLAND COUNTY BANCSHARES INC,2737971,331544,NM,WI,Richland Center,All Other Under 1 Billion,06/30/2026
15098,Union State Bank,1,44252,39064,,,866251,NM,KS,Olsburg,Agricultural Specialization,06/30/2026
15104,Bank of York,1,317679,274231,YORK BANCSHARES INC,1076208,922924,NM,SC,York,Other Specialized Under 1 Billion,06/30/2026
15105,Zavala County Bank,1,78989,69531,,,969956,NM,TX,Crystal City,Mortgage Lending Specialization,06/30/2026
15111,The Citizens State Bank,1,336186,294521,FLINT HILLS BANCSHARES INC,2111562,858854,NM,KS,Gridley,Agricultural Specialization,06/30/2026
15113,Bank of Greeleyville,1,160139,144109,SOUTHEASTERN BCORP INC,1250679,465524,NM,SC,Greeleyville,Commercial Lending Specialization,06/30/2026
15118,Gateway First Bank,1,2062041,1287319,GATEWAY FIRST BCORP INC,5610860,3851427,NM,OK,Jenks,Commercial Lending Specialization,06/30/2026
15136,Bank of Wisconsin Dells,1,1079952,927841,DELLS BANCSHARES INC,3059746,894348,NM,WI,Wisconsin Dells,Commercial Lending Specialization,06/30/2026
15146,Great North Bank,1,233360,174387,MULTI-BANK SERVICES LTD,5812767,576354,NM,WI,Florence,All Other Under 1 Billion,06/30/2026
15152,Black River Country Bank,1,101764,85249,BRAD INC,1978656,603540,NM,WI,Black River Falls,Agricultural Specialization,06/30/2026
15164,The Farmers State Bank of Westmoreland,1,257672,226240,,,615851,NM,KS,Westmoreland,Agricultural Specialization,06/30/2026
15165,Peoples State Bank of Munising,1,190380,142033,PEOPLES STATE BCORP INC,3072017,262956,NM,MI,Munising,Commercial Lending Specialization,06/30/2026
15194,KCB Bank,1,322296,283506,LAKIN BANCSHARES INC,1061594,5751,NM,KS,Lakin,Agricultural Specialization,06/30/2026
15200,Decorah Bank & Trust Company,1,794121,694681,SECURITY AGENCY INC,1201738,872047,NM,IA,Decorah,Agricultural Specialization,06/30/2026
15205,Bank3,1,491787,433817,BANC3 HOLDINGS INC,4953337,502652,NM,TN,Memphis,Commercial Lending Specialization,06/30/2026
15206,First State Bank,1,761734,669472,JANE AUSTIN CHAPMAN MGNT L C,6000749,264455,NM,TX,Athens,Commercial Lending Specialization,06/30/2026
15214,The First Central National Bank of St. Paris,1,96975,76820,CENTRAL BANCSHARES INC,2024318,538222,N,OH,St. Paris,Agricultural Specialization,06/30/2026
15216,Peoples Bank,1,192370,170260,SOUTH GEORGIA BANKSHARES CORP,1081725,715032,NM,GA,Lyons,Commercial Lending Specialization,06/30/2026
15228,The Bank of Kaukauna,1,176294,152916,BROGAN BANKSHARES INC,1202744,380944,NM,WI,Kaukauna,Commercial Lending Specialization,06/30/2026
15229,First Business Bank,1,4410309,3595858,FIRST BUS FINL SERVICES INC,1247428,537449,NM,WI,Madison,Commercial Lending Specialization,06/30/2026
15237,Johnson State Bank,1,96596,80698,JOHNSON STATE BANCSHARES INC,1059724,235950,NM,KS,Johnson,Agricultural Specialization,06/30/2026
15242,Northern State Bank,1,330768,297092,BAY AREA BANKING SHARES INC,1127799,625757,NM,WI,Ashland,All Other Under 1 Billion,06/30/2026
15243,Putnam County Bank,1,704221,617454,PUTNAM BANCSHARES INC,1139804,417626,SM,WV,Hurricane,Commercial Lending Specialization,06/30/2026
15249,United Citizens Bank & Trust Company,1,219331,197478,UNITED CITIZENS FINANCIAL CORP,1137145,336147,NM,KY,Campbellsburg,Commercial Lending Specialization,06/30/2026
15254,The Citizens State Bank and Trust Company,1,96101,84341,CENTRAL KANSAS BANCSHARES INC,5050578,442057,NM,KS,Council Grove,Agricultural Specialization,06/30/2026
15255,Greenfield Banking Company,1,151192,135367,GREENFIELD BANCSHARES INC,1247026,83955,NM,TN,Greenfield,Commercial Lending Specialization,06/30/2026
15258,The Farmers State Bank,1,86250,74358,FARMERS STATE BANKSHARES INC,1717707,863652,NM,KS,Holton,Agricultural Specialization,06/30/2026
15259,Elk State Bank,1,138687,109046,ELKCORP INC,1248041,679451,NM,KS,Clyde,Agricultural Specialization,06/30/2026
15261,The Citizens State Bank,1,137472,118367,HUGOTON BANCSHARES INC,1059573,937759,NM,KS,Hugoton,Agricultural Specialization,06/30/2026
15264,PSB Bank,1,854488,694091,RHINELAND BANCSHARES INC,4902906,242257,NM,MO,Rhineland,Commercial Lending Specialization,06/30/2026
15270,Merit Bank,1,581582,446627,MERIT HOLDINGS LLC,5335378,290838,NM,AL,Huntsville,Commercial Lending Specialization,06/30/2026
15271,First State Bank,1,558088,449776,FIRST STATE BANCSHARES INC,1975459,801047,NM,WI,New London,Commercial Lending Specialization,06/30/2026
15272,Marion County State Bank,1,628650,546564,PELLA FINANCIAL GROUP INC,1200245,97943,NM,IA,Pella,Agricultural Specialization,06/30/2026
15282,Heritage Community Bank,1,347775,296590,HERITAGE MANAGEMENT CO INC,3575723,499743,NM,MO,Union,Commercial Lending Specialization,06/30/2026
15286,Northern State Bank of Thief River Falls,1,549992,499308,GATO HOLDINGS INC,1907106,188056,NM,MN,Thief River Falls,Agricultural Specialization,06/30/2026
15305,The Denison State Bank,1,453577,369333,DENISON BANCSHARES INC HOLTON,1058286,869551,NM,KS,Holton,Agricultural Specialization,06/30/2026
15306,TruCommunity Bank,1,338222,282321,MCLEAN BANK HOLDING CO,1126523,808653,NM,ND,Garrison,Agricultural Specialization,06/30/2026
15310,"CB&S Bank, Inc.",1,3069404,2608415,CBS BANC-CORP,1493654,594433,NM,AL,Russellville,Commercial Lending Specialization,06/30/2026
15311,Iowa Falls State Bank,1,201504,162794,FSB FINANCIAL SERVICES INC,1204832,989141,NM,IA,Iowa Falls,Agricultural Specialization,06/30/2026
15321,First State Bank,1,674287,572188,VAN DIEST INVESTMENT CO,1205026,561145,NM,IA,Webster City,Agricultural Specialization,06/30/2026
15323,Silver Lake Bank,1,548246,444509,GIDEON MANAGEMENT L L C,3015582,326054,NM,KS,Topeka,Commercial Lending Specialization,06/30/2026
15324,Security Bank & Trust Company,1,1328769,1200358,FLAGSHIP FINANCIAL GROUP INC,1128675,1001059,NM,MN,Glencoe,Commercial Lending Specialization,06/30/2026
15326,The Union Banking Company,1,54524,45407,UNION BCORP INC,1071614,289225,NM,OH,West Mansfield,Mortgage Lending Specialization,06/30/2026
15334,Rolling Hills Bank & Trust,1,484409,416185,ANITA BCORP,1202838,882242,SM,IA,Atlantic,Agricultural Specialization,06/30/2026
15336,"Durden Banking Company, Incorporated",1,299174,252239,DURDEN BANKSHARES INC,2388663,101439,NM,GA,Twin City,Commercial Lending Specialization,06/30/2026
15345,TXN Bank,1,669161,613006,TXN BANCSHARES INC,3048991,77253,SM,TX,Hondo,Commercial Lending Specialization,06/30/2026
15346,Commerce Bank Texas,1,60644,51881,COMMERCE FINANCIAL CORP,3681905,174367,NM,TX,Stockdale,Other Specialized Under 1 Billion,06/30/2026
15347,Security Bank of Pulaski County,1,162925,146427,SECURITY BANCSHARES PULASKI CNTY,2250180,382854,NM,MO,Saint Robert,Commercial Lending Specialization,06/30/2026
15348,First Bank and Trust Company,1,58165,47119,CLINTON BANCSHARES INC,1055593,157856,SM,OK,Clinton,Other Specialized Under 1 Billion,06/30/2026
15355,Marion State Bank,1,142037,124029,MARION BANCSHARES INC,3828250,484057,NM,TX,Marion,Commercial Lending Specialization,06/30/2026
15359,Southern Bank and Trust Company,1,5304325,4828278,SOUTHERN BANCSHARES N C INC,1075694,717924,NM,NC,Mount Olive,Commercial Lending Specialization,06/30/2026
15362,Belt Valley Bank,1,89917,73981,,,223751,SM,MT,Belt,Commercial Lending Specialization,06/30/2026
15367,Farmers State Bank,1,196024,176761,GROESBECK BANCSHARES INC,1144228,461058,NM,TX,Groesbeck,Agricultural Specialization,06/30/2026
15399,RCB Bank,1,3984900,3485316,RCB HOLDING CO INC,1130584,945053,SM,OK,Claremore,All Other Over 1 Billion,06/30/2026
15405,Houghton State Bank,1,204840,169189,RED OAK FINANCIAL CORP,4771988,528241,NM,IA,Red Oak,Agricultural Specialization,06/30/2026
15415,"Peoples Bank of Wyaconda, Missouri",1,148456,131331,CLARK COUNTY BANCSHARES INC,1097995,223452,NM,MO,Kahoka,Agricultural Specialization,06/30/2026
15423,American Bank of Freedom,1,948266,736510,EVERGREEN BANCSHARES INC,3450521,568359,NM,MO,Wellsville,Commercial Lending Specialization,06/30/2026
15427,Chelsea Savings Bank,1,196910,173766,CHEBELLE CORP,1206779,771748,NM,IA,Belle Plaine,Agricultural Specialization,06/30/2026
15442,Robert Lee State Bank,1,42881,37168,ROBERT LEE BANCSHARES INC,2155212,803265,NM,TX,Robert Lee,Other Specialized Under 1 Billion,06/30/2026
15443,Lake Elmo Bank,1,529749,462567,LAKE ELMO BANCSHARES INC,2360043,1015850,NM,MN,Lake Elmo,Commercial Lending Specialization,06/30/2026
15444,American State Bank & Trust Company of Williston,1,643470,569129,AMERICAN STB HOLDING CO INC,2632571,244251,NM,ND,Williston,Commercial Lending Specialization,06/30/2026
15460,Spur Security Bank,1,140550,127258,DRY LAKE FINANCIAL LLC,5454288,409265,NM,TX,Spur,Commercial Lending Specialization,06/30/2026
15463,State Bank of De Kalb,1,519892,455140,,,621357,NM,TX,De Kalb,Commercial Lending Specialization,06/30/2026
15465,United Southern Bank,1,843004,769060,UNISOUTH INC,1141601,327435,NM,FL,Umatilla,Commercial Lending Specialization,06/30/2026
15469,The First State Bank of Ransom,1,48928,39935,WEST 4 BANCSHARES INC,5947294,471057,NM,KS,Ransom,Agricultural Specialization,06/30/2026
15472,First United Bank,1,810841,702138,FIRST HOLDING PARK RIVER,1140266,1011955,NM,ND,Park River,Agricultural Specialization,06/30/2026
15477,Citizens Bank of Americus,1,511051,453938,CBA BANKSHARES INC,1976625,19936,NM,GA,Americus,Commercial Lending Specialization,06/30/2026
15478,United Valley Bank,1,751561,628487,FIRST HOLDING CO CAVALIER INC,1140211,922559,NM,ND,Cavalier,Agricultural Specialization,06/30/2026
15480,Coleman County State Bank,1,295137,267079,COLEMAN BANCSHARES INC,1107072,761954,NM,TX,Coleman,Commercial Lending Specialization,06/30/2026
15489,West Plains Bank and Trust Company,1,767869,702505,WEST PLAINS BANCSHARES INC,1095852,317258,NM,MO,West Plains,Commercial Lending Specialization,06/30/2026
15496,First State Bank of Blakely,1,668198,533313,FIRST ST BANCSHARES BLAKELY,1139840,5135,NM,GA,Blakely,Agricultural Specialization,06/30/2026
15501,"The Lytle State Bank of Lytle, Texas",1,114617,101075,,,830252,NM,TX,Lytle,Other Specialized Under 1 Billion,06/30/2026
15510,Ameristate Bank,1,477720,426399,ATOKA STATE BCORP INC,1056983,508355,SM,OK,Atoka,Commercial Lending Specialization,06/30/2026
15511,First State Bank,1,1851537,1660611,RED RIVER BCORP INC,1132243,435750,SM,TX,Gainesville,Commercial Lending Specialization,06/30/2026
15519,Citizens State Bank,1,270086,239569,CSB FINANCIAL CORP,3647572,296755,NM,TX,Miles,Agricultural Specialization,06/30/2026
15523,Muenster State Bank,1,227042,192275,,,765662,NM,TX,Muenster,Other Specialized Under 1 Billion,06/30/2026
15532,CentreBank,1,119982,99066,LAWRENCE L OSBORN SCHOLARSHIP TR,1416989,163343,NM,IN,Veedersburg,Agricultural Specialization,06/30/2026
15539,First State Bank,1,424162,371883,FULL SERVICE INS AGENCY INC,1123858,917050,NM,ND,Buxton,Agricultural Specialization,06/30/2026
15546,Chillicothe State Bank,1,135179,122680,C S BANCSHARES INC,1138786,504142,NM,MO,Chillicothe,Agricultural Specialization,06/30/2026
15547,Bank of Lake Village,1,90590,71105,SOUTHEAST ARKANSAS BANK CORP,1137033,476445,SM,AR,Lake Village,Agricultural Specialization,06/30/2026
15555,Central Bank,1,2290918,1873992,COMMERCIAL FINANCIAL CORP,1978674,546544,SM,IA,Storm Lake,Commercial Lending Specialization,06/30/2026
15562,Pioneer Bank & Trust,1,1009488,896459,BELLE FOURCHE BANCSHARES INC,1143511,65559,NM,SD,Belle Fourche,Commercial Lending Specialization,06/30/2026
15565,First Southern Bank,1,1042148,904253,MIDWEST CMTY BANCSHARES INC,2603450,382649,NM,IL,Marion,Commercial Lending Specialization,06/30/2026
15566,Hoosier Heartland State Bank,1,356333,327308,HOOSIER HEARTLAND ST BCORP EMPLOYEE STK OWNERSHIP&SVG PLAN TR,5759732,157744,NM,IN,Crawfordsville,Agricultural Specialization,06/30/2026
15572,First National Bank of Pulaski,1,1499944,1333845,FIRST PULASKI NATIONAL CORP,1082393,972732,N,TN,Pulaski,Commercial Lending Specialization,06/30/2026
15578,Integrity Bank Plus,1,93364,81771,WABASSO BANCSHARES INC,1925913,897451,NM,MN,Wabasso,Agricultural Specialization,06/30/2026
15580,First Bank of Coastal Georgia,1,215722,189694,PUTNAM-GREENE FINANCIAL CORP,1246252,823638,NM,GA,Pembroke,Commercial Lending Specialization,06/30/2026
15584,Mid-Missouri Bank,1,946738,844282,MID-MISSOURI BANCSHARES INC,1133455,950141,NM,MO,Springfield,Commercial Lending Specialization,06/30/2026
15585,Bay Port State Bank,1,153373,136070,BAY PORT FINANCIAL CORP,2389978,961446,NM,MI,Bay Port,Agricultural Specialization,06/30/2026
15590,Taylor County Bank,1,243809,217254,TAYLOR COUNTY BANCSHARES INC,1119105,831941,NM,KY,Campbellsville,Commercial Lending Specialization,06/30/2026
15593,Ipswich State Bank,1,74245,62317,IPSWICH CMTY BANCSHARES INC,4394060,532453,NM,SD,Ipswich,Agricultural Specialization,06/30/2026
15597,Security State Bank of Kenyon,1,72198,63168,ELLINGSON CORP,1121881,984454,NM,MN,Kenyon,Agricultural Specialization,06/30/2026
15598,Horizon Financial Bank,1,201034,178546,MUNICH BANCSHARES INC,1126626,877350,NM,ND,Munich,Agricultural Specialization,06/30/2026
15606,The Hamilton Bank,1,119810,112878,PRISM GROUP INC,1854303,723550,NM,MO,Hamilton,Agricultural Specialization,06/30/2026
15610,Farmers and Merchants State Bank,1,271742,241082,FARMERS&MERCHANTS BCORP,1245321,145741,NM,IA,Winterset,Agricultural Specialization,06/30/2026
15614,West Bank,1,4029129,3351792,WEST BCORP INC,1210066,139740,NM,IA,West Des Moines,Commercial Lending Specialization,06/30/2026
15621,First Farmers & Merchants State Bank of Grand Meadow,1,93045,83231,215 HOLDING CO,1247576,77150,NM,MN,Grand Meadow,Agricultural Specialization,06/30/2026
15629,Quoin Financial Bank,1,250726,216512,INDEPENDENT BANCSHARES INC,2466235,592550,NM,SD,Miller,Agricultural Specialization,06/30/2026
15632,Greenfield Banking Company,1,930490,798582,GREENFIELD BANCSHARES INC,1205996,592644,NM,IN,Greenfield,Commercial Lending Specialization,06/30/2026
15651,State Bank & Trust Co.,1,197604,174330,AMES NATIONAL CORP,1202258,229342,NM,IA,Nevada,Agricultural Specialization,06/30/2026
15657,Alliance Bank Central Texas,1,1323064,1059148,ABCT HOLDINGS INC,3615441,601658,NM,TX,Woodway,Commercial Lending Specialization,06/30/2026
15663,First State Bank,1,951506,827958,FIRST STATE CORP,1083587,924236,NM,MS,Waynesboro,Commercial Lending Specialization,06/30/2026
15664,"Freedom Bank, Inc.",1,429710,380440,FREEDOM BANCSHARES INC,1250053,629522,NM,WV,Belington,Commercial Lending Specialization,06/30/2026
15669,MCBank,1,467170,429608,GOLDTHWAITE BANCSHARES INC,1103999,522753,NM,TX,Goldthwaite,Commercial Lending Specialization,06/30/2026
15671,The Bank of Clarendon,1,438284,387039,BANCSHARES OF CAROLINA INC,6055066,3720,NM,SC,Manning,Commercial Lending Specialization,06/30/2026
15675,Citizens Bank & Trust Company,1,383401,333872,FIRST BCORP INC,1099140,829041,NM,KY,Campbellsville,Commercial Lending Specialization,06/30/2026
15687,Grant County State Bank,1,395715,308205,GRANT CNTY ST BANCSHARES EMP STK OWNERSHIP PLAN,2920830,933340,NM,IN,Swayzee,All Other Under 1 Billion,06/30/2026
15690,Clear Lake Bank and Trust Company,1,649331,584970,ARNESON BANCSHARES INC,1840221,865544,SM,IA,Clear Lake,Commercial Lending Specialization,06/30/2026
15699,Pineland Bank,1,597074,532627,SOUTH BANKING CO,1081622,6039,NM,GA,Alma,Commercial Lending Specialization,06/30/2026
15701,The Seymour Bank,1,224749,194256,COTTONRUDY INVESTMENT CO,1095245,428855,NM,MO,Seymour,Agricultural Specialization,06/30/2026
15703,Town & Country Bank and Trust Company,1,433675,378046,FIRST FARMERS BANK HOLDING CO,1100112,692946,NM,KY,Bardstown,Commercial Lending Specialization,06/30/2026
15708,"The Casey County Bank, Inc.",1,508413,365620,CASEY COUNTY BCORP INC,1398768,646145,SM,KY,Liberty,All Other Under 1 Billion,06/30/2026
15728,"Dakota Community Bank & Trust, National Association",1,1388252,1240863,DAKOTA COMMUNITY BANSHARES INC,2265782,815156,N,ND,Hebron,Agricultural Specialization,06/30/2026
15729,Partners Bank,1,417095,354038,HELENA BANCSHARES INC,1129494,335346,NM,AR,Helena,Commercial Lending Specialization,06/30/2026
15731,Security Bank of Texas,1,175947,152633,ANCHOR BANCSHARES INC,4851675,435666,NM,TX,Crawford,Commercial Lending Specialization,06/30/2026
15734,Security Savings Bank,1,557378,495027,LARCH BCORP INC,1206658,811747,NM,SD,Canton,Agricultural Specialization,06/30/2026
15741,Commercial Bank of Mott,1,139977,116066,COMMERCIAL BK MOTT EMPLOYEE STK OWNERSHIP PLAN,2354592,1008553,NM,ND,Mott,Agricultural Specialization,06/30/2026
15749,The Security State Bank,1,64782,52173,EMERY SECURITY BCORP INC,1127771,285553,NM,SD,Emery,Agricultural Specialization,06/30/2026
15751,Flat Branch Bank,1,92799,79225,STATE HOLDING INC,5884885,786256,NM,MO,Richmond,Commercial Lending Specialization,06/30/2026
15752,First State Bank,1,1559346,1298095,TRI-COUNTY FINANCIAL GROUP INC,1139345,887340,NM,IL,Mendota,Commercial Lending Specialization,06/30/2026
15760,Citizens National Bank of Albion,1,348502,283894,CITIZENS BANCSHARES INC,2473260,853747,N,IL,Albion,Agricultural Specialization,06/30/2026
15762,First American Bank,1,34290,29511,,,321255,NM,OK,Stonewall,Agricultural Specialization,06/30/2026
15763,FIRST NATIONAL BANK OF NOKOMIS,1,181879,160597,FIRST NOKOMIS BCORP INC,1248809,330248,N,IL,Nokomis,Agricultural Specialization,06/30/2026
15771,Northeast Georgia Bank,1,650600,562946,FIRST SECURITY BANKSHARES INC,1085572,888833,NM,GA,Lavonia,Commercial Lending Specialization,06/30/2026
15772,Mediapolis Savings Bank,1,269855,225793,MEDIAPOLIS BCORP,2291398,826648,NM,IA,Mediapolis,Agricultural Specialization,06/30/2026
15778,Grant County Bank,1,58383,49168,,,361354,SM,OK,Medford,Agricultural Specialization,06/30/2026
15779,The Farmers & Merchants Bank,1,949397,784655,KUJAWA FAMILY HOLDINGS INC,3444203,574949,SM,WI,Berlin,Commercial Lending Specialization,06/30/2026
15784,"The Stock Exchange Bank, Caldwell, Kansas",1,90298,81799,STOCK EXCHANGE FINANCIAL CORP,1956702,671053,SM,KS,Caldwell,Mortgage Lending Specialization,06/30/2026
15792,Peoples Bank of Moniteau County,1,83160,73320,JAMESTOWN BANCSHARES INC,3300260,915056,NM,MO,Jamestown,Agricultural Specialization,06/30/2026
15797,Broadway National Bank,1,5422636,4856594,BROADWAY BANCSHARES INC,1106879,474254,N,TX,San Antonio,Commercial Lending Specialization,06/30/2026
15799,Premier Community Bank,1,552101,486585,M S B BCORP INC,1210749,597546,NM,WI,Marion,Commercial Lending Specialization,06/30/2026
15801,Farmers and Merchants Bank,1,565839,481208,FMB BANCSHARES INC,5725821,205243,SM,MS,Baldwyn,Commercial Lending Specialization,06/30/2026
15808,Iowa State Bank,1,480546,391998,IOWA STATE BANK HOLDING CO,1139792,662949,NM,IA,Des Moines,Commercial Lending Specialization,06/30/2026
15809,Security State Bank & Trust,1,2176648,1801984,SECURITY HOLDING CO,1107308,247355,NM,TX,Fredericksburg,Commercial Lending Specialization,06/30/2026
15815,Central Bank & Trust Co.,1,4011565,3119859,CENTRAL BANCSHARES INC,2158156,1007015,NM,KY,Lexington,Commercial Lending Specialization,06/30/2026
15817,Genesis Bank,1,97234,73788,GENESIS BCORP INC,5450178,659640,NM,MS,Benoit,Consumer Lending Specialization,06/30/2026
15820,Red River State Bank,1,110246,91694,RED RIVER FINL SERVICES INC,2142324,1005655,NM,MN,Halstad,Agricultural Specialization,06/30/2026
15826,The Claxton Bank,1,304795,249145,TCB FINANCIAL INC,2662596,452739,NM,GA,Bellville,Commercial Lending Specialization,06/30/2026
15839,Security State Bank,1,109846,79662,BURT BANCSHARES INC,1206032,750846,NM,IA,Algona,Agricultural Specialization,06/30/2026
15847,Sunrise Bank Dakota,1,57523,49688,ADINO CO THE,1134724,354253,NM,SD,Onida,Agricultural Specialization,06/30/2026
15853,The Farmers State Bank,1,26601,21166,,,652959,NM,KS,Fairview,Agricultural Specialization,06/30/2026
15871,The Peoples Bank,1,581801,522614,PEOPLES CORP THE,1097061,593249,NM,MS,Ripley,All Other Under 1 Billion,06/30/2026
15873,Milledgeville State Bank,1,215190,170647,MILLEDGEVILLE BCORP INC,1143454,895448,NM,IL,Milledgeville,Agricultural Specialization,06/30/2026
15883,DeMotte State Bank,1,622049,514858,DEMOTTE BCORP,1130164,539340,SM,IN,Demotte,Agricultural Specialization,06/30/2026
15898,First State Bank of Livingston,1,689298,595519,EAST TEXAS BANCSHARES INC,1135909,884358,SM,TX,Livingston,Other Specialized Under 1 Billion,06/30/2026
15899,Fusion Bank,1,280970,219121,FIRST STATE FINANCIAL CORP,1062425,9955,SM,KS,Larned,Commercial Lending Specialization,06/30/2026
15904,The Four County Bank,1,87120,75422,FOUR COUNTY BANCSHARES INC,1416457,7634,NM,GA,Allentown,All Other Under 1 Billion,06/30/2026
15908,Union State Bank,1,206183,175240,UNION STATE BANC HOLDING CORP,3834831,865759,SM,KS,Clay Center,Agricultural Specialization,06/30/2026
15912,Ives Bank,1,1733499,1369747,IVES MUTUAL HOLDING CO INC,5471360,626101,SI,CT,Danbury,Commercial Lending Specialization,06/30/2026
15913,First Community Bank and Trust,1,201671,170834,FIRST COMMUNITY BCORP INC,1208018,371232,SM,IL,Beecher,Commercial Lending Specialization,06/30/2026
15930,Maxwell State Bank,1,31745,27020,AGCOM HOLDINGS INC,5454345,694146,NM,IA,Maxwell,Agricultural Specialization,06/30/2026
15932,The Citizens Bank,1,1137975,1006124,CITIZENS BANCSHARES CORP,1357121,898627,NM,SC,Olanta,All Other Over 1 Billion,06/30/2026
15939,Peoples State Bank,1,139966,126481,,,660066,NM,TX,Rocksprings,Agricultural Specialization,06/30/2026
15945,Forest Park National Bank and Trust Company,1,322350,287995,FIRST FOREST PARK CORP,1203853,926632,N,IL,Forest Park,Commercial Lending Specialization,06/30/2026
15947,Iowa State Bank,1,392876,339896,CLARKEL INC,1209798,865142,NM,IA,Clarksville,Agricultural Specialization,06/30/2026
15953,Guaranty Bank and Trust Company,1,3069091,2648129,GUARANTY CAPITAL CORP,1096952,84541,NM,MS,Belzoni,Commercial Lending Specialization,06/30/2026
15966,Fulton Savings Bank,1,492262,283826,,,900502,SI,NY,Fulton,Mortgage Lending Specialization,06/30/2026
15969,Rondout Savings Bank,1,512033,449348,,,425108,SI,NY,Kingston,Mortgage Lending Specialization,06/30/2026
15970,Ulster Savings Bank,1,1392069,1237244,,,301800,SI,NY,Kingston,Commercial Lending Specialization,06/30/2026
15987,Walden Savings Bank,1,1020287,819580,,,341310,SB,NY,Montgomery,Commercial Lending Specialization,06/30/2026
15990,Watertown Savings Bank,1,970986,784288,,,298218,SI,NY,Watertown,Commercial Lending Specialization,06/30/2026
16026,Ridgewood Savings Bank,1,7548632,6013033,,,859712,SI,NY,Ridgewood,Commercial Lending Specialization,06/30/2026
16030,The North Country Savings Bank,1,373481,296572,,,166111,SI,NY,Canton,Mortgage Lending Specialization,06/30/2026
16032,Rhinebeck Bank,1,1469845,1302856,RHINEBECK BCORP MHC,3271230,195111,SI,NY,Rhinebeck,Commercial Lending Specialization,06/30/2026
16039,Sawyer Savings Bank,1,284735,234183,,,605610,SI,NY,Saugerties,Commercial Lending Specialization,06/30/2026
16068,Apple Bank,1,19887242,16131471,APPLE FINANCIAL HOLDINGS INC,3446412,249612,SI,NY,New York,Commercial Lending Specialization,06/30/2026
16075,Rayne State Bank & Trust Company,1,540519,479977,FINANCIAL CORP OF LOUISIANA,2227182,900034,NM,LA,Rayne,Commercial Lending Specialization,06/30/2026
16079,York State Bank,1,200163,167385,YORK HOLDINGS INC,4771997,731050,NM,NE,York,Agricultural Specialization,06/30/2026
16094,The Exchange State Bank,1,52726,47939,COUNTRY BCORP,1203910,362043,NM,IA,Springville,Agricultural Specialization,06/30/2026
16101,The Milford Bank,1,652010,511362,,,258306,SI,CT,Milford,Commercial Lending Specialization,06/30/2026
16111,Highland Bank,1,775919,684378,HIGHLAND BANCSHARES INC,1124659,764058,NM,MN,Saint Paul,Commercial Lending Specialization,06/30/2026
16114,Farmers State Bank & Trust Co.,1,174679,159678,FSB BANCSHARES INC,3371701,567736,NM,LA,Church Point,Commercial Lending Specialization,06/30/2026
16116,Nebraska Bank,1,551638,466864,FARMERS STATE BANCSHARES INC,4261005,143859,NM,NE,Dodge,Agricultural Specialization,06/30/2026
16120,"The Riley State Bank of Riley, Kansas",1,131965,115242,RILEY COUNTY BANCSHARES INC,1247389,532752,NM,KS,Riley,Agricultural Specialization,06/30/2026
16125,The Eastern Colorado Bank,1,720859,603050,WEED INVESTMENT GROUP INC,3189894,775054,NM,CO,Cheyenne Wells,Agricultural Specialization,06/30/2026
16126,Citizens Bank of the Midwest,1,238264,191609,NEWBURG INSURANCE AGENCY INC,1118621,44750,NM,MO,Rolla,Commercial Lending Specialization,06/30/2026
16127,FNB Community Bank,1,480189,430264,FIRST MIDWEST ACQUISITION CORP,1063619,839255,SM,OK,Midwest City,Commercial Lending Specialization,06/30/2026
16130,First National Bank Alaska,1,5123849,3685246,,,114260,N,AK,Anchorage,Commercial Lending Specialization,06/30/2026
16151,State Bank,1,74911,68195,EVERLY BCORP,1205259,651149,SM,IA,Spencer,Agricultural Specialization,06/30/2026
16152,The Peoples Bank,1,269675,234849,PEOPLES BANKSHARES INC,1085901,611031,NM,GA,Eatonton,Commercial Lending Specialization,06/30/2026
16154,Bank of Elgin,1,87275,74690,ANTELOPE BANCSHARES INC,2510183,485054,SM,NE,Elgin,Agricultural Specialization,06/30/2026
16160,Waukesha State Bank,1,1624971,1288902,BANK STREET CAPITAL CORP,5149043,290249,NM,WI,Waukesha,Commercial Lending Specialization,06/30/2026
16161,"Campbell County Bank, Inc.",1,240706,195904,,,293651,NM,SD,Herreid,Agricultural Specialization,06/30/2026
16162,First State Bank of the Ozarks,1,248896,220842,PURDY BANCSHARES INC,1096046,400057,NM,MO,Purdy,Agricultural Specialization,06/30/2026
16167,Bank419,1,98315,89004,METAMORA BCORP INC,1133204,533227,SM,OH,Metamora,All Other Under 1 Billion,06/30/2026
16175,West Alabama Bank & Trust,1,928951,806413,WEST ALABAMA CAPITAL CORP,1085255,501132,NM,AL,Reform,Commercial Lending Specialization,06/30/2026
16176,Johnson City Bank,1,146827,128839,PEDERNALES INVESTMENT CORP,1105630,977652,NM,TX,Johnson City,All Other Under 1 Billion,06/30/2026
16177,First State Bank,1,129707,113953,,,190947,NM,IA,Stuart,Agricultural Specialization,06/30/2026
16185,"The Samson Banking Company, Inc.",1,124461,106279,,,472531,NM,AL,Samson,Mortgage Lending Specialization,06/30/2026
16191,Stockman Bank of Montana,1,7746640,6212677,STOCKMAN FINANCIAL CORP,1126046,651859,NM,MT,Miles City,Commercial Lending Specialization,06/30/2026
16198,Mason City National Bank,1,91415,80069,MASON CITY BCORP INC,1399019,108746,N,IL,Mason City,Agricultural Specialization,06/30/2026
16201,Bank of Wolcott,1,280262,234200,WOLCOTT BCORP,1210208,729842,NM,IN,Wolcott,Agricultural Specialization,06/30/2026
16216,The Farmers & Merchants Bank,1,2015057,1718925,FARMERS&MERCHANTS BANKSHARES,1099672,677644,SM,AR,Stuttgart,Commercial Lending Specialization,06/30/2026
16221,Reliabank Dakota,1,788411,663596,BIG SIOUX FINANCIAL INC,1363980,108951,NM,SD,Estelline,Agricultural Specialization,06/30/2026
16222,The Sherwood State Bank,1,107533,89849,SHERWOOD BANC CORP,2705680,546320,NM,OH,Sherwood,Mortgage Lending Specialization,06/30/2026
16231,Dakota Heritage Bank,1,416750,366849,HUNTER HOLDING CO,1125674,860352,NM,ND,Hunter,Agricultural Specialization,06/30/2026
16243,Bank of Eastern Oregon,1,933601,814505,BEO BCORP,2615154,14865,NM,OR,Heppner,Agricultural Specialization,06/30/2026
16246,Commercial Banking Company,1,409506,361627,LOWNDES BANCSHARES INC,3839340,381932,SB,GA,Valdosta,Commercial Lending Specialization,06/30/2026
16247,Neighbors Bank,1,115638,82125,COLUMBIA BANCSHARES INC,4975496,503640,NM,MO,Clarence,Mortgage Lending Specialization,06/30/2026
16249,Devon Bank,1,418565,262578,DEVON BCORP INC,1131602,347639,NM,IL,Chicago,Commercial Lending Specialization,06/30/2026
16250,Marquette Bank,1,2094911,1754267,MARQUETTE NATIONAL CORP,1207486,716833,SM,IL,Chicago,Commercial Lending Specialization,06/30/2026
16265,Peoples Bank,1,1253069,1048083,PEOPLES BCORP,1249646,998844,NM,IA,Rock Valley,Agricultural Specialization,06/30/2026
16275,The Citizens Bank of Cochran,1,201374,169069,PUTNAM-GREENE FINANCIAL CORP,1246252,278733,NM,GA,Cochran,Commercial Lending Specialization,06/30/2026
16276,"Constitution Bank, National Association",1,683067,618559,COUNTRY BCORP INC,1098581,659341,N,IL,Hillsboro,Commercial Lending Specialization,06/30/2026
16281,First City Bank,1,22994,1087,,,6125996,NM,GA,Alpharetta,Other Specialized Under 1 Billion,06/30/2026
16282,Bank of Bearden,1,67384,60751,BEARDEN BANCSHARES INC,2993722,311144,NM,AR,Bearden,Commercial Lending Specialization,06/30/2026
16283,South Coast Bank & Trust,1,269831,239448,WB&T BANKSHARES INC,1493636,706030,NM,GA,Brunswick,Commercial Lending Specialization,06/30/2026
16288,Southern Bank,1,407877,358383,SOUTHERN FINANCIAL CORP,1141816,307334,NM,SC,Spartanburg,Commercial Lending Specialization,06/30/2026
16307,Manufacturers Bank & Trust Company,1,738183,640412,MBT CORP,2269977,215345,NM,IA,Forest City,Agricultural Specialization,06/30/2026
16318,Marseilles Bank,1,77599,68148,MARSEILLES BCORP INC,1491780,104542,NM,IL,Marseilles,All Other Under 1 Billion,06/30/2026
16330,Battle Creek State Bank,1,70997,61025,LOGAN VALLEY INVESTMENTS LLC,6013002,986757,SM,NE,Battle Creek,Commercial Lending Specialization,06/30/2026
16332,First State Bank and Trust,1,509624,464283,FIRST ST BCORP MONTICELLO EMPLOYEE STK OWNERSHIP PLAN,2310217,899642,NM,IL,Monticello,Other Specialized Under 1 Billion,06/30/2026
16333,First State Bank,1,232473,195654,LOOMIS CO,1058071,172859,NM,NE,Loomis,Agricultural Specialization,06/30/2026
16334,First State Bank of Odem,1,212646,181025,MUSTANG HOLDINGS GROUP LLC,6052524,776369,NM,TX,Odem,Commercial Lending Specialization,06/30/2026
16339,The Tri-County Bank,1,299260,272763,TRI-COUNTY CO,1058697,657954,NM,NE,Stuart,Agricultural Specialization,06/30/2026
16344,The State Bank of Pearl City,1,73399,65709,PEARL CITY BCORP INC,1246720,923949,NM,IL,Pearl City,All Other Under 1 Billion,06/30/2026
16363,Capra Bank,1,1343087,1106315,CAPRA FINANCIAL INC,5786738,1013744,NM,IA,Dubuque,Commercial Lending Specialization,06/30/2026
16369,The Citizens Bank,1,233344,209793,ENTERPRISE CAPITAL CORP INC,1080737,374130,NM,AL,Enterprise,Commercial Lending Specialization,06/30/2026
16370,The Hicksville Bank,1,220552,198250,EMPIRE BANCSHARES INC,1071333,892223,NM,OH,Hicksville,Agricultural Specialization,06/30/2026
16386,Brantley Bank and Trust Company,1,126857,115886,BRANTLEY BCORP INC,1084025,411231,NM,AL,Brantley,Commercial Lending Specialization,06/30/2026
16389,Bank of Travelers Rest,1,1602110,1424002,TRAVELERS REST BANCSHARES INC,2730383,589523,NM,SC,Travelers Rest,Commercial Lending Specialization,06/30/2026
16394,Table Grove State Bank,1,45904,40165,TG BANCSHARES INC,3685220,411549,NM,IL,Table Grove,Agricultural Specialization,06/30/2026
16396,Lafayette State Bank,1,252189,228987,LAFAYETTE BANKING CO,5636776,535931,NM,FL,Mayo,Commercial Lending Specialization,06/30/2026
16402,The Bennington State Bank,1,1419345,1224543,BERCO INC,1051906,1016259,NM,KS,Salina,Commercial Lending Specialization,06/30/2026
16410,Andover State Bank,1,232166,208214,ANDOVER FINANCIAL CORP,1063048,225054,NM,KS,Andover,Commercial Lending Specialization,06/30/2026
16413,Bank of Stronghurst,1,87647,77829,,,593940,NM,IL,Stronghurst,Agricultural Specialization,06/30/2026
16416,"FSNB, National Association",1,478276,369707,JRMB II INC,4208961,125154,N,OK,Lawton,Other Specialized Under 1 Billion,06/30/2026
16417,Citizens Bank & Trust Company,1,183708,162229,,,384830,NM,LA,Covington,Commercial Lending Specialization,06/30/2026
16418,BankSouth,1,1589684,1362821,BANKSOUTH HOLDING CO,1134313,88231,SB,GA,Greensboro,Commercial Lending Specialization,06/30/2026
16436,Centera Bank,1,318087,290545,SANTA FE TRAIL BANC SHARES INC,1057289,51459,NM,KS,Sublette,Agricultural Specialization,06/30/2026
16440,Farmers and Merchants Bank,1,170654,145588,SCREVEN BANCSHARES INC,1863239,4231,NM,GA,Sylvania,Other Specialized Under 1 Billion,06/30/2026
16448,Security State Bank,1,103039,95606,,,270652,NM,SD,Alexandria,Agricultural Specialization,06/30/2026
16450,Busey Bank,1,18147004,15157460,FIRST BUSEY CORP,1203602,416245,SM,IL,Champaign,Commercial Lending Specialization,06/30/2026
16453,Whitesville State Bank,1,137646,126285,BIG COAL RIVER BCORP INC,1135842,732637,NM,WV,Whitesville,All Other Under 1 Billion,06/30/2026
16464,Merchants & Planters' Bank,1,379374,340872,M&P CMTY BANCSHARES 401 K EMPLOYEE STK OWNERSHIP PLAN,3394429,99143,NM,AR,Newport,Agricultural Specialization,06/30/2026
16470,Jefferson Bank,1,2875424,2600565,JEFFERSON BANCSHARES INC,1109290,45560,NM,TX,San Antonio,Commercial Lending Specialization,06/30/2026
16473,First Bank,1,162379,124324,CORONADO INC,1055351,49652,NM,KS,Sterling,Agricultural Specialization,06/30/2026
16477,State Bank of Lakota,1,64184,57564,LAKOTA BANK HOLDING CO INC,1124994,678258,NM,ND,Lakota,Agricultural Specialization,06/30/2026
16501,"First Bankers Trust Company, National Association",1,1223841,1039435,FIRST BANKERS TRUSTSHARES INC,1404632,344647,N,IL,Quincy,Commercial Lending Specialization,06/30/2026
16516,Nebraska State Bank,1,25432,22322,,,514057,NM,NE,Lynch,Agricultural Specialization,06/30/2026
16539,Metairie Bank & Trust Company,1,666037,586207,MBT BANCSHARES INC,5164541,55336,NM,LA,Metairie,Commercial Lending Specialization,06/30/2026
16546,JD Bank,1,1259065,1120822,JD BANCSHARES INC,1833997,980531,NM,LA,Jennings,Commercial Lending Specialization,06/30/2026
16547,Bank Plus,1,144563,103377,SWEA CITY BCORP INC,1210084,329149,NM,IA,Estherville,Agricultural Specialization,06/30/2026
16553,Elkhorn Valley Bank & Trust,1,1490613,1118652,FEO INVESTMENTS INC,1891979,439356,NM,NE,Norfolk,Agricultural Specialization,06/30/2026
16561,State Bank of Easton,1,28367,23584,EASTON BANCSHARES INC,1134863,379050,NM,MN,Easton,Agricultural Specialization,06/30/2026
16571,BMO Bank National Association,1,254972746,194140429,BANK OF MONTREAL,1231333,75633,N,IL,Chicago,Commercial Lending Specialization,06/30/2026
16581,Citizens State Bank,1,80722,67018,ANTON BANCSHARES INC,1109209,489155,NM,TX,Anton,Commercial Lending Specialization,06/30/2026
16583,State Bank of Burrton,1,9316,8396,,,21256,SM,KS,Burrton,All Other Under 1 Billion,06/30/2026
16584,Carver State Bank,1,111233,93071,CARVER FINANCIAL CORP,3190023,370833,NM,GA,Savannah,Commercial Lending Specialization,06/30/2026
16585,Vermont State Bank,1,30974,21017,,,187648,NM,IL,Vermont,All Other Under 1 Billion,06/30/2026
16595,CCB Community Bank,1,661943,592454,SOUTHERN NATIONAL CORP,1020395,655839,NM,AL,Andalusia,Commercial Lending Specialization,06/30/2026
16600,First State Bank,1,187963,160540,BBS CORP,2049142,497655,NM,NM,Socorro,Other Specialized Under 1 Billion,06/30/2026
16601,Bank Northwest,1,210293,189046,CALDWELL COUNTY BANCSHARES INC,1870022,645157,NM,MO,Hamilton,Agricultural Specialization,06/30/2026
16603,The Peoples Bank,1,135315,119402,PEOPLES-MARION BCORP INC,2574886,446149,SM,KY,Marion,Agricultural Specialization,06/30/2026
16604,Bank Independent,1,2860149,2465650,BANCINDEPENDENT INC,1082209,539032,SM,AL,Sheffield,Commercial Lending Specialization,06/30/2026
16609,Rochelle State Bank,1,85642,76046,ST HLDGS INC,5481864,649632,NM,GA,Rochelle,Agricultural Specialization,06/30/2026
16612,FNB Picayune Bank,1,282264,240985,FIRST NATL CORP OF PICAYUNE,1083318,568939,SM,MS,Picayune,Commercial Lending Specialization,06/30/2026
16629,ESB Financial,1,381298,335938,NAMYAW CORP INC,1051670,918954,NM,KS,Emporia,Commercial Lending Specialization,06/30/2026
16635,Luminate Bank,1,554513,412749,LUMINATE CAPITAL CORP,5715064,310754,NM,MN,Minneapolis,Commercial Lending Specialization,06/30/2026
16636,The Torrington Savings Bank,1,1001277,803162,,,65205,SI,CT,Torrington,Commercial Lending Specialization,06/30/2026
16643,First State Bank,1,58203,51855,KIMBLE COUNTY BANCSHARES INC,4848237,603755,SM,TX,Junction,Other Specialized Under 1 Billion,06/30/2026
16652,Southwest Bank,1,693660,610601,ODESSA SW BANCSHARES INC,4415929,561864,NM,TX,Odessa,Commercial Lending Specialization,06/30/2026
16656,Security State Bank of Aitkin,1,114472,106696,SECURITY ST AGENCY AITKIN INC,1125441,267652,NM,MN,Aitkin,Commercial Lending Specialization,06/30/2026
16659,Northeast Bank,1,837317,760729,NORTHEAST SECURITIES CORP,1122422,689357,NM,MN,Minneapolis,Commercial Lending Specialization,06/30/2026
16664,The Paducah Bank and Trust Company,1,1067411,844234,PADUCAH BANK SHARES INC,1099908,285740,SM,KY,Paducah,Commercial Lending Specialization,06/30/2026
16666,Itasca Bank & Trust Co.,1,770773,691700,ITASCA BCORP INC,1209695,812436,NM,IL,Itasca,Commercial Lending Specialization,06/30/2026
16667,Washington State Bank,1,79058,70166,R&B MANAGEMENT CORP,1201804,480246,NM,IL,Washington,Mortgage Lending Specialization,06/30/2026
16689,Gibsland Bank & Trust Company,1,574319,458998,GIBSLAND BANCSHARES INC,1136102,734350,NM,LA,Gibsland,Commercial Lending Specialization,06/30/2026
16695,First State Bank,1,371883,326392,STRATFORD BANCSHARES INC,1138160,410560,NM,TX,Stratford,Agricultural Specialization,06/30/2026
16704,BANKWEST,1,239877,217508,BANKWEST FINANCIAL INC,1134872,791353,NM,MN,Rockford,Commercial Lending Specialization,06/30/2026
16707,South Central State Bank,1,192146,153602,CAMPBELL STATE CO,1061857,74056,NM,NE,Campbell,Agricultural Specialization,06/30/2026
16720,Western Bank,1,350495,313224,"WESTERN BANCSHARES OF NM,INC",1065453,709554,NM,NM,Artesia,Commercial Lending Specialization,06/30/2026
16723,Carolina Bank & Trust Co.,1,844589,727387,FIRST CAROLINA BANCSHARES CORP,1076525,355120,NM,SC,Lamar,Commercial Lending Specialization,06/30/2026
16733,North Star Bank,1,378726,340809,,,750051,NM,MN,Roseville,Commercial Lending Specialization,06/30/2026
16744,The Peoples State Bank,1,23489,17415,FIRST HOWARD BANKSHARES INC,1059519,741358,NM,KS,Cherryvale,Agricultural Specialization,06/30/2026
16752,National Bank of St. Anne,1,143238,126758,ST ANNE BCORP INC,3595431,760340,N,IL,St. Anne,Commercial Lending Specialization,06/30/2026
16753,Citizens State Bank,1,1219362,1050405,C S B BANCSHARES INC,2100089,261360,NM,TX,Somerville,Commercial Lending Specialization,06/30/2026
16757,The Campbell & Fetter Bank,1,354997,285599,C&F BANC SHARES CORP,1203901,398248,NM,IN,Kendallville,Mortgage Lending Specialization,06/30/2026
16780,Great Oaks Bank,1,422019,374424,GREAT OAKS FINL HOLDINGS INC,1129805,364131,NM,GA,Richmond Hill,Commercial Lending Specialization,06/30/2026
16788,Union State Bank,1,73846,65200,UNION STATE BANCSHARES INC,1055838,206950,NM,KS,Uniontown,Agricultural Specialization,06/30/2026
16795,All Capital Bank,1,176080,158445,ALLBANK HOLDING CO INC,5759983,14650,SM,OK,Locust Grove,Commercial Lending Specialization,06/30/2026
16810,Farmers and Merchants Bank,1,1054570,885610,COUNTRY BANK SHARES INC,1416831,455552,NM,NE,Milford,Agricultural Specialization,06/30/2026
16817,Citizens Bank,1,488811,441598,EAST TEXAS FINANCIAL CORP,1427556,744854,NM,TX,Kilgore,Commercial Lending Specialization,06/30/2026
16820,The Bank of Glen Burnie,1,394882,356991,GLEN BURNIE BCORP,2001328,628123,NM,MD,Glen Burnie,Commercial Lending Specialization,06/30/2026
16825,Sunmark Community Bank,1,556590,467483,SUNMARK BANCSHARES INC,1143566,100236,NM,GA,Perry,Commercial Lending Specialization,06/30/2026
16835,Prosperity Bank,1,43875300,32931140,PROSPERITY BANCSHARES INC,1109599,664756,NM,TX,El Campo,Commercial Lending Specialization,06/30/2026
16840,River Falls State Bank,1,143197,127516,RIVER FALLS BANCSHARES INC,2519805,955753,NM,WI,River Falls,Commercial Lending Specialization,06/30/2026
16849,First Arkansas Bank and Trust,1,1140573,985786,FIRST ARKANSAS BANCSHARES INC,1096550,466240,NM,AR,Jacksonville,Commercial Lending Specialization,06/30/2026
16852,"Citizens Deposit Bank of Arlington, Inc.",1,348186,287767,CARLISLE BCORP INC,1100318,959443,NM,KY,Arlington,Agricultural Specialization,06/30/2026
16854,Community 1st Bank Las Vegas,1,293857,265827,FNB FINANCIAL CORP,2921695,768458,NM,NM,Las Vegas,Commercial Lending Specialization,06/30/2026
16858,First American Bank and Trust Company,1,901901,753233,FIRST AMERICAN BCORP,1138188,921039,NM,GA,Athens,Commercial Lending Specialization,06/30/2026
16863,Citizens Independent Bank,1,314212,267025,BAKKEN SECURITIES INC,1129029,825753,NM,MN,Saint Louis Park,Commercial Lending Specialization,06/30/2026
16866,West Texas State Bank,1,443718,396507,SNYDER HOLDING CO,5534863,406666,NM,TX,Snyder,Commercial Lending Specialization,06/30/2026
16868,Corn Growers State Bank,1,40278,35282,MCHUGH INVESTMENT CO,1133138,177555,NM,NE,Murdock,Agricultural Specialization,06/30/2026
16889,United Community Bank,1,28987812,24073192,UNITED COMMUNITY BANKS INC,1249347,1017939,SM,SC,Greenville,Commercial Lending Specialization,06/30/2026
16891,Pilgrim Bank,1,714560,578430,PILGRIM BCORP,2098412,911160,NM,TX,Pittsburg,Commercial Lending Specialization,06/30/2026
16895,First State Bank of Bedias,1,224794,184675,BEDIAS FINANCIAL CORP,3069482,88352,NM,TX,Bedias,Agricultural Specialization,06/30/2026
16897,F&M Bank,1,419911,356798,WASHINGTON WILKES HOLDING CO,1137015,510330,NM,GA,Washington,Commercial Lending Specialization,06/30/2026
16900,Princeville State Bank,1,124420,102613,1870 HOLDINGS INC,3356632,670748,SM,IL,Princeville,Commercial Lending Specialization,06/30/2026
16906,State Bank of Taunton,1,46634,37140,TAUNTON BANCSHARES INC,3613540,205458,NM,MN,Taunton,Agricultural Specialization,06/30/2026
16908,SSB Bank,1,129923,104672,PRAIRIE BELL HOLDINGS INC,5907766,397858,NM,OK,Spiro,Commercial Lending Specialization,06/30/2026
16910,22nd State Banking Company,1,292182,241934,FEB BANCSHARES INC,3438051,449430,NM,AL,Mobile,Commercial Lending Specialization,06/30/2026
16916,F & M Bank and Trust Company,1,87395,77238,F&M HOLDING CO INC,1129458,937834,NM,GA,Manchester,Commercial Lending Specialization,06/30/2026
16941,The Farmers State Bank,1,84686,76993,WATHENA BANCSHARES INC,1250688,72351,NM,KS,Wathena,All Other Under 1 Billion,06/30/2026
16953,Bank of Clarks,1,58450,49156,CLARK BANCSHARES INC,1065266,76153,NM,NE,Clarks,Agricultural Specialization,06/30/2026
16958,Minnwest Bank,1,2940968,2570026,MINNWEST CORP,1141348,302656,NM,MN,Redwood Falls,Agricultural Specialization,06/30/2026
16959,Bank of Billings,1,104991,91245,FIRST MIAMI BANCSHARES INC,1061316,572347,NM,MO,Billings,Commercial Lending Specialization,06/30/2026
16968,The Peoples Bank,1,446694,393508,PEOPLES FINANCIAL GROUP INC,2916020,285928,NM,SC,Iva,Commercial Lending Specialization,06/30/2026
16970,"Peoples Bank of  Kentucky, Inc.",1,564890,489323,PEOPLES FLEMING CNTY BCORP INC,2356701,995517,NM,KY,Flemingsburg,Agricultural Specialization,06/30/2026
16971,SOLUTIONS NORTH BANK,1,469458,395506,STOCKTON BANCSHARES INC,1060131,612159,NM,KS,Stockton,Agricultural Specialization,06/30/2026
16976,Community State Bank of Orbisonia,1,473456,424305,ORBISONIA COMMUNITY BCORP INC,1248854,121914,NM,PA,Orbisonia,Mortgage Lending Specialization,06/30/2026
16980,Bank of Colorado,1,7610881,6628240,PINNACLE BCORP INC,1053272,255659,NM,CO,Fort Collins,Commercial Lending Specialization,06/30/2026
16982,Bank of Pontiac,1,1178764,1000333,PONTIAC BCORP INC,1207712,930442,SM,IL,Pontiac,Commercial Lending Specialization,06/30/2026
17001,First Security Bank and Trust Company,1,225955,180696,FSB BANCSHARES INC,3602058,377850,NM,OK,Oklahoma City,Commercial Lending Specialization,06/30/2026
17009,Central Bank of Kansas City,1,410192,336591,CENTRAL BANCSHARES KS CTY INC,1063084,751852,NM,MO,Kansas City,Commercial Lending Specialization,06/30/2026
17011,FNB SOUTH,1,734824,610355,FIRST BK SHARES OF THE S E INC,1134041,12030,NM,GA,Alma,Commercial Lending Specialization,06/30/2026
17040,Wilson & Muir Bank & Trust Company,1,818397,727607,WILSON&MUIR BCORP INC,1099122,899343,NM,KY,Bardstown,Commercial Lending Specialization,06/30/2026
17062,State Bank of Bellingham,1,46358,38437,BELLINGHAM CORP THE,1122132,272058,NM,MN,Bellingham,Agricultural Specialization,06/30/2026
17068,Labette Bank,1,544419,457189,LABETTE COUNTY BANKSHARES INC,1057784,483751,NM,KS,Altamont,Agricultural Specialization,06/30/2026
17073,The Peoples Bank,1,109322,95162,ATKINSON CNTY BANKSHARES CORP,1081332,575133,NM,GA,Willacoochee,Agricultural Specialization,06/30/2026
17077,First US Bank,1,1147614,1004093,FIRST US BANCSHARES INC,1086168,259330,NM,AL,Birmingham,Commercial Lending Specialization,06/30/2026
17094,HomeBank Texas,1,403017,354878,MTA BANCSHARES INC,4276344,522669,NM,TX,Seagoville,Commercial Lending Specialization,06/30/2026
17096,Liberty State Bank,1,159046,142166,LIBERTY BCORP INC,1126569,883351,NM,ND,Powers Lake,Agricultural Specialization,06/30/2026
17108,"Community Bank & Trust, Waco, Texas",1,649072,562566,COMMUNITY CO THE,1102200,549862,NM,TX,Waco,Commercial Lending Specialization,06/30/2026
17115,Partners Bank of New England,1,1087056,846966,SIS BCORP MHC,3815054,111205,SI,ME,Sanford,Commercial Lending Specialization,06/30/2026
17120,First Security Bank,1,976545,837744,SECURITY CAPITAL CORP,1098509,718145,NM,MS,Batesville,Commercial Lending Specialization,06/30/2026
17122,Lake Country Community Bank,1,31521,28196,MORRISTOWN HOLDING CO,1142868,706450,NM,MN,Morristown,Commercial Lending Specialization,06/30/2026
17123,Artisans' Bank,1,718226,642957,,,73116,SI,DE,Wilmington,Commercial Lending Specialization,06/30/2026
17138,Peoples State Bank,1,13910,12092,,,991854,NM,OK,Blair,Agricultural Specialization,06/30/2026
17145,Heritage Bank,1,611641,420541,HERITAGE GROUP INC,1055089,666554,NM,NE,Wood River,Agricultural Specialization,06/30/2026
17159,Bank of Utah,1,3785735,2954645,BOU BCORP INC,2935142,933975,NM,UT,Ogden,Commercial Lending Specialization,06/30/2026
17160,Cottonwood Valley Bank,1,38073,32684,CEDAR POINT BANCSHARES INC,1060690,921655,SM,KS,Cedar Point,Agricultural Specialization,06/30/2026
17162,Dairy State Bank,1,730298,630415,DAIRY STATE BCORP INC,1126121,57451,NM,WI,Rice Lake,Commercial Lending Specialization,06/30/2026
17169,State Bank & Trust Company,1,165089,145252,SBT BANCSHARES INC,2145950,485139,NM,LA,Golden Meadow,Commercial Lending Specialization,06/30/2026
17174,"Peoples State Bank, Fairmount, N. D.",1,38486,35634,DAKOTAH BANKSHARES INC,2359328,838155,NM,ND,Fairmount,Agricultural Specialization,06/30/2026
17180,Meredith Village Savings Bank,1,1644910,1350266,NEW HAMPSHIRE MUTUAL BCORP,4436559,576608,SI,NH,Meredith,Mortgage Lending Specialization,06/30/2026
17190,Bank of Camilla,1,188129,147610,CAMILLA BANCSHARES INC,2087939,124830,NM,GA,Camilla,Agricultural Specialization,06/30/2026
17193,The Warrington Bank,1,173938,144970,FIVE FLAGS BANKS INC,1129515,199137,NM,FL,Pensacola,Other Specialized Under 1 Billion,06/30/2026
17211,The Citizens Bank,1,1616832,1465633,CITIZENS BANCSHARES BATESVILLE,1131077,856748,SM,AR,Batesville,Commercial Lending Specialization,06/30/2026
17214,Citizens State Bank,1,507038,456621,,,523161,NM,TX,Sealy,Mortgage Lending Specialization,06/30/2026
17229,Henderson State Bank,1,678451,510748,HENDERSON STATE CO,1055847,97055,NM,NE,Henderson,Agricultural Specialization,06/30/2026
17230,Albank National Association,1,721796,591105,ALBANK CORP,1208933,2732,N,IL,Chicago,Commercial Lending Specialization,06/30/2026
17232,Sidney State Bank,1,138696,123084,SIDNEY BCORP,3621497,648345,NM,MI,Sidney,Mortgage Lending Specialization,06/30/2026
17241,North Central Bank,1,165914,144671,PUTNAM COUNTY BCORP INC,1136492,565536,NM,IL,Hennepin,Agricultural Specialization,06/30/2026
17259,St. Ansgar State Bank,1,182036,136248,ST ANSGAR BCORP,1208728,115146,SM,IA,Saint Ansgar,Agricultural Specialization,06/30/2026
17262,Essex Bank,1,536624,447929,,,961400,SI,CT,Essex,Commercial Lending Specialization,06/30/2026
17266,Columbia Bank,1,65367657,52191880,COLUMBIA BANKING SYSTEM INC,2078816,143662,NM,OR,Roseburg,Commercial Lending Specialization,06/30/2026
17280,The Bank of Tioga,1,412068,396606,TS BANKING GROUP INC,1207785,768953,NM,ND,Tioga,Agricultural Specialization,06/30/2026
17281,City National Bank,1,99102519,81510141,ROYAL BANK OF CANADA,1232497,63069,N,CA,Los Angeles,Commercial Lending Specialization,06/30/2026
17282,BankIowa,1,846173,712712,FIDELITY BAN CORP,1204337,737548,NM,IA,Cedar Rapids,Agricultural Specialization,06/30/2026
17308,Central Pacific Bank,1,7495070,6701667,CENTRAL PACIFIC FINANCIAL CORP,1022764,701062,SM,HI,Honolulu,Commercial Lending Specialization,06/30/2026
17317,Goppert State Service Bank,1,345334,311631,GOPPERT FINANCIAL CORP,1051380,850456,NM,KS,Garnett,Agricultural Specialization,06/30/2026
17320,Peoples Bank & Trust,1,656601,522194,PEOPLE FIRST BANCSHARES INC,1209480,922344,NM,IL,Pana,Agricultural Specialization,06/30/2026
17323,First State Community Bank,1,4505753,3777997,FIRST STATE BANCSHARES INC,1099917,707354,NM,MO,Farmington,Commercial Lending Specialization,06/30/2026
17327,Bank of Dickson,1,291033,261336,DICKSON FINANCIAL CORP,1085899,638131,NM,TN,Dickson,Mortgage Lending Specialization,06/30/2026
17348,South Story Bank & Trust,1,623907,491325,,,542340,NM,IA,Slater,Commercial Lending Specialization,06/30/2026
17350,First State Bank of San Diego,1,68247,61915,SAN DIEGO BANCSHARES INC,1832749,578862,NM,TX,San Diego,Other Specialized Under 1 Billion,06/30/2026
17369,Carson Bank,1,219864,201624,MULVANE BANKSHARES INC,1061455,171656,NM,KS,Mulvane,Commercial Lending Specialization,06/30/2026
17374,Mid-America Bank,1,573253,456424,MID-AMERICA BANKSHARES INC,2521059,919456,NM,KS,Baldwin City,Commercial Lending Specialization,06/30/2026
17375,The State Exchange Bank,1,50858,46521,,,571957,NM,KS,Mankato,Agricultural Specialization,06/30/2026
17388,M C Bank & Trust Company,1,709982,480553,DMMS MANAGEMENT LLC,6122146,1003839,SM,LA,Morgan City,Commercial Lending Specialization,06/30/2026
17393,German American Bank,1,8426559,7062648,GERMAN AMERICAN BCORP INC,1098620,37640,NM,IN,Jasper,Commercial Lending Specialization,06/30/2026
17399,Impact Bank,1,167248,152981,FIRST FINANCIAL CORP,1067514,369453,SM,KS,Wellington,Agricultural Specialization,06/30/2026
17410,The Bendena State Bank,1,131512,114741,BENDENA BANCSHARES INC,1056648,1008151,NM,KS,Bendena,Agricultural Specialization,06/30/2026
17411,Mountain Valley Bank,1,556545,445392,PLATTE VALLEY FINL SERVICE COMPANIES,2511014,475653,SM,CO,Walden,Commercial Lending Specialization,06/30/2026
17431,Stone Bank,1,950691,757734,MO ARK BANCSHARES INC,5812954,913146,SM,AR,Mountain View,Agricultural Specialization,06/30/2026
17437,Dacotah Bank,1,4922868,4349198,DACOTAH BANKS INC,1121229,256553,SM,SD,Aberdeen,Agricultural Specialization,06/30/2026
17438,First National Bank of America,1,6818824,3878684,FIRST NATIONAL BANCSHARES INC,1206313,413141,N,MI,East Lansing,Mortgage Lending Specialization,06/30/2026
17441,Dysart State Bank,1,16536,13275,DYSART BANCSHARES INC,1130717,602842,NM,IA,Dysart,Agricultural Specialization,06/30/2026
17443,Piscataqua Savings Bank,1,373351,298081,,,591209,SI,NH,Portsmouth,Mortgage Lending Specialization,06/30/2026
17446,Maverick Bank,1,809141,710550,MAVERICK BANCSHARES INC,5725997,455459,NM,TX,Fort Davis,Commercial Lending Specialization,06/30/2026
17450,Defiance State Bank,1,42615,33538,UNION BCORP,1416475,902645,NM,IA,Defiance,Agricultural Specialization,06/30/2026
17451,Halstead Bank,1,205904,187717,WILLIAMS HOLDING CO INC,1064513,747257,SM,KS,Halstead,Agricultural Specialization,06/30/2026
17453,Apple River State Bank,1,675231,548297,FIRST APPLE RIVER CORP,1143052,594938,NM,IL,Apple River,Agricultural Specialization,06/30/2026
17470,First Bank Chicago,1,2228645,1784813,FIRST BANK CHICAGO CORP,1205398,804338,NM,IL,Highland Park,Commercial Lending Specialization,06/30/2026
17477,United Bank & Trust,1,892914,714150,UBT BANCSHARES INC,3219577,990352,SM,KS,Marysville,Agricultural Specialization,06/30/2026
17478,FirsTier Bank,1,1048233,883197,FIRSTIER BCORP,3391147,536554,NM,NE,Kimball,Commercial Lending Specialization,06/30/2026
17491,PlainsCapital Bank,1,12684839,10655332,DIAMOND HTH STOCK CO GP LLC,5213690,637451,SM,TX,University Park,Commercial Lending Specialization,06/30/2026
17509,First State Bank,1,1184888,1058008,FIRST STATE BANK HOLDING CO,3897519,191935,NM,FL,Key West,Commercial Lending Specialization,06/30/2026
17513,The Fisher National Bank,1,375520,326182,FISHER BCORP INC,2616179,739832,N,IL,Fisher,Commercial Lending Specialization,06/30/2026
17514,Banterra Bank,1,3358778,3013755,BANTERRA CORP,3202832,502849,NM,IL,Marion,Commercial Lending Specialization,06/30/2026
17534,KeyBank National Association,1,188555486,158480379,KEYCORP,1068025,280110,N,OH,Cleveland,Commercial Lending Specialization,06/30/2026
17543,Bank of Dade,1,162311,151289,TRI-STATES BANKSHARES INC,1082898,441630,NM,GA,Trenton,All Other Under 1 Billion,06/30/2026
17551,Community State Bank,1,41402,33563,,,92144,NM,IA,Paton,Agricultural Specialization,06/30/2026
17563,Palmetto State Bank,1,597494,493664,PALMETTO STATE BANKSHARES INC,1076329,277820,NM,SC,Hampton,Other Specialized Under 1 Billion,06/30/2026
17572,First National Bank in Taylorville,1,200113,173922,FIRST BCORP OF TAYLORVILLE INC,1133585,177443,N,IL,Taylorville,Agricultural Specialization,06/30/2026
17580,FNBT BANK,1,628511,555937,SOUTHERN NATIONAL BANKS INC,1129823,697231,NM,FL,Fort Walton Beach,Other Specialized Under 1 Billion,06/30/2026
17587,Simmesport State Bank,1,198489,172951,,,844138,NM,LA,Simmesport,All Other Under 1 Billion,06/30/2026
17588,The First State Bank,1,895174,806762,LOUISE BANCSHARES INC,1141021,888552,NM,TX,Louise,Agricultural Specialization,06/30/2026
17603,The National Bank of Andrews,1,340522,298249,ANDREWS BANCSHARES INC,2348087,488653,N,TX,Andrews,Commercial Lending Specialization,06/30/2026
17607,The City State Bank,1,57652,52743,CITY BANCSHARES INC,1023145,738657,NM,KS,Fort Scott,Agricultural Specialization,06/30/2026
17612,Central Bank,1,1416138,1274359,CENTRAL BANCSHARES INC,1106468,31255,SM,TX,Houston,Commercial Lending Specialization,06/30/2026
17614,Farmers Bank & Trust,1,1053887,699090,FARMERS ENTERPRISES INC,1055155,482156,NM,KS,Great Bend,All Other Over 1 Billion,06/30/2026
17621,Basile State Bank,1,87437,78015,BASILE BANCSHARES INC,2937182,188739,NM,LA,Basile,All Other Under 1 Billion,06/30/2026
17622,Alden State Bank,1,318434,276436,,,388744,NM,MI,Alden,All Other Under 1 Billion,06/30/2026
17629,The Farmers State Bank of Blue Mound,1,57626,47912,KANSAS INVESTORS BANCSHARES,6054443,1017854,NM,KS,Blue Mound,Agricultural Specialization,06/30/2026
17632,The Farmers State Bank,1,19520,17368,,,976954,NM,KS,Dwight,Agricultural Specialization,06/30/2026
17636,Astra Bank,1,423288,371976,ASTRA FINANCIAL GROUP INC,1060917,1003455,NM,KS,Scandia,Agricultural Specialization,06/30/2026
17639,RVR Bank,1,570154,506463,FIRST STATE FREMONT INC,1247231,1155,NM,NE,Fremont,Commercial Lending Specialization,06/30/2026
17643,First National Bank,1,452824,425370,FIRST ALAMOGORDO BCORP NV INC,2522337,823450,N,NM,Alamogordo,Commercial Lending Specialization,06/30/2026
17650,"The Stockgrowers State Bank of Ashland, Kansas",1,227149,181252,STOCKGROWERS STB EMPLOYEE STK OWNERSHIP PLAN,3343070,424156,NM,KS,Ashland,Agricultural Specialization,06/30/2026
17658,Norway Savings Bank,1,2155525,1573957,NORWAY BCORP MHC,2835475,289702,SI,ME,Norway,Commercial Lending Specialization,06/30/2026
17661,The First State Bank of Healy,1,108820,86461,WEST 4 BANCSHARES INC,5947294,864855,NM,KS,Healy,Agricultural Specialization,06/30/2026
17671,Bank of Prairie Village,1,175688,158436,BLUE LION BANCSHARES INC,3470444,673851,NM,KS,Prairie Village,Commercial Lending Specialization,06/30/2026
17672,The Citizens State Bank,1,450637,382281,GOERING MANAGEMENT CO LLC,2961226,273550,NM,KS,Moundridge,Agricultural Specialization,06/30/2026
17676,Legacy Bank,1,864965,721830,COLWICH FINANCIAL CORP,1416448,785950,NM,KS,Colwich,Commercial Lending Specialization,06/30/2026
17685,Outdoor Bank,1,648754,572079,FOOTE FINANCIAL SERVICES LLC,5301140,43351,NM,KS,Manhattan,Commercial Lending Specialization,06/30/2026
17734,DLP Bank,1,301431,241525,REGENT CAPITAL CORP,3632000,853934,NM,FL,Starke,Other Specialized Under 1 Billion,06/30/2026
17735,City National Bank of West Virginia,1,6756219,5426267,CITY HOLDING CO,1076262,1011526,N,WV,Charleston,Commercial Lending Specialization,06/30/2026
17736,The Hometown Savings Bank,1,455656,406280,TERRE HAUTE SAVINGS MHC INC,2861773,697147,SI,IN,Terre Haute,Commercial Lending Specialization,06/30/2026
17739,Plains State Bank,1,828404,685753,PLAINS ACQUISITION CORP,3720082,972862,NM,TX,Humble,Commercial Lending Specialization,06/30/2026
17741,Maine Community Bank,1,2983602,2298659,MAINE COMMUNITY BCORP MHC,4902643,499501,SI,ME,Portland,Commercial Lending Specialization,06/30/2026
17743,Saco & Biddeford Savings Institution,1,1471276,1004302,,,339607,SI,ME,Saco,Commercial Lending Specialization,06/30/2026
17749,Bath Savings Institution,1,1503065,1154317,,,433505,SI,ME,Bath,Commercial Lending Specialization,06/30/2026
17751,Androscoggin Savings Bank,1,1764177,1430709,ANDROSCOGGIN BCORP MHC,2710796,132107,SI,ME,Lewiston,Commercial Lending Specialization,06/30/2026
17759,The Baltic State Bank,1,129580,119636,BANCORP OF BALTIC INC,5471931,112510,NM,OH,Baltic,Mortgage Lending Specialization,06/30/2026
17764,Centreville Bank,1,3152569,2296434,CENTREVILLE MHC,6030120,876700,SI,RI,West Warwick,Commercial Lending Specialization,06/30/2026
17767,Guaranty Bank and Trust Company,1,318547,274752,GREAT GUARANTY BANCSHARES INC,1083158,289739,NM,LA,New Roads,Commercial Lending Specialization,06/30/2026
17769,Bank of Hays,1,379202,338046,HANSTON INSURANCE AGENCY INC,1052293,746755,NM,KS,Hays,Agricultural Specialization,06/30/2026
17773,Blue Ridge Bank,1,199449,181813,BLUE RIDGE FINANCIAL CORP,3614668,174321,NM,SC,Walhalla,All Other Under 1 Billion,06/30/2026
17775,First State Bank,1,174318,148061,PAINT ROCK BANCSHARES INC,3938720,719964,NM,TX,Paint Rock,Agricultural Specialization,06/30/2026
17782,Pikes Peak National Bank,1,110763,93082,,,643658,N,CO,Colorado Springs,Commercial Lending Specialization,06/30/2026
17797,Rollstone Bank & Trust,1,816326,677264,RIVER RUN BCORP MHC,4267472,837608,SB,MA,Fitchburg,Commercial Lending Specialization,06/30/2026
17798,Beacon Bank and Trust,1,22201546,18647669,BEACON FINANCIAL CORP,2333663,782306,SM,MA,Boston,Commercial Lending Specialization,06/30/2026
17809,Citizens Bank,1,823403,702514,CITIZENS BCORP,2519038,98463,NM,OR,Corvallis,Agricultural Specialization,06/30/2026
17811,First National Bank in Port Lavaca,1,361331,294277,,,855264,N,TX,Port Lavaca,All Other Under 1 Billion,06/30/2026
17813,Bank of Hazelton,1,75774,67963,,,856458,NM,ND,Hazelton,Agricultural Specialization,06/30/2026
17825,Boelus State Bank,1,24362,20607,,,472250,NM,NE,Boelus,Agricultural Specialization,06/30/2026
17830,Citizens' Bank of Charleston,1,185140,146626,CITIZENS BCORP INC,2688596,376947,NM,MO,Charleston,Agricultural Specialization,06/30/2026
17832,Kaw Valley State Bank and Trust Company,1,295780,250564,KAW VALLEY BANCSHARES INC,1357103,368951,SM,KS,Wamego,Agricultural Specialization,06/30/2026
17838,"Wilmington Savings Fund Society, FSB",1,22565353,19313830,WSFS FINANCIAL CORP,3844269,437914,SB,DE,Wilmington,Commercial Lending Specialization,06/30/2026
17841,Vermilion Bank & Trust Company,1,145495,126108,VERMILION BANCSHARES CORP,1141898,754536,NM,LA,Kaplan,All Other Under 1 Billion,06/30/2026
17842,Texas Bank and Trust Company,1,4339112,3750159,RJ POPE MANAGEMENT GP LLC,5842250,949154,NM,TX,Longview,Commercial Lending Specialization,06/30/2026
17863,Sterling State Bank,1,461880,359533,STERLING FINANCIAL GROUP INC,1123410,144155,NM,MN,Austin,Commercial Lending Specialization,06/30/2026
17870,Cambridge Savings Bank,1,6980671,5350448,CAMBRIDGE FINANCIAL GROUP INC,2687795,758703,NM,MA,Cambridge,Commercial Lending Specialization,06/30/2026
17872,"First National Bank, Cortez",1,156897,137246,,,968155,N,CO,Cortez,Commercial Lending Specialization,06/30/2026
17878,Bank of Louisiana,1,110293,88993,BOL BANCSHARES INC,1247594,271136,NM,LA,New Orleans,Commercial Lending Specialization,06/30/2026
17881,Freedom Bank,1,301213,246380,AOB VENTURES INC,5164439,432058,NM,TX,Alamo,Commercial Lending Specialization,06/30/2026
17897,Kennebec Savings Bank,1,1871320,1406119,KENNEBEC SAVINGS MHC,4657121,583905,SI,ME,Augusta,Commercial Lending Specialization,06/30/2026
17903,Maquoketa State Bank,1,429013,327392,OHNWARD BANCSHARES INC,1200311,683449,SM,IA,Maquoketa,Agricultural Specialization,06/30/2026
17906,American Bank & Trust Company,1,267045,221711,AMERICAN BCORP INC,1085349,83834,NM,LA,Opelousas,Commercial Lending Specialization,06/30/2026
17913,First National Bank of Fort Stockton,1,153461,137748,FNB HOLDING CO,3668223,397456,N,TX,Fort Stockton,Commercial Lending Specialization,06/30/2026
17922,Strasburg State Bank,1,104174,93413,STRASBURG BANSHARES INC,1125692,890957,NM,ND,Strasburg,Agricultural Specialization,06/30/2026
17927,Vintage Bank Kansas,1,288580,231372,VINTAGE BCORP INC,4399337,45458,NM,KS,Leon,Agricultural Specialization,06/30/2026
17933,Blue Ridge Bank and Trust Co.,1,866612,714014,BLUE RIDGE BANCSHARES INC,1891317,935250,NM,MO,Independence,Commercial Lending Specialization,06/30/2026
17937,Franklin Bank & Trust Company,1,803588,650733,FRANKLIN BCORP INC,1098152,493844,NM,KY,Franklin,Commercial Lending Specialization,06/30/2026
17943,Liberty Bank,1,9379852,7122676,LIBERTY FINANCIAL CORP,6005472,587800,SI,CT,Middletown,Commercial Lending Specialization,06/30/2026
17950,First State Bank,1,478050,429106,FSB BANCSHARES INC,2344650,796152,NM,TX,Clute,Commercial Lending Specialization,06/30/2026
17951,Franklin Savings Bank,1,931389,776069,FRANKLIN BCORP MHC,4459848,491402,SI,NH,Franklin,Commercial Lending Specialization,06/30/2026
17959,The Dolores State Bank,1,456306,357327,,,63050,NM,CO,Dolores,Commercial Lending Specialization,06/30/2026
17960,Merrimack County Savings Bank,1,1407191,1164347,NEW HAMPSHIRE MUTUAL BCORP,4436559,74403,SI,NH,Concord,Commercial Lending Specialization,06/30/2026
17964,State Bank of Southern Utah,1,2738337,2395707,SOUTHERN UTAH BCORP,2169871,656470,NM,UT,Cedar City,Commercial Lending Specialization,06/30/2026
17975,The Commercial Bank Of Ozark,1,115195,107586,COMMERCIAL BANCSHARES OZARK,2581718,522034,NM,AL,Ozark,Commercial Lending Specialization,06/30/2026
17979,Castroville State Bank,1,269697,241275,,,742056,NM,TX,Castroville,All Other Under 1 Billion,06/30/2026
17982,The Walton State Bank,1,13026,10069,WSB FINANCIAL INC,5787744,490955,NM,KS,Walton,Other Specialized Under 1 Billion,06/30/2026
17985,First Hawaiian Bank,1,23648513,20165198,FIRST HAWAIIAN INC,1025608,980661,NM,HI,Honolulu,Commercial Lending Specialization,06/30/2026
17993,Keystone Savings Bank,1,200758,168684,KEYSTONE COMMUNITY BCORP,1131367,931944,NM,IA,Marengo,Commercial Lending Specialization,06/30/2026
17995,Bank of Greeley,1,54409,46764,GREELEY BANCSHARES INC,1472006,857259,NM,KS,Greeley,Agricultural Specialization,06/30/2026
18012,Bank of New Hampshire,1,2803647,2395923,BNH FINANCIAL,2545831,265407,SM,NH,Laconia,Commercial Lending Specialization,06/30/2026
18013,Mascoma Bank,1,3034815,2617488,MASCOMA MUTUAL FINL SERVICES,3846106,268006,SM,NH,Lebanon,Commercial Lending Specialization,06/30/2026
18019,Patriots Bank,1,268819,233416,GARNETT BANCSHARES INC,1057896,297051,NM,KS,Garnett,Commercial Lending Specialization,06/30/2026
18028,Sugar River Bank,1,424308,364341,SUGAR RIVER BCORP MHC,4191399,92706,SI,NH,Newport,Mortgage Lending Specialization,06/30/2026
18030,Savings Bank of Walpole,1,857937,784503,NEW HAMPSHIRE MUTUAL BCORP,4436559,598002,SI,NH,Walpole,Commercial Lending Specialization,06/30/2026
18033,Security Bank of the Ozarks,1,155063,143951,EMINENCE BANKSHARES INC,1140613,956358,NM,MO,Eminence,Commercial Lending Specialization,06/30/2026
18038,Claremont Savings Bank,1,619704,473576,,,47500,SI,NH,Claremont,Commercial Lending Specialization,06/30/2026
18053,Bank of Hawaii,1,23808407,20965195,BANK OF HAWAII CORP,1025309,795968,SM,HI,Honolulu,Mortgage Lending Specialization,06/30/2026
18059,The Bank of Commerce,1,2344611,1933308,,,324863,NM,ID,Ammon,Commercial Lending Specialization,06/30/2026
18063,COREBANK,1,122079,107002,,,474656,NM,OK,Waynoka,Commercial Lending Specialization,06/30/2026
18071,The Watkins Savings Bank,1,86717,75019,,,437044,NM,IA,Watkins,Agricultural Specialization,06/30/2026
18094,Marquette Farmers State Bank of Marquette,1,33592,28183,,,388258,NM,KS,Marquette,Agricultural Specialization,06/30/2026
18100,CoreFirst Bank & Trust,1,1255376,1061678,COMMERCE B&T HOLDING EMPLOYEE STK OWNERSHIP PLAN,2883298,361055,NM,KS,Topeka,Commercial Lending Specialization,06/30/2026
18101,"The Farmers State Bank of Bucklin, Kansas",1,60836,52101,,,14753,NM,KS,Bucklin,Agricultural Specialization,06/30/2026
18109,TriCentury Bank,1,213787,135076,ASTRA FINANCIAL CORP,2723862,196752,NM,KS,De Soto,Commercial Lending Specialization,06/30/2026
18118,Bank of the Plains,1,445593,390499,PLAINS BANCSHARES INC,4552981,302553,NM,KS,Plains,Commercial Lending Specialization,06/30/2026
18120,"The Farmers State Bank of Aliceville, Kansas",1,179563,143708,,,138051,NM,KS,Westphalia,Agricultural Specialization,06/30/2026
18129,BankNewport,1,3067450,2445015,OCEANPOINT FINL PARTNERS MHC,3297481,546003,SM,RI,Middletown,Commercial Lending Specialization,06/30/2026
18136,First National Bank of Wauchula,1,87550,76217,FIRST HARDEE HOLDING CORP,2376558,89135,N,FL,Wauchula,All Other Under 1 Billion,06/30/2026
18143,Oconee State Bank,1,744122,658345,OCONEE FINANCIAL CORP,2729499,573036,NM,GA,Watkinsville,Commercial Lending Specialization,06/30/2026
18145,State Bank of Eagle Butte,1,80272,70861,,,403656,NM,SD,Eagle Butte,Agricultural Specialization,06/30/2026
18155,Bridge City State Bank,1,246781,199740,ODOM AMTEX HOLDINGS TRUST THE,5679326,43959,NM,TX,Bridge City,Commercial Lending Specialization,06/30/2026
18164,Garfield County Bank,1,107999,90593,GARFIELD COUNTY BANCSHARES INC,1842551,608358,NM,MT,Jordan,Agricultural Specialization,06/30/2026
18165,The Stockgrowers State Bank,1,128326,94887,MAPLE HILL BANCSHARES INC,1064410,265452,NM,KS,Maple Hill,All Other Under 1 Billion,06/30/2026
18171,Bank of O'Fallon,1,377540,324149,SECURITY FIRST BANCSHARES INC,3176661,410748,NM,IL,O'Fallon,Commercial Lending Specialization,06/30/2026
18185,Community National Bank & Trust of Texas,1,1681828,1419753,COMMUNITY BK HOLDINGS TX INC,1104017,738769,N,TX,Corsicana,Commercial Lending Specialization,06/30/2026
18190,Union Savings Bank,1,3303137,2549911,USB BCORP INC,5301421,443205,SI,CT,Danbury,Commercial Lending Specialization,06/30/2026
18194,Ascend Bank,1,1494910,1318424,ASCEND MUTUAL HOLDING,5419700,831008,SI,CT,Guilford,Commercial Lending Specialization,06/30/2026
18198,Ion Bank,1,2783038,2277893,ION FINANCIAL MHC INC,3912766,407506,SM,CT,Naugatuck,Commercial Lending Specialization,06/30/2026
18199,Newtown Savings Bank,1,1871941,1569743,NSB MUTUAL HOLDING CO,5045444,507509,SI,CT,Newtown,Mortgage Lending Specialization,06/30/2026
18200,Dime Bank,1,1205489,933480,,,311603,SI,CT,Norwich,Commercial Lending Specialization,06/30/2026
18204,First County Bank,1,2422335,1919482,,,958204,SI,CT,Stamford,Commercial Lending Specialization,06/30/2026
18213,Fairfield County Bank,1,1919913,1469248,FAIRFIELD COUNTY BANK MHC,3824373,882701,SI,CT,Ridgefield,Commercial Lending Specialization,06/30/2026
18227,Stafford Savings Bank,1,507036,202250,,,113003,SI,CT,Stafford Springs,Other Specialized Under 1 Billion,06/30/2026
18229,Northwest Community Bank,1,1255449,1058235,CONNECTICUT MUTUAL HOLDING CO,2937100,545604,SI,CT,Winsted,Commercial Lending Specialization,06/30/2026
18237,Jewett City Savings Bank,1,493863,400593,,,820301,SI,CT,Jewett City,Commercial Lending Specialization,06/30/2026
18238,Chelsea Groton Bank,1,1752542,1192278,,,345309,SI,CT,Groton,Mortgage Lending Specialization,06/30/2026
18258,Thomaston Savings Bank,1,1934794,1688877,,,120609,SI,CT,Thomaston,Commercial Lending Specialization,06/30/2026
18266,Northern Bank & Trust Company,1,3384849,2823074,NORTHERN BCORP INC,1246935,900306,NM,MA,Woburn,Commercial Lending Specialization,06/30/2026
18272,Community State Bank,1,1746309,1263225,QCR HOLDINGS INC,2125813,790543,SM,IA,Ankeny,Commercial Lending Specialization,06/30/2026
18284,Farmers Savings Bank,1,215295,173680,FOSTORIA BANKSHARES INC,1416569,624648,NM,IA,Fostoria,Commercial Lending Specialization,06/30/2026
18296,Hawaii National Bank,1,871698,772275,HAWAII NATIONAL BANCSHARES INC,1142439,915065,N,HI,Honolulu,Commercial Lending Specialization,06/30/2026
18297,Southside Bank,1,8758892,6173200,SOUTHSIDE BANCSHARES INC,1245068,361167,NM,TX,Tyler,Commercial Lending Specialization,06/30/2026
18301,First State Bank,1,150794,122913,SOUTH TEXAS BANCSHARES INC,3361506,524766,NM,TX,Shallowater,Commercial Lending Specialization,06/30/2026
18302,Producer Bank of Texas,1,58749,43261,PRODUCER BCORP INC,5962635,856869,NM,TX,Powell,Commercial Lending Specialization,06/30/2026
18344,UBank,1,1046394,945730,UBANK HOLDINGS INC,1109601,917555,NM,TX,Huntington,Commercial Lending Specialization,06/30/2026
18355,North Dallas Bank & Trust Co.,1,1809980,1557820,,,490450,NM,TX,Dallas,Commercial Lending Specialization,06/30/2026
18356,Citizens State Bank,1,194658,166115,DIXON BANCSHARES INC,1969485,413543,NM,IA,Sheldon,Agricultural Specialization,06/30/2026
18361,Coulee Bank,1,524374,428116,COULEE BANCSHARES INC,1126989,457752,NM,WI,La Crosse,Commercial Lending Specialization,06/30/2026
18374,Security State Bank,1,1033925,727851,SECURITY BANCSHARES INC,1248836,319551,NM,KS,Scott City,Agricultural Specialization,06/30/2026
18378,Security State Bank of Wanamingo,1,112715,96732,WANAMINGO BANCSHARES INC,1135271,211851,NM,MN,Wanamingo,Agricultural Specialization,06/30/2026
18380,First Independent Bank,1,147638,131352,FIRST IND BANCSHARES INC,1364053,366658,NM,MO,Aurora,All Other Under 1 Billion,06/30/2026
18384,Northeast Security Bank,1,461927,379052,INDEPENDENCE BANCSHARES INC,1206201,442244,NM,IA,Sumner,Agricultural Specialization,06/30/2026
18385,Regional Missouri Bank,1,597401,500732,RMB BANCSHARES INC,1904963,579140,NM,MO,Marceline,Agricultural Specialization,06/30/2026
18389,Western Commerce Bank,1,863536,779501,WESTERN COM BANCSHARES CARLSBAD,1109227,169756,NM,NM,Carlsbad,Commercial Lending Specialization,06/30/2026
18394,Farmers Savings Bank,1,140318,115350,BEAMAN BANCSHARES INC,1889499,741844,NM,IA,Marshalltown,Agricultural Specialization,06/30/2026
18400,Iowa Trust & Savings Bank,1,521983,396416,EMMETSBURG BANK SHARES INC,1131901,649342,NM,IA,Emmetsburg,Commercial Lending Specialization,06/30/2026
18402,Blackhawk Bank & Trust,1,2036767,1602358,BLACKHAWK BCORP INC,1823345,890742,NM,IL,Milan,Commercial Lending Specialization,06/30/2026
18408,Bangor Savings Bank,1,7739717,5722766,BANGOR BCORP MHC,3547999,419406,SI,ME,Bangor,Commercial Lending Specialization,06/30/2026
18409,"TD Bank, National Association",1,342803746,277668163,TORONTO-DOMINION BANK THE,1238565,497404,N,DE,Wilmington,All Other Over 1 Billion,06/30/2026
18429,Morton Community Bank,1,5349867,4722069,HOMETOWN CMTY BCORP EMPLOYEE STK OWNERSHIP PLAN&TR,2762795,825146,NM,IL,Morton,Commercial Lending Specialization,06/30/2026
18431,First Bank Kansas,1,618519,561623,OTTAWA BANCSHARES INC,1056769,192558,NM,KS,Salina,Commercial Lending Specialization,06/30/2026
18443,CUSB Bank,1,812110,699301,HOW-WIN DEVELOPMENT CO,1200496,900146,SM,IA,Cresco,Agricultural Specialization,06/30/2026
18448,Security State Bank,1,119048,109010,DRAKE HOLDING CO,1208410,527749,NM,IA,Radcliffe,Agricultural Specialization,06/30/2026
18463,GreatAmerica Bank National Association,1,449962,56137,GREATAMERICA HOLDINGS INC,6122436,225942,N,IA,Cedar Rapids,All Other Under 1 Billion,06/30/2026
18474,First Kansas Bank,1,294355,275248,OTTAWA BANCSHARES INC,1056769,1492817,NM,KS,Hoisington,Mortgage Lending Specialization,06/30/2026
18483,Andes State Bank,1,28197,24199,RANDALL BANCSHARES INC,1245246,410159,NM,SD,Lake Andes,Agricultural Specialization,06/30/2026
18489,Adams Bank & Trust,1,1291499,1098142,ADAGE LLC,5006472,463650,SM,NE,Ogallala,Agricultural Specialization,06/30/2026
18503,Cathay Bank,1,24640966,21115175,CATHAY GENERAL BCORP,1843080,595869,NM,CA,Los Angeles,Commercial Lending Specialization,06/30/2026
18508,First Security State Bank,1,87325,74130,EVANS BANCSHARES INC,1130726,681043,NM,IA,Evansdale,Commercial Lending Specialization,06/30/2026
18514,First New Mexico Bank,1,275141,230858,FIRST NM FINANCIAL CORP,1107830,712956,NM,NM,Deming,Commercial Lending Specialization,06/30/2026
18518,Westside State Bank,1,268714,208411,HALBUR BANCSHARES INC,1209024,972143,NM,IA,Westside,All Other Under 1 Billion,06/30/2026
18519,First Service Bank,1,1022815,919202,FIRST SERVICE BANCSHARES INC,1137266,458544,NM,AR,Greenbrier,Commercial Lending Specialization,06/30/2026
18561,"Sunrise Banks, National Association",1,2780318,2514730,UNIVERSITY FINL GBC DBA SUNRISE BANKS,1139103,860053,N,SD,Sioux Falls,Commercial Lending Specialization,06/30/2026
18564,First National Bank of Brookfield,1,419581,334666,BROOKFIELD BANCSHARES INC,4477075,465038,N,IL,Brookfield,Commercial Lending Specialization,06/30/2026
18566,Peoples Bank of Kankakee County,1,375569,328319,ROMY HAMMES INC,1201813,821036,NM,IL,Bourbonnais,Commercial Lending Specialization,06/30/2026
18568,Community Bank of Easton,1,43006,34091,UIR ACCEPTANCE CORP,5951291,958231,NM,IL,Easton,Agricultural Specialization,06/30/2026
18569,Peoples State Bank,1,1502133,1189475,PSB HOLDINGS INC,2321419,340144,NM,WI,Wausau,Commercial Lending Specialization,06/30/2026
18576,Bank of Texas,1,543558,451200,TALL CITY BANCSHARES INC,3929821,925653,SM,TX,Midland,Commercial Lending Specialization,06/30/2026
18584,Commercial Bank,1,552692,475188,COMMERCIAL NATL FINL CORP,1249299,513340,NM,MI,Ithaca,Commercial Lending Specialization,06/30/2026
18592,First Bank of Owasso,1,639268,538660,,,637554,NM,OK,Owasso,Commercial Lending Specialization,06/30/2026
18609,American Bank of Commerce,1,1862140,1443781,AMERICO BANCSHARES INC,1107193,215662,NM,TX,Wolfforth,Commercial Lending Specialization,06/30/2026
18610,The Union State Bank of Everest,1,427293,382035,EVEREST BANCSHARES INC,1057515,736550,SM,KS,Everest,Agricultural Specialization,06/30/2026
18618,SMBC MANUBANK,1,6596628,5564446,SUMITOMO MITSUI FINL GROUP INC,3133262,930965,NM,CA,Los Angeles,Commercial Lending Specialization,06/30/2026
18620,Citizens Bank & Trust Co. of Jackson,1,217266,190888,JOHN R TURNER HOLDING CO,2753869,765318,NM,KY,Jackson,Commercial Lending Specialization,06/30/2026
18641,First Bank and Trust Company of Illinois,1,228579,189514,AMERINATIONAL CMTY SERVICES LLC,5880113,646444,NM,IL,Palatine,Commercial Lending Specialization,06/30/2026
18660,Charter Bank,1,292346,265192,CHARTER BANCSHARES INC,2963556,814458,NM,TX,Corpus Christi,Commercial Lending Specialization,06/30/2026
18677,Victory Bank,1,284764,250010,VICTORY FINANCIAL CORP,5786484,304762,NM,TX,Lubbock,Commercial Lending Specialization,06/30/2026
18698,Texas State Bank,1,425535,354178,TEXAS BCORP INC,2472973,748964,NM,TX,San Angelo,Commercial Lending Specialization,06/30/2026
18710,North Valley Bank,1,268639,215206,CITIZENS INVESTMENT CO,1050226,350750,NM,CO,Thornton,Commercial Lending Specialization,06/30/2026
18719,Grand Timber Bank,1,64545,53863,MIDCOUNTRY ACQUISITION CORP,5281989,918356,NM,MN,Mcgregor,Commercial Lending Specialization,06/30/2026
18724,Citizens State Bank,1,35554,27771,CARLETON AGENCY INC,1052949,235558,NM,NE,Carleton,Agricultural Specialization,06/30/2026
18734,"Newtek Bank, National Association",1,2473353,2219171,NEWTEKONE INC,5586741,502111,N,FL,Miami,Commercial Lending Specialization,06/30/2026
18740,Heartland Bank,1,911086,754605,GENEVA STATE CO,1834396,88455,NM,NE,Geneva,Agricultural Specialization,06/30/2026
18748,Bruning Bank,1,659944,560442,BRUNING BANCSHARES INC,1840753,71457,NM,NE,Bruning,Agricultural Specialization,06/30/2026
18761,Foundation One Bank,1,182244,155525,FOUNDATION FIRST CORP,3822874,102557,NM,NE,Waterloo,Commercial Lending Specialization,06/30/2026
18780,Sundown State Bank,1,307665,269607,SUNDOWN BANKSHARES INC,1104389,412667,NM,TX,Sundown,Agricultural Specialization,06/30/2026
18820,Cedar Rapids State Bank,1,174942,157446,CEDAR RAPIDS STATE CO,1065202,1005851,NM,NE,Cedar Rapids,Commercial Lending Specialization,06/30/2026
18841,Phelps County Bank,1,621719,565513,PHELPS CNTY BK EMPLOYEE STK OWNERSHIP PLAN,1249600,342054,NM,MO,Rolla,Commercial Lending Specialization,06/30/2026
18856,Oklahoma Capital Bank,1,196308,159847,SOONER SW BANKSHARES INC,2411619,284154,SM,OK,Tulsa,Commercial Lending Specialization,06/30/2026
18858,The Hocking Valley Bank,1,354021,312012,HOCKING VALLEY BANCSHARES INC,2170868,230610,SM,OH,Athens,Commercial Lending Specialization,06/30/2026
18879,Kennett Trust Bank,1,122110,97273,KENNETT BANCSHARES INC,1136308,795959,NM,MO,Kennett,All Other Under 1 Billion,06/30/2026
18880,First National Bank of Gillette,1,651928,570050,FIRST NB GILLETTE HOLDING CO,1057908,890050,N,WY,Gillette,Mortgage Lending Specialization,06/30/2026
18885,Neighborhood National Bank,1,312188,252143,PEOPLES BANKSHARES INC,1124024,705556,N,MN,Mora,All Other Under 1 Billion,06/30/2026
18892,Kress National Bank,1,63707,57475,KRESS NATIONAL BANCSHARES INC,2741307,995955,N,TX,Kress,Agricultural Specialization,06/30/2026
18895,First National Bank of Lake Jackson,1,218367,211115,AUSTIN COLONY INC,1130829,560353,N,TX,Lake Jackson,Other Specialized Under 1 Billion,06/30/2026
18922,Tri City National Bank,1,1952347,1748284,TRI CITY BANKSHARES CORP,1203974,242444,N,WI,Oak Creek,Commercial Lending Specialization,06/30/2026
18924,Old Glory Bank,1,276783,268655,OLD GLORY HOLDING CO,5752014,116554,NM,OK,Elmore City,Other Specialized Under 1 Billion,06/30/2026
18930,Bank of Belle Glade,1,160100,145402,BELLE GLADE BANK CORP,1138272,302030,NM,FL,Belle Glade,All Other Under 1 Billion,06/30/2026
18937,St. Martin National Bank,1,29380,25039,,,856159,N,MN,Saint Martin,All Other Under 1 Billion,06/30/2026
18942,"The Bank of San Jacinto County, Coldspring, Texas",1,41951,35305,BANC SAN JACINTO CNTY BANCSHARES,1107456,678052,NM,TX,Coldspring,Mortgage Lending Specialization,06/30/2026
18983,River City Bank,1,6042514,5374670,,,253468,NM,CA,Sacramento,Commercial Lending Specialization,06/30/2026
19001,First Midwest Bank of Dexter,1,652045,524420,MIDWEST BCORP &AFFILIATES ESOP TR,2575230,770853,NM,MO,Dexter,Commercial Lending Specialization,06/30/2026
19008,Parkway Bank and Trust Company,1,3655049,2762006,PARKWAY BCORP INC,1200692,1001639,NM,IL,Harwood Heights,Commercial Lending Specialization,06/30/2026
19011,Legacy Bank,1,360220,279688,GNB BANKSHARES CORP,2630193,268828,SM,VA,Grundy,Commercial Lending Specialization,06/30/2026
19024,Commercial National Bank of Texarkana,1,330137,305310,COMMERCIAL BANCSHARES INC,1118818,794149,N,TX,Texarkana,Commercial Lending Specialization,06/30/2026
19070,First National Bank of Clarksdale,1,386095,342005,FIRST VALLEY NATIONAL CORP,1097100,11640,N,MS,Clarksdale,Agricultural Specialization,06/30/2026
19080,Inwood National Bank,1,4260043,3663271,INWOOD BANCSHARES INC,1134498,913753,N,TX,Dallas,Commercial Lending Specialization,06/30/2026
19087,Bank of Lindsay,1,97884,71181,LINDSAY STATE CO,1059537,111157,NM,NE,Lindsay,Agricultural Specialization,06/30/2026
19101,Harford Bank,1,776634,692519,,,660927,NM,MD,Aberdeen,Commercial Lending Specialization,06/30/2026
19105,Peoples Bank of Macon,1,22697,19531,,,418436,NM,IL,Macon,Other Specialized Under 1 Billion,06/30/2026
19123,First Western Bank & Trust,1,2386276,1963167,WESTBRAND INC,1127650,687951,SM,ND,Minot,Commercial Lending Specialization,06/30/2026
19143,United Community Bank,1,665541,559972,COMMUNITY BCORP OF LA INC,1977154,90337,NM,LA,Raceland,Commercial Lending Specialization,06/30/2026
19163,First State Bank,1,512694,444755,CSRA BANK CORP,1493672,36933,NM,GA,Wrens,Commercial Lending Specialization,06/30/2026
19184,Hilltop National Bank,1,1135748,987575,MIDLAND FINANCIAL CORP,1054840,1454,N,WY,Casper,Commercial Lending Specialization,06/30/2026
19212,First Midwest Bank of the Ozarks,1,733205,646579,MIDWEST BCORP &AFFILIATES ESOP TR,2575230,228158,NM,MO,Poplar Bluff,Commercial Lending Specialization,06/30/2026
19213,Security National Bank of Omaha,1,1860383,1496957,SECURITY NATIONAL CORP,1140323,844053,N,NE,Omaha,Commercial Lending Specialization,06/30/2026
19215,Benchmark Bank,1,1649360,1495628,QUINLAN BANCSHARES INC,1133428,980960,SM,TX,Plano,Commercial Lending Specialization,06/30/2026
19220,ANB Bank,1,2854440,2554213,STURM FINANCIAL GROUP INC,2942702,828651,SM,CO,Denver,Commercial Lending Specialization,06/30/2026
19222,Fremont Bank,1,5966572,5309371,FREMONT BCORP,1026801,739560,NM,CA,Fremont,Commercial Lending Specialization,06/30/2026
19230,Community National Bank in Monmouth,1,55120,47669,CNB HOLDINGS INC,5690367,775241,N,IL,Monmouth,Agricultural Specialization,06/30/2026
19234,American Bank,1,366612,322561,AMERICAN BANCSHARES INC,1104615,597452,NM,LA,Covington,Commercial Lending Specialization,06/30/2026
19254,Heritage Bank National Association,1,361058,286263,HERITAGE BANCSHARES GROUP EMPLOYEE STK OWNERSHIP PLAN&TR,5618101,901358,N,MN,Spicer,Commercial Lending Specialization,06/30/2026
19274,Banner Capital Bank,1,379750,335189,BANNER CNTY BAN EMPLOYEE STK OWNERSHIP PLAN&TR,4437426,275255,NM,NE,Harrisburg,Agricultural Specialization,06/30/2026
19278,Carmine State Bank,1,148755,139210,,,732954,NM,TX,Carmine,Other Specialized Under 1 Billion,06/30/2026
19285,Logan Bank & Trust Company,1,359155,326419,LOGAN COUNTY BANCSHARES INC,1133259,164331,NM,WV,Logan,All Other Under 1 Billion,06/30/2026
19288,Firstar Bank,1,1239358,1091487,FIRSTAR FINANCIAL CORP,3017915,427353,NM,OK,Sallisaw,Commercial Lending Specialization,06/30/2026
19333,Republic Bank of Chicago,1,2611110,2263501,REPUBLIC BCORP CO,1201194,671334,NM,IL,Oak Brook,Commercial Lending Specialization,06/30/2026
19351,Bank of Estes Park,1,171898,155400,FIRST NATIONAL FINANCIAL CORP,1051193,550354,NM,CO,Estes Park,Commercial Lending Specialization,06/30/2026
19354,Hodge Bank & Trust Company,1,127616,108279,HODGE BANCSHARES INC,1130678,931355,NM,LA,Hodge,Commercial Lending Specialization,06/30/2026
19358,Round Top State Bank,1,974057,870289,ROUND TOP BANCSHARES INC,2684721,665865,NM,TX,Round Top,Commercial Lending Specialization,06/30/2026
19371,Relyance Bank,1,1431912,1217279,JEFFERSON BANCSHARES INC,2267665,49241,SM,AR,White Hall,Commercial Lending Specialization,06/30/2026
19381,Park State Bank & Trust,1,162251,145670,,,480059,NM,CO,Woodland Park,Commercial Lending Specialization,06/30/2026
19396,Unison Bank,1,596855,499103,MCINTOSH CNTY BK HOLDING,1143678,676151,NM,ND,Jamestown,Commercial Lending Specialization,06/30/2026
19401,Capital Bank,1,689721,608744,JSA FAMILY LTD PARTNERSHIP,3035227,596156,NM,TX,Jacinto City,Commercial Lending Specialization,06/30/2026
19416,CTBC Bank Corp. (USA),1,5872649,5018563,CTBC FINANCIAL HOLDING CO LTD,3080209,996260,NM,CA,Los Angeles,Commercial Lending Specialization,06/30/2026
19420,Citizens Bank of the South,1,395072,345620,,,367431,NM,GA,Sandersville,Commercial Lending Specialization,06/30/2026
19434,BAC Community Bank,1,761910,672953,BAC FINANCIAL INC,3033746,5461,NM,CA,Stockton,Commercial Lending Specialization,06/30/2026
19440,First Financial Bank,1,248097,237358,FIRSTFED BCORP EMPLOYEE STK OWNERSHIP PLAN,3340556,292234,NM,AL,Bessemer,Commercial Lending Specialization,06/30/2026
19448,BNA Bank,1,855706,718729,BNA BANCSHARES INC,3326176,916745,NM,MS,New Albany,Commercial Lending Specialization,06/30/2026
19459,United Community Bank,1,4129042,3588277,UNITED COMMUNITY BCORP INC,1097182,439338,NM,IL,Chatham,Commercial Lending Specialization,06/30/2026
19482,Consumers National Bank,1,1279390,1121145,CONSUMERS BCORP INC,2286228,477321,N,OH,Minerva,Commercial Lending Specialization,06/30/2026
19502,First National Bank of Tennessee,1,1379919,1201512,,,283737,N,TN,Livingston,Commercial Lending Specialization,06/30/2026
19506,Bank of Springfield,1,2000417,1705279,SPRING BCORP INC,1247361,248240,NM,IL,Springfield,Commercial Lending Specialization,06/30/2026
19512,Royal Banks of Missouri,1,1031635,891636,ROYAL BANCSHARES INC,1096372,501459,NM,MO,Saint Louis,Commercial Lending Specialization,06/30/2026
19525,Mt. McKinley Bank,1,635232,523710,,,542667,SI,AK,Fairbanks,Commercial Lending Specialization,06/30/2026
19531,Machias Savings Bank,1,2671397,2274124,MACHIAS BCORP MHC,2728577,137205,SI,ME,Machias,Commercial Lending Specialization,06/30/2026
19532,Skowhegan Savings Bank,1,855010,715305,,,401906,SI,ME,Skowhegan,Commercial Lending Specialization,06/30/2026
19540,Pioneer Bank,1,282798,243047,PIONEER DEVELOPMENT CO,1200665,300942,NM,IA,Sergeant Bluff,Commercial Lending Specialization,06/30/2026
19544,Madison Valley Bank,1,263697,238557,JACKASS CREEK LAND&LIVESTOCK,1123616,596455,NM,MT,Ennis,Commercial Lending Specialization,06/30/2026
19559,TexasBank,1,2479690,2007469,TEXAS BANC FINANCIAL CORP,4126225,232856,NM,TX,Fort Worth,Commercial Lending Specialization,06/30/2026
19573,Lakeside Bank,1,2850054,2459189,LAKESIDE BCORP INC,2128917,201834,NM,IL,Chicago,Commercial Lending Specialization,06/30/2026
19581,Bell Bank,1,15182711,12362769,STATE BANKSHARES INC,1417333,929352,NM,ND,Fargo,Commercial Lending Specialization,06/30/2026
19589,Northern State Bank of Virginia,1,101965,91234,BENIC HOLDINGS INC,5217915,774253,NM,MN,Virginia,Commercial Lending Specialization,06/30/2026
19590,Altamaha Bank & Trust Company,1,334120,303806,ALTAMAHA BANCSHARES INC,1081510,199436,NM,GA,Vidalia,Commercial Lending Specialization,06/30/2026
19595,The Commercial Bank,1,114620,99084,COMMERCIAL CO INC,1104624,491653,NM,TX,Mason,Mortgage Lending Specialization,06/30/2026
19600,"Academy Bank, National Association",1,3228118,2679639,DICKINSON FINANCIAL CORP II,2107707,535753,N,MO,Kansas City,Commercial Lending Specialization,06/30/2026
19603,"HomeTown Bank, National Association",1,990420,891114,HOMETOWN BANCSHARES INC,5859388,393953,N,TX,Galveston,Commercial Lending Specialization,06/30/2026
19608,The Park Bank,1,1537993,1246359,PARK BCORP INC,1209716,403946,NM,WI,Madison,Commercial Lending Specialization,06/30/2026
19629,International Bank of Commerce,1,10194733,6626435,INTERNATIONAL BANCSHARES CORP,1104231,1001152,NM,TX,Laredo,Commercial Lending Specialization,06/30/2026
19638,"Guaranty Bank & Trust Company of Delhi, Louisiana",1,457395,411632,DELHI BANCSHARES INC,1107090,969255,NM,LA,Delhi,Commercial Lending Specialization,06/30/2026
19644,Fidelity Bank,1,546819,496250,CARLSON BANCSHARES INC,1491641,848248,SM,AR,West Memphis,Commercial Lending Specialization,06/30/2026
19674,The Citizens Bank of Weston,1,302743,267164,CITIZENS BANCSHARES INC,1133969,639633,NM,WV,Weston,Commercial Lending Specialization,06/30/2026
19679,Citizens Bank of Ada,1,353708,310700,CITIZENSADA FINANCIAL CORP,3435229,807656,NM,OK,Ada,All Other Under 1 Billion,06/30/2026
19680,The Security State Bank,1,70461,61042,FARMERS BANCSHARES INC,1080885,598132,NM,GA,Mcrae,Commercial Lending Specialization,06/30/2026
19681,Community Bank of Parkersburg,1,340330,262600,COMMUNITY BANKSHARES INC,1479144,901134,NM,WV,Parkersburg,Commercial Lending Specialization,06/30/2026
19687,Garden Plain State Bank,1,191471,162046,GARDEN PLAIN BANCSHARES INC,1139756,987651,NM,KS,Wichita,Other Specialized Under 1 Billion,06/30/2026
19689,State Bank of Whittington,1,180115,159688,WHITTINGTON BCORP INC,1140725,270148,NM,IL,Benton,Commercial Lending Specialization,06/30/2026
19690,Northeast Bank,1,5227725,3732180,,,468806,NM,ME,Portland,Commercial Lending Specialization,06/30/2026
19700,ValueBank Texas,1,303590,262959,FIRST INTL BANCSHARES INC,2490520,964157,NM,TX,Corpus Christi,Commercial Lending Specialization,06/30/2026
19716,First Central State Bank,1,772354,595421,OHNWARD BANCSHARES INC,1200311,639549,NM,IA,Dewitt,Commercial Lending Specialization,06/30/2026
19720,Farmers State Bank,1,156229,134313,FARMERS BANCSHARES INC,1080885,113030,NM,GA,Dublin,Commercial Lending Specialization,06/30/2026
19742,"First Westroads Bank, Inc.",1,394899,344044,AMERIWEST CORP,1840687,222754,SM,NE,Omaha,Commercial Lending Specialization,06/30/2026
19744,"Citizens Bank & Trust Company of Vivian, Louisiana",1,159630,146670,C B&T BANCSHARES INC,3010288,767554,NM,LA,Vivian,All Other Under 1 Billion,06/30/2026
19755,South Lafourche Bank & Trust Company,1,177535,147846,LAFOURCHE BANCSHARES INC,1082236,135836,NM,LA,Larose,Commercial Lending Specialization,06/30/2026
19772,IncredibleBank,1,2103655,1779542,RIVER VALLEY BCORP INC,1209426,163549,NM,WI,Wausau,Commercial Lending Specialization,06/30/2026
19795,AbbyBank,1,662202,580210,ABBY BCORP INC,3612794,198149,NM,WI,Abbotsford,Commercial Lending Specialization,06/30/2026
19796,Midland Community Bank,1,68772,56614,UNITED COMMUNITY BCORP INC,1097182,822631,NM,IL,Kincaid,Mortgage Lending Specialization,06/30/2026
19800,Plaquemine Bank & Trust Company,1,218261,191507,PLAQUEMINE BANCSHARES CORP,1086355,89032,NM,LA,Plaquemine,Commercial Lending Specialization,06/30/2026
19809,Hershey Bank,1,141147,109037,HSB MERGER CO,5382251,96553,NM,NE,Hershey,Agricultural Specialization,06/30/2026
19819,Southeast First National Bank,1,74914,65976,SUMMERVILLE TRION BANCSHARES,1133754,563934,N,GA,Summerville,Other Specialized Under 1 Billion,06/30/2026
19827,"Pioneer Trust Bank, National Association",1,712508,602243,PTB CORP,1404735,852973,N,OR,Salem,Commercial Lending Specialization,06/30/2026
19836,Franklin Savings Bank,1,786863,601112,FSB BCORP MHC,2596758,228000,SM,ME,Farmington,Commercial Lending Specialization,06/30/2026
19850,West Gate Bank,1,1473290,1274115,WEST GATE BANSHARES INC,1061736,207050,NM,NE,Lincoln,Commercial Lending Specialization,06/30/2026
19899,KS StateBank,1,2597041,2167842,MANHATTAN BANKING CORP,1139363,160959,NM,KS,Manhattan,Commercial Lending Specialization,06/30/2026
19904,Centinel Bank of Taos,1,424807,387563,CENTINEL BANK SHARES INC,1061754,800853,NM,NM,Taos,Other Specialized Under 1 Billion,06/30/2026
19977,Israel Discount Bank of New York,1,14393999,12325409,ISRAEL DISCOUNT BANK LTD,1240737,320119,NM,NY,New York,Commercial Lending Specialization,06/30/2026
19978,The Pennsville National Bank,1,281775,251636,PENN BANCSHARES INC,1132757,828110,N,NJ,Pennsville,All Other Under 1 Billion,06/30/2026
20015,Bessemer Trust Company,1,2362517,2206234,BESSEMER GROUP INC THE,1246159,7009,NM,NJ,Woodbridge,All Other Over 1 Billion,06/30/2026
20026,Eastern National Bank,1,65158,57609,CORPOFIN CA,1084922,171133,N,FL,Miami,Commercial Lending Specialization,06/30/2026
20093,All America Bank,1,611477,546276,,,25357,NM,OK,Oklahoma City,Commercial Lending Specialization,06/30/2026
20099,Texas Exchange Bank,1,4490496,2643384,TEB TRUST,5886414,822556,NM,TX,Crowley,All Other Over 1 Billion,06/30/2026
20100,Tower Community Bank,1,375444,329317,GENERAL BANCSHARES INC,1139514,989730,NM,TN,Jasper,Commercial Lending Specialization,06/30/2026
20130,BankFirst,1,1211820,804745,NORTH CENTRAL BCORP INC,2834076,117458,NM,NE,Norfolk,Agricultural Specialization,06/30/2026
20156,Kirkpatrick Bank,1,1002607,890223,KIRKPATRICK BCORP INC,1136269,67151,NM,OK,Edmond,Commercial Lending Specialization,06/30/2026
20161,Citizens Bank of Las Cruces,1,1174965,1049697,AMADOR BANCSHARES INC,1105078,1016857,NM,NM,Las Cruces,Commercial Lending Specialization,06/30/2026
20162,Ascent Bank,1,104065,92415,ASCENT BCORP,4968368,647955,NM,MT,Helena,Commercial Lending Specialization,06/30/2026
20164,Sunwest Bank,1,4408654,3395002,H BCORP LLC,2453084,140362,NM,UT,Sandy,Commercial Lending Specialization,06/30/2026
20179,First Independence Bank,1,875302,703369,FIRST INDEPENDENCE CORP,1134564,254849,NM,MI,Detroit,Commercial Lending Specialization,06/30/2026
20198,South Georgia Banking Company,1,570107,487585,SOUTH GEORGIA BANK HOLDING CO,2764977,767732,NM,GA,Omega,Commercial Lending Specialization,06/30/2026
20231,Pinnacle Bank,1,2721044,2341546,PINNACLE BCORP INC,1053272,867650,NM,TX,Fort Worth,Commercial Lending Specialization,06/30/2026
20234,City National Bank of Florida,1,29112337,22105271,EMPRESAS JUAN YARUR SPA,2833891,814430,N,FL,Miami,Commercial Lending Specialization,06/30/2026
20239,Bank of Cadiz and Trust Company,1,142913,137893,CADIZ BCORP INC,1249619,904845,SM,KY,Cadiz,Commercial Lending Specialization,06/30/2026
20268,Scale Bank,1,626677,423140,SCALE HOLDING CO,3362923,9357,NM,MN,Edina,Commercial Lending Specialization,06/30/2026
20279,The Community State Bank,1,393108,363309,FIRST POTEAU CORP,1060243,706254,SM,OK,Poteau,Agricultural Specialization,06/30/2026
20296,Johnson Bank,1,7068332,5628114,JOHNSON FINANCIAL GROUP INC,1490701,58243,SM,WI,Racine,Commercial Lending Specialization,06/30/2026
20311,American Bank,1,630350,563957,GUARANTY DEVELOPMENT CO,1121993,630555,NM,MT,Bozeman,Commercial Lending Specialization,06/30/2026
20353,Gulf Coast Bank,1,513667,444147,GULF COAST BANCSHARES INC,1085929,459130,NM,LA,Abbeville,Commercial Lending Specialization,06/30/2026
20369,Heartland Bank and Trust Company,1,6721503,5779073,HBT FINANCIAL INC,1208120,426534,NM,IL,Bloomington,Commercial Lending Specialization,06/30/2026
20387,Bank of the Orient,1,1214471,1050991,ORIENT BCORP,1028533,777366,SM,CA,San Francisco,Commercial Lending Specialization,06/30/2026
20429,Liberty Bank,1,258565,229882,FIRST BCORP OF GERALDINE INC,1084753,386432,NM,AL,Geraldine,Commercial Lending Specialization,06/30/2026
20454,Citizens Bank of Edinburg,1,28955,25427,CB EDINBURG HOLDINGS INC,4795863,915935,NM,IL,Edinburg,Other Specialized Under 1 Billion,06/30/2026
20468,FirstState Bank,1,349352,323913,FIRST STATE CAPITAL CORP,1132980,540739,NM,AL,Lineville,Agricultural Specialization,06/30/2026
20479,First Security Bank of Roundup,1,94530,81761,CENTRAL MONTANA BCORP,1128349,625056,NM,MT,Roundup,Agricultural Specialization,06/30/2026
20484,Benchmark Community Bank,1,1413774,1275092,BENCHMARK BANKSHARES INC,1141441,94522,SM,VA,Kenbridge,Commercial Lending Specialization,06/30/2026
20488,Five Points Bank,1,2243094,2043101,HOMETOWN BANC CORP,2482196,554857,SM,NE,Grand Island,Commercial Lending Specialization,06/30/2026
20504,Ameris Bank,1,28419119,22694533,AMERIS BCORP,1082067,764030,NM,GA,Atlanta,Commercial Lending Specialization,06/30/2026
20537,American Bank and Trust Company,1,324441,268851,,,452159,NM,OK,Tulsa,Commercial Lending Specialization,06/30/2026
20568,Lumbee Guaranty Bank,1,583492,490386,,,651121,NM,NC,Pembroke,All Other Under 1 Billion,06/30/2026
20624,Byline Bank,1,9909436,7904656,BYLINE BCORP INC,1204627,129732,NM,IL,Chicago,Commercial Lending Specialization,06/30/2026
20657,First Security Bank of Deer Lodge,1,81086,72486,FIRST SECURITY GROUP,2880662,670654,NM,MT,Deer Lodge,Commercial Lending Specialization,06/30/2026
20698,Southern Heritage Bank,1,397875,355125,SHB BCORP INC,4346676,935559,NM,LA,Jonesville,Commercial Lending Specialization,06/30/2026
20720,Tennessee State Bank,1,990829,885034,TENNESSEE STATE BANCSHARES INC,1142242,479839,SM,TN,Pigeon Forge,Commercial Lending Specialization,06/30/2026
20727,"Dallas Capital Bank, National Association",1,1206317,938922,PARK CITIES FINL GROUP INC,4517298,384652,N,TX,Dallas,Commercial Lending Specialization,06/30/2026
20741,"Pioneer Bank, National Association",1,2340761,2008575,PIONEER BCORP MHC,5374461,237619,N,NY,Albany,Commercial Lending Specialization,06/30/2026
20776,Border Bank,1,1059623,922616,BORDER BANCSHARES INC,2238544,977951,NM,ND,Fargo,Commercial Lending Specialization,06/30/2026
20818,Citizens Tri-County Bank,1,1640668,1477506,SEQUATCHIE VALLEY BANCSHARES,1085330,162337,NM,TN,Dunlap,Commercial Lending Specialization,06/30/2026
20845,Wallis Bank,1,1384007,1196828,WALLIS BANCSHARES INC,2693956,283867,NM,TX,Wallis,Commercial Lending Specialization,06/30/2026
20856,Liberty Bank and Trust Company,1,1129360,984353,LIBERTY FINANCIAL SERVICES INC,1130548,283438,NM,LA,New Orleans,Commercial Lending Specialization,06/30/2026
20872,Citizens Guaranty Bank,1,303590,260663,CITIZENS GUARANTY FINL CORP,1143294,764816,NM,KY,Richmond,Commercial Lending Specialization,06/30/2026
20884,Bank of Guam,1,3235930,2959918,BANKGUAM HOLDING CO,4272869,711472,NM,GU,Hagatna,Commercial Lending Specialization,06/30/2026
20954,Citizens National Bank,1,1958426,1742533,CNB BANCSHARES INC,1086270,717737,N,TN,Sevierville,Commercial Lending Specialization,06/30/2026
20989,Independence Bank,1,1389110,1199053,MONTANA SECURITY INC,2351274,606653,NM,MT,Havre,Agricultural Specialization,06/30/2026
20993,The Hardin County Bank,1,676671,600339,HARDIN COUNTY BANCSHARES INC,1097838,526854,SM,TN,Savannah,Commercial Lending Specialization,06/30/2026
21031,The Bank of Tampa,1,3024333,2709087,TAMPA BAY BANKING CO,1246467,273336,NM,FL,Tampa,Commercial Lending Specialization,06/30/2026
21050,"First State Bank of the South, Inc.",1,130715,109154,FIRST STATE HOLDING CORP,1132289,250430,NM,AL,Sulligent,All Other Under 1 Billion,06/30/2026
21074,Texas Bank,1,953909,824046,HENDERSON TEXAS BANCSHARES INC,3385511,414764,NM,TX,Henderson,Commercial Lending Specialization,06/30/2026
21083,United Mississippi Bank,1,560698,478883,SOUTHWEST SECURITY INC,1081686,544335,NM,MS,Natchez,Commercial Lending Specialization,06/30/2026
21085,Bank of Ontario,1,79002,67429,ONTARIO BCORP INC,1209592,37341,NM,WI,Ontario,Agricultural Specialization,06/30/2026
21121,The Western State Bank,1,802147,717192,WHITCORP FINANCIAL CO,1051979,988153,NM,KS,Garden City,Agricultural Specialization,06/30/2026
21161,Bank of the Bluegrass and Trust Company,1,406972,345953,BLUEGRASS BANCSHARES INC,1244801,1006513,NM,KY,Lexington,Commercial Lending Specialization,06/30/2026
21219,"Bank of the Mountains, Inc.",1,100019,87954,MOUNTAIN BCORP INC,1071249,422116,NM,KY,West Liberty,Consumer Lending Specialization,06/30/2026
21227,CBBC Bank,1,562116,478810,TWIN CITIES FINL SERVICES INC,1082478,218131,NM,TN,Maryville,Commercial Lending Specialization,06/30/2026
21247,"First Kentucky Bank, Inc.",1,585564,508178,EXCHANGE BANCSHARES INC,1096176,263243,NM,KY,Mayfield,Commercial Lending Specialization,06/30/2026
21255,Lakeside Bank of Salina,1,54594,47841,FIRST PRYOR BCORP INC,2224408,391557,SM,OK,Salina,Commercial Lending Specialization,06/30/2026
21265,Bradesco Bank,1,6098846,5003248,BBD PARTICIPACOES SA,3671102,725732,NM,FL,Coral Gables,All Other Over 1 Billion,06/30/2026
21284,Bank of Pensacola,1,147023,132637,FIVE FLAGS BANKS INC,1129515,581237,NM,FL,Pensacola,All Other Under 1 Billion,06/30/2026
21292,PeoplesSouth Bank,1,1214987,1119217,PEOPLESSOUTH BANCSHARES INC,1866155,518037,NM,GA,Colquitt,Commercial Lending Specialization,06/30/2026
21329,NBT Financial Bank,1,618692,540118,HORIZON BANKSHARES INC,1133026,406059,NM,TX,Fort Worth,Commercial Lending Specialization,06/30/2026
21342,Sonata Bank,1,281533,247557,SONATA FINANCIAL HOLDINGS INC,1134229,62044,NM,TN,Brentwood,Commercial Lending Specialization,06/30/2026
21379,First Naturalstate Bank,1,108817,91271,FIRST NATIONAL FINANCIAL CORP,3386880,78241,SM,AR,Mcgehee,All Other Under 1 Billion,06/30/2026
21448,Redemption Bank,1,77507,62878,REDEMPTION HOLDING CO,5835412,617275,NM,UT,Salt Lake City,Commercial Lending Specialization,06/30/2026
21455,Fidelity Bank of Texas,1,162840,132531,FIDELITY BANCSHARES INC,1108501,741068,SM,TX,Waco,Commercial Lending Specialization,06/30/2026
21486,Crossroads Bank,1,234740,195000,OMNI BCORP INC,1139859,158741,NM,IL,Effingham,Commercial Lending Specialization,06/30/2026
21525,Cornerstone State Bank,1,246958,223948,CORNERSTONE BCORP INC,1125423,914853,NM,MN,Montgomery,Mortgage Lending Specialization,06/30/2026
21526,West Central Georgia Bank,1,160377,123736,WCG BANCSHARES INC,1083998,280138,NM,GA,Thomaston,All Other Under 1 Billion,06/30/2026
21529,Bank of Oak Ridge,1,138601,121777,OAK RIDGE BANCSHARES INC,1109900,687054,NM,LA,Oak Ridge,Commercial Lending Specialization,06/30/2026
21557,Three Rivers Bank of Montana,1,293086,257914,KING KALISPELL LLC,4404277,610557,NM,MT,Kalispell,Commercial Lending Specialization,06/30/2026
21567,"American Bank, National Association",1,773829,659833,BRIGHT FORCE HOLDING INC,5164448,494654,N,TX,Dallas,Commercial Lending Specialization,06/30/2026
21573,Bank of Tennessee,1,2250406,1803758,BANCTENN CORP,1135002,340135,NM,TN,Kingsport,Commercial Lending Specialization,06/30/2026
21591,The Bank of Greene,1,3184349,2729305,GREENE COUNTY BCORP MHC,2728595,214106,SB,NY,Catskill,Commercial Lending Specialization,06/30/2026
21606,HCN Bank,1,998433,846287,HEMET BCORP,3058057,183668,NM,CA,Riverside,Commercial Lending Specialization,06/30/2026
21635,The Bank of Bourbonnais,1,81589,70923,ILLINOIS STATE BCORP INC,1889565,308836,NM,IL,Bourbonnais,Commercial Lending Specialization,06/30/2026
21692,Peoples Bank of Graceville,1,115781,106527,PBG FINANCIAL SERVICES INC,1085415,717232,NM,FL,Graceville,Other Specialized Under 1 Billion,06/30/2026
21693,Lakeside Bank,1,389187,311633,PFBS HOLDINGS INC,5375785,32766,NM,TX,Rockwall,Commercial Lending Specialization,06/30/2026
21714,Premier Bank,1,1184433,1047540,PB BANCSHARES INC,5537079,33259,NM,MN,Maplewood,Commercial Lending Specialization,06/30/2026
21716,"Citizens Business Bank, National Association",1,21182524,16413186,CVB FINANCIAL CORP,1029222,933966,N,CA,Ontario,Commercial Lending Specialization,06/30/2026
21721,Heritage Bank of Schaumburg,1,149965,126478,SCHAUMBURG BANCSHARES INC,1204609,337340,NM,IL,Schaumburg,Commercial Lending Specialization,06/30/2026
21728,Farmers and Merchants State Bank,1,143117,105619,F&M BANCSHARES INC,2622219,677756,NM,ND,Langdon,Agricultural Specialization,06/30/2026
21752,First State Bank,1,89784,79164,FIRST ST BCORP OF WATONGA INC,1061110,965051,NM,OK,Watonga,Agricultural Specialization,06/30/2026
21761,"JPMorgan Chase Bank, Dearborn",1,71467,500,JPMORGAN CHASE&CO,1039502,651448,SM,MI,Dearborn,Other Specialized Under 1 Billion,06/30/2026
21784,First Port City Bank,1,623944,557520,PORT CITY HOLDING CO INC,1082601,262237,NM,GA,Bainbridge,Commercial Lending Specialization,06/30/2026
21805,First State Bank of DeQueen,1,525087,463644,FIRST STATE BANCSHARES INC,2032724,519146,SM,AR,De Queen,Agricultural Specialization,06/30/2026
21807,Lovelady State Bank,1,52503,44874,,,764151,NM,TX,Lovelady,All Other Under 1 Billion,06/30/2026
21843,Mizuho Bank (USA),1,2137445,1738413,MIZUHO FINANCIAL GROUP INC,3185355,229913,SM,NY,New York,All Other Over 1 Billion,06/30/2026
21848,Quail Creek Bank,1,831201,756466,QUAIL CREEK BANCSHARES INC,1057962,507152,NM,OK,Oklahoma City,Commercial Lending Specialization,06/30/2026
21868,"Bessemer Trust Company, National Association",1,4162383,3197969,BESSEMER GROUP INC THE,1246159,976703,N,NY,New York,All Other Over 1 Billion,06/30/2026
21874,First Peoples Bank of Tennessee,1,219545,188335,FIRST PEOPLES BCORP INC,4166397,421539,NM,TN,Jefferson City,Commercial Lending Specialization,06/30/2026
21883,TruPoint Bank,1,690754,593717,MINERS&MERCHANTS BCORP INC,2227687,274829,SM,VA,Grundy,Commercial Lending Specialization,06/30/2026
21906,PriorityOne Bank,1,1183847,1030408,PRIORITYONE CAPITAL CORP,1084575,956938,SM,MS,Magee,Commercial Lending Specialization,06/30/2026
21928,Kirkwood Bank & Trust Co.,1,351255,312593,KIRKWOOD BCORP CO,1843558,908450,NM,ND,Bismarck,Commercial Lending Specialization,06/30/2026
21943,Tri Counties Bank,1,9929055,8372719,TRICO BANCSHARES,1030170,100562,NM,CA,Chico,Commercial Lending Specialization,06/30/2026
21955,Stryv Bank,1,333326,296964,CHISHOLM TRAIL FINANCIAL CORP,1061772,372855,SM,KS,Wichita,Commercial Lending Specialization,06/30/2026
21956,Montecito Bank & Trust,1,2018080,1729975,MONTECITO BCORP,1138919,514066,NM,CA,Santa Barbara,Commercial Lending Specialization,06/30/2026
21978,Frontier State Bank,1,608627,457503,,,632858,NM,OK,Oklahoma City,Commercial Lending Specialization,06/30/2026
21988,Community State Bank of Rock Falls,1,318388,280640,COMMUNITY ILLINOIS CORP,1427659,875048,NM,IL,Rock Falls,Agricultural Specialization,06/30/2026
21998,Covington County Bank,1,109173,93866,COVINGTON CAPITAL CORP,2228590,697035,NM,MS,Collins,Agricultural Specialization,06/30/2026
22015,Andrew Johnson Bank,1,611858,545916,ANDREW JOHNSON BANCSHARES INC,1083185,361439,NM,TN,Greeneville,Commercial Lending Specialization,06/30/2026
22020,INSOUTH Bank,1,591890,502787,INDEPENDENT S BANCSHARES INC,1100000,329550,SM,TN,Brownsville,Commercial Lending Specialization,06/30/2026
22046,First National Bank USA,1,249101,213090,FIRST ST CHARLES BANCSHARES,1140190,714839,N,LA,Boutte,Commercial Lending Specialization,06/30/2026
22065,Grand Bank,1,712799,617896,GRAND CAPITAL CORP,1065967,76854,SM,OK,Tulsa,Commercial Lending Specialization,06/30/2026
22086,Main Bank,1,245204,211448,MAIN BANC INC,3365296,430054,NM,NM,Albuquerque,Commercial Lending Specialization,06/30/2026
22090,Coffee County Bank,1,427611,384155,COFFEE COUNTY BANCSHARES INC,1083091,211338,NM,TN,Manchester,Commercial Lending Specialization,06/30/2026
22092,First National Community Bank,1,754705,653193,FIRST CHATSWORTH BANKSHARES,1084481,450632,N,GA,Chatsworth,Commercial Lending Specialization,06/30/2026
22134,Cache Valley Bank,1,3486738,3100681,CACHE VALLEY BANKING CO,2324997,995076,NM,UT,Logan,Commercial Lending Specialization,06/30/2026
22138,Rabun County Bank,1,361512,321270,LIBERTY BCORP OF GEORGIA INC,1085228,514936,NM,GA,Clayton,Commercial Lending Specialization,06/30/2026
22180,United Bankers' Bank,1,1050843,635555,UNITED BANKERS BCORP INC,2291727,930358,SM,MN,Richfield,Commercial Lending Specialization,06/30/2026
22205,Barwick Banking Company,1,829615,702261,BARWICK BCORP INC,5786185,1007734,NM,GA,Barwick,Commercial Lending Specialization,06/30/2026
22229,Commonwealth National Bank,1,78539,69463,CNB BCORP INC,3635328,578237,N,AL,Mobile,Commercial Lending Specialization,06/30/2026
22242,Union Bank and Trust Company,1,253441,230900,,,689759,NM,MN,Minneapolis,Commercial Lending Specialization,06/30/2026
22257,Colony Bank,1,3613411,3008848,COLONY BANKCORP INC,1085170,491934,NM,GA,Fitzgerald,Commercial Lending Specialization,06/30/2026
22263,American State Bank of Grygla,1,81761,73925,GRYGLA FINANCIAL CORP,1857760,21359,SM,MN,Grygla,Agricultural Specialization,06/30/2026
22271,First National Bank,1,372698,305503,MARION COUNTY BANCSHARES INC,1131376,330239,N,AL,Hamilton,Other Specialized Under 1 Billion,06/30/2026
22273,Guaranty Bank Inc.,1,152386,126446,,,706236,NM,WV,Williamson,Commercial Lending Specialization,06/30/2026
22282,First Nations Bank,1,536612,440574,ILLINOIS STATE BCORP INC,1889565,277240,NM,IL,Chicago,Commercial Lending Specialization,06/30/2026
22308,West Michigan Community Bank,1,1212138,1073797,NORTHSTAR FINANCIAL GROUP INC,2958990,715340,SM,MI,Hudsonville,Commercial Lending Specialization,06/30/2026
22319,Legacy Bank & Trust Company,1,1845409,1543730,SOUTHERN BCORP INC,1248939,397755,SM,MO,Mountain Grove,Commercial Lending Specialization,06/30/2026
22334,One Community Bank,1,2627958,2065669,BOSSHARD FINANCIAL GROUP INC,1205473,247140,SM,WI,Oregon,Commercial Lending Specialization,06/30/2026
22340,Panhandle First Bank,1,568688,462981,PANHANDLE BANCSHARES INC,2623001,192857,NM,OK,Guymon,Agricultural Specialization,06/30/2026
22354,Commercial Bank,1,2355536,1905956,COMMERCIAL BANCGROUP INC,1080652,497039,SM,TN,Harrogate,Commercial Lending Specialization,06/30/2026
22355,"Pinnacle Bank, Inc.",1,57889,46849,,,417710,NM,KY,Pikeville,Commercial Lending Specialization,06/30/2026
22358,The Citizens Bank,1,129201,116156,CITIZENS BANCSHARES INC,1086382,571135,NM,AL,Greensboro,Agricultural Specialization,06/30/2026
22366,GBC International Bank,1,658463,504604,GBC HOLDINGS INC,2017673,972769,NM,CA,Los Angeles,Commercial Lending Specialization,06/30/2026
22373,American National Bank & Trust,1,2536428,2247696,AMERIBANCSHARES INC,2507183,498362,N,TX,Wichita Falls,Commercial Lending Specialization,06/30/2026
22381,Anahuac National Bank,1,266425,255064,ANAHUAC BANCSHARES INC,2622116,424352,N,TX,Anahuac,Other Specialized Under 1 Billion,06/30/2026
22394,Peoples Community Bank,1,735215,599830,GREENVILLE BANCSHARES INC,1119431,784159,NM,MO,Greenville,Commercial Lending Specialization,06/30/2026
22396,Central National Bank,1,1474092,1313648,CENTRABANC CORP,1106132,428060,N,TX,Waco,Commercial Lending Specialization,06/30/2026
22398,"Modern Bank, National Association",1,648549,480361,MODERN BANK MANAGEMENT LLC,3720000,2398701,N,NY,New York,Commercial Lending Specialization,06/30/2026
22430,Washita State Bank,1,44269,35683,,,1856,NM,OK,Burns Flat,Commercial Lending Specialization,06/30/2026
22434,"BankChampaign, National Association",1,242849,193263,MARKET PLACE BANCSHARES INC,1249048,436739,N,IL,Champaign,Commercial Lending Specialization,06/30/2026
22447,Wray State Bank,1,311982,277841,HOTC INVESTMENT CO,3685891,541754,NM,CO,Wray,Agricultural Specialization,06/30/2026
22448,First State Bank,1,82071,74084,MAXLOU BANCSHARES INC,2550602,522454,NM,OK,Tahlequah,Commercial Lending Specialization,06/30/2026
22451,Lawrence Bank,1,3043615,2620813,LAWRENCE BANCSHARES INC,1080803,774132,NM,TN,Nashville,Commercial Lending Specialization,06/30/2026
22460,Monterey County Bank,1,300380,232559,PCB FINANCIAL INC,5900516,297761,NM,CA,Monterey,Commercial Lending Specialization,06/30/2026
22514,Utah Independent Bank,1,170869,143194,,,256179,SM,UT,Salina,Commercial Lending Specialization,06/30/2026
22526,Spring Hill State Bank,1,238494,186946,SPRING HILL HOLDINGS CORP,2693929,457060,NM,TX,Longview,Commercial Lending Specialization,06/30/2026
22536,First Secure Bank and Trust Co.,1,396243,313748,FIRST SECURE BANK GROUP INC,2805544,25647,NM,IL,Palos Hills,Commercial Lending Specialization,06/30/2026
22537,Peoples Bank of Alabama,1,1424772,1270693,ALTRUST FINANCIAL SERVICES INC,1136595,60330,NM,AL,Cullman,Commercial Lending Specialization,06/30/2026
22549,First Progressive Bank,1,31605,22712,,,177135,SM,AL,Brewton,Other Specialized Under 1 Billion,06/30/2026
22559,Bravera Bank,1,3809909,3338054,BRAVERA HOLDINGS CORP,1133781,971959,NM,ND,Dickinson,Agricultural Specialization,06/30/2026
22567,Community State Bank,1,132764,109223,COMMUNITY STATE BANCSHARES INC,2516961,367150,NM,MO,Shelbina,All Other Under 1 Billion,06/30/2026
22578,Brighton Bank,1,321642,278783,BRIGHTON BCORP,1027947,406974,NM,UT,Salt Lake City,Commercial Lending Specialization,06/30/2026
22597,Bank of the Sierra,1,3718414,2935369,SIERRA BCORP,2976396,662369,NM,CA,Porterville,Commercial Lending Specialization,06/30/2026
22598,Flora Bank & Trust,1,125990,117223,CLAY BANCSHARES INC,2186186,777441,SM,IL,Flora,All Other Under 1 Billion,06/30/2026
22600,Valley Bank of Commerce,1,304073,260160,COMMERCE BANCSHARES ROSWELL EMPLOYEE STK OWNERSHIP PLAN,5659506,481159,NM,NM,Roswell,All Other Under 1 Billion,06/30/2026
22601,Citizens Bank,1,188086,171121,AMSTERDAM BANCSHARES INC,1064317,97457,NM,MO,Butler,Agricultural Specialization,06/30/2026
22636,Community Bank of Marshall,1,250230,226748,MARSHALL CMTY BANCSHARES INC,2647360,706656,NM,MO,Marshall,Agricultural Specialization,06/30/2026
22639,Bank of Commerce,1,216271,189286,RAWLINS BANKSHARES INC,1067701,547550,SM,WY,Rawlins,Commercial Lending Specialization,06/30/2026
22653,Green Dot Bank DBA Bonneville Bank,1,5442537,5038560,GREEN DOT CORP,4057262,243375,SM,UT,Provo,All Other Over 1 Billion,06/30/2026
22669,Nevada Bank and Trust Company,1,217464,195171,,,400767,NM,NV,Caliente,Other Specialized Under 1 Billion,06/30/2026
22717,Citizens Bank and Trust Company of Ardmore,1,318806,268895,CITIZENS COMMERCE CORP,1064139,255556,SM,OK,Ardmore,Commercial Lending Specialization,06/30/2026
22738,First Utah Bank,1,840298,688550,FIRST UTAH BCORP,1027992,207872,NM,UT,Salt Lake City,Commercial Lending Specialization,06/30/2026
22739,Bank of St. Francisville,1,398683,345961,SAINT FRANCISVILLE BANCSHARES,1082544,364430,NM,LA,Saint Francisville,Commercial Lending Specialization,06/30/2026
22756,People's Bank and Trust Company of Pickett County,1,319039,280199,EMPLOYEE STK OWNERSHIP TR PEOPLES B&T PICKETT CNTY,1426782,942539,NM,TN,Byrdstown,Commercial Lending Specialization,06/30/2026
22811,Brickyard Bank,1,158957,123085,BRICKYARD BCORP INC,2447935,270531,NM,IL,Lincolnwood,Commercial Lending Specialization,06/30/2026
22835,The Lauderdale County Bank,1,67523,59875,LAUDERDALE CNTY BANCSHARES INC,2020691,82350,NM,TN,Halls,All Other Under 1 Billion,06/30/2026
22839,Latimer State Bank,1,65533,49161,FIRST LATIMER CORP,1066964,51356,NM,OK,Wilburton,Other Specialized Under 1 Billion,06/30/2026
22858,United Bank,1,33638881,27338472,UNITED BANKSHARES INC,1076217,365325,SM,VA,Fairfax,Commercial Lending Specialization,06/30/2026
22867,Community Bank of Raymore,1,346918,330965,LOLYN FINANCIAL CORP,1974630,716851,NM,MO,Raymore,Commercial Lending Specialization,06/30/2026
22874,Hickory Point Bank and Trust,1,717520,626755,FIRST ILLINOIS CORP,4305477,550635,NM,IL,Decatur,Commercial Lending Specialization,06/30/2026
22876,Southwest Missouri Bank,1,1208499,1043759,SOUTHWEST MISSOURI BCORP INC,1063552,760854,NM,MO,Carthage,All Other Over 1 Billion,06/30/2026
22888,Farmers and Miners Bank,1,193230,166345,,,658924,SM,VA,Pennington Gap,Commercial Lending Specialization,06/30/2026
22895,Putnam County State Bank,1,317563,273695,PUTNAM COUNTY BANCSHARES INC,1820746,382658,NM,MO,Unionville,Agricultural Specialization,06/30/2026
22918,The First Bank and Trust Company,1,4275801,3817157,FIRST BCORP INC,1988646,223322,SM,VA,Lebanon,Agricultural Specialization,06/30/2026
22925,Independence Bank,1,191242,161601,INDEPENDENCE BANCCORP,1070970,956527,NM,OH,Independence,Commercial Lending Specialization,06/30/2026
22942,The American National Bank of Mount Pleasant,1,144589,130262,NORTHEAST TEXAS BANCSHARES INC,4552356,764067,N,TX,Mount Pleasant,Commercial Lending Specialization,06/30/2026
22953,"Amerant Bank, National Association",1,10274427,8360591,AMERANT BCORP INC,1135972,83638,N,FL,Coral Gables,Commercial Lending Specialization,06/30/2026
22954,"Citizens Bank of Morgantown, Inc.",1,52591,42527,MORGANTOWN BANCSHARES INC,2638582,897237,NM,WV,Morgantown,Mortgage Lending Specialization,06/30/2026
22957,West Texas National Bank,1,2881219,2560252,FIRST WEST TX BANCSHARES INC,1109834,237066,N,TX,Midland,Commercial Lending Specialization,06/30/2026
22964,First Community Bank,1,794385,697445,FIRST SAN BENITO BANCSHARES,1107009,334264,NM,TX,San Benito,Commercial Lending Specialization,06/30/2026
22971,First Secure State Bank,1,305633,249305,FIRST SECURE BANK GROUP INC,2805544,285348,NM,IL,Wonder Lake,Commercial Lending Specialization,06/30/2026
22993,Twin River Bank,1,173027,150493,TWIN RIVER FINANCIAL CORP,2081722,427960,NM,ID,Lewiston,Commercial Lending Specialization,06/30/2026
23007,Oregon Pacific Banking Company dba Oregon Pacific Bank,1,825432,723765,OREGON PACIFIC BCORP,3152423,160360,SM,OR,Florence,Commercial Lending Specialization,06/30/2026
23030,Community West Bank,1,5024446,4125401,COMMUNITY WEST BANCSHARES,2935405,703767,NM,CA,Fresno,Commercial Lending Specialization,06/30/2026
23086,"New OMNI Bank, National Association",1,517936,373759,CKH CAPITAL INC,4357252,300063,N,CA,Alhambra,Commercial Lending Specialization,06/30/2026
23091,Alpine Bank,1,6694329,5906460,ALPINE BANKS OF COLORADO,1061679,260055,NM,CO,Glenwood Springs,Commercial Lending Specialization,06/30/2026
23099,The Bank of Protection,1,154438,121953,PROTECTION BK HOLDING CO INC,1062939,531157,NM,KS,Protection,Agricultural Specialization,06/30/2026
23123,Bank of Bartlett,1,551838,466061,WEST TENNESSEE BANCSHARES INC,1097249,225559,SM,TN,Bartlett,Mortgage Lending Specialization,06/30/2026
23126,Huron State Bank,1,95102,82413,HURON NATIONAL BCORP INC,1491771,753641,SM,MI,Rogers City,Consumer Lending Specialization,06/30/2026
23144,South Louisiana Bank,1,659836,548627,SOUTH LOUISIANA FINANCIAL CORP,1086298,616036,NM,LA,Houma,Commercial Lending Specialization,06/30/2026
23152,First Citizens Bank,1,402581,344122,FIRST CITIZENS-CRENSHAW BANCSHARES,1143379,541231,NM,AL,Luverne,Commercial Lending Specialization,06/30/2026
23189,Community Bank and Trust Company,1,303484,280288,C-B-G INC,1201448,1015841,NM,IA,Muscatine,Agricultural Specialization,06/30/2026
23210,Bankers' Bank of the West,1,433575,249516,BANKERS BK OF THE W BCORP INC,2249401,732758,SM,CO,Denver,Commercial Lending Specialization,06/30/2026
23220,Woodforest National Bank,1,8984913,8126763,WOODFOREST FINL GROUP EMPLOYEE STK OWNERSHIP PLAN WITH 401 K PROVISIONS AMENDED&RESTATED EFF 01 01 21,4199229,412751,N,TX,The Woodlands,Commercial Lending Specialization,06/30/2026
23242,California Pacific Bank,1,102578,59152,,,50461,NM,CA,Hayward,Commercial Lending Specialization,06/30/2026
23257,Community State Bank,1,441882,399083,CSB FINANCIAL HOLDINGS INC,1207860,987231,NM,IL,Galva,Commercial Lending Specialization,06/30/2026
23270,Siouxland Bank,1,88265,76400,SIOUXLAND NATIONAL CORP,2313058,472951,SM,NE,South Sioux City,Other Specialized Under 1 Billion,06/30/2026
23275,Plumas Bank,1,2277465,1891716,PLUMAS BCORP,3098576,670467,SM,CA,Quincy,Commercial Lending Specialization,06/30/2026
23286,Fall River Five Cents Savings Bank,1,1856605,1377296,BANKFIVE MHC,3320978,833404,SM,MA,Fall River,Commercial Lending Specialization,06/30/2026
23287,The Cape Cod Five Cents Savings Bank,1,5619396,4563770,MUTUAL BCORP,4369808,664206,NM,MA,Hyannis,Mortgage Lending Specialization,06/30/2026
23293,Florence Bank,1,2014204,1785228,FLORENCE BCORP MHC,3367106,279105,SI,MA,Florence,Commercial Lending Specialization,06/30/2026
23296,Salem Five Cents Savings Bank,1,8820482,6044966,SALEM FIVE BCORP,3365858,618807,NM,MA,Salem,Commercial Lending Specialization,06/30/2026
23298,Watertown Savings Bank,1,1439099,1252196,,,886204,SM,MA,Watertown,Mortgage Lending Specialization,06/30/2026
23373,United Orient Bank,1,101406,69284,,,70218,NM,NY,New York,Commercial Lending Specialization,06/30/2026
23376,"First Jackson Bank, Inc.",1,444259,359240,1ST JACKSON BANCSHARES INC,2306993,248633,NM,AL,Stevenson,Commercial Lending Specialization,06/30/2026
23404,Evergreen National Bank,1,139923,121991,EVERGREEN BCORP,1129627,427858,N,CO,Evergreen,Commercial Lending Specialization,06/30/2026
23430,First National Bank of Burleson,1,250837,218565,CITADEL BCORP INC,1130191,240954,N,TX,Burleson,Commercial Lending Specialization,06/30/2026
23472,"The Bank of New York Mellon Trust Company, National Association",1,1372597,2233,BANK OF NY MELLON CORP THE,3587146,398668,N,CA,Los Angeles,All Other Over 1 Billion,06/30/2026
23473,First Fidelity Bank,1,2978571,2488731,FIRST FIDELITY BCORP INC,1064728,106359,SM,OK,Oklahoma City,Commercial Lending Specialization,06/30/2026
23474,The American National Bank of Texas,1,5505445,4601475,A N B HOLDING CO LTD,1895007,599764,N,TX,Terrell,Commercial Lending Specialization,06/30/2026
23498,"TBK BANK, SSB",1,7399039,6231443,TRIUMPH FINANCIAL INC,3233126,766164,SI,TX,Dallas,Commercial Lending Specialization,06/30/2026
23523,"Citizens' Bank, Inc.",1,158861,143072,CITIZENS CAPITAL CORP,1144040,563336,NM,AL,Robertsdale,All Other Under 1 Billion,06/30/2026
23537,Bankers' Bank,1,1468595,951873,BANKERS BCORP INC,1209958,408642,SM,WI,Madison,Commercial Lending Specialization,06/30/2026
23546,Municipal Trust and Savings Bank,1,382221,305734,,,460332,NM,IL,Bourbonnais,Commercial Lending Specialization,06/30/2026
23551,Community Bank of El Dorado Springs,1,143606,120372,,,766052,NM,MO,El Dorado Springs,Agricultural Specialization,06/30/2026
23597,Lamar National Bank,1,375882,335898,LAMAR BCORP INC,1136906,2161,N,TX,Paris,Commercial Lending Specialization,06/30/2026
23620,Dedham Institution for Savings,1,2600580,2057822,CHARLESBRIDGE MHC,5164989,193809,SI,MA,Dedham,Commercial Lending Specialization,06/30/2026
23622,Bristol County Savings Bank,1,3259107,2639766,BEACON BCORP,2388878,13103,NM,MA,Taunton,Commercial Lending Specialization,06/30/2026
23623,"The Washington Trust Company, of Westerly",1,6551001,5364294,WASHINGTON TRUST BCORP INC,1115349,816603,NM,RI,Westerly,Commercial Lending Specialization,06/30/2026
23627,Republic Bank & Trust Company,1,7054835,5625375,REPUBLIC BCORP INC,1097025,316840,NM,KY,Louisville,Commercial Lending Specialization,06/30/2026
23647,TIB National Association,1,2960509,2365636,TIB INC,1109094,529958,N,TX,Farmers Branch,All Other Over 1 Billion,06/30/2026
23737,"Vast Bank, National Association",1,540408,452108,VAST HOLDINGS INC,1951891,347956,N,OK,Tulsa,Commercial Lending Specialization,06/30/2026
23749,Mission National Bank,1,276407,237086,MNB HOLDINGS CORP,3195297,519360,N,CA,San Francisco,Commercial Lending Specialization,06/30/2026
23764,FMS Bank,1,324823,291825,MORGAN CAPITAL CORP,1066049,257756,SM,CO,Fort Morgan,Commercial Lending Specialization,06/30/2026
23772,Commerce Bank,1,762489,664508,INTERNATIONAL BANCSHARES CORP,1104231,625159,NM,TX,Laredo,Mortgage Lending Specialization,06/30/2026
23798,McCurtain County National Bank,1,384215,323554,MCCURTAIN CNTY BANCSHARES INC,2642196,423159,N,OK,Broken Bow,Other Specialized Under 1 Billion,06/30/2026
23799,Texas First Bank,1,2345157,2059492,TEXAS IND BANCSHARES INC,1103878,473266,SM,TX,Texas City,Commercial Lending Specialization,06/30/2026
23805,United Pacific Bank,1,191036,156802,,,609467,NM,CA,City Of Industry,Commercial Lending Specialization,06/30/2026
23806,TrailWest Bank,1,1105812,860232,BITTERROOT HOLDING CO,1128880,615954,NM,MT,Lolo,Commercial Lending Specialization,06/30/2026
23815,First State Bank of DeKalb County,1,353843,298992,FIRST ST BANCSHARES DEKALB CNTY,2115449,504535,NM,AL,Fort Payne,All Other Under 1 Billion,06/30/2026
23826,2unifi Bank,1,38466,124,NATIONAL BANK HOLDINGS CORP,3973888,898458,SM,WY,Jackson,Other Specialized Under 1 Billion,06/30/2026
23864,Summit Bank,1,264445,207585,SUMMIT BANCSHARES INC,1029295,351560,NM,CA,Oakland,Commercial Lending Specialization,06/30/2026
23886,"American Bank, National Association",1,625218,557113,AMERICAN NATL BANCSHARES INC,1110045,307361,N,TX,Waco,Commercial Lending Specialization,06/30/2026
23966,OneUnited Bank,1,637943,511719,,,935308,NM,MA,Boston,Commercial Lending Specialization,06/30/2026
23986,MINNESOTA LAKES BANK,1,129762,113481,WILCOX BANCSHARES INC,1125245,157650,SM,MN,Delano,Commercial Lending Specialization,06/30/2026
23989,Miners Exchange Bank,1,93453,81021,,,711520,SM,VA,Coeburn,All Other Under 1 Billion,06/30/2026
23992,Country Bank for Savings,1,2236949,1728837,1850 FINANCIAL MHC,6083434,689209,SI,MA,Ware,Commercial Lending Specialization,06/30/2026
23998,State Bank of India (California),1,1382642,1181334,STATE BANK OF INDIA,1242562,779968,NM,CA,Los Angeles,Commercial Lending Specialization,06/30/2026
24015,The Harbor Bank of Maryland,1,383224,323776,HARBOR BANKSHARES CORP,2008130,533124,NM,MD,Baltimore,Commercial Lending Specialization,06/30/2026
24038,Brazos National Bank,1,27645,11078,GULFPORT BANCSHARES OF DE INC,3530218,863362,N,TX,Richwood,Mortgage Lending Specialization,06/30/2026
24045,Banc of California,1,34899077,28219578,BANC OF CALIFORNIA INC,3153130,494261,SM,CA,Los Angeles,Commercial Lending Specialization,06/30/2026
24064,Atascosa Bank,1,81683,71481,,,851060,NM,TX,Pleasanton,Agricultural Specialization,06/30/2026
24085,Citizens National Bank,1,108781,95227,CITIZENS BCORP INC,1131460,700252,N,TX,Crockett,Other Specialized Under 1 Billion,06/30/2026
24156,Ocean Bank,1,7625472,6205398,OCEAN BANKSHARES INC,1136661,663834,NM,FL,Miami,Commercial Lending Specialization,06/30/2026
24170,Hanmi Bank,1,7954215,6963809,HANMI FINANCIAL CORP,2900261,657365,NM,CA,Los Angeles,Commercial Lending Specialization,06/30/2026
24199,Capitol National Bank,1,209280,162124,,,285544,N,MI,Lansing,Commercial Lending Specialization,06/30/2026
24211,"Bank of Whittier, National Association",1,152608,125183,GREATER PACIFIC BANCSHARES,1398692,209362,N,CA,Whittier,Commercial Lending Specialization,06/30/2026
24303,Pavillion Bank,1,78399,64226,ODOM AMTEX HOLDINGS TRUST THE,5679326,500658,NM,TX,Richardson,Commercial Lending Specialization,06/30/2026
24305,Llano National Bank,1,301095,265927,HILL COUNTRY BANCSHARES INC,4575047,946555,N,TX,Llano,All Other Under 1 Billion,06/30/2026
24332,First Credit Bank,1,515839,265294,,,5069,NM,CA,Los Angeles,Commercial Lending Specialization,06/30/2026
24347,Lone Star National Bank,1,3283357,2884707,LONE STAR NATL BANCSHARES--TEXAS,2325350,842460,N,TX,Pharr,Commercial Lending Specialization,06/30/2026
24353,First Community Bank,1,662791,582191,COASTAL BEND BANCSHARES INC,2505929,339456,NM,TX,Corpus Christi,Commercial Lending Specialization,06/30/2026
24367,City National Bank,1,61980,52460,CITY BANCSHARES INC,3218543,697950,N,TX,Corsicana,Commercial Lending Specialization,06/30/2026
24387,"Industrial and Commercial Bank of China USA, National Association",1,2859720,2207867,CHINA INVESTMENT CORP,4097978,1015560,N,NY,New York,Commercial Lending Specialization,06/30/2026
24443,Progressive National Bank,1,122932,109501,CALDWELL HOLDING CO,1108985,675855,N,LA,Mansfield,All Other Under 1 Billion,06/30/2026
24472,American Nation Bank,1,691486,577655,AMCORP FINANCIAL INC,1131853,256058,SM,OK,Ardmore,Commercial Lending Specialization,06/30/2026
24498,First State Bank,1,308794,275862,WOODSON BANCSHARES INC,1133044,216164,NM,TX,Graham,Agricultural Specialization,06/30/2026
24516,Interaudi Bank,1,2677078,2338666,,,538802,NM,NY,New York,Commercial Lending Specialization,06/30/2026
24540,Bank of New England,1,1819911,1493319,,,113601,NM,NH,Salem,Commercial Lending Specialization,06/30/2026
24563,Texas Community Bank,1,2204656,1917554,VISION BANCSHARES INC,3211012,528960,SM,TX,Laredo,Commercial Lending Specialization,06/30/2026
24603,"First Commercial Bank, National Association",1,565931,502054,FIRST COML FINL CORP,2299992,400365,N,TX,Seguin,Commercial Lending Specialization,06/30/2026
24677,"Triad Bank, National Association",1,228559,198046,TRIAD BANCSHARES INC,1129690,283652,N,OK,Tulsa,Commercial Lending Specialization,06/30/2026
24823,International Finance Bank,1,1617291,1457420,IFB BCORP INC,5419205,867632,NM,FL,Miami,Commercial Lending Specialization,06/30/2026
24829,Atlantic Community Bankers Bank,1,942042,566227,ATLANTIC CMTY BANCSHARES INC,4923497,959715,SM,PA,Camp Hill,Commercial Lending Specialization,06/30/2026
24865,First New Mexico Bank of Silver City,1,147466,123761,FIRST NM FINANCIAL CORP,1107830,495558,NM,NM,Silver City,Commercial Lending Specialization,06/30/2026
24867,BNY Mellon Trust of Delaware,1,254909,150500,BANK OF NY MELLON CORP THE,3587146,488318,NM,DE,Wilmington,Other Specialized Under 1 Billion,06/30/2026
24897,Community National Bank,1,2541691,2182649,MIDLAND BANCSHARES INC,2868950,293053,N,TX,Midland,Commercial Lending Specialization,06/30/2026
24902,First National Bank of South Padre Island,1,78242,67127,LAGUNA MADRE BANCSHARES INC,2524210,346566,N,TX,South Padre Island,All Other Under 1 Billion,06/30/2026
24919,Uwharrie Bank,1,1220465,1102545,UWHARRIE CAPITAL CORP,2082532,590220,SM,NC,Albemarle,Commercial Lending Specialization,06/30/2026
24920,Woori America Bank,1,4116181,3528781,WOORI FINANCIAL GROUP INC,5309306,384018,NM,NY,New York,Commercial Lending Specialization,06/30/2026
24922,Grand Valley Bank,1,599377,541309,SAGEBRUSH PARTNERS LLLP,3701269,178851,NM,UT,Heber City,Agricultural Specialization,06/30/2026
24961,International Bank of Commerce,1,567779,457009,INTERNATIONAL BANCSHARES CORP,1104231,382069,NM,TX,Zapata,Mortgage Lending Specialization,06/30/2026
24966,Valley Bank of Ronan,1,218062,197644,VALLEY HOLDING CO,1141580,624956,SM,MT,Ronan,Commercial Lending Specialization,06/30/2026
24998,Commerce Bank,1,35017320,28103015,COMMERCE BANCSHARES INC,1049341,601050,SM,MO,Kansas City,Commercial Lending Specialization,06/30/2026
25054,Summit National Bank,1,65941,63956,MODE ELEVEN BCORP,3402511,78559,N,WY,Hulett,All Other Under 1 Billion,06/30/2026
25093,Habib American Bank,1,2837908,2431737,MAHAM BETEILIGUNGSGESELLSCHAFT AG,2817930,245016,NM,NY,New York,Commercial Lending Specialization,06/30/2026
25103,City Bank,1,5388227,4721772,SOUTH PLAINS FINANCIAL INC,2033226,575254,NM,TX,Lubbock,Commercial Lending Specialization,06/30/2026
25158,"Finance Factors, Ltd.",1,683726,519280,,,827560,NM,HI,Honolulu,Commercial Lending Specialization,06/30/2026
25173,Meade County Bank,1,458359,384413,MEADE BCORP INC,1100309,776547,NM,KY,Brandenburg,Commercial Lending Specialization,06/30/2026
25178,"Bank of America California, National Association",1,14814000,12306000,BANK OF AMERICA CORP,1073757,1443266,N,CA,San Francisco,Mortgage Lending Specialization,06/30/2026
25247,First National Banker's Bank,1,982970,383899,FIRST NATL BANKERS BANKSHARES,1086131,734538,N,LA,Baton Rouge,Commercial Lending Specialization,06/30/2026
25249,"C3bank, National Association",1,949272,836360,C3 BCORP,4970268,754068,N,CA,Encinitas,Commercial Lending Specialization,06/30/2026
25258,"Pibank, National Association",1,2373337,2113408,,,44433,N,FL,Miami,Commercial Lending Specialization,06/30/2026
25267,TruBank,1,494589,366128,COMMUNITY BANCSHARES CORP,2048789,862141,NM,IA,Indianola,Commercial Lending Specialization,06/30/2026
25291,Bank of the Valley,1,581917,490831,BELLWOOD COMMUNITY HOLDING CO,1983070,478195,NM,NE,Bellwood,Agricultural Specialization,06/30/2026
25328,BOC Bank,1,203364,176742,,,352651,SM,TX,Mclean,Commercial Lending Specialization,06/30/2026
25591,Cedar Security Bank,1,62056,48953,CEDAR FINANCIAL HOLDING INC,1398861,550653,NM,NE,Fordyce,Agricultural Specialization,06/30/2026
25620,"Credit One Bank, National Association",1,2439105,1439247,,,639567,N,NV,Las Vegas,Credit-card Specialization,06/30/2026
25621,"Sage Capital Bank,",1,768884,683311,ANB BANCSHARES INC,2536642,448554,NM,TX,Gonzales,Commercial Lending Specialization,06/30/2026
25644,"BEACON BUSINESS BANK, NATIONAL ASSOCIATION",1,164379,134246,TRANS PACIFIC BCORP,1031515,403067,N,CA,San Francisco,Commercial Lending Specialization,06/30/2026
25665,Community National Bank,1,853137,772643,COMMUNITY BANCSHARES INC,1067532,354552,N,KS,Seneca,Commercial Lending Specialization,06/30/2026
25679,International Bank of Commerce,1,4561812,3919084,INTERNATIONAL BANCSHARES CORP,1104231,230759,NM,TX,Brownsville,Commercial Lending Specialization,06/30/2026
25703,The Bank of the West,1,192365,171213,BANCWEST INC,1993547,401755,NM,OK,Thomas,Agricultural Specialization,06/30/2026
25726,Murphy Bank,1,357181,296925,,,855563,NM,CA,Fresno,All Other Under 1 Billion,06/30/2026
25738,Sovereign Bank,1,1474578,1194594,SOVEREIGN BCORP INC,5875511,396253,SM,OK,Shawnee,Commercial Lending Specialization,06/30/2026
25749,"Eastbank, National Association",1,152994,104675,EVERGREEN HOLDINGS LLC,2698906,98717,N,NY,New York,Commercial Lending Specialization,06/30/2026
25752,Community Bank,1,315479,277785,EAST TEXAS BCORP INC,2475590,572655,NM,TX,Longview,Commercial Lending Specialization,06/30/2026
25795,Peoples Bank & Trust,1,563262,504952,PEOPLES BANKTRUST INC,3466504,109136,NM,GA,Buford,Commercial Lending Specialization,06/30/2026
25803,Hatch Bank,1,177458,41304,,,733661,NM,CA,San Marcos,Consumer Lending Specialization,06/30/2026
25849,Midwest Independent BankersBank,1,341431,259441,MIDWEST IND BANCSHARES INC,1142309,977250,SM,MO,Jefferson City,Commercial Lending Specialization,06/30/2026
25858,Equity Bank,1,7714314,6331723,EQUITY BANCSHARES INC,3180547,139656,SM,KS,Andover,Commercial Lending Specialization,06/30/2026
25869,Metropolitan Bank,1,230240,194671,MET FINANCIAL CORP,1139439,534466,NM,CA,Oakland,Commercial Lending Specialization,06/30/2026
25883,First Eagle  Bank,1,649615,467955,FIRST EAGLE BANCSHARES INC,1492956,759045,SM,IL,Chicago,Commercial Lending Specialization,06/30/2026
25886,Rio Bank,1,1423994,1187261,RIO FINANCIAL SERVICES INC,3193033,956750,NM,TX,Mcallen,Commercial Lending Specialization,06/30/2026
25894,First National Bank,1,477821,380137,FULDA BCORP INC,1133567,944355,N,SD,Oldham,Agricultural Specialization,06/30/2026
26021,Valley State Bank,1,169492,139412,VALLEY BANCSHARES INC,1493609,595337,NM,AL,Russellville,All Other Under 1 Billion,06/30/2026
26028,The Bank of East Asia Ltd.,1,449643,19714,,,958400,NC,NY,New York,Commercial Lending Specialization,06/30/2026
26181,Texas National Bank of Jacksonville,1,852407,765678,EAST TEXAS FINANCIAL CORP,1427556,739355,N,TX,Jacksonville,Commercial Lending Specialization,06/30/2026
26185,CHARTER WEST BANK,1,547900,486279,NATIONWIDE BANKSHARES INC,1132579,582953,SM,NE,West Point,Agricultural Specialization,06/30/2026
26189,The Haverford Trust Company,1,190977,128670,DREXEL MORGAN&CO,4046640,17110,SM,PA,Radnor,Consumer Lending Specialization,06/30/2026
26217,Bank of Commerce,1,497495,439290,SOUTHEAST BANCSHARES INC,2124795,862057,SM,KS,Chanute,Agricultural Specialization,06/30/2026
26223,"Golden Bank, National Association",1,2277487,1911057,,,536059,N,TX,Houston,Commercial Lending Specialization,06/30/2026
26228,First National Bank of Dublin,1,134243,116857,DUBLIN BANCSHARES INC,1246953,648550,N,TX,Dublin,Agricultural Specialization,06/30/2026
26260,The First National Bank in Marlow,1,71783,65302,LEADER FIRST BCORP INC,2096164,17259,N,OK,Marlow,Commercial Lending Specialization,06/30/2026
26271,Home Bank of California,1,255441,192192,,,118660,NM,CA,San Diego,Commercial Lending Specialization,06/30/2026
26299,Pacific National Bank,1,1610170,1327615,,,577137,N,FL,Miami,Commercial Lending Specialization,06/30/2026
26312,"First American Trust, FSB",1,9230360,8701025,FIRST AMERICAN FINANCIAL CORP,1250101,1883321,SB,CA,Santa Ana,Mortgage Lending Specialization,06/30/2026
26323,"Florida Capital Bank, National Association",1,713145,639827,FLORIDA CAPITAL GROUP INC,3223828,188430,N,FL,Jacksonville,Commercial Lending Specialization,06/30/2026
26333,Genesee Regional Bank,1,1309654,1075736,GREATER ROCHESTER BCORP INC,3644722,852704,NM,NY,Rochester,Commercial Lending Specialization,06/30/2026
26336,The Village Bank,1,2068136,1798506,,,173575,SI,MA,Newton,Commercial Lending Specialization,06/30/2026
26342,"RBC Bank, (Georgia) National Association",1,9594495,8536132,ROYAL BANK OF CANADA,1232497,3783948,N,GA,Atlanta,All Other Over 1 Billion,06/30/2026
26351,Unity National Bank of Houston,1,224864,193487,,,853251,N,TX,Houston,Commercial Lending Specialization,06/30/2026
26358,State Bank of Southwest Missouri,1,183761,164022,STATE BANCSHARES INC,1404678,293754,NM,MO,Springfield,Mortgage Lending Specialization,06/30/2026
26363,Community Commerce Bank,1,422736,317509,,,299868,NM,CA,Claremont,Commercial Lending Specialization,06/30/2026
26379,Pike National Bank,1,408846,357967,PCNB CORP,3447428,880332,N,MS,Mccomb,Commercial Lending Specialization,06/30/2026
26381,"Bonvenu Bank, National Association",1,1552898,1378600,BONVENU BCORP INC,2344856,594853,N,LA,Bossier City,Commercial Lending Specialization,06/30/2026
26392,Deutsche Bank Trust Company Delaware,1,141395,3018,DEUTSCHE BK AKTIENGESELLSCHAFT,1242423,304913,NM,DE,Newark,Other Specialized Under 1 Billion,06/30/2026
26393,The Pittsfield Co-operative Bank,1,451501,327733,,,1000276,SI,MA,Pittsfield,Commercial Lending Specialization,06/30/2026
26395,MutualOne Bank,1,1217844,924497,,,154770,SI,MA,Framingham,Commercial Lending Specialization,06/30/2026
26397,Greenfield Co-operative Bank,1,901813,799999,GREENFIELD BCORP MHC,3736690,326979,SM,MA,Greenfield,Mortgage Lending Specialization,06/30/2026
26411,Haverhill Bank,1,636836,507639,HB HOLDINGS MHC,5462975,109574,SI,MA,Haverhill,Commercial Lending Specialization,06/30/2026
26416,Community State Bank of Canton,1,73022,63406,CANTON BANCSHARES INC,1137293,147651,NM,OK,Canton,Agricultural Specialization,06/30/2026
26442,"Terrabank, National Association",1,897724,791389,,,238737,N,FL,Coral Gables,Commercial Lending Specialization,06/30/2026
26444,Everett Co-operative Bank,1,1671230,1203450,ECB BCORP INC,5723621,952172,SI,MA,Everett,Commercial Lending Specialization,06/30/2026
26450,Canton Co-operative Bank,1,154823,127189,,,379470,SM,MA,Canton,Mortgage Lending Specialization,06/30/2026
26451,Fidelity Co-operative Bank,1,1310138,1115678,MUTUAL BCORP,4369808,933377,SI,MA,Leominster,Commercial Lending Specialization,06/30/2026
26455,Savers Co-operative Bank,1,783177,562335,,,1002373,SI,MA,Southbridge,Commercial Lending Specialization,06/30/2026
26483,Needham Bank,1,7416433,6320314,NB BCORP INC,5860236,339773,SM,MA,Needham,Commercial Lending Specialization,06/30/2026
26487,Walpole Co-operative Bank,1,646470,509222,,,63573,SM,MA,Walpole,Commercial Lending Specialization,06/30/2026
26499,American National Bank of Minnesota,1,473220,347567,AMERICAN BCORP OF MN INC,3047172,306159,N,MN,Baxter,Commercial Lending Specialization,06/30/2026
26512,Methuen Co-operative Bank,1,141259,127552,,,157379,SI,MA,Methuen,Mortgage Lending Specialization,06/30/2026
26513,Stoughton Co-operative Bank,1,135153,117071,,,164975,SM,MA,Stoughton,Mortgage Lending Specialization,06/30/2026
26517,Cape & Coast Bank,1,1676041,1397897,COASTAL AFFILIATES MHC,3444801,119779,SI,MA,Yarmouth Port,Commercial Lending Specialization,06/30/2026
26520,Security Bank of Southwest Missouri,1,146805,127725,,,897853,NM,MO,Cassville,All Other Under 1 Billion,06/30/2026
26522,The Bank,1,617258,540517,DECATUR INVESTMENT INC,1137855,333650,NM,KS,Oberlin,Agricultural Specialization,06/30/2026
26530,Denali State Bank,1,522646,458680,DENALI BCORP INC,1989241,571265,NM,AK,Fairbanks,Commercial Lending Specialization,06/30/2026
26536,BankGloucester,1,386866,304178,,,331375,SI,MA,Gloucester,Commercial Lending Specialization,06/30/2026
26539,Bank of the Federated States of Micronesia,1,278417,245400,,,718275,NM,FM,Kolonia,Other Specialized Under 1 Billion,06/30/2026
26542,"Bank of DeSoto, National Association",1,264575,237251,D BCORP INC,2127022,638355,N,TX,De Soto,All Other Under 1 Billion,06/30/2026
26554,Bank of Easton,1,249000,222476,,,956376,SM,MA,North Easton,Mortgage Lending Specialization,06/30/2026
26555,OneLocal Bank,1,1051449,842969,1889 BCORP MHC,3960897,1013070,SI,MA,Norwood,Commercial Lending Specialization,06/30/2026
26559,"StonehamBank,  A Co-operative Bank",1,918261,773165,,,954279,SI,MA,Stoneham,Commercial Lending Specialization,06/30/2026
26564,Delta Bank,1,631971,558496,CENTRAL LOUISIANA CAPITAL CORP,1109571,975256,NM,LA,Vidalia,Agricultural Specialization,06/30/2026
26567,North Cambridge Co-operative Bank,1,87082,60277,,,931270,SI,MA,Cambridge,All Other Under 1 Billion,06/30/2026
26576,Wrentham Co-operative Bank,1,192617,175784,,,948278,SI,MA,Wrentham,Mortgage Lending Specialization,06/30/2026
26588,Dedicated Community Bank,1,100605,91121,DARLINGTON CNTY BANCSHARES INC,2798440,513322,NM,SC,Darlington,Commercial Lending Specialization,06/30/2026
26591,Coastal Heritage Bank,1,983644,790901,EQUITABLE BCORP MHC,3398315,115575,SM,MA,Weymouth,Commercial Lending Specialization,06/30/2026
26602,Charles River Bank,1,336060,312572,CHARLES RIVER BCORP MHC,3966022,947776,SM,MA,Medway,Commercial Lending Specialization,06/30/2026
26610,Bank of Hope,1,18987133,15918749,HOPE BCORP INC,2961879,671464,NM,CA,Los Angeles,Commercial Lending Specialization,06/30/2026
26620,Reading Co-operative Bank,1,1186904,1015475,,,1008674,SM,MA,Reading,Commercial Lending Specialization,06/30/2026
26626,"United Texas Bank, National Association",1,1053439,790843,UTB FINANCIAL HOLDING CO,4378529,726953,N,TX,Dallas,Commercial Lending Specialization,06/30/2026
26627,Bank of the West,1,829755,747073,GREATER SW BANCSHARES INC,1141384,859552,NM,TX,Grapevine,Commercial Lending Specialization,06/30/2026
26634,Mechanics Cooperative Bank,1,898764,679578,MOUNTAINONE FINANCIAL MHC,2634212,183770,SI,MA,Taunton,Commercial Lending Specialization,06/30/2026
26647,Firstrust Savings Bank,1,5622445,4764574,,,932978,SI,PA,Conshohocken,Commercial Lending Specialization,06/30/2026
26653,Bandera Bank,1,89277,78597,BANDERA BANCSHARES INC,1139671,78157,NM,TX,Bandera,All Other Under 1 Billion,06/30/2026
26658,Amistad Bank,1,56986,45704,PATRONS HOLDINGS INC,5861662,30052,NM,TX,Del Rio,Commercial Lending Specialization,06/30/2026
26677,The Bankers Bank,1,310517,243358,BANKERS BCORP OF OKLAHOMA INC,1138209,859655,SM,OK,Oklahoma City,Commercial Lending Specialization,06/30/2026
26687,PNB Community Bank,1,155169,140334,BANKSHARES CORP OF NICEVILLE,1363793,483537,NM,FL,Niceville,Commercial Lending Specialization,06/30/2026
26689,Bank of Alma,1,339507,166310,DAIRYLAND BANK HOLDING CORP,2029368,564052,NM,WI,Alma,Commercial Lending Specialization,06/30/2026
26703,"River City Bank, Inc.",1,494862,438271,FIRST BRECKINRIDGE BANCSHARES,1119404,396244,NM,KY,Louisville,Commercial Lending Specialization,06/30/2026
26704,Balboa Thrift and Loan Association,1,394455,348346,,,696168,NM,CA,Chula Vista,Commercial Lending Specialization,06/30/2026
26708,Spectra Bank,1,126667,110755,RIVERBEND FINANCIAL CORP,3391679,426057,NM,TX,Fort Worth,Commercial Lending Specialization,06/30/2026
26725,Banco do Brasil Americas,1,3472123,3086173,BANCO DO BRASIL SA,1242076,110936,NM,FL,Miami,Mortgage Lending Specialization,06/30/2026
26727,Bank of South Texas,1,174546,141071,,,49858,NM,TX,Mcallen,Commercial Lending Specialization,06/30/2026
26738,Texas Financial Bank,1,264556,223618,PATRONS HOLDINGS INC,5861662,656658,NM,TX,Eden,Commercial Lending Specialization,06/30/2026
26755,"Minnesota First Credit and Savings, Incorporated",1,29891,24903,,,821559,NM,MN,Rochester,Mortgage Lending Specialization,06/30/2026
26760,Green Belt Bank & Trust,1,758705,676613,GREEN BELT BCORP,1140958,803649,NM,IA,Iowa Falls,Agricultural Specialization,06/30/2026
26790,"Hana Bank USA, National Association",1,835237,588233,HANA FINANCIAL GROUP INC,3400937,609609,N,NJ,Fort Lee,Commercial Lending Specialization,06/30/2026
26798,Home Savings Bank,1,108776,76385,JGS JR FAMILY HOLDING CORP,5421422,460770,NM,UT,Salt Lake City,Commercial Lending Specialization,06/30/2026
26799,EvaBank,1,490603,340555,,,498531,NM,AL,Eva,Commercial Lending Specialization,06/30/2026
26816,"Stitch Bank, Inc.",1,11435,7222,CACHE VALLEY BANKING CO,2324997,593771,NM,UT,Salt Lake City,Other Specialized Under 1 Billion,06/30/2026
26829,First National Bank of Pasco,1,280010,234142,FLORIDA BANCSHARES INC,2552400,82033,N,FL,Dade City,Commercial Lending Specialization,06/30/2026
26847,The Chesapeake Bank & Trust Co.,1,141507,104518,CHESAPEAKE BCORP EMPLOYEE STK OWNERSHIP PLAN WITH 401 K PROVISIONS,2857758,304520,NM,MD,Chestertown,All Other Under 1 Billion,06/30/2026
26856,Falcon International Bank,1,2249533,1961144,FALCON BANCSHARES INC,2270254,564557,NM,TX,Laredo,Commercial Lending Specialization,06/30/2026
26871,Community Bankers' Bank,1,139427,94937,CBB FINANCIAL CORP,3848632,77422,SM,VA,Midlothian,Commercial Lending Specialization,06/30/2026
26876,Safra National Bank of New York,1,15692063,13881404,SNBNY HOLDINGS LTD,2368106,918918,N,NY,New York,All Other Over 1 Billion,06/30/2026
26881,"SoFi Bank, National Association",1,56821411,46781713,SOFI TECHNOLOGIES INC,5586871,962966,N,UT,Cottonwood Heights,Consumer Lending Specialization,06/30/2026
26891,Liberty Bank Minnesota,1,290249,262909,LIBERTY FINL SERVICES ST CLOUD,3800658,1387203,SM,MN,Saint Cloud,Mortgage Lending Specialization,06/30/2026
26906,Texas Regional Bank,1,2949812,2481891,TEXAS STATE BANKSHARES INC,4076937,380458,SM,TX,Harlingen,Commercial Lending Specialization,06/30/2026
26912,The Bank of South Carolina,1,571241,497261,BANK OF SOUTH CAROLINA CORP,2297701,246022,NM,SC,Charleston,Commercial Lending Specialization,06/30/2026
26922,The Cooperative Bank,1,548294,457832,,,714978,SI,MA,Roslindale,Commercial Lending Specialization,06/30/2026
26941,Peoples Bank of Deer Lodge,1,50793,45773,SANDQUIST CORP,1144077,639857,NM,MT,Deer Lodge,Agricultural Specialization,06/30/2026
26944,American State Bank,1,360813,282827,OSCEOLA BCORP,1144095,276645,SM,IA,Osceola,Agricultural Specialization,06/30/2026
26960,First Bank of the Lake,1,2335767,2027237,FBOL BANCSHARES INC,5781500,758851,NM,MO,Osage Beach,Commercial Lending Specialization,06/30/2026
26962,Wilson Bank and Trust,1,5978782,5327436,WILSON BANK HOLDING CO,2004141,159636,NM,TN,Lebanon,Commercial Lending Specialization,06/30/2026
27010,Young Americans Bank,1,15527,13437,YOUNG AMERICANS EDUCATION FOUNDATION,1840883,67254,NM,CO,Denver,Other Specialized Under 1 Billion,06/30/2026
27015,42 North Private Bank,1,182165,144419,42 NORTH PRIVATE HOLDINGS INC,1250138,541307,SB,MA,Canton,Mortgage Lending Specialization,06/30/2026
27026,"Native American Bank, National Association",1,362044,302602,NATIVE AMERICAN BCORP CO THE,2943419,664653,N,CO,Denver,Commercial Lending Specialization,06/30/2026
27043,Sanger Bank,1,224449,186585,SANGER BANCSHARES INC,2497837,336361,SM,TX,Sanger,Commercial Lending Specialization,06/30/2026
27046,Community National Bank & Trust,1,2532014,2210546,COMMUNITY BCORP INC,1247398,923752,N,KS,Chanute,Commercial Lending Specialization,06/30/2026
27052,"St. Charles Bank & Trust Company, National Association",1,3686173,3135062,WINTRUST FINANCIAL CORP,2260406,428547,N,IL,Saint Charles,Commercial Lending Specialization,06/30/2026
27054,Sumitomo Mitsui Trust Bank (U.S.A.) Limited,1,3918801,3323101,SUMITOMO MITSUI TR GROUP INC,4224297,925411,NM,NJ,Hoboken,All Other Over 1 Billion,06/30/2026
27074,State Bank of Texas,1,2585922,2141255,SBT BANCSHARES INC,3308677,1157415,NM,TX,Irving,Commercial Lending Specialization,06/30/2026
27118,Premier Bank of the South,1,370647,337077,FCB BANCSHARES INC,2226484,1160509,NM,AL,Cullman,All Other Under 1 Billion,06/30/2026
27201,Community State Bank,1,89701,82809,WARRIOR BANK CORP INC,1249749,1176920,NM,OK,Hennessey,Agricultural Specialization,06/30/2026
27210,InterBank,1,5329352,4561747,OLNEY BANCSHARES OF TEXAS INC,2233950,1187001,SM,OK,Oklahoma City,Commercial Lending Specialization,06/30/2026
27211,First Community Bank of Tennessee,1,943790,702085,FIRST COMMUNITY BCORP INC,2016340,1188772,NM,TN,Shelbyville,Commercial Lending Specialization,06/30/2026
27219,"Independent Correspondent Bankers' Bank, Inc.",1,151382,82541,INDEPENDENT CMTY BCORP INC,1248005,1187551,SM,KY,Frankfort,Commercial Lending Specialization,06/30/2026
27233,Peoples Independent Bank,1,485680,441337,PEOPLES IND BANCSHARES INC,1918755,1188987,NM,AL,Boaz,Commercial Lending Specialization,06/30/2026
27235,STAR Financial Bank,1,3230682,2845134,STAR FINANCIAL GROUP INC,1141647,547840,NM,IN,Fort Wayne,Commercial Lending Specialization,06/30/2026
27237,Enterprise Bank & Trust,1,17357139,14728842,ENTERPRISE FINL SERVICES CORP,2303910,1190476,SM,MO,Clayton,Commercial Lending Specialization,06/30/2026
27238,Winchester Co-operative Bank,1,946884,773766,,,268976,SI,MA,Winchester,Mortgage Lending Specialization,06/30/2026
27254,Waycross Bank & Trust,1,242176,217349,WB&T BANKSHARES INC,1493636,1191352,NM,GA,Waycross,Commercial Lending Specialization,06/30/2026
27267,Amerasia Bank,1,1084973,914048,,,1169650,NM,NY,Flushing,Commercial Lending Specialization,06/30/2026
27269,Dean Co-operative Bank,1,494314,420578,,,271275,SI,MA,Franklin,Mortgage Lending Specialization,06/30/2026
27314,Synchrony Bank,1,115217000,85967000,SYNCHRONY FINANCIAL,4504654,1216022,SB,UT,Draper,Credit-card Specialization,06/30/2026
27351,Bankers' Bank of Kansas,1,255696,130416,BBOK BANCSHARES INC,1250754,1218446,SM,KS,Wichita,Commercial Lending Specialization,06/30/2026
27362,Prairie State Bank and Trust,1,840081,730168,AMERICAN CNTL FINL GROUP INC,1095414,1222948,NM,IL,Springfield,Commercial Lending Specialization,06/30/2026
27381,First Metro Bank,1,1012341,893703,FIRST METRO BCORP,1980846,1222519,NM,AL,Muscle Shoals,Commercial Lending Specialization,06/30/2026
27385,Port Richmond Savings,1,97175,60775,,,1225798,SI,PA,Philadelphia,Commercial Lending Specialization,06/30/2026
27389,Wells Fargo National Bank West,1,8769681,6933675,WELLS FARGO&COMPANY,1120754,1225761,N,NV,Las Vegas,Mortgage Lending Specialization,06/30/2026
27394,First Bank & Trust Co.,1,952058,802116,,,1228034,NM,OK,Duncan,Commercial Lending Specialization,06/30/2026
27398,Peoples Bank,1,185378,168367,TEXAS PEOPLES NATL BANCSHARES,1406953,1293078,NM,TX,Paris,All Other Under 1 Billion,06/30/2026
27409,Commercial Bank,1,282924,246468,COMMERCIAL BANCSHARES INC,3101560,1225752,NM,MO,Saint Louis,Commercial Lending Specialization,06/30/2026
27417,Shoreham Bank,1,534750,420473,JAMESTOWN TRUST#3,5278411,724904,SB,RI,Warwick,Commercial Lending Specialization,06/30/2026
27471,American Express National  Bank,1,213946192,171554868,AMERICAN EXPRESS CO,1275216,1394676,N,UT,Sandy,Credit-card Specialization,06/30/2026
27476,BancFirst,1,12804688,11190726,BANCFIRST CORP,1133286,1386251,SM,OK,Oklahoma City,Commercial Lending Specialization,06/30/2026
27496,Bank of the Lowcountry,1,430233,364984,COMMUNITYCORP,2352842,1404481,SM,SC,Walterboro,Commercial Lending Specialization,06/30/2026
27499,Comenity Bank,1,7370991,4008565,,,1391778,NM,DE,Wilmington,Credit-card Specialization,06/30/2026
27503,The Berkshire Bank,1,529978,397509,BERKSHIRE BCORP INC,2728157,1396764,NM,NY,New York,Other Specialized Under 1 Billion,06/30/2026
27510,Metro Bank,1,1182553,1005162,,,1394621,NM,AL,Pell City,Commercial Lending Specialization,06/30/2026
27556,Burling Bank,1,214188,180333,BURLING BCORP INC,4352444,1404883,NM,IL,Chicago,Commercial Lending Specialization,06/30/2026
27560,North Alabama Bank,1,178607,156024,BOLC CORP,5140312,1402384,NM,AL,Hazel Green,Commercial Lending Specialization,06/30/2026
27567,The Glen Burnie Mutual Savings Bank,1,103946,93819,,,508270,SI,MD,Glen Burnie,Mortgage Lending Specialization,06/30/2026
27589,"Lake Forest Bank & Trust Company, National Association",1,9250823,7281646,WINTRUST FINANCIAL CORP,2260406,1917301,N,IL,Lake Forest,Commercial Lending Specialization,06/30/2026
27619,Piedmont Federal Savings Bank,1,1316062,973732,PIEDMONT FINANCIAL HOLDING CO,5726556,864471,SL,NC,Winston Salem,Commercial Lending Specialization,06/30/2026
27643,First Federal Bank of Ohio,1,282866,231214,,,207470,SB,OH,Galion,Mortgage Lending Specialization,06/30/2026
27654,Home Federal Bank,1,644022,579073,HOME FEDERAL BCORP INC OF LA,4253121,804374,SB,LA,Shreveport,Commercial Lending Specialization,06/30/2026
27664,"Sterling Federal Bank, F.S.B.",1,481614,403414,,,867070,SB,IL,Sterling,Commercial Lending Specialization,06/30/2026
27677,HomeTrust Bank,1,4437045,3612552,HOMETRUST BANCSHARES INC,4366003,212577,SM,NC,Asheville,Commercial Lending Specialization,06/30/2026
27678,"First Federal Community Bank, SSB",1,603645,520375,FIRST FEDERAL COMMUNITY MHC,6073985,898579,SI,TX,Paris,Commercial Lending Specialization,06/30/2026
27683,North Shore Trust and Savings,1,270259,201280,NSTS BCORP INC,5654323,775773,SB,IL,Waukegan,Mortgage Lending Specialization,06/30/2026
27686,Slovenian Savings and Loan Association of Canonsburg,1,626985,522610,,,213471,SI,PA,Strabane,All Other Under 1 Billion,06/30/2026
27697,Fifth District Savings Bank,1,531766,414818,FIFTH DISTRICT BCORP INC,5926918,837970,SB,LA,New Orleans,Mortgage Lending Specialization,06/30/2026
27711,Altoona First Savings Bank,1,328620,278789,,,777870,SI,PA,Altoona,Commercial Lending Specialization,06/30/2026
27716,Mutual Savings and Loan Association,1,35922,18696,MAGNOLIA BCORP INC,5975167,809070,SB,LA,Metairie,Mortgage Lending Specialization,06/30/2026
27723,"Security Bank, s.b.",1,244493,185480,SECURITY MIDWEST BCORP INC,5975868,218878,SI,IL,Springfield,Commercial Lending Specialization,06/30/2026
27727,Lyons Federal Bank,1,197569,166688,,,901974,SB,KS,Lyons,Agricultural Specialization,06/30/2026
27742,Mutual Savings Bank,1,352880,284265,THIRD CENTURY BCORP,3252659,841472,SI,IN,Franklin,Commercial Lending Specialization,06/30/2026
27752,Hibernia Bank,1,256636,209995,,,872579,SL,LA,New Orleans,Commercial Lending Specialization,06/30/2026
27760,West View Savings Bank,1,365122,122304,WVS FINANCIAL CORP,2140115,842376,SI,PA,Pittsburgh,Mortgage Lending Specialization,06/30/2026
27763,InFirst Bank,1,683196,612677,INFIRST BCORP MHC,4442224,904171,SI,PA,Indiana,Commercial Lending Specialization,06/30/2026
27767,Union Federal Savings and Loan Association,1,145593,120985,,,656779,SB,IL,Kewanee,Commercial Lending Specialization,06/30/2026
27774,Gate City Bank,1,4043047,3611517,,,657271,SB,ND,Fargo,Mortgage Lending Specialization,06/30/2026
27806,Fairfield Federal Savings and Loan Association of Lancaster,1,281462,247404,,,666974,SB,OH,Lancaster,Mortgage Lending Specialization,06/30/2026
27811,Independent Bank,1,5656124,4929167,INDEPENDENT BANK CORP,1201925,636771,SM,MI,Grand Rapids,Commercial Lending Specialization,06/30/2026
27824,Salem Co-operative Bank,1,579997,405872,,,670878,SL,NH,Salem,Commercial Lending Specialization,06/30/2026
27841,Citizens Federal Savings and Loan Association,1,41864,28056,,,673477,SB,KY,Covington,Mortgage Lending Specialization,06/30/2026
27847,The Pioneer Savings Bank,1,54677,35647,,,643274,NM,OH,Cleveland,Mortgage Lending Specialization,06/30/2026
27872,Pioneer Bank,1,1094643,850790,PIONEER BCORP INC,3798933,606176,SB,NM,Roswell,Commercial Lending Specialization,06/30/2026
27884,Huntington Federal Savings Bank,1,532286,422435,,,609476,SB,WV,Huntington,Mortgage Lending Specialization,06/30/2026
27897,"Black Mountain Savings Bank, SSB",1,42995,37710,,,444677,SI,NC,Black Mountain,Mortgage Lending Specialization,06/30/2026
27898,"Home Savings and Loan Association of Carroll County, F.A.",1,131402,111607,,,612878,SL,MO,Norborne,All Other Under 1 Billion,06/30/2026
27910,"Central Savings, f.s.b.",1,111928,80559,,,615879,SB,IL,Chicago,Commercial Lending Specialization,06/30/2026
27943,Brentwood Bank,1,1046318,736698,MUTUAL HOLDING CO OF W PA,2394628,534877,SI,PA,Bethel Park,Commercial Lending Specialization,06/30/2026
27965,Greenville Federal,1,263888,240818,GREENVILLE FEDERAL MHC,3828595,567679,SB,OH,Greenville,Commercial Lending Specialization,06/30/2026
27969,Community Savings,1,284659,219790,DOUBLE BOTTOMLINE CORP,5614420,476472,SB,OH,Caldwell,Mortgage Lending Specialization,06/30/2026
27981,Capitol Federal Savings Bank,1,9677291,6918089,CAPITOL FEDERAL FINANCIAL INC,4226910,968070,SB,KS,Topeka,Mortgage Lending Specialization,06/30/2026
27989,OSB Community Bank,1,355617,293477,OTTAWA BCORP INC,5009204,725077,NM,IL,Ottawa,Commercial Lending Specialization,06/30/2026
27998,Guardian Savings Bank,1,1394713,1229875,BECK FAMILY TRUST,3828018,727174,SI,OH,West Chester,Mortgage Lending Specialization,06/30/2026
28035,"Belmont Savings Bank, SSB",1,161046,111339,,,919773,SI,NC,Belmont,Mortgage Lending Specialization,06/30/2026
28060,Citizens Federal Savings and Loan Association,1,186142,161321,,,647777,SB,OH,Bellefontaine,Mortgage Lending Specialization,06/30/2026
28063,The Covington Savings and Loan Association,1,84034,68412,COVINGTON FINANCIAL CORP MHC,3828120,835079,SB,OH,Covington,Mortgage Lending Specialization,06/30/2026
28080,The Harrison Building and Loan Association,1,268026,201380,,,653778,SL,OH,Harrison,Commercial Lending Specialization,06/30/2026
28088,WaFd Bank,1,27577403,21051268,WAFD INC,3065617,656377,NM,WA,Seattle,Commercial Lending Specialization,06/30/2026
28094,"Home Bank, National Association",1,3602958,3078790,HOME BCORP INC,3851191,929978,N,LA,Lafayette,Commercial Lending Specialization,06/30/2026
28103,Collinsville Building and Loan Association,1,117572,82749,,,658474,SB,IL,Collinsville,Mortgage Lending Specialization,06/30/2026
28105,"First Robinson Savings Bank, National Association",1,512141,408584,FIRST ROBINSON FINANCIAL CORP,2558194,660271,N,IL,Robinson,Commercial Lending Specialization,06/30/2026
28116,Yakima Federal Savings and Loan Association,1,1997102,1370706,,,809771,SI,WA,Yakima,Mortgage Lending Specialization,06/30/2026
28155,Profile Bank,1,316635,280291,PROFILE BCORP MHC,3846496,672573,SM,NH,Rochester,Commercial Lending Specialization,06/30/2026
28157,The Cincinnatus Savings & Loan Co.,1,193097,163026,CINCINNATUS CMTY BCORP MHC,4301394,815772,SL,OH,Cincinnati,Commercial Lending Specialization,06/30/2026
28178,Northwest Bank,1,17206047,14386113,NORTHWEST BANCSHARES INC,4122722,1002878,SI,PA,Warren,Commercial Lending Specialization,06/30/2026
28186,MCS Bank,1,224698,196050,,,757779,SI,PA,Milroy,Commercial Lending Specialization,06/30/2026
28208,San Luis Valley Federal Bank,1,390204,317937,COLORADO MUTUAL HOLDING CO,5373398,945071,SB,CO,Alamosa,Mortgage Lending Specialization,06/30/2026
28213,"Winter Hill Bank, FSB",1,407948,299268,,,822275,SB,MA,Somerville,Mortgage Lending Specialization,06/30/2026
28217,Warsaw Federal Savings and Loan Association,1,108524,71890,FIRST MUTUAL HOLDING CO,4843090,875879,SB,OH,Cincinnati,Mortgage Lending Specialization,06/30/2026
28222,Haddon Savings Bank,1,421352,351251,,,1008076,SI,NJ,Haddon Heights,Commercial Lending Specialization,06/30/2026
28246,Home Savings Bank,1,115085,90503,,,765877,SB,KS,Chanute,Agricultural Specialization,06/30/2026
28263,"CFBank, National Association",1,2167338,1832036,CF BANKSHARES INC,3828577,767974,N,OH,Columbus,Commercial Lending Specialization,06/30/2026
28266,Connect Community Bank,1,72656,69726,,,768476,SI,WA,Raymond,Mortgage Lending Specialization,06/30/2026
28277,Ozarks Federal Savings and Loan Association,1,277200,227663,,,1016174,SB,MO,Farmington,Mortgage Lending Specialization,06/30/2026
28288,"Auburn Savings Bank, FSB",1,103247,75921,AUBURN BCORP MHC,3799369,229173,SB,ME,Auburn,Mortgage Lending Specialization,06/30/2026
28302,Mutual Federal Bank,1,96505,63536,MUTUAL FEDERAL BCORP MHC,3849013,235174,SB,IL,Chicago,Mortgage Lending Specialization,06/30/2026
28314,"Riverside Savings Bank, SSB",1,94550,72499,,,247476,SI,NC,Roanoke Rapids,Commercial Lending Specialization,06/30/2026
28315,"RG Bank, A Savings and Loan Association",1,136694,121351,,,256076,SL,CO,Monte Vista,Mortgage Lending Specialization,06/30/2026
28316,FIDELITY BANK,1,1226355,857617,FB BCORP INC,5926413,255574,SI,LA,New Orleans,Commercial Lending Specialization,06/30/2026
28332,Southern Bank,1,5185949,4421425,SOUTHERN MISSOURI BCORP INC,3266227,272272,SM,MO,Poplar Bluff,Commercial Lending Specialization,06/30/2026
28348,Belmont Savings Bank,1,612927,496681,,,72678,NM,OH,Bellaire,All Other Under 1 Billion,06/30/2026
28349,Home Federal Savings and Loan Association of Niles,1,159092,86472,FIRST NILES FINANCIAL INC,3828634,71073,SB,OH,Niles,Mortgage Lending Specialization,06/30/2026
28359,"OceanFirst Bank, National Association",1,23172826,17958463,OCEANFIRST FINANCIAL CORP,2609975,85472,N,NJ,Toms River,Commercial Lending Specialization,06/30/2026
28362,Century Bank,1,1360343,1228247,CENTURY FINL SERVICES CORP,3632756,83375,NM,NM,Santa Fe,Commercial Lending Specialization,06/30/2026
28368,"Middlesex Federal Savings, F.A.",1,654367,576502,MIDDLESEX FEDERAL MHC,5399950,87579,SB,MA,Somerville,Commercial Lending Specialization,06/30/2026
28369,"Rockland Savings Bank, FSB",1,90779,68474,,,95677,SB,ME,Rockland,Mortgage Lending Specialization,06/30/2026
28390,Edward Jones Trust Company,1,160513,500,,,3529315,SB,MO,Saint Louis,Other Specialized Under 1 Billion,06/30/2026
28396,First Palmetto Bank,1,1100982,993862,FIRST PALMETTO FINANCIAL CORP,3834701,586072,NM,SC,Camden,Commercial Lending Specialization,06/30/2026
28400,Westbury Bank,1,771888,697950,WESTBURY BCORP INC,4472249,524971,NM,WI,Waukesha,Commercial Lending Specialization,06/30/2026
28401,Eureka Savings Bank,1,435791,319493,,,587677,SI,IL,La Salle,All Other Under 1 Billion,06/30/2026
28405,First Fed Bank,1,2106581,1614303,FIRST NORTHWEST BCORP,4438366,403179,NM,WA,Port Angeles,Commercial Lending Specialization,06/30/2026
28425,Central Federal Savings and Loan Association,1,194646,171642,,,467470,SB,IL,Cicero,Mortgage Lending Specialization,06/30/2026
28445,First Federal Savings Bank of Champaign Urbana,1,192539,163617,GREAT AMERICAN BCORP INC,2507642,346771,SB,IL,Champaign,All Other Under 1 Billion,06/30/2026
28453,Timberland Bank,1,2060726,1764507,TIMBERLAND BCORP INC,2621548,294779,SI,WA,Hoquiam,Commercial Lending Specialization,06/30/2026
28463,Liberty Bank,1,55743,46230,LIBERTY FEDERAL BCORP MHC,4099365,534073,SL,OH,Ironton,All Other Under 1 Billion,06/30/2026
28471,"Roxboro Savings Bank, SSB",1,360681,292795,,,472979,SI,NC,Roxboro,Mortgage Lending Specialization,06/30/2026
28478,Farmers and Mechanics Federal Savings Bank,1,113590,105772,,,412872,SI,IN,Bloomfield,All Other Under 1 Billion,06/30/2026
28480,Columbia Savings and Loan Association,1,20558,19309,,,596277,SL,WI,Milwaukee,Mortgage Lending Specialization,06/30/2026
28489,Banner Bank,1,16586212,13885851,BANNER CORP,2126977,352772,NM,WA,Walla Walla,Commercial Lending Specialization,06/30/2026
28507,Argentine Federal Savings,1,70405,56009,,,120476,SB,KS,Kansas City,Mortgage Lending Specialization,06/30/2026
28513,"WaterStone Bank, SSB",1,2252894,1469847,WATERSTONE FINANCIAL INC,4523431,310978,SI,WI,Wauwatosa,Commercial Lending Specialization,06/30/2026
28515,"TrustTexas Bank, SSB",1,393489,384840,TRUSTTEXAS MUTUAL HOLDING CO,3601332,539872,SI,TX,Cuero,All Other Under 1 Billion,06/30/2026
28530,Forward Bank,1,1283079,1036932,FORWARD MUTUAL HOLDING CO,3851388,313577,SI,WI,Marshfield,Commercial Lending Specialization,06/30/2026
28533,First Bank Midwest,1,1546784,1152399,RICHMOND MUTUAL BCORP INC,5371947,419675,NM,IN,Frankfort,Commercial Lending Specialization,06/30/2026
28543,Custer Federal State Bank,1,120739,95723,CFSB HOLDING CO,4843755,481579,NM,NE,Broken Bow,Agricultural Specialization,06/30/2026
28555,Valley Central Bank,1,186737,145965,VALLEY CENTRAL MHC,4352574,320070,SL,OH,Liberty Township,Commercial Lending Specialization,06/30/2026
28585,"Maple City Savings Bank, FSB",1,121809,108415,MAPLE CITY SAVINGS MHC,3793497,548472,SB,NY,Hornell,Mortgage Lending Specialization,06/30/2026
28593,Sturgis Bank & Trust Company,1,1028907,893000,STURGIS BCORP INC,3051571,366078,NM,MI,Sturgis,Commercial Lending Specialization,06/30/2026
28599,Olympia Federal Savings and Loan Association,1,1019363,709687,,,550279,SI,WA,Olympia,Mortgage Lending Specialization,06/30/2026
28614,"The Equitable Bank, S.S.B.",1,327125,289087,TEB MHC,5301533,336576,SI,WI,Wauwatosa,Commercial Lending Specialization,06/30/2026
28635,First Federal Savings and Loan Bank,1,109487,91791,FIRST FED OF OLATHE BCORP INC,3308051,198073,NM,KS,Olathe,Mortgage Lending Specialization,06/30/2026
28637,Milton Savings Bank,1,90588,70964,,,123075,SB,PA,Milton,Mortgage Lending Specialization,06/30/2026
28652,Fairview Savings and Loan Association,1,65142,51364,,,618777,SB,OK,Fairview,Agricultural Specialization,06/30/2026
28663,The Brookville Building and Savings Association,1,41172,32371,,,559179,NM,OH,Brookville,Mortgage Lending Specialization,06/30/2026
28667,Homestead Savings Bank,1,71589,64583,,,132778,SB,MI,Albion,Commercial Lending Specialization,06/30/2026
28677,Conneaut Savings Bank,1,76738,65319,CONNEAUT BCORP MHC,4028897,203575,SL,OH,Conneaut,Mortgage Lending Specialization,06/30/2026
28679,North Shore Bank,1,2608511,2172387,,,376273,SI,WI,Brookfield,Commercial Lending Specialization,06/30/2026
28701,Ambler Savings Bank,1,502301,424608,,,206174,SI,PA,Ambler,Commercial Lending Specialization,06/30/2026
28703,Versailles Savings and Loan Company,1,65640,51133,VERSAILLES FINANCIAL CORP,4151544,402873,SL,OH,Versailles,Mortgage Lending Specialization,06/30/2026
28706,First Federal Savings and Loan Association of Greene Co,1,1031873,871754,,,624778,SB,PA,Waynesburg,Mortgage Lending Specialization,06/30/2026
28708,GSL Savings Bank,1,151205,120419,,,564678,SI,NJ,Guttenberg,Commercial Lending Specialization,06/30/2026
28712,First Federal Savings of Middletown,1,187963,112251,,,565170,SL,NY,Middletown,Commercial Lending Specialization,06/30/2026
28729,Ascendia Bank,1,395300,318797,,,147679,SI,NJ,Glen Rock,Commercial Lending Specialization,06/30/2026
28735,"Golden Belt Bank, FSA",1,373540,285205,MID-AMERICA FINANCIAL CORP,3835230,148171,SB,KS,Hays,Mortgage Lending Specialization,06/30/2026
28747,Hoyne Savings Bank,1,479907,346713,HOYNE BCORP INC,6052850,447070,SI,IL,Chicago,Commercial Lending Specialization,06/30/2026
28765,Kearny Bank,1,7665322,5736700,KEARNY FINANCIAL CORP,3099443,633378,SI,NJ,Kearny,Commercial Lending Specialization,06/30/2026
28769,First Federal Savings Bank of Angola,1,137258,103541,,,158376,SB,IN,Angola,Mortgage Lending Specialization,06/30/2026
28778,Somerset Regal Bank,1,1189079,925103,SR BCORP INC,5805657,159971,NM,NJ,Bound Brook,Commercial Lending Specialization,06/30/2026
28780,Arundel Bank,1,492082,372598,,,390372,SB,MD,Glen Burnie,Mortgage Lending Specialization,06/30/2026
28788,Sturdy Savings Bank,1,1143729,1023230,STURDY BCORP MHC,6033998,391977,SI,NJ,Stone Harbor,Commercial Lending Specialization,06/30/2026
28790,Superior Savings Bank,1,98767,81446,,,575375,SI,WI,Superior,Mortgage Lending Specialization,06/30/2026
28793,Sharon Bank,1,172625,146948,SHARON MUTUAL HOLDING CO,3845668,164377,SI,PA,Springfield,Commercial Lending Specialization,06/30/2026
28805,Sunnyside Federal Savings and Loan Association of Irvington,1,82271,72235,VECTA PARTNERS LLC,5620636,516873,SB,NY,Irvington,Commercial Lending Specialization,06/30/2026
28812,Armor Bank,1,516927,460469,BIG CREEK BANCSHARES INC,5046816,168571,SM,AR,Forrest City,Commercial Lending Specialization,06/30/2026
28818,Crest Savings Bank,1,594240,516852,CREST SAVINGS BCORP MHC,3836901,172475,SI,NJ,Wildwood,Mortgage Lending Specialization,06/30/2026
28834,Columbia Bank,1,12166315,9578993,COLUMBIA BANK MHC,2571120,174572,SB,NJ,Fair Lawn,Commercial Lending Specialization,06/30/2026
28836,United Savings Bank,1,460566,332127,,,459372,SI,PA,Philadelphia,Other Specialized Under 1 Billion,06/30/2026
28837,The Brattleboro Savings and Loan Association,1,296376,262301,,,580874,SM,VT,Brattleboro,Commercial Lending Specialization,06/30/2026
28841,Community Savings Bank,1,410173,356981,,,520777,SI,IL,Chicago,All Other Under 1 Billion,06/30/2026
28845,First Federal Savings Bank of Twin Falls,1,1420568,1251041,,,582971,SB,ID,Twin Falls,Commercial Lending Specialization,06/30/2026
28859,First Piedmont Federal Savings and Loan Association of Gaffney,1,597116,420475,,,646172,SB,SC,Gaffney,Mortgage Lending Specialization,06/30/2026
28860,Century Savings and Loan Association,1,75330,61993,,,401072,SL,CO,Trinidad,Mortgage Lending Specialization,06/30/2026
28865,MidCountry Bank,1,1070620,835800,MIDCOUNTRY ACQUISITION CORP,5281989,3971,SB,MN,Minneapolis,Commercial Lending Specialization,06/30/2026
28868,Broadstreet Bank S S B,1,442833,343438,TEXAS COMMUNITY BANCSHARES INC,5586862,279,SI,TX,Mineola,Commercial Lending Specialization,06/30/2026
28870,Wallkill Valley Federal Savings and Loan Association,1,484967,416706,WALLKILL VALLEY BCORP MHC,5117592,7072,SB,NY,Wallkill,Mortgage Lending Specialization,06/30/2026
28894,Security Federal Savings Bank,1,464413,400399,SECURITY FEDERAL MUTUAL BCORP,5626964,32971,SB,IN,Logansport,Commercial Lending Specialization,06/30/2026
28905,First Financial Bank,1,2036916,1678368,FIRST FINANCIAL BANC CORP,2568102,48374,SM,AR,El Dorado,Agricultural Specialization,06/30/2026
28908,Iron Workers Savings Bank,1,217455,191914,,,45775,SI,PA,Aston,Mortgage Lending Specialization,06/30/2026
28914,Evergreen Federal Bank,1,621553,536632,,,55970,SB,OR,Grants Pass,Commercial Lending Specialization,06/30/2026
28924,First Federal Savings Bank,1,421914,325180,,,771878,SB,IL,Ottawa,Mortgage Lending Specialization,06/30/2026
28925,Security Savings Bank,1,241397,210134,SECURITY BCORP MHC,2823696,708379,SI,IL,Monmouth,Agricultural Specialization,06/30/2026
28930,Verimore Bank,1,639088,549451,FIRST MISSOURI BANCSHARES INC,3963526,710176,SM,MO,Brookfield,Agricultural Specialization,06/30/2026
28942,"Carthage Savings and Loan, National Association",1,312073,257367,RIVERBANK FINANCIAL CORP MHC,3793862,900678,N,NY,Carthage,Mortgage Lending Specialization,06/30/2026
28949,"Amory First Savings And Loan Bank, Ssb",1,78728,68092,,,715975,SM,MS,Amory,Mortgage Lending Specialization,06/30/2026
28983,Ladysmith Federal Savings and Loan Association,1,93182,72338,,,686570,SB,WI,Ladysmith,Mortgage Lending Specialization,06/30/2026
28989,WCF Financial Bank,1,224385,173699,WCF BCORP INC,4974631,935577,NM,IA,Webster City,Agricultural Specialization,06/30/2026
29009,Liberty Bank for Savings,1,868650,656797,,,757377,SI,IL,Chicago,Mortgage Lending Specialization,06/30/2026
29011,Mechanics Bank,1,896438,790240,MECHANICS FINANCIAL CORP,2395326,943675,NM,OH,Mansfield,Mortgage Lending Specialization,06/30/2026
29012,Heritage Bank,1,8424258,7043157,HERITAGE FINANCIAL CORP,2166124,881478,NM,WA,Olympia,Commercial Lending Specialization,06/30/2026
29024,Bedford Federal Savings Bank,1,303003,261695,,,946274,SI,IN,Bedford,Commercial Lending Specialization,06/30/2026
29035,"Hancock County Savings Bank, F.S.B.",1,508027,401209,,,888271,SB,WV,Chester,Mortgage Lending Specialization,06/30/2026
29047,First Federal Bank of Kansas City,1,992550,693823,COSPERITY BCORP INC,5863264,950178,SI,MO,Lees Summit,Mortgage Lending Specialization,06/30/2026
29056,First Federal Savings Bank,1,575607,472805,FIRST BCORP OF INDIANA INC,3832284,613679,NM,IN,Evansville,Commercial Lending Specialization,06/30/2026
29059,Tucumcari Federal Savings and Loan Association,1,38386,29227,,,767572,SB,NM,Tucumcari,Mortgage Lending Specialization,06/30/2026
29061,"Tarboro Savings Bank, SSB",1,54057,47758,,,800479,SI,NC,Tarboro,Mortgage Lending Specialization,06/30/2026
29066,Del Norte Bank,1,155279,127165,DEL NORTE M H C,4097969,705378,SL,CO,Del Norte,Agricultural Specialization,06/30/2026
29087,Southwest Heritage Bank,1,892796,753555,BANCORP 34 INC,5009026,955977,SL,AZ,Scottsdale,Commercial Lending Specialization,06/30/2026
29089,Newport Federal Bank,1,276829,250512,UNITED TENNESSEE BANKSHARES,3842108,894272,SB,TN,Newport,All Other Under 1 Billion,06/30/2026
29090,First Federal Savings and Loan Association,1,293519,250724,,,623874,SB,OH,Newark,Mortgage Lending Specialization,06/30/2026
29093,Investors Community Bank,1,98469,87106,GREY MOUNTAIN HOLDINGS INC,5561748,809379,SM,MO,Chillicothe,Commercial Lending Specialization,06/30/2026
29120,"PyraMax Bank, FSB",1,588736,406236,1895 BCORP OF WISCONSIN INC,5589939,713476,SB,WI,Greenfield,Commercial Lending Specialization,06/30/2026
29121,Union Savings Bank,1,181994,166054,UNION BANCSHARES MHC,2887296,817477,SI,IL,Freeport,All Other Under 1 Billion,06/30/2026
29135,First Federal Savings and Loan Association of Van Wert,1,197408,169615,FIRST FS&LA OF VAN WERT MHC,4028860,820879,SB,OH,Van Wert,Mortgage Lending Specialization,06/30/2026
29140,American Federal Bank,1,795836,615560,AMERICAN FEDERAL CORP,3802858,637170,SB,ND,Fargo,Agricultural Specialization,06/30/2026
29143,Arlo Bank,1,269095,226572,ARLO FINANCIAL HOLDINGS INC,5950119,717670,NM,MO,Springfield,Commercial Lending Specialization,06/30/2026
29147,NorthEast Community Bank,1,2111015,1543585,NORTHEAST COMMUNITY BCORP INC,3435742,823478,SI,NY,White Plains,Commercial Lending Specialization,06/30/2026
29164,First Federal Savings and Loan Association of Valdosta,1,278498,208536,,,828174,SB,GA,Valdosta,Mortgage Lending Specialization,06/30/2026
29170,United Roosevelt Savings Bank,1,381162,303457,URSB BCORP INC,2589666,644776,SI,NJ,Carteret,Commercial Lending Specialization,06/30/2026
29173,New Carlisle Federal Savings Bank,1,330461,259691,,,646873,SB,OH,New Carlisle,Commercial Lending Specialization,06/30/2026
29177,BankTennessee,1,630255,548433,BANKTENNESSEE BANCSHARES INC,3610437,831576,SM,TN,Collierville,Commercial Lending Specialization,06/30/2026
29186,Lawrenceburg Federal Bank,1,95218,74793,,,834175,SI,TN,Lawrenceburg,Mortgage Lending Specialization,06/30/2026
29188,Fox Valley Savings Bank,1,387333,301333,FVSB MUTUAL BCORP MHC,5754205,835770,SI,WI,Fond Du Lac,Commercial Lending Specialization,06/30/2026
29206,"Graham Savings and Loan, SSB",1,155091,132523,GRAHAM SAVINGS FINANCIAL CORP,3799006,839974,SI,TX,Graham,Mortgage Lending Specialization,06/30/2026
29208,"Dalhart Federal Savings & Loan Association, SSB",1,126298,95490,DALHART FED MUTUAL HOLDING CO,3823451,971070,SI,TX,Dalhart,Mortgage Lending Specialization,06/30/2026
29209,NexBank,1,14159389,11049180,SLHC TRUST THE,4970802,652874,NM,TX,Dallas,Mortgage Lending Specialization,06/30/2026
29227,Washington Savings Bank,1,585335,504352,WASHINGTON SAVINGS MHC,4841069,790271,SI,IL,Effingham,Commercial Lending Specialization,06/30/2026
29231,County Savings Bank,1,90360,82237,,,658072,SB,PA,Essington,Mortgage Lending Specialization,06/30/2026
29238,Woodruff Federal Savings and Loan Association,1,104220,69049,,,661474,SB,SC,Woodruff,Mortgage Lending Specialization,06/30/2026
29241,Henderson Federal Savings Bank,1,117724,86718,,,849076,SB,TX,Henderson,Mortgage Lending Specialization,06/30/2026
29268,Eureka Homestead,1,89360,57762,EUREKA HOMESTEAD BCORP INC,5371705,794475,SB,LA,Metairie,Mortgage Lending Specialization,06/30/2026
29293,"Cumberland Federal Bank, FSB",1,341636,287516,CFB MUTUAL HOLDING CO,5924709,28675,SB,WI,Cumberland,Mortgage Lending Specialization,06/30/2026
29294,Prevail Bank,1,1028213,786769,PREVAIL MUTUAL HOLDINGS INC,5735437,27070,SB,WI,Medford,Commercial Lending Specialization,06/30/2026
29332,First Southern Bank,1,679154,577087,FIRST SOUTHERN BANCSHARES INC,2313704,66275,NM,AL,Florence,Agricultural Specialization,06/30/2026
29345,First Federal Savings and Loan Association,1,246034,205856,FIRST FEDDELTA BANCSHARES MHC,4151919,80374,SB,OH,Delta,Mortgage Lending Specialization,06/30/2026
29357,Family Bank,1,162031,138311,,,156970,SB,GA,Pelham,Mortgage Lending Specialization,06/30/2026
29379,Sidney Federal Savings and Loan Association,1,55559,44571,,,304575,SB,NE,Sidney,Other Specialized Under 1 Billion,06/30/2026
29384,Peru Federal Savings Bank,1,208480,172787,PFS BCORP INC,5837489,305077,SB,IL,Peru,All Other Under 1 Billion,06/30/2026
29399,GN Bank,1,59783,50594,,,250476,SB,IL,Chicago,All Other Under 1 Billion,06/30/2026
29426,"Worthington Federal Savings Bank, FSB",1,135399,113349,,,258874,SB,MN,Worthington,Mortgage Lending Specialization,06/30/2026
29430,Compass Savings Bank,1,53523,48194,,,373272,SI,PA,Wilmerding,Mortgage Lending Specialization,06/30/2026
29449,North Side Federal Savings and Loan Association of Chicago,1,41818,34557,,,375379,SB,IL,Chicago,Mortgage Lending Specialization,06/30/2026
29471,Armstrong County Building and Loan Association,1,95073,82706,,,269571,SI,PA,Ford City,Mortgage Lending Specialization,06/30/2026
29476,Home Federal Savings and Loan Association of Grand Island,1,562858,482050,CENTRAL PLAINS BANCSHARES INC,5860179,317379,SB,NE,Grand Island,Commercial Lending Specialization,06/30/2026
29486,Kingstree Federal Savings and Loan Association,1,39329,33875,KINGSTREE BANCSHARES M H C,3834729,440978,SB,SC,Kingstree,Mortgage Lending Specialization,06/30/2026
29488,First Federal Savings and Loan Association of Lakewood,1,2942482,2231536,FIRST MUTUAL HOLDING CO,4843090,318974,SB,OH,Lakewood,Mortgage Lending Specialization,06/30/2026
29490,First Federal Savings & Loan Association of Ravenswood,1,26278,23457,,,441470,SB,WV,Ravenswood,Mortgage Lending Specialization,06/30/2026
29495,GreenWay Bank,1,402263,335984,VWF BCORP INC,5723760,380878,SB,OH,Van Wert,Commercial Lending Specialization,06/30/2026
29496,"Seneca Savings Bank, National Association",1,312481,246641,SENECA BCORP INC,5125373,276074,N,NY,Baldwinsville,Commercial Lending Specialization,06/30/2026
29517,Pioneer State Bank,1,133546,100511,PSB FINANCIAL INC,6098184,445674,SI,MT,Deer Lodge,Mortgage Lending Specialization,06/30/2026
29520,Washington Financial Bank,1,1435217,1210896,WFSB MUTUAL HOLDING CO,3831326,282075,SI,PA,Washington,Commercial Lending Specialization,06/30/2026
29521,Fidelity Federal Savings and Loan Association of Delaware,1,131551,99019,FIDELITY FS&LA MHC,4253000,446176,SB,OH,Delaware,Mortgage Lending Specialization,06/30/2026
29523,Peoples Bank,1,2040214,1733393,FINWARD BCORP,2237118,568470,NM,IN,Munster,Commercial Lending Specialization,06/30/2026
29535,DeWitt Savings Bank,1,173232,141101,,,324975,SI,IL,Clinton,All Other Under 1 Billion,06/30/2026
29537,First Federal Bank & Trust,1,621052,551861,,,387671,SB,WY,Sheridan,Commercial Lending Specialization,06/30/2026
29546,Great Southern Bank,1,5526075,4376365,GREAT SOUTHERN BCORP INC,2339133,572374,NM,MO,Reeds Spring,Commercial Lending Specialization,06/30/2026
29548,Pinnacle Bank,1,384534,354956,PINNACLE BANCSHARES INC,2520605,288376,NM,AL,Jasper,Other Specialized Under 1 Billion,06/30/2026
29566,"United Fidelity Bank, fsb",1,6493323,5622418,PEDCOR FINANCIAL LLC,3848931,391575,SB,IN,Evansville,Commercial Lending Specialization,06/30/2026
29571,"The Home Savings and Loan Company of Kenton, Ohio, DBA HSLC",1,245018,194362,,,296474,NM,OH,Kenton,Commercial Lending Specialization,06/30/2026
29577,Heritage Bank of St Tammany,1,167949,149784,HERITAGE NOLA BCORP INC,5110324,194570,SL,LA,Covington,Commercial Lending Specialization,03/31/2026
29578,Monroe Federal Savings and Loan Association,1,144544,124473,MONROE FEDERAL BCORP INC,5951965,576578,SB,OH,Tipp City,Commercial Lending Specialization,06/30/2026
29582,Pee Dee Federal Savings Bank,1,37051,29366,,,515979,SB,SC,Marion,Mortgage Lending Specialization,06/30/2026
29613,Rosedale Bank,1,1360147,1096846,,,86675,SL,MD,Nottingham,Commercial Lending Specialization,06/30/2026
29617,"First Mutual Bank, FSB",1,109885,90622,FIRST MUTUAL HOLDING CO,4843090,493077,SB,OH,Belpre,Mortgage Lending Specialization,06/30/2026
29624,First Federal Savings and Loan Association of McMinnville,1,678693,578144,,,90579,SL,OR,Mcminnville,Commercial Lending Specialization,06/30/2026
29627,Second Federal Savings and Loan Association of Philadelphia,1,46255,24542,,,460275,SB,PA,Philadelphia,Commercial Lending Specialization,06/30/2026
29632,Windsor Federal Bank,1,895437,730195,WINDSOR FEDERAL MHC,3920118,92676,SL,CT,Windsor,Commercial Lending Specialization,06/30/2026
29636,First Federal Savings and Loan Association of Bath,1,189104,144364,,,583071,SB,ME,Bath,Mortgage Lending Specialization,06/30/2026
29637,Big Horn Federal Savings Bank,1,399773,338351,,,521970,SB,WY,Greybull,All Other Under 1 Billion,06/30/2026
29645,"First Federal Savings and Loan Association of Central Illinois, S.B.",1,234975,201549,,,399973,SI,IL,Shelbyville,Commercial Lending Specialization,06/30/2026
29657,"Great Midwest Bank, S.S.B.",1,1061434,620818,,,524579,SI,WI,Brookfield,Mortgage Lending Specialization,06/30/2026
29672,CFSBANK,1,773377,642221,CHARLEROI FINANCIAL MHC,3831269,100777,SI,PA,Charleroi,Mortgage Lending Specialization,06/30/2026
29676,"Paper City Savings Bank, S.A.",1,208350,170186,,,102874,SL,WI,Wisconsin Rapids,Commercial Lending Specialization,06/30/2026
29677,Nashville Savings Bank,1,107901,93874,,,343770,SI,IL,Nashville,Commercial Lending Specialization,06/30/2026
29679,Anthem Bank & Trust,1,250131,164240,ANTHEM FINANCIAL CORP,6098175,527178,SB,LA,Plaquemine,Commercial Lending Specialization,06/30/2026
29683,Home Federal Bank of Tennessee,1,2725901,2121388,,,105473,SB,TN,Knoxville,All Other Over 1 Billion,06/30/2026
29685,Martinsville First Savings Bank,1,32068,24784,FIRST MUTUAL HOLDING CO,4843090,104971,SB,VA,Martinsville,Mortgage Lending Specialization,06/30/2026
29690,First Federal Savings Bank,1,553577,459869,NORTHEAST INDIANA BCORP INC,2514136,107570,NM,IN,Huntington,Commercial Lending Specialization,06/30/2026
29691,KeySavings Bank,1,129488,99737,,,208972,SI,WI,Wisconsin Rapids,Mortgage Lending Specialization,06/30/2026
29692,Lincoln FSB of Nebraska,1,387267,326548,LINCOLN FEDERAL BCORP M H C,3824346,529275,SB,NE,Lincoln,Commercial Lending Specialization,06/30/2026
29695,THE HOME LOAN SAVINGS BANK,1,386718,320644,HOME LOAN FINANCIAL CORP,3828111,468673,SL,OH,Coshocton,Commercial Lending Specialization,06/30/2026
29696,Buffalo Federal Bank,1,202578,175859,CRAZY WOMAN CREEK BCORP INC,3835100,108072,SM,WY,Buffalo,Commercial Lending Specialization,06/30/2026
29700,Century Next Bank,1,916376,795321,CENTURY NEXT FINANCIAL CORP,4211831,345877,SB,LA,Ruston,Commercial Lending Specialization,06/30/2026
29705,First Federal Community Bank of Bucyrus,1,373826,290445,COMMUNITY INVESTORS BCORP INC,3827918,346379,SL,OH,Bucyrus,Commercial Lending Specialization,06/30/2026
29708,"North American Savings Bank, F.S.B.",1,3198829,1855075,NASB FINANCIAL INC,3841941,211271,SB,MO,Grandview,Mortgage Lending Specialization,06/30/2026
29710,First Federal Savings Bank of Washington,1,94383,73577,,,110972,SI,IN,Washington,Mortgage Lending Specialization,06/30/2026
29731,The Southern Bank Company,1,133102,104777,SOUTHERN BANC CO INC THE,2496193,117775,NM,AL,Gadsden,Commercial Lending Specialization,06/30/2026
29743,Aroostook County Federal Savings and Loan Association,1,213977,184981,,,351878,SL,ME,Caribou,Consumer Lending Specialization,06/30/2026
29744,First Seacoast Bank,1,576306,472130,FIRST SEACOAST BCORP INC,5371479,119872,SB,NH,Dover,Mortgage Lending Specialization,06/30/2026
29745,Marathon Bank,1,261059,197780,MARATHON BCORP INC,5557518,596978,SI,WI,Wausau,Commercial Lending Specialization,06/30/2026
29749,Southern Hills Community Bank,1,209556,179514,,,352370,SB,OH,Leesburg,Mortgage Lending Specialization,06/30/2026
29771,"KS Bank, Inc.",1,874460,785155,KS BCORP INC,2155276,416674,SI,NC,Smithfield,Commercial Lending Specialization,06/30/2026
29772,Vidalia Federal Savings Bank,1,211974,164300,,,126375,SB,GA,Vidalia,All Other Under 1 Billion,06/30/2026
29774,Carrollton Federal Bank,1,43610,37088,,,219679,SB,KY,Carrollton,All Other Under 1 Billion,06/30/2026
29782,First Federal Bank,1,1111708,978635,SOUTHEASTERN BCORP INC,3842050,220974,SI,TN,Dickson,Commercial Lending Specialization,06/30/2026
29783,High Country Bank,1,528482,450485,HIGH COUNTRY BCORP INC,3833834,479370,SM,CO,Salida,Commercial Lending Specialization,06/30/2026
29787,"First Federal Community Bank, National Association",1,994585,897198,FFD FINANCIAL CORP,2506805,540775,N,OH,Dover,Commercial Lending Specialization,06/30/2026
29800,Lisle Savings Bank,1,544528,383324,,,133971,SI,IL,Lisle,Mortgage Lending Specialization,06/30/2026
29804,Catalyst Bank,1,286787,201153,CATALYST BCORP INC,5587775,420578,SB,LA,Opelousas,Commercial Lending Specialization,06/30/2026
29809,First Savings Bank of Hegewisch,1,787046,666579,,,483274,SI,IL,Chicago,Mortgage Lending Specialization,06/30/2026
29813,Peoples Savings and Loan Company,1,157364,126212,,,605571,NM,OH,Bucyrus,All Other Under 1 Billion,06/30/2026
29835,Milford Federal Bank,1,545081,451529,,,227777,SB,MA,Milford,Mortgage Lending Specialization,06/30/2026
29838,First Federal Savings and Loan Association of Lorain,1,573808,499761,,,144678,SB,OH,Lorain,Mortgage Lending Specialization,06/30/2026
29839,Crossroads Bank,1,616124,548779,FFW CORP,3848258,228279,NM,IN,Wabash,All Other Under 1 Billion,06/30/2026
29842,Commonwealth Co-operative Bank,1,204999,140593,,,275479,SM,MA,Hyde Park,Mortgage Lending Specialization,06/30/2026
29846,Eaton Community Bank,1,543451,459006,EATON FED MUTUAL HOLDING CO,5444935,980773,SB,MI,Charlotte,Commercial Lending Specialization,06/30/2026
29847,Main Street Bank Corp.,1,1553716,1388978,MAIN STREET FINL SERVICES CORP,3178900,985479,NM,OH,Wooster,Commercial Lending Specialization,06/30/2026
29857,"The Liberty Savings Association, FSA",1,28166,21244,,,987576,SB,KS,Fort Scott,Mortgage Lending Specialization,06/30/2026
29858,SSB Community Bank,1,296788,262276,STRASBURG BCORP INC,2623234,995674,NM,OH,Strasburg,Commercial Lending Specialization,06/30/2026
29874,Dearborn Federal Savings Bank,1,306647,198246,,,1005075,SB,MI,Dearborn,Mortgage Lending Specialization,06/30/2026
29878,American Community Bank of Indiana,1,383020,344779,AMB FINANCIAL CORP,3848267,1010574,NM,IN,Saint John,Commercial Lending Specialization,06/30/2026
29881,Home Bank SB,1,433127,370895,,,1015270,SB,IN,Martinsville,All Other Under 1 Billion,06/30/2026
29904,Elizabethton Federal Savings Bank,1,326012,187912,,,17978,SB,TN,Elizabethton,All Other Under 1 Billion,06/30/2026
29907,Logansport Savings Bank,1,276522,239318,LOGANSPORT FINANCIAL CORP,3848397,918879,NM,IN,Logansport,Agricultural Specialization,06/30/2026
29910,Scottsburg Building and Loan Association,1,76943,61056,SCOTTSBURG B&L MHC,3832202,735973,SL,IN,Scottsburg,Mortgage Lending Specialization,06/30/2026
29922,Riverview Bank,1,1468113,1266045,RIVERVIEW BCORP INC,3180060,921178,NM,WA,Vancouver,Commercial Lending Specialization,06/30/2026
29933,Union Savings and Loan Association,1,261789,233667,,,677970,SB,IN,Connersville,Mortgage Lending Specialization,06/30/2026
29937,First Federal Savings Bank of Kentucky,1,282640,207812,FIRST FEDERAL MHC,3824476,741974,SB,KY,Frankfort,Mortgage Lending Specialization,06/30/2026
29941,Bogota Savings Bank,1,871758,577800,BOGOTA FINANCIAL MHC,5423547,927479,SI,NJ,Teaneck,Mortgage Lending Specialization,06/30/2026
29950,"Santander Bank, N.A.",1,103964782,84392829,BANCO SANTANDER SA,1239254,722777,N,DE,Wilmington,All Other Over 1 Billion,06/30/2026
29966,The Equitable Savings and Loan Company,1,8593,6354,,,910079,NM,OH,Cadiz,Mortgage Lending Specialization,06/30/2026
29975,The Peoples Savings Bank,1,189320,172533,,,819172,SL,OH,Urbana,Mortgage Lending Specialization,06/30/2026
29980,Midland Federal Savings and Loan Association,1,111234,100060,MIDLAND CAPITAL HOLDINGS CORP,2693992,820477,SL,IL,Bridgeview,All Other Under 1 Billion,06/30/2026
29988,Mutual Savings Association,1,398614,255746,,,636276,SL,KS,Leavenworth,Commercial Lending Specialization,06/30/2026
29995,Phoenixville Federal Bank and Trust,1,648020,559094,,,824671,SI,PA,Phoenixville,Commercial Lending Specialization,06/30/2026
30012,Third Federal Savings and Loan Association of Cleveland,1,18062658,10184580,THIRD FS&LA OF CLEVELAND MHC,3828036,915878,SB,OH,Cleveland,Mortgage Lending Specialization,06/30/2026
30031,Huntingdon Savings Bank,1,17893,13800,,,646471,SI,PA,Huntingdon,Mortgage Lending Specialization,06/30/2026
30039,Haven Savings Bank,1,986876,861538,HAVEN BCORP MHC,3948439,918477,SI,NJ,Hoboken,Commercial Lending Specialization,06/30/2026
30043,Beardstown Savings s.b.,1,79471,60824,,,835378,SI,IL,Beardstown,Mortgage Lending Specialization,06/30/2026
30058,First Federal Savings and Loan Association of Greensburg,1,159477,141357,,,921879,SB,IN,Greensburg,Mortgage Lending Specialization,06/30/2026
30065,"Peoples Community Bank SB of Monticello, Indiana",1,42721,19451,,,654579,SL,IN,Monticello,Mortgage Lending Specialization,06/30/2026
30067,Cornerstone Bank,1,42039,34590,,,843476,SM,IA,Clarinda,All Other Under 1 Billion,06/30/2026
30072,Schuyler Savings Bank,1,151213,118044,,,657178,SI,NJ,Kearny,Mortgage Lending Specialization,06/30/2026
30076,"Spencer Savings Bank, SLA",1,4036255,3039745,,,845573,SL,NJ,Elmwood Park,Commercial Lending Specialization,06/30/2026
30084,Mercer Savings Bank,1,176211,146446,MERCER BCORP INC,5838365,661072,NM,OH,Celina,Mortgage Lending Specialization,06/30/2026
30103,Monroe Savings Bank,1,113969,87226,,,927077,SI,NJ,Williamstown,Mortgage Lending Specialization,06/30/2026
30111,Oconee Federal Savings and Loan Association,1,679380,571155,OCONEE FEDERAL MHC,4234054,853671,SB,SC,Seneca,Mortgage Lending Specialization,06/30/2026
30117,Reliance Savings Bank,1,648920,511699,RELIANCE BCORP MHC,3788783,743679,SI,PA,Altoona,Commercial Lending Specialization,06/30/2026
30119,PennCrest Bank,1,247143,210034,,,805876,SI,PA,Altoona,Mortgage Lending Specialization,06/30/2026
30121,Investment Savings Bank,1,105248,75538,,,854173,SI,PA,Altoona,Mortgage Lending Specialization,06/30/2026
30128,Boonville Federal Savings Bank,1,71510,53083,,,991078,SI,IN,Boonville,Mortgage Lending Specialization,06/30/2026
30150,Citizens Federal Savings Bank,1,190109,149126,,,864378,SB,KS,Leavenworth,Mortgage Lending Specialization,06/30/2026
30152,Milford Building and Loan Association,1,28089,24503,,,994770,SI,IL,Milford,Mortgage Lending Specialization,06/30/2026
30154,Sewickley Savings Bank,1,316317,222444,,,678070,SI,PA,Sewickley,Other Specialized Under 1 Billion,06/30/2026
30155,"Hatboro Federal Savings, FA",1,597767,443975,,,995272,SB,PA,Hatboro,Mortgage Lending Specialization,06/30/2026
30167,Cullman Savings Bank,1,456656,308242,CULLMAN BCORP INC,4096494,934673,SB,AL,Cullman,Commercial Lending Specialization,06/30/2026
30176,Home Savings Bank of Wapakoneta,1,45324,37791,,,868572,NM,OH,Wapakoneta,Mortgage Lending Specialization,06/30/2026
30182,Opportunity Bank of Montana,1,2122995,1806435,EAGLE BCORP MONTANA INC,4126609,685676,SM,MT,Helena,Commercial Lending Specialization,06/30/2026
30183,Millville Savings Bank,1,169906,149247,,,814476,SI,NJ,Millville,Mortgage Lending Specialization,06/30/2026
30219,Hometown Bank,1,254878,216848,HOMETOWN BCORP INC,3311202,940674,NM,OH,Kent,Commercial Lending Specialization,06/30/2026
30220,Chester National Bank,1,125721,118299,CHESTER BCORP INC,2434104,231279,N,IL,Chester,All Other Under 1 Billion,06/30/2026
30260,Cross County Savings Bank,1,525421,446507,,,1007873,SI,NY,Middle Village,Mortgage Lending Specialization,06/30/2026
30270,Citizens Savings Bank,1,329090,282365,,,1014376,SI,LA,Bogalusa,All Other Under 1 Billion,06/30/2026
30291,"First Federal Bank Littlefield, Texas",1,67893,55688,,,14977,SI,TX,Littlefield,Agricultural Specialization,06/30/2026
30303,Maspeth Federal Savings and Loan Association,1,2211470,1402049,,,29878,SB,NY,Maspeth,Commercial Lending Specialization,06/30/2026
30313,East Wisconsin Savings Bank,1,265761,226215,EWSB BCORP INC,5930559,35879,SI,WI,Kaukauna,Mortgage Lending Specialization,06/30/2026
30315,First Federal Savings Bank of Lincolnton,1,485771,390348,,,42372,SB,NC,Lincolnton,Mortgage Lending Specialization,06/30/2026
30332,Abbeville Building & Loan (A State-Chartered Savings Bank),1,67904,46981,,,114774,SI,LA,Abbeville,All Other Under 1 Billion,06/30/2026
30339,Beauregard Federal Savings Bank,1,106435,84921,HOMELAND BANCSHARES INC,3816547,123374,SB,LA,Deridder,Commercial Lending Specialization,06/30/2026
30350,The Bank of Bennington,1,661897,494298,COMMUNITY FINANCIAL MHC,3846003,133579,SB,VT,Bennington,Mortgage Lending Specialization,06/30/2026
30357,Streator Home Savings Bank,1,137043,106468,,,142179,SI,IL,Streator,Mortgage Lending Specialization,06/30/2026
30358,First Savings and Loan Association,1,55875,41565,,,141677,SB,NC,Mebane,Mortgage Lending Specialization,06/30/2026
30367,1st Bank of Sea Isle City,1,311144,251201,SEA ISLE FINANCIAL CORP MHC,3848427,148470,SI,NJ,Sea Isle City,Mortgage Lending Specialization,06/30/2026
30387,FirstBank Puerto Rico,1,19222073,16901080,FIRST BCORP,2744894,510871,NM,PR,Santurce,Commercial Lending Specialization,06/30/2026
30388,Gunnison Savings and Loan Association,1,102234,83448,,,388874,SL,CO,Gunnison,Mortgage Lending Specialization,06/30/2026
30394,Carver Federal Savings Bank,1,658052,580609,CARVER BCORP INC,2531245,268677,SB,NY,New York,Commercial Lending Specialization,06/30/2026
30395,Tecumseh Federal Bank,1,53076,36348,,,389376,SB,NE,Tecumseh,Agricultural Specialization,06/30/2026
30397,Geddes Federal Savings and Loan Association,1,685729,512024,,,451273,SB,NY,Syracuse,Mortgage Lending Specialization,06/30/2026
30401,Penn Community Bank,1,3069584,2464900,PENN CMTY MUTUAL HOLDINGS INC,3200463,328777,SI,PA,Doylestown,Commercial Lending Specialization,06/30/2026
30402,Franklin Bank,1,334060,301345,,,574079,SI,NJ,Pilesgrove,Commercial Lending Specialization,06/30/2026
30422,First Federal Bank of Wisconsin,1,285907,205923,FFBW INC,5426847,331076,SB,WI,Waukesha,Commercial Lending Specialization,06/30/2026
30428,Century Savings Bank,1,634824,489679,CENTURY BCORP MHC,2560508,392778,SI,NJ,Vineland,Commercial Lending Specialization,06/30/2026
30429,Massena Savings and Loan,1,199862,148165,,,454975,SB,NY,Massena,Mortgage Lending Specialization,06/30/2026
30431,SSB Bank,1,430423,378466,SSB BCORP MHC,5161335,277277,SI,PA,Pittsburgh,Commercial Lending Specialization,06/30/2026
30434,"Morganton Savings Bank, S.S.B.",1,114484,77658,,,332671,SI,NC,Morganton,All Other Under 1 Billion,06/30/2026
30441,First Federal Bank of Louisiana,1,1148244,991556,,,517674,SL,LA,Lake Charles,Commercial Lending Specialization,06/30/2026
30447,Rayne Building and Loan Association,1,50820,36118,,,518176,SL,LA,Rayne,Mortgage Lending Specialization,06/30/2026
30470,Manasquan Bank,1,3586933,3117081,MB MUTUAL HOLDING CO,2589714,459671,SI,NJ,Manasquan,Commercial Lending Specialization,06/30/2026
30516,Crossbridge Community Bank,1,216709,187142,CROSSBRIDGE MUTUAL HOLDING CO,3823965,465672,SI,WI,Tomahawk,Mortgage Lending Specialization,06/30/2026
30530,Lake Shore Bank,1,735882,599082,LAKE SHORE BCORP INC,3793086,301574,NM,NY,Dunkirk,Commercial Lending Specialization,06/30/2026
30544,Marquette Savings Bank,1,1442022,1104915,MARQUETTE MUTUAL HOLDING CO,6076427,304173,SI,PA,Erie,Mortgage Lending Specialization,06/30/2026
30551,Westmoreland Federal Savings and Loan Association,1,166532,120918,,,188177,SB,PA,Latrobe,Mortgage Lending Specialization,06/30/2026
30585,Mayville Savings Bank,1,84181,72943,,,411576,SI,WI,Mayville,All Other Under 1 Billion,06/30/2026
30595,F&M Bank and Trust Company,1,182362,164325,FARMERS&MERCHANTS BCORP INC,2737823,413673,SM,MO,Hannibal,Commercial Lending Specialization,06/30/2026
30619,"Abbeville First Bank, SSB",1,138788,114370,,,416272,SI,SC,Abbeville,Mortgage Lending Specialization,06/30/2026
30637,Greenville Savings Bank,1,342739,256436,,,357777,SI,PA,Greenville,Mortgage Lending Specialization,06/30/2026
30656,North County Savings Bank,1,63195,57896,,,482370,SI,IL,Red Bud,All Other Under 1 Billion,06/30/2026
30680,First Shore Federal Savings and Loan Association,1,366549,303363,,,59370,SB,MD,Salisbury,Mortgage Lending Specialization,06/30/2026
30688,Peoples First Savings Bank,1,99941,85526,,,363778,NM,OH,Mason,Mortgage Lending Specialization,06/30/2026
30692,"BankPacific, Ltd",1,191856,167134,MARIANAS FINANCE CORP,3842920,364270,NM,GU,Hagatna,All Other Under 1 Billion,06/30/2026
30704,Magyar Bank,1,1047615,860391,MAGYAR BCORP INC,3382846,548771,SI,NJ,New Brunswick,Commercial Lending Specialization,06/30/2026
30707,Equitable Savings and Loan Association,1,168344,128195,FARMERS REALTY CO THE,3835155,206473,SL,CO,Sterling,Mortgage Lending Specialization,06/30/2026
30722,Universal Bank,1,388009,275101,UNIVERSAL FINANCIAL INC,2967835,208570,SB,CA,West Covina,Commercial Lending Specialization,06/30/2026
30776,"Pathward, National Association",1,7313151,5952921,PATHWARD FINANCIAL INC,2390013,435077,N,SD,Sioux Falls,Commercial Lending Specialization,06/30/2026
30788,Glacier Bank,1,31577225,24860896,GLACIER BCORP INC,2003975,2634191,NM,MT,Kalispell,Commercial Lending Specialization,06/30/2026
30812,First Federal Savings and Loan Association,1,381437,276159,,,90177,SB,MS,Pascagoula,Mortgage Lending Specialization,06/30/2026
30819,Community Partners Savings Bank,1,288387,226480,,,441078,SI,IL,Salem,All Other Under 1 Billion,06/30/2026
30878,Bar Harbor Savings and Loan Association,1,103234,73776,,,106676,SL,ME,Bar Harbor,Mortgage Lending Specialization,06/30/2026
30879,"Provident Savings Bank, F.S.B.",1,1208112,916825,PROVIDENT FINL HOLDINGS INC,3632493,631570,SB,CA,Riverside,Commercial Lending Specialization,06/30/2026
30889,The Peoples Savings and Loan Company,1,109903,79063,,,943273,SL,OH,West Liberty,Mortgage Lending Specialization,06/30/2026
30895,"Fidelity Bank, National Association",1,3298672,2585726,FIDELITY FINANCIAL CORP,3223967,762474,N,KS,Wichita,Commercial Lending Specialization,06/30/2026
30943,Mid-Central National Bank,1,117146,94865,JIKO GROUP INC,5306499,773171,N,MN,Wadena,Consumer Lending Specialization,06/30/2026
30953,"El Dorado Savings Bank, F.S.B.",1,2438455,2091824,,,961576,SB,CA,Placerville,Mortgage Lending Specialization,06/30/2026
30969,First FSB of Mascoutah,1,207280,185301,,,966272,SM,IL,Mascoutah,Commercial Lending Specialization,06/30/2026
30976,Gouverneur Savings and Loan Association,1,198858,157619,GOUVERNEUR BCORP INC,2801014,905673,SL,NY,Gouverneur,Mortgage Lending Specialization,06/30/2026
30987,Spratt Savings Bank,1,154402,123035,,,746979,SL,SC,Chester,Other Specialized Under 1 Billion,06/30/2026
30996,Cenlar FSB,1,782039,442757,EMPLOYEES STK OWNERSHIP PLAN CENLAR CAPITAL,4439354,934271,SB,NJ,Ewing,Mortgage Lending Specialization,06/30/2026
31028,HomeTown  Bank,1,691865,617506,REDWOOD FINANCIAL INC,3800797,788773,NM,MN,Carver,Commercial Lending Specialization,06/30/2026
31043,Interstate Bank,1,288388,269139,ISB HOLDINGS INC,3130542,791072,NM,TX,Perryton,Commercial Lending Specialization,06/30/2026
31077,First Federal Bank,1,275578,250513,FIRST FEDERAL FINANCIAL CORP,1253821,943974,SB,NC,Dunn,Commercial Lending Specialization,06/30/2026
31083,Jarrettsville Federal Savings and Loan Association,1,167090,147127,,,613978,SL,MD,Jarrettsville,Commercial Lending Specialization,06/30/2026
31089,"Pickens Savings and Loan Association, FA",1,138289,117237,,,884376,SB,SC,Pickens,Mortgage Lending Specialization,06/30/2026
31090,Blue Grass Federal Savings and Loan Association,1,58512,40555,FIRST MUTUAL HOLDING CO,4843090,617079,SB,KY,Paris,Mortgage Lending Specialization,06/30/2026
31100,Security Federal Bank,1,1539653,1361491,SECURITY FEDERAL CORP,1253773,763677,NM,SC,Aiken,Commercial Lending Specialization,06/30/2026
31127,"First Federal Bank, A FSB",1,182603,120362,SOUTHEASTERN FINANCIAL INC,3814459,814074,SB,AL,Tuscaloosa,Mortgage Lending Specialization,06/30/2026
31146,Security Federal Savings Bank of McMinnville,1,385970,327579,SECURITY BCORP INC,3842069,631178,NM,TN,Mcminnville,Commercial Lending Specialization,06/30/2026
31158,First Southern Bank,1,317340,271443,FIRST FEDERAL BCORP,3394643,954671,NM,MS,Columbia,All Other Under 1 Billion,06/30/2026
31184,Citizens Savings Bank,1,358979,304014,,,828473,SB,PA,Clarks Summit,Mortgage Lending Specialization,06/30/2026
31189,"Ponce Bank, National Association",1,3485007,2287013,PONCE FINANCIAL GROUP INC,5653018,897170,N,NY,Bronx,Commercial Lending Specialization,06/30/2026
31197,First Federal Savings and Loan Association,1,81296,56611,FIRST FEDERAL MHC,3824476,831875,SB,KY,Hazard,Mortgage Lending Specialization,06/30/2026
31198,"Greeneville Federal Bank, FSB",1,203872,162267,,,645577,SB,TN,Greeneville,Commercial Lending Specialization,06/30/2026
31217,LifeStore Bank,1,491321,429688,ASHECO MHC INC,3837542,715872,SM,NC,West Jefferson,All Other Under 1 Billion,06/30/2026
31223,First Harrison Bank,1,1287594,1139939,FIRST CAPITAL INC,2867458,716374,NM,IN,Corydon,Commercial Lending Specialization,06/30/2026
31232,Highland Federal Savings and Loan Association,1,78964,60251,,,652070,SB,TN,Crossville,All Other Under 1 Billion,06/30/2026
31236,Hearthside Bank Corporation,1,608940,547905,HFB FINANCIAL CORP,3066977,902672,NM,KY,Middlesboro,Commercial Lending Specialization,06/30/2026
31266,"Jackson Savings Bank, SSB",1,31872,24670,,,360777,SI,NC,Sylva,Mortgage Lending Specialization,06/30/2026
31267,Homewood Federal Savings Bank,1,67306,49969,,,359472,SB,MD,Baltimore,Commercial Lending Specialization,06/30/2026
31272,Community Bank,1,357502,301042,COMMUNITY NATIONAL CORP,2613141,361279,SM,TN,Lexington,Commercial Lending Specialization,06/30/2026
31313,First Federal Bank,1,4485958,3438371,FIRST FEDERAL BCORP MHC,3846405,384278,SB,FL,Lake City,All Other Over 1 Billion,06/30/2026
31329,West Plains Savings and Loan Association,1,100502,77303,,,966973,SL,MO,West Plains,Mortgage Lending Specialization,06/30/2026
31345,"Hertford Savings Bank, SSB",1,20682,18481,,,971379,SI,NC,Hertford,Mortgage Lending Specialization,06/30/2026
31361,"Colonial Savings, F.A.",1,501794,255281,JED TRUST THE,4264789,339072,SL,TX,Fort Worth,Other Specialized Under 1 Billion,06/30/2026
31390,"Axiom Bank, National Association",1,732391,636421,AXIOM BANCSHARES INC,3837962,408875,N,FL,Maitland,Commercial Lending Specialization,06/30/2026
31406,First Federal Savings and Loan Association of San Rafael,1,222117,178320,,,229070,SB,CA,San Rafael,Commercial Lending Specialization,06/30/2026
31409,First Federal Savings and Loan Association,1,41325,30324,,,411174,SB,KY,Morehead,Commercial Lending Specialization,06/30/2026
31410,"1st Federal Savings Bank of SC, Inc.",1,151554,134339,FIRST CAROLINA BANCSHARES M H C,3834710,535575,SL,SC,Walterboro,Mortgage Lending Specialization,06/30/2026
31461,Harleysville Bank,1,963589,719195,HARLEYSVILLE FINANCIAL CORP,2861492,139478,SI,PA,Harleysville,Commercial Lending Specialization,06/30/2026
31469,Oriental Bank,1,12043258,9992550,OFG BCORP,2490575,245276,NM,PR,San Juan,All Other Over 1 Billion,06/30/2026
31485,Equitable Bank,1,523535,448492,EQUITABLE FINANCIAL CORP,4841041,81175,SM,NE,Grand Island,Commercial Lending Specialization,06/30/2026
31488,Progressive Ozark Bank,1,190897,170671,OZARK BCORP INC,3832846,143372,SM,MO,Salem,Agricultural Specialization,06/30/2026
31516,First Federal Savings Bank,1,686611,540425,AMERICAN MW FINANCIAL CORP,2389996,257578,SB,IN,Rochester,Mortgage Lending Specialization,06/30/2026
31539,The Wilmington Savings Bank,1,267339,228144,,,87476,NM,OH,Wilmington,Mortgage Lending Specialization,06/30/2026
31545,Central Bank,1,160232,141133,,,265676,NM,TN,Savannah,Commercial Lending Specialization,06/30/2026
31628,East West Bank,1,84318631,70314669,EAST WEST BCORP INC,2734233,197478,SM,CA,Pasadena,Commercial Lending Specialization,06/30/2026
31694,Volunteer Federal Savings Bank,1,397064,353497,,,170275,SI,TN,Madisonville,Mortgage Lending Specialization,06/30/2026
31711,RiverBank,1,174436,150399,RIVERBANK BANCSHARES INC,6053754,29476,NM,AR,Pocahontas,Agricultural Specialization,06/30/2026
31723,"Home Savings Bank, FSB",1,25738,20060,,,33370,SB,KY,Ludlow,Mortgage Lending Specialization,06/30/2026
31762,Greater State Bank,1,180242,159251,GREATER STATE BANCSHARES CORP,5041286,518877,NM,TX,Mcallen,Commercial Lending Specialization,06/30/2026
31774,Home Federal Savings and Loan Association,1,40459,33923,,,582878,SL,SC,Bamberg,Mortgage Lending Specialization,06/30/2026
31823,"Interamerican Bank, A FSB",1,355678,306646,,,221775,SB,FL,Miami,Commercial Lending Specialization,06/30/2026
31840,Financial Federal Bank,1,1123486,879692,FINANCIAL FEDCORP INC,1144741,590976,SM,TN,Memphis,Commercial Lending Specialization,06/30/2026
31864,"Grand Bank for Savings, FSB",1,280353,246859,GBS FINANCIAL INC,6050100,68671,SB,MS,Hattiesburg,Mortgage Lending Specialization,06/30/2026
31900,CBL State Savings Bank,1,191277,125892,CITIZENS BUILDING&LOAN MHC,4880358,851172,SI,SC,Greer,Mortgage Lending Specialization,06/30/2026
31905,"Cypress Bank, SSB",1,235541,192871,CYPRESS BANCSHARES INC,3823974,729178,SI,TX,Pittsburg,All Other Under 1 Billion,06/30/2026
31928,First Sentinel Bank,1,398049,348497,FIRST REGION BANCSHARES INC,2702250,920975,SM,VA,Richlands,Consumer Lending Specialization,06/30/2026
31936,"Fayette Savings Bank, SSB",1,551829,495195,FAYETTE BANCSHARES INC,4993173,675079,SI,TX,La Grange,Mortgage Lending Specialization,06/30/2026
31945,TrustCo Bank,1,6523938,5681578,TRUSTCO BANK CORP NY,1048513,677176,SB,NY,Glenville,Mortgage Lending Specialization,06/30/2026
31972,First Western Federal Savings Bank,1,63543,40559,,,715470,SB,SD,Rapid City,Mortgage Lending Specialization,06/30/2026
31994,Slovenian Savings and Loan Association of Franklin-Conemaugh,1,180840,167727,,,568377,SB,PA,Conemaugh,Mortgage Lending Specialization,06/30/2026
31999,Madison County Bank,1,613167,479216,MADISON COUNTY FINANCIAL INC,4441414,385471,SM,NE,Madison,Agricultural Specialization,06/30/2026
32018,"Angelina Savings Bank, SSB",1,86908,76677,,,660879,SI,TX,Lufkin,All Other Under 1 Billion,06/30/2026
32025,United Bank,1,295963,260253,UNITED HOLDING CO INC,3832181,539377,SM,AR,Springdale,Commercial Lending Specialization,06/30/2026
32082,"VIKING BANK, NATIONAL ASSOCIATION",1,330259,283073,VIKING FINANCIAL CORP,1449512,484776,N,MN,Alexandria,Commercial Lending Specialization,06/30/2026
32084,Grand Savings Bank,1,1031498,897846,GRAND BCORP INC,4521334,732178,NM,OK,Grove,Commercial Lending Specialization,06/30/2026
32135,"Shelby Savings Bank, SSB",1,457435,367298,SHELBY BANCSHARES INC,2960630,552974,SI,TX,Center,Agricultural Specialization,06/30/2026
32188,USAA Federal Savings Bank,1,106188000,91971000,UNITED SERVICES AUTOMOBILE ASSN,1447376,619877,SB,AZ,Phoenix,All Other Over 1 Billion,06/30/2026
32203,Summit State Bank,1,959783,846129,,,561574,NM,CA,Santa Rosa,Commercial Lending Specialization,06/30/2026
32242,"Liberty Savings Bank, F.S.B.",1,1111698,961320,JAMES R POWELL REVOCABLE TRUST,3828698,839572,SB,OH,Wilmington,Mortgage Lending Specialization,06/30/2026
32245,"Dollar Bank, Federal Savings Bank",1,12696318,10012481,DOLLAR MUTUAL BCORP,5218097,961624,SB,PA,Pittsburgh,Commercial Lending Specialization,06/30/2026
32257,Abacus Federal Savings Bank,1,320732,257900,,,762773,SB,NY,New York,Mortgage Lending Specialization,06/30/2026
32277,Eastern International Bank,1,125822,88117,EASTERN INTL BCORP INC,5230905,206772,NM,CA,Los Angeles,Commercial Lending Specialization,06/30/2026
32282,Malaga Bank F.S.B.,1,1448853,942080,MALAGA FINANCIAL CORP,3842528,773470,SB,CA,Palos Verdes Peninsula,Commercial Lending Specialization,06/30/2026
32286,Community Savings Bank,1,119636,94983,,,847979,NM,OH,Bethel,Commercial Lending Specialization,06/30/2026
32292,Woodsfield Savings Bank,1,123300,112687,,,97279,NM,OH,Woodsfield,Mortgage Lending Specialization,06/30/2026
32293,Miami Savings Bank,1,148311,114923,,,367178,NM,OH,Miamitown,Mortgage Lending Specialization,06/30/2026
32296,Union Savings Bank,1,4019642,3534911,,,911973,SL,OH,Cincinnati,Mortgage Lending Specialization,06/30/2026
32307,Galion Building and Loan Bank,1,78524,63306,,,24378,NM,OH,Galion,Mortgage Lending Specialization,06/30/2026
32348,"Taylorsville Savings Bank, SSB",1,232385,215067,,,258379,SI,NC,Taylorsville,Mortgage Lending Specialization,06/30/2026
32360,"Eastern Savings Bank, FSB",1,336412,207967,,,643078,SB,MD,Hunt Valley,Commercial Lending Specialization,06/30/2026
32363,"Presidential Bank, FSB",1,1012028,897144,CLEVELAND FAMILY GENERATIONAL TR I,3917051,538473,SB,MD,Bethesda,Commercial Lending Specialization,06/30/2026
32441,"United Midwest Savings Bank, National Association",1,523437,430765,MSB CAPITAL CORP,3828054,809276,N,OH,Degraff,Commercial Lending Specialization,06/30/2026
32459,Homeland Federal Savings Bank,1,657840,572471,HOMELAND BANCSHARES INC,3816547,251978,SB,LA,Columbia,Commercial Lending Specialization,06/30/2026
32526,"American Savings Bank, National Association",1,9049160,8235227,,,54973,N,HI,Honolulu,Commercial Lending Specialization,06/30/2026
32527,BayVanguard Bank,1,868706,689121,BV FINANCIAL INC,3364178,242976,NM,MD,Baltimore,Commercial Lending Specialization,06/30/2026
32532,South Georgia Bank,1,269549,241345,SOUTH GROUP BANCSHARES INC,3049569,995571,NM,GA,Glennville,Commercial Lending Specialization,06/30/2026
32541,"Flagstar Bank, National Association",1,87714456,67521229,,,694904,N,NY,Hicksville,Commercial Lending Specialization,06/30/2026
32551,"Happen Bank, National Association",1,12476843,10854299,HAPPEN INC,4738879,264772,N,UT,Lehi,Consumer Lending Specialization,06/30/2026
32574,Monet Bank,1,3160448,912992,,,1176881,NM,TX,Plano,All Other Over 1 Billion,06/30/2026
32612,"NATIONAL COOPERATIVE BANK, N.A.",1,4329072,3567294,NATIONAL CONSUMER COOP BANK,2398082,99376,N,OH,Hillsboro,Commercial Lending Specialization,06/30/2026
32629,First Savings Bank,1,1594265,1271746,FARRAR BERESFORD BCORP IRREVOCABLE TR,4264387,67656,SB,SD,Beresford,Commercial Lending Specialization,06/30/2026
32647,Northwest Bank,1,2999288,2622932,NORTHWEST FINANCIAL CORP,1978713,1387605,NM,IA,Spencer,Commercial Lending Specialization,06/30/2026
32718,Helm Bank USA,1,1192829,1073652,,,1414819,NM,FL,Miami,Mortgage Lending Specialization,06/30/2026
32773,Eastern Bank,1,31129348,26145043,EASTERN BANKSHARES INC,1427239,128904,NM,MA,Boston,Commercial Lending Specialization,06/30/2026
32779,Bank of Marin,1,3856103,3394809,BANK OF MARIN BCORP,3590388,1436204,NM,CA,Novato,Commercial Lending Specialization,06/30/2026
32908,Tustin Community Bank,1,86533,69455,SADDLEBACK BCORP,3591611,1418255,NM,CA,Tustin,Commercial Lending Specialization,06/30/2026
32912,Whitaker Bank,1,1926362,1616892,WHITAKER BANK CORP OF KENTUCKY,1966671,1445943,SM,KY,Lexington,Commercial Lending Specialization,06/30/2026
32941,WestStar Bank,1,3279902,2848913,WESTSTAR BANK HOLDING CO INC,3122051,1447639,SM,TX,El Paso,Commercial Lending Specialization,06/30/2026
32968,Bank47,1,96958,87655,,,1474309,NM,AL,Huntsville,Commercial Lending Specialization,06/30/2026
32974,Gulf Coast Bank and Trust Company,1,3856151,3310665,,,1458608,NM,LA,New Orleans,Commercial Lending Specialization,06/30/2026
32992,"Morgan Stanley Bank, National Association",1,419318000,278937000,MORGAN STANLEY,2162966,1456501,N,UT,Salt Lake City,All Other Over 1 Billion,06/30/2026
33005,FCB Banks,1,2641469,2269637,FIRST CO BCORP INC,1250473,1459717,NM,IL,Collinsville,Commercial Lending Specialization,06/30/2026
33009,County Bank,1,696396,577754,CB FINANCIAL CORP,3246425,1459735,NM,DE,Rehoboth Beach,Commercial Lending Specialization,06/30/2026
33010,First Peoples Bank,1,449359,379246,FIRST PEOPLES BANKSHARES INC,2325912,1459799,NM,GA,Pine Mountain,Commercial Lending Specialization,06/30/2026
33013,Asian Pacific National Bank,1,56924,45135,,,1462986,N,CA,San Gabriel,Commercial Lending Specialization,06/30/2026
33026,Surety Bank,1,213680,189577,SURETY FINANCIAL HOLDINGS INC,5808461,374774,NM,FL,Deland,Commercial Lending Specialization,06/30/2026
33103,"Gateway Bank, F.S.B.",1,288216,204095,,,1493319,SB,CA,Oakland,Commercial Lending Specialization,06/30/2026
33111,Colorado Federal Savings Bank,1,2311952,1609855,SILVER QUEEN FINL SERVICES INC,3835164,1718469,SB,CO,Greenwood Village,Mortgage Lending Specialization,06/30/2026
33119,"Heritage Bank, Inc.",1,1993366,1825441,COMMONWEALTH HOLDINGS L L C,2332536,1469677,NM,KY,Burlington,Commercial Lending Specialization,06/30/2026
33124,Goldman Sachs Bank USA,1,758788000,498804000,GOLDMAN SACHS GROUP INC THE,2380443,2182786,SM,NY,New York,All Other Over 1 Billion,06/30/2026
33131,First Farmers & Merchants National Bank,1,140442,115355,215 HOLDING CO,1247576,1470150,N,MN,Fairmont,Commercial Lending Specialization,06/30/2026
33136,Woodlands Bank,1,640262,574220,WOODLANDS FINL SERVICES CO,3014950,1479470,SM,PA,Williamsport,Commercial Lending Specialization,06/30/2026
33183,Sound Banking Company,1,45181,39582,,,1494482,NM,WA,Lakewood,Commercial Lending Specialization,06/30/2026
33188,Shinhan Bank America,1,2234648,1919786,SHINHAN FINANCIAL GROUP CO LTD,3107964,1494914,NM,NY,New York,Commercial Lending Specialization,06/30/2026
33204,Premier Bank Minnesota,1,691496,620132,PB FAMILY BANCSHARES INC,5672448,1481745,NM,MN,Hastings,Commercial Lending Specialization,06/30/2026
33216,Northrim Bank,1,3395565,2930711,NORTHRIM BCORP INC,3025385,1718188,NM,AK,Anchorage,Commercial Lending Specialization,06/30/2026
33306,CIBC Bank USA,1,66504376,51470552,CANADIAN IMPERIAL BK OF COM,1231342,1842065,SM,IL,Chicago,Commercial Lending Specialization,06/30/2026
33380,Enterprise Bank,1,573973,457990,ENTERPRISE HOLDING CO,3306356,1836701,SM,NE,Omaha,Commercial Lending Specialization,06/30/2026
33418,Ledyard National Bank,1,1071557,874363,LEDYARD FINANCIAL GROUP INC,3625123,1863097,N,VT,Norwich,Commercial Lending Specialization,06/30/2026
33450,Arbor Bank,1,701698,607830,OAKLAND FINANCIAL SERVICES INC,1203125,1872941,NM,NE,Nebraska City,Agricultural Specialization,06/30/2026
33457,Oak Valley Community Bank,1,2001344,1764388,OAK VALLEY BCORP,3726440,1864197,SM,CA,Oakdale,Commercial Lending Specialization,06/30/2026
33470,Today's Bank,1,351031,294603,MATHIAS BANCSHARES INC,1951172,1879016,NM,AR,Huntsville,Commercial Lending Specialization,06/30/2026
33492,Crescent Bank,1,1065126,880101,CB&T HOLDING CORP,2254508,1885932,NM,LA,Metairie,All Other Over 1 Billion,06/30/2026
33497,"Charles Schwab Premier Bank, SSB",1,26576000,24456000,CHARLES SCHWAB CORP THE,1026632,1893049,SM,TX,Westlake,All Other Over 1 Billion,06/30/2026
33503,Unity Bank,1,3184193,2464747,UNITY BCORP INC,2181426,1890525,NM,NJ,Clinton,Commercial Lending Specialization,06/30/2026
33506,First National Bank of Coffee County,1,547471,494670,FNC BCORP INC,3069633,1892154,N,GA,Douglas,Commercial Lending Specialization,06/30/2026
33539,Preferred Bank,1,7731004,6476766,,,1918344,NM,CA,Los Angeles,Commercial Lending Specialization,06/30/2026
33552,Boone Bank & Trust Co.,1,156942,142974,AMES NATIONAL CORP,1202258,745347,NM,IA,Boone,Agricultural Specialization,06/30/2026
33555,"SouthState Bank, National Association",1,68794317,56375284,SOUTHSTATE BANK CORP,1133437,1929247,N,FL,Winter Haven,Commercial Lending Specialization,06/30/2026
33565,"Desjardins Bank, National Association",1,362077,292898,DESJARDINS GROUP THE,3196801,1940747,N,FL,Hallandale,Mortgage Lending Specialization,06/30/2026
33568,United Bank of Philadelphia,1,48411,40191,UNITED BANCSHARES INC,2259268,1945247,NM,PA,Philadelphia,Commercial Lending Specialization,06/30/2026
33645,Lee Bank,1,591159,519601,BERKSHIRE FINL SERVICES INC,1985131,790703,SI,MA,Lee,Commercial Lending Specialization,06/30/2026
33646,The Bank of East Asia Ltd.,1,3660680,2844351,,,1751420,OI,NY,New York,Commercial Lending Specialization,06/30/2026
33648,Bank of India,1,7415358,5732970,,,727709,OI,NY,New York,All Other Over 1 Billion,06/30/2026
33652,Bank of China,1,,,,,125707,OI,NY,Flushing,,
33653,Bank of China,1,48520695,24671853,,,908508,OI,NY,New York,Commercial Lending Specialization,06/30/2026
33656,Metropolitan Bank and Trust Company,1,31987,8675,,,449515,OI,NY,New York,Other Specialized Under 1 Billion,06/30/2026
33661,"Mizrahi Tefahot Bank, Ltd.",1,7389525,4822342,,,887461,OI,CA,Los Angeles,Commercial Lending Specialization,06/30/2026
33664,State Bank of India,1,4321255,3278047,,,217237,OI,IL,Chicago,All Other Over 1 Billion,06/30/2026
33681,Bank of Baroda,1,16237538,9908732,,,909000,OI,NY,New York,Commercial Lending Specialization,06/30/2026
33682,State Bank of India,1,22507930,13153312,,,95716,OI,NY,New York,Commercial Lending Specialization,06/30/2026
33686,Bank Hapoalim B.M.,1,11040725,8205001,,,790105,OI,NY,New York,Commercial Lending Specialization,06/30/2026
33708,International Bank of Chicago,1,982667,862961,IBC BCORP INC,2339759,2006024,NM,IL,Chicago,Commercial Lending Specialization,06/30/2026
33739,Citizens Community Bank,1,352616,303181,CITIZENS CMTY BANCSHARES INC,2354305,2002222,NM,TN,Winchester,Commercial Lending Specialization,06/30/2026
33753,Citizens Community Bank,1,531041,446077,CITIZENS BCORP INC,2550143,2007991,NM,IL,Mascoutah,Commercial Lending Specialization,06/30/2026
33758,Starion Bank,1,2097919,1821990,STARION BCORP,1126729,2009605,NM,ND,Bismarck,Commercial Lending Specialization,06/30/2026
33761,Village Bank,1,411867,366169,VILLAGE BANCSHARES INC,2265867,2010722,NM,MN,Saint Francis,Commercial Lending Specialization,06/30/2026
33785,"Stifel Trust Company, National Association",1,911012,850359,STIFEL FINANCIAL CORP,3063622,2713920,N,MO,Saint Louis,Other Specialized Under 1 Billion,06/30/2026
33803,"Wheaton Bank & Trust, National Association",1,4790736,4137857,WINTRUST FINANCIAL CORP,2260406,2044811,N,IL,Wheaton,Commercial Lending Specialization,06/30/2026
33805,Community Bank of Elmhurst,1,194488,176897,COMMUNITY BANCSHARES ELMHURST,2066390,2044820,SM,IL,Elmhurst,Commercial Lending Specialization,06/30/2026
33812,American National Bank - Fox Cities,1,432603,353475,AMERICAN NATIONAL BCORP INC,2716640,2051127,N,WI,Appleton,Commercial Lending Specialization,06/30/2026
33818,Priority Bank,1,153397,129404,PRIORITY ONE HOLDING CO,3832033,2059990,SB,AR,Fayetteville,Mortgage Lending Specialization,06/30/2026
33823,Quill Bank,1,1555310,1306353,QUILL FINANCIAL INC,2641621,2068107,NM,UT,Provo,Commercial Lending Specialization,06/30/2026
33849,"Hinsdale Bank & Trust Company, National Association",1,6800738,5574222,WINTRUST FINANCIAL CORP,2260406,2119773,N,IL,Hinsdale,Commercial Lending Specialization,06/30/2026
33851,The Bank of Milan,1,101069,88862,HOMETOWN BCORP INC,2263993,2123930,NM,TN,Milan,All Other Under 1 Billion,06/30/2026
33855,Credit First National Association,1,39766,500,,,2122997,N,OH,Brook Park,Other Specialized Under 1 Billion,06/30/2026
33860,The National Bank of Indianapolis,1,3037564,2672154,NATIONAL BK INPOLIS CORP,2149622,2132941,N,IN,Indianapolis,Commercial Lending Specialization,06/30/2026
33867,Quad City Bank and Trust Company,1,2774878,2393789,QCR HOLDINGS INC,2125813,2142155,SM,IA,Bettendorf,Commercial Lending Specialization,06/30/2026
33893,Raymond James Bank,1,45602712,41395171,RAYMOND JAMES FINANCIAL INC,3815157,2193616,SM,FL,Saint Petersburg,All Other Over 1 Billion,06/30/2026
33922,Frontier Bank,1,349155,323837,ROCK RIVERS BCORP,1827914,2218443,SB,SD,Sioux Falls,Agricultural Specialization,06/30/2026
33926,Charlevoix State Bank,1,248313,220954,CHARLEVOIX FIRST CORP,2336794,2232757,NM,MI,Charlevoix,Commercial Lending Specialization,06/30/2026
33928,"Patriot Bank, National Association",1,1322925,1209461,PATRIOT NATIONAL BCORP INC,2840479,2236821,N,CT,Stamford,Commercial Lending Specialization,06/30/2026
33935,"Wintrust Bank, National Association",1,9567734,8285568,WINTRUST FINANCIAL CORP,2260406,2239288,N,IL,Chicago,Commercial Lending Specialization,06/30/2026
33947,"TD Bank USA, National Association",1,32125899,27178460,TORONTO-DOMINION BANK THE,1238565,2121196,N,DE,Wilmington,All Other Over 1 Billion,06/30/2026
33959,"Natbank, National Association",1,296528,206751,NATIONAL BANK OF CANADA,1242188,2233875,N,FL,Hollywood,Mortgage Lending Specialization,06/30/2026
34010,EverTrust Bank,1,1125370,848571,O-BANK CO LTD,3462494,2297998,NM,CA,City Of Industry,Commercial Lending Specialization,06/30/2026
34011,"Village Bank and Trust, National Association",1,3625764,2960588,WINTRUST FINANCIAL CORP,2260406,2298995,N,IL,Arlington Heights,Commercial Lending Specialization,06/30/2026
34014,Texas National Bank,1,139101,128081,MESA FINANCIAL CORP,2299040,1435092,N,TX,Sweetwater,Other Specialized Under 1 Billion,06/30/2026
34020,Community Bank,1,188796,162932,COMMUNITY FINANCIAL CORP,2254704,2304636,SM,KS,Topeka,Commercial Lending Specialization,06/30/2026
34023,TNBANK,1,318094,277009,TENNESSEE VALLEY FINL HOLDINGS,3082454,2305969,NM,TN,Oak Ridge,Commercial Lending Specialization,06/30/2026
34038,Time Bank,1,712767,608222,COMMUNITY BANK CORP,2536857,2316714,NM,IL,Park Ridge,Commercial Lending Specialization,06/30/2026
34040,First American State Bank,1,276885,207141,FIRST AMERICAN BCORP,2747765,2317672,SM,CO,Greenwood Village,Commercial Lending Specialization,06/30/2026
34047,First Community Bank,1,2380900,2030816,FIRST COMMUNITY CORP,2337401,2328137,NM,SC,Lexington,Commercial Lending Specialization,06/30/2026
34052,Bay Bank,1,315703,264914,BAY BCORP INC,2340867,2329200,NM,WI,Green Bay,All Other Under 1 Billion,06/30/2026
34058,Lusitania Savings Bank,1,418125,353547,LUSITANIA FINANCIAL MHC,3789986,385686,SI,NJ,Newark,Mortgage Lending Specialization,06/30/2026
34068,Thomasville National Bank,1,2181324,1867881,THOMASVILLE BANCSHARES INC,2346010,2344753,N,GA,Thomasville,Commercial Lending Specialization,06/30/2026
34069,"Wilmington Trust, National Association",1,772076,4936,M&T BANK CORP,1037003,2265456,N,DE,Wilmington,Other Specialized Under 1 Billion,06/30/2026
34073,"Libertyville Bank & Trust Company, National Association",1,3338776,2855371,WINTRUST FINANCIAL CORP,2260406,2339795,N,IL,Libertyville,Commercial Lending Specialization,06/30/2026
34074,Capitol Bank,1,565303,472995,CAPITOL BANKSHARES INC,2339610,2339599,NM,WI,Madison,Commercial Lending Specialization,06/30/2026
34108,Pan American Bank & Trust,1,536110,474718,SOLVTRUST FINANCIAL CORP,5905614,2343167,NM,IL,Melrose Park,Commercial Lending Specialization,06/30/2026
34120,Bank of Ann Arbor,1,3496950,2843062,ARBOR BCORP INC,2454380,2390929,NM,MI,Ann Arbor,Commercial Lending Specialization,06/30/2026
34146,People's Bank of Seneca,1,495508,440938,PBS BANCSHARES INC,4096645,2396592,NM,MO,Seneca,Commercial Lending Specialization,06/30/2026
34148,Bank of Star Valley,1,420019,368924,STAR VALLEY BANCSHARES INC,2270384,2396604,SM,WY,Afton,Commercial Lending Specialization,06/30/2026
34150,First United Bank and Trust Company,1,591360,525049,FIRST UNITED BCORP INC,2356082,2356091,NM,KY,Madisonville,Commercial Lending Specialization,06/30/2026
34160,Community Banking Company,1,297295,259928,CBC HOLDING CO,2530118,553038,NM,GA,Fitzgerald,All Other Under 1 Billion,06/30/2026
34162,West Pointe Bank,1,368823,260236,WEST POINTE BANCSHARES INC,2371807,2371816,NM,WI,Oshkosh,Commercial Lending Specialization,06/30/2026
34171,Eagle Rock Bank,1,508184,420760,OLMSTED HOLDING CORP,3153260,2391588,NM,MN,Rochester,Commercial Lending Specialization,06/30/2026
34193,Applied Bank,1,274127,228601,,,2467670,NM,DE,Wilmington,Other Specialized Under 1 Billion,06/30/2026
34207,Great Plains National Bank,1,1928955,1708398,GREAT PLAINS BANCSHARES INC,1060355,2482824,N,OK,Elk City,Commercial Lending Specialization,06/30/2026
34211,Platte Valley Bank,1,1248096,1072009,PLATTE VALLEY FINL SERVICE COMPANIES,2511014,2465881,SM,NE,Scottsbluff,Agricultural Specialization,06/30/2026
34221,"Morgan Stanley Private Bank, National Association",1,250425000,211668000,MORGAN STANLEY,2162966,2489805,N,NY,Purchase,All Other Over 1 Billion,06/30/2026
34229,The Citizens Bank of Georgia,1,598515,531294,FORSYTH BANCSHARES INC,2497211,2505451,NM,GA,Cumming,Commercial Lending Specialization,06/30/2026
34233,Marine Bank & Trust Company,1,657265,580762,MARINE BCORP OF FLORIDA INC,5076215,2587916,NM,FL,Vero Beach,Commercial Lending Specialization,12/31/2025
34240,Wolf River Community Bank,1,385789,297550,WOLF RIVER BCORP INC,3180257,2505424,NM,WI,Hortonville,Commercial Lending Specialization,06/30/2026
34252,Pacific Coast Bankers' Bank,1,1207585,652957,PACIFIC COAST BANKERS BANCSHARES,2731586,2451240,SM,CA,Walnut Creek,Commercial Lending Specialization,06/30/2026
34254,"Planters Bank, Inc.",1,1960775,1714430,PLANTERS FINANCIAL GROUP INC,3013225,2497181,NM,KY,Hopkinsville,Commercial Lending Specialization,06/30/2026
34259,Crown Bank,1,614282,428271,,,2686211,NM,NJ,Elizabeth,Commercial Lending Specialization,06/30/2026
34294,CFG Bank,1,6121189,5105134,CAPITAL FUNDING BCORP INC,3927078,2471239,NM,MD,Lutherville,Commercial Lending Specialization,06/30/2026
34313,Eaglemark Savings Bank,1,755671,519406,,,2605566,NM,NV,Reno,Consumer Lending Specialization,06/30/2026
34319,Southwestern National Bank,1,1391657,1212689,SWNB BCORP INC,3234682,2625724,N,TX,Houston,Commercial Lending Specialization,06/30/2026
34331,DSRM National Bank,1,4418,500,,,2502825,N,NM,Albuquerque,Other Specialized Under 1 Billion,06/30/2026
34334,American Metro Bank,1,119082,87968,AMERICAN METRO BCORP INC,3272367,2533043,NM,IL,Chicago,Commercial Lending Specialization,06/30/2026
34352,"City First Bank, National Association",1,1562007,1182775,CITY FIRST ENTERPRISES INC,2697954,2697963,N,DC,Washington,Commercial Lending Specialization,06/30/2026
34363,Core Bank,1,1066282,833721,DS HOLDING CO INC,3428502,976552,NM,NE,Omaha,Commercial Lending Specialization,06/30/2026
34383,Texas Capital Bank,1,33622998,29376565,TEXAS CAPITAL BANCSHARES INC,2706735,2618780,SM,TX,Dallas,Commercial Lending Specialization,06/30/2026
34384,Premier Bank,1,826499,671728,PREMIER HOLDINGS LTD,3066922,2539960,NM,IA,Rock Valley,Agricultural Specialization,06/30/2026
34386,Spring Valley Bank,1,113582,67015,SV BCORP INC,3464340,2607412,NM,OH,Wyoming,Commercial Lending Specialization,06/30/2026
34393,1st Equity Bank,1,130024,87678,FIRST EQUITY CORP,2531553,2531562,NM,IL,Skokie,Commercial Lending Specialization,06/30/2026
34394,Security National Bank of South Dakota,1,251458,194732,SECURITY NATIONAL CORP,1200348,2529176,N,SD,Dakota Dunes,Commercial Lending Specialization,06/30/2026
34395,"Barrington Bank & Trust Company, National Association",1,5165793,4140561,WINTRUST FINANCIAL CORP,2260406,2508751,N,IL,Barrington,Commercial Lending Specialization,06/30/2026
34401,Fortis Bank,1,1353120,1112611,FORTIS BCORP,3559198,2515320,NM,CO,Denver,Commercial Lending Specialization,06/30/2026
34403,Coastal Community Bank,1,5452231,4902267,COASTAL FINANCIAL CORP,3203008,2562164,SM,WA,Everett,Commercial Lending Specialization,06/30/2026
34404,WebBank,1,2861274,2263576,,,2576134,NM,UT,Salt Lake City,Commercial Lending Specialization,06/30/2026
34409,The Bank,1,461983,396317,BANCSHARES INC THE,2504874,2505460,NM,LA,Jennings,Commercial Lending Specialization,06/30/2026
34415,First Command Bank,1,1081696,966124,FIRST COMMAND FINL PLANNING EMPLOYEE STK OWNERSHIP PLAN TR,3823321,2568063,SB,TX,Fort Worth,All Other Over 1 Billion,06/30/2026
34422,American Bank,1,1111851,914842,AMERICAN BANK INC,3008753,2580243,SM,PA,Allentown,Commercial Lending Specialization,06/30/2026
34441,State Bank,1,115395,103987,SBWY FINANCIAL CORP,5554713,2602828,NM,WY,Green River,Commercial Lending Specialization,06/30/2026
34444,Customers Bank,1,26503549,21876344,CUSTOMERS BCORP INC,4284536,2354985,SM,PA,Malvern,Commercial Lending Specialization,06/30/2026
34455,First National Bank,1,96486,90399,ROTAN BANCSHARES INC,2487913,2490285,N,TX,Rotan,Agricultural Specialization,06/30/2026
34460,Millennial Bank,1,201328,183864,,,2621285,NM,AL,Leeds,Commercial Lending Specialization,06/30/2026
34478,Cedar Hill National Bank,1,15981,2000,,,2651899,N,NC,Charlotte,Other Specialized Under 1 Billion,06/30/2026
34488,Hiawatha Bank and Trust Company,1,156920,133904,COUNTRY BCORP,1203910,2536633,NM,IA,Hiawatha,Commercial Lending Specialization,06/30/2026
34489,Edison National Bank,1,453745,399027,EDISON BANCSHARES INC,2591258,2594419,N,FL,Fort Myers,Other Specialized Under 1 Billion,06/30/2026
34496,First Commercial Bank (USA),1,849866,646751,FIRST FINANCIAL HOLDING CO LTD,3086210,2332910,NM,CA,Alhambra,Commercial Lending Specialization,06/30/2026
34507,Principal Bank,1,9836922,9259461,,,2654911,SB,IA,Des Moines,Mortgage Lending Specialization,06/30/2026
34517,Peoples Bank of East Tennessee,1,456076,407158,PEOPLES BANCSHARES OF TN INC,3403161,2614344,NM,TN,Madisonville,Commercial Lending Specialization,06/30/2026
34519,Merrick Bank,1,9129523,7405289,,,2615190,NM,UT,South Jordan,Credit-card Specialization,06/30/2026
34526,Prairie Community Bank,1,187517,170876,MARENGO BANCSHARES INC,2598378,2598396,NM,IL,Marengo,Commercial Lending Specialization,06/30/2026
34533,First Community Bank,1,3629998,2866370,FIRST COMMUNITY BANCSHARES INC,2641694,2596646,NM,AR,Batesville,Commercial Lending Specialization,06/30/2026
34535,"TCM Bank, National Association",1,382352,279595,,,2687487,N,FL,Tampa,Credit-card Specialization,06/30/2026
34548,Neighborhood National Bank,1,227987,177735,NEIGHBORHOOD BCORP,2333131,2333140,N,CA,El Cajon,Commercial Lending Specialization,06/30/2026
34562,ENCORE BANK,1,3702801,3350134,ENCORE BANCSHARES INC,2777016,2594240,SM,AR,Little Rock,Commercial Lending Specialization,06/30/2026
34566,Alliance Bank,1,391276,334847,ALLIANCE BANCSHARES INC,3253629,2619714,NM,MO,Cape Girardeau,Agricultural Specialization,06/30/2026
34585,Pacific Crest Bank,1,318490,239883,PACIFIC CREST BCORP INC,2713685,2643595,SI,WA,Lynnwood,Commercial Lending Specialization,06/30/2026
34589,Atlantic Union Bank,1,38020862,30583038,ATLANTIC UNION BANKSHARES CORP,1971693,693224,SM,VA,Richmond City,Commercial Lending Specialization,06/30/2026
34598,Mercantile Bank,1,6240347,4927922,MERCANTILE BANK CORP,2608763,2608754,NM,MI,Grand Rapids,Commercial Lending Specialization,06/30/2026
34599,"The Pitney Bowes Bank, Inc.",1,796327,676387,,,2649177,NM,UT,Salt Lake City,Commercial Lending Specialization,06/30/2026
34603,"MVB Bank, Inc",1,3497075,3116825,MVB FINANCIAL CORP,3211601,2757205,NM,WV,Fairmont,Commercial Lending Specialization,06/30/2026
34607,First Internet Bank of Indiana,1,5526397,4837281,FIRST INTERNET BCORP,3393178,2758613,NM,IN,Fishers,Commercial Lending Specialization,06/30/2026
34610,Community First Banking Company,1,307347,262232,COMMUNITY BANCSHARES W PLAINS,2615239,2615220,NM,MO,West Plains,All Other Under 1 Billion,06/30/2026
34618,"Macatawa Bank, National Association",1,3689079,3067806,WINTRUST FINANCIAL CORP,2260406,2634351,N,MI,Holland,Commercial Lending Specialization,06/30/2026
34619,ITS Bank,1,45190,500,,,2774707,NM,IA,Johnston,Other Specialized Under 1 Billion,06/30/2026
34643,Sunstate Bank,1,580359,502735,SUNSTATE BANCSHARES INC,5515415,2791085,NM,FL,Miami,Commercial Lending Specialization,06/30/2026
34644,Key Community Bank,1,121022,107643,INVER GROVE BANCSHARES INC,2610766,2610784,NM,MN,Inver Grove Heights,Commercial Lending Specialization,06/30/2026
34656,American First National Bank,1,2886145,2439538,AFNB HOLDINGS INC,3472176,2694681,N,TX,Houston,Commercial Lending Specialization,06/30/2026
34666,The Community Bank,1,173528,152232,LIGHT BANCSHARES CORP,2621913,2621940,NM,KS,Liberal,Commercial Lending Specialization,06/30/2026
34681,"Crystal Lake Bank and Trust Company, National Association",1,2259402,1866772,WINTRUST FINANCIAL CORP,2260406,2624400,N,IL,Crystal Lake,Commercial Lending Specialization,06/30/2026
34685,People's Bank of Commerce,1,776717,618237,PBCO FINANCIAL CORP,5687273,2661861,NM,OR,Medford,Commercial Lending Specialization,06/30/2026
34686,Charter Bank,1,227541,203460,JOHNSTON GROWTH CORP,2646037,2705112,NM,IA,Johnston,Commercial Lending Specialization,06/30/2026
34697,WEX Bank,1,10708586,7905789,,,2700984,NM,UT,Sandy,Commercial Lending Specialization,06/30/2026
34699,Metropolitan Commercial Bank,1,8857429,7775575,METROPOLITAN BANK HOLDING CORP,2820211,2705895,SM,NY,New York,Commercial Lending Specialization,06/30/2026
34710,"Nationwide Trust Company, FSB",1,153595,500,,,2729677,SB,OH,Columbus,Mortgage Lending Specialization,06/30/2026
34711,Farmers Building and Savings Bank,1,122893,96364,,,19972,SI,PA,Rochester,All Other Under 1 Billion,06/30/2026
34717,"Town Bank, National Association",1,4708678,3813803,WINTRUST FINANCIAL CORP,2260406,2693264,N,WI,Hartland,Commercial Lending Specialization,06/30/2026
34719,Farmers & Merchants Bank of Colby,1,650814,511322,SECURITY BANCSHARES INC,1248836,2667939,NM,KS,Colby,Agricultural Specialization,06/30/2026
34728,Independent Bank,1,1853799,1618477,INDEPENDENT HOLDINGS INC,3121193,2666400,NM,TN,Memphis,All Other Over 1 Billion,06/30/2026
34742,EagleBank,1,9618012,8201597,EAGLE BCORP INC,2652104,2652092,SM,MD,Bethesda,Commercial Lending Specialization,06/30/2026
34752,First Community Bank of Hillsboro,1,133283,103205,FIRST CMTY BANC HOLDING CO,2917278,2696180,NM,IL,Hillsboro,Agricultural Specialization,06/30/2026
34755,Virginia National Bank,1,1636058,1410120,VIRGINIA NATL BANKSHARES CORP,4517261,2708122,N,VA,Charlottesville,Commercial Lending Specialization,06/30/2026
34759,Asian Bank,1,685892,456786,ASIAN FINANCIAL CORP,2785459,2785477,SM,PA,Philadelphia,Commercial Lending Specialization,06/30/2026
34760,Portage Community Bank,1,552199,489557,PORTAGE BANCSHARES INC,2668589,2668598,SM,OH,Ravenna,Commercial Lending Specialization,06/30/2026
34775,"EverBank, National Association",1,46690554,37809298,EVERBANK FINANCIAL CORP,3838857,2735146,N,FL,Jacksonville,All Other Over 1 Billion,06/30/2026
34778,First Trust Bank of Illinois,1,406261,324350,FIRST TRUST FINANCIAL CORP,3249109,2718596,NM,IL,Kankakee,Other Specialized Under 1 Billion,06/30/2026
34781,"Transportation Alliance Bank, Inc. d/b/a TAB Bank",1,1591983,1376506,TAB BANK HOLDINGS INC,4748766,2736219,NM,UT,Ogden,Commercial Lending Specialization,06/30/2026
34784,Commercial Capital Bank,1,611382,453337,CAPITAL BCORP INC,2757111,2756730,NM,LA,Delhi,Agricultural Specialization,06/30/2026
34786,Enterprise Bank,1,524622,415662,ENTERPRISE EMPLOYEE STK OWNERSHIP PLAN,3386246,2730431,NM,PA,Allison Park,Commercial Lending Specialization,06/30/2026
34788,American Business Bank,1,4417375,3938208,,,2734729,NM,CA,Los Angeles,Commercial Lending Specialization,06/30/2026
34799,Thrivent Trust Company,1,15466,2000,,,2745529,SB,WI,Appleton,Mortgage Lending Specialization,06/30/2026
34803,Resource Bank,1,980745,803005,RESOURCE BANKSHARES INC,3136405,2716088,NM,LA,Covington,Commercial Lending Specialization,06/30/2026
34805,Mission Bank,1,2010002,1767556,MISSION BCORP,3108082,2736714,SM,CA,Bakersfield,Commercial Lending Specialization,06/30/2026
34811,Nebraskaland Bank,1,1064337,853747,NEBRASKALAND FINL SERVICES INC,2947350,2667957,SM,NE,North Platte,Commercial Lending Specialization,06/30/2026
34836,North American Banking Company,1,1473505,1085744,N A CORP,2631798,2631846,SM,MN,Roseville,Commercial Lending Specialization,06/30/2026
34847,Southern Bank of Tennessee,1,533381,469352,SB FINANCIAL INC,5980358,2793593,SM,TN,Mount Juliet,Commercial Lending Specialization,06/30/2026
34849,Premier Bank,1,357734,304823,PREMIER FINANCIAL CORP,2687124,2687133,SM,IA,Dubuque,Commercial Lending Specialization,06/30/2026
34857,Community Bank of Oelwein,1,95037,75013,FIRST BELMOND BCORP,1204887,2702764,NM,IA,Oelwein,Commercial Lending Specialization,06/30/2026
34860,New Republic Bank,1,176317,137966,AMERICAN BCORP INC,3824261,2754222,NM,NC,Roanoke Rapids,Commercial Lending Specialization,06/30/2026
34876,"Connecticut Community Bank, National Association",1,526018,445804,ASSOCIATED COMMUNITY BCORP INC,2863946,2756909,N,CT,Norwalk,Commercial Lending Specialization,06/30/2026
34885,Susser Bank,1,2990330,2662363,SBH MANAGER LLC,5189450,965789,SM,TX,Dallas,Commercial Lending Specialization,06/30/2026
34888,Parke Bank,1,2302646,1763048,PARKE BCORP INC,3347292,2764212,NM,NJ,Sewell,Commercial Lending Specialization,06/30/2026
34890,"New Peoples Bank, Inc.",1,942461,828386,NEW PEOPLES BANKSHARES INC,3049617,2736451,SM,VA,Honaker,Commercial Lending Specialization,06/30/2026
34908,Cogent Bank,1,2454078,2188638,COGENT BCORP INC,3458040,2847142,NM,FL,Orlando,Commercial Lending Specialization,06/30/2026
34918,First National Bank of Hereford,1,344568,294401,LA PLATA BANCSHARES INC,2759601,2759629,N,TX,Hereford,Agricultural Specialization,06/30/2026
34936,Legends Bank,1,927663,824118,LEGENDS FINANCIAL HOLDINGS INC,3100349,2745426,NM,TN,Clarksville,Commercial Lending Specialization,06/30/2026
34938,Commerce Bank,1,167901,148976,COMMERCE HOLDING CORP,3135435,2746245,SM,MS,Corinth,Commercial Lending Specialization,06/30/2026
34953,Northpointe Bank,1,7529347,5253877,NORTHPOINTE BANCSHARES INC,2737814,2737980,NM,MI,Grand Rapids,All Other Over 1 Billion,06/30/2026
34955,"American Bank and Trust Company, National Association",1,480853,387769,AMBANK HOLDINGS INC,1138610,2733263,N,IA,Davenport,Commercial Lending Specialization,06/30/2026
34966,First Capital Bank,1,1318461,1108599,FIRST CAPITAL BANCSHARES INC,3836385,2849463,SM,SC,Charleston,Commercial Lending Specialization,06/30/2026
34967,Popular Bank,1,15032815,11930781,POPULAR INC,1129382,2736291,SM,NY,New York,Commercial Lending Specialization,06/30/2026
34968,Banco Popular de Puerto Rico,1,63342000,58725000,POPULAR INC,1129382,940311,SM,PR,San Juan,All Other Over 1 Billion,06/30/2026
34969,First Central Savings Bank,1,1025375,890951,FIRST CENTRAL BCORP INC,6028323,2797359,SI,NY,Glen Cove,Commercial Lending Specialization,06/30/2026
34973,Peoples Savings Bank,1,610436,533741,CENTRAL SOUTH BCORP INC,2732574,2732565,NM,IA,Indianola,Commercial Lending Specialization,06/30/2026
34978,Synergy Bank,1,1282792,1093071,SYNERGY BANCSHARES INC,2748490,2748502,NM,LA,Houma,Commercial Lending Specialization,06/30/2026
34980,Red River Bank,1,3310081,2913549,RED RIVER BANCSHARES INC,2743235,2743244,NM,LA,Alexandria,Commercial Lending Specialization,06/30/2026
34995,First Central Bank McCook,1,122772,105784,CENTRAL BANCSHARES INC,1050495,2726050,NM,NE,Mccook,Agricultural Specialization,06/30/2026
34997,BayFirst National Bank,1,1136157,1001436,BAYFIRST FINANCIAL CORP,2881650,2771694,N,FL,Saint Petersburg,Commercial Lending Specialization,06/30/2026
35014,nbkc bank,1,1241298,1006201,AMERI-NATIONAL CORP,2772990,2747587,NM,KS,Leawood,Commercial Lending Specialization,06/30/2026
35019,Currency Bank,1,248548,203204,AXXESS PARTNERS INC,5585306,2807173,NM,LA,Baton Rouge,Commercial Lending Specialization,06/30/2026
35020,Community First Bank,1,781602,706834,COMMUNITY FIRST BANCSHARES INC,2775160,2775179,NM,LA,New Iberia,Commercial Lending Specialization,06/30/2026
35029,AB&T,1,261184,227920,COMMUNITY CAPITAL BANCSHARES,2775142,2775151,NM,GA,Albany,Commercial Lending Specialization,06/30/2026
35031,Freedom Financial Bank,1,269251,206399,FREEDOM HOLDINGS CO,2734439,2735137,SM,IA,West Des Moines,Commercial Lending Specialization,06/30/2026
35033,American Community Bank,1,306516,249361,AMERICAN COMMUNITY BCORP INC,4111584,2871558,NM,NY,Glen Cove,Commercial Lending Specialization,06/30/2026
35056,Madison County Community Bank,1,211682,196948,MADISON CMTY BANCSHARES CORP,3619702,2805928,NM,FL,Madison,Commercial Lending Specialization,06/30/2026
35060,The Settlers Bank,1,142448,119057,THIRD STREET BANCSHARES INC,2747288,2747279,SM,OH,Marietta,Mortgage Lending Specialization,06/30/2026
35075,The Philadelphia Trust Company,1,27694,6031,,,2796277,NM,PA,Philadelphia,Other Specialized Under 1 Billion,06/30/2026
35084,Petit Jean State Bank,1,259952,210545,PETIT JEAN BANCSHARES INC,2877402,2769570,SM,AR,Morrilton,Commercial Lending Specialization,06/30/2026
35094,Community Bank of Memphis,1,63699,55032,CLARK COUNTY BANCSHARES INC,1097995,2724766,NM,MO,Memphis,Agricultural Specialization,06/30/2026
35095,TowneBank,1,22616959,18822283,,,2797724,NM,VA,Portsmouth,Commercial Lending Specialization,06/30/2026
35101,Buckeye Community Bank,1,238254,206595,BUCKEYE BANCSHARES INC,2836294,2836306,SM,OH,Elyria,Commercial Lending Specialization,06/30/2026
35103,Idaho Trust  Bank,1,255617,225521,IDAHO TRUST BCORP,3439713,2753917,NM,ID,Boise,Commercial Lending Specialization,06/30/2026
35118,"Community Bank of Wichita, Inc.",1,128329,117643,COMMUNITY STATE BANCSHARES INC,2774305,2775692,NM,KS,Wichita,Commercial Lending Specialization,06/30/2026
35131,Sauk Valley Bank & Trust Company,1,790755,670090,SV FINANCIAL INC,3093919,2797162,NM,IL,Sterling,Agricultural Specialization,06/30/2026
35138,Millennium Bank,1,780768,704276,MILLENNIUM BANCSHARES INC,4947541,2820604,NM,TN,Chattanooga,Commercial Lending Specialization,06/30/2026
35139,Seattle Bank,1,891449,785211,SEATTLE BANCSHARES INC,5719307,2838207,SI,WA,Seattle,Commercial Lending Specialization,06/30/2026
35141,BMW Bank of North America,1,13795765,9524512,,,2850722,NM,UT,Salt Lake City,Consumer Lending Specialization,06/30/2026
35151,New Millennium Bank,1,899076,761701,NMB FINANCIAL CORP,5011832,2833882,NM,NJ,Fort Lee,Commercial Lending Specialization,06/30/2026
35154,"BTG Pactual Bank, National Association",1,978322,460379,BTG PACTUAL G7 HOLDING SA,6098308,2916534,N,NY,New York,Commercial Lending Specialization,06/30/2026
35157,Farm Bureau Bank FSB,1,1060938,906536,FB BCORP,3818822,2819167,SB,NV,Reno,All Other Over 1 Billion,06/30/2026
35161,The Murray Bank,1,534147,476732,BANCKENTUCKY INC,3832592,2819242,SB,KY,Murray,Commercial Lending Specialization,06/30/2026
35164,Capital Bank and Trust Company,1,266069,500,,,2921659,SB,CA,Irvine,Other Specialized Under 1 Billion,06/30/2026
35206,"Fidelity Personal Trust Company, FSB",1,74632,500,,,2914268,SB,NH,Merrimack,Other Specialized Under 1 Billion,06/30/2026
35207,Bank of the James,1,1033600,938136,BK JAMES FINL GROUP INC,3217032,2787770,SM,VA,Lynchburg,Commercial Lending Specialization,06/30/2026
35212,Community Bank of the South,1,266460,242817,CBOS BANKSHARES INC,3450530,2860039,NM,FL,Merritt Island,Other Specialized Under 1 Billion,06/30/2026
35214,First Reliance Bank,1,1125355,922041,FIRST RELIANCE BANCSHARES INC,3070312,2839790,NM,SC,Florence,Commercial Lending Specialization,06/30/2026
35220,Wyoming Community Bank,1,262448,234325,WYOMING NATIONAL BCORP INC,2910970,2806840,SM,WY,Riverton,Agricultural Specialization,06/30/2026
35221,Freedom Bank,1,585737,505700,FREEDOM BCORP,3575787,2858492,NM,IN,Huntingburg,Commercial Lending Specialization,06/30/2026
35223,First Secure Community Bank,1,528760,427818,FIRST SECURE BANK GROUP INC,2805544,2805535,NM,IL,Sugar Grove,Commercial Lending Specialization,06/30/2026
35229,Southern Illinois Bank,1,136492,114130,SOUTHERN IL BANCSHARES INC,6071954,2847085,NM,IL,Johnston City,Commercial Lending Specialization,06/30/2026
35237,"John Deere Financial, f.s.b.",1,4934911,1561885,DEERE&COMPANY,1277313,2992547,SB,WI,Middleton,Agricultural Specialization,06/30/2026
35241,OPTUS Bank,1,764188,646445,OPTUS FINANCIAL CORP,3334489,2794732,NM,SC,Columbia,Commercial Lending Specialization,06/30/2026
35261,Increase Bank,1,150650,135364,TWIN CITY BCORP INC,3289477,2905761,NM,WA,Longview,Commercial Lending Specialization,06/30/2026
35274,"Blue Ridge Bank,  National Association",1,2310031,1891519,BLUE RIDGE BANKSHARES INC,1426960,233527,N,VA,Martinsville,Commercial Lending Specialization,06/30/2026
35276,Freedom Bank of Southern Missouri,1,850072,760096,FREEDOM BANCSHARES OF S MO INC,3216754,2835103,NM,MO,Cassville,Agricultural Specialization,06/30/2026
35278,"Capital Bank, National Association",1,3837265,3392888,CAPITAL BCORP INC,2808590,2808602,N,MD,Rockville,Commercial Lending Specialization,06/30/2026
35292,Great American Bank,1,513206,421257,FIRST FINANCIAL BANCSHARES INC,3385137,2815879,NM,KS,Lawrence,Commercial Lending Specialization,06/30/2026
35295,Southern First Bank,1,4703075,4004963,SOUTHERN FIRST BANCSHARES INC,2849799,2849801,NM,SC,Greenville,Commercial Lending Specialization,06/30/2026
35314,BHM Bank,1,17400,14248,CARVER FINANCIAL CORP,3190023,2877484,NM,AL,Birmingham,Commercial Lending Specialization,06/30/2026
35320,Georgia Community Bank,1,374987,321651,GEORGIA COMMUNITY BCORP INC,1245581,2823221,NM,GA,Albany,All Other Under 1 Billion,06/30/2026
35323,FinWise Bank,1,915475,722978,FINWISE BCORP,3157549,2880019,NM,UT,Murray,Commercial Lending Specialization,06/30/2026
35331,"Liberty Bank, National Association",1,399182,336266,DMG BANCSHARES INC,5553435,2907439,N,CA,Irvine,Commercial Lending Specialization,06/30/2026
35333,Oak Bank,1,486337,419565,OAK FINANCIAL INC,2857598,2857600,NM,WI,Fitchburg,Commercial Lending Specialization,06/30/2026
35361,Five Star Bank,1,5377033,4809754,FIVE STAR BCORP,3162927,2867337,NM,CA,Roseville,Commercial Lending Specialization,06/30/2026
35365,Bank of Oak Ridge,1,658107,509602,OAK RIDGE FINL SERVICES INC,3587427,2903123,SM,NC,Oak Ridge,Commercial Lending Specialization,06/30/2026
35366,"Chino Commercial Bank, N.A.",1,516688,397231,CHINO COMMERCIAL BCORP,3441275,2925620,N,CA,Chino,Commercial Lending Specialization,06/30/2026
35377,Alpine Capital Bank,1,237315,200959,HELIOS BCORP INC,5879096,2889227,NM,NY,New York,Commercial Lending Specialization,06/30/2026
35388,SEI Private Trust Company,1,208453,500,,,2973386,SB,PA,Oaks,Mortgage Lending Specialization,06/30/2026
35393,United Trust Bank,1,178170,126103,UNITED BCORP INC,3848566,2949970,SB,IL,Palos Heights,Mortgage Lending Specialization,06/30/2026
35394,"MassMutual Private Wealth & Trust, FSB",1,93701,50500,,,2881445,SB,MA,Springfield,Other Specialized Under 1 Billion,06/30/2026
35406,BankVista,1,651092,540621,ABDO INVESTMENTS INC,3368185,2849285,NM,MN,Sartell,Commercial Lending Specialization,06/30/2026
35407,Yampa Valley Bank,1,687604,614070,ROUTT COUNTY BCORP INC,2942869,2806635,NM,CO,Steamboat Springs,Commercial Lending Specialization,06/30/2026
35412,American Community Bank & Trust,1,1177625,1014288,AMERICAN CMTY FINANCIAL INC,3035049,2869162,NM,IL,Woodstock,Commercial Lending Specialization,06/30/2026
35417,TriStar Bank,1,562678,466292,TRISTAR BANCSHARES INC,3442795,2871099,NM,TN,Dickson,Commercial Lending Specialization,06/30/2026
35420,Branson Bank,1,414146,372942,BRANSON BANCSHARES INC,2861812,2861317,NM,MO,Branson,Commercial Lending Specialization,06/30/2026
35427,United National Bank,1,308720,255918,,,2914727,N,GA,Cairo,Agricultural Specialization,06/30/2026
35430,OptimumBank,1,1386526,1216561,OPTIMUMBANK HOLDINGS INC,3251661,2953418,NM,FL,Fort Lauderdale,Commercial Lending Specialization,06/30/2026
35439,Bank of Brookhaven,1,262205,229511,HAVEN CAPITAL CORP,4361923,2877831,NM,MS,Brookhaven,Commercial Lending Specialization,06/30/2026
35441,Four Corners Community Bank,1,662303,569134,MESA WEST BCORP,5759200,2855866,NM,NM,Farmington,Commercial Lending Specialization,06/30/2026
35442,"Citizens Bank of Cumberland County, Inc.",1,94878,80460,CITIZENS CUMBERLAND BANCSHARES,3110012,2921622,NM,KY,Burkesville,All Other Under 1 Billion,06/30/2026
35444,"The Bancorp Bank, National Association",1,9205913,7487810,BANCORP INC THE,2858951,2858960,N,SD,Sioux Falls,Commercial Lending Specialization,06/30/2026
35450,"Century Bank of Kentucky, Inc.",1,208077,187978,CENTURY BANCSHARES INC,3097458,2920287,NM,KY,Lawrenceburg,Commercial Lending Specialization,06/30/2026
35455,"Hometown Bank of Corbin, Inc.",1,302268,268111,HOMETOWN BANCSHARES INC,2955300,2897633,NM,KY,Corbin,Commercial Lending Specialization,06/30/2026
35477,Citizens First Bank,1,361256,278670,CFB HOLDING CO,3070013,2882983,NM,IA,Clinton,Commercial Lending Specialization,06/30/2026
35480,Crown Bank,1,402028,332778,CROWN BANKSHARES INC,2860262,2860271,NM,MN,Edina,Commercial Lending Specialization,06/30/2026
35497,Quaint Oak Bank,1,631468,556835,QUAINT OAK BCORP INC,3681316,815277,SI,PA,Southampton,Commercial Lending Specialization,06/30/2026
35506,Cypress Bank & Trust,1,256842,219309,CYPRESS CAPITAL GROUP INC,5543052,2873598,NM,FL,Melbourne,Commercial Lending Specialization,06/30/2026
35510,Davidson Trust Co.,1,13207,500,,,644954,SB,MT,Great Falls,Mortgage Lending Specialization,06/30/2026
35513,Community Bank of Pickens County,1,628587,537826,COMMUNITY BANKS OF GEORGIA INC,3180408,2943615,NM,GA,Jasper,Commercial Lending Specialization,06/30/2026
35518,The Federal Savings Bank,1,1080675,741148,STEPHEN M CALK 2025 TRUST THE,6097507,2806877,SB,IL,Chicago,Commercial Lending Specialization,06/30/2026
35519,North State Bank,1,1461914,1226703,NORTH STATE BCORP,3109070,2915461,SM,NC,Raleigh,Commercial Lending Specialization,06/30/2026
35521,InsBank,1,1078594,905769,INSCORP INC,2877336,2877345,SM,TN,Nashville,Commercial Lending Specialization,06/30/2026
35530,First Carolina Bank,1,3405879,2870251,FIRST CAROLINA FINL SERVICES,4346706,2963266,NM,NC,Rocky Mount,Commercial Lending Specialization,06/30/2026
35533,First Electronic Bank,1,502862,285634,,,2947556,NM,UT,Salt Lake City,All Other Under 1 Billion,06/30/2026
35541,BCB Community Bank,1,3117295,2636843,BCB BCORP INC,3170539,2954059,NM,NJ,Bayonne,Commercial Lending Specialization,06/30/2026
35543,Bank of Franklin County,1,419387,357494,FRANKLIN BCORP INC,2913711,2913702,NM,MO,Washington,Commercial Lending Specialization,06/30/2026
35546,Axos Bank,1,28870387,24832413,AXOS FINANCIAL INC,3814310,2917317,SB,CA,San Diego,Commercial Lending Specialization,06/30/2026
35558,Century Bank of Florida,1,101101,86985,CENTURY BANCSHARES OF FL INC,3492790,2939001,SM,FL,Tampa,Commercial Lending Specialization,06/30/2026
35568,"American Bank & Trust Company, Inc.",1,924409,799996,FIRST BRECKINRIDGE BANCSHARES,1119404,2919898,NM,KY,Bowling Green,Commercial Lending Specialization,06/30/2026
35583,Pinnacle Bank,1,128791735,102245160,PINNACLE FINL PARTNERS INC,6073350,2925666,SM,TN,Nashville,Commercial Lending Specialization,06/30/2026
35585,Community First National Bank,1,374680,326694,TTAC CORP,2948517,2907019,N,KS,Manhattan,Commercial Lending Specialization,06/30/2026
35597,NEW FRONTIER BANK,1,175707,158858,LINCOLN COUNTY BCORP INC,1097173,2917184,SM,MO,Saint Charles,Commercial Lending Specialization,06/30/2026
35602,Country Trust Bank,1,42296,798,,,449935,SB,IL,Bloomington,Other Specialized Under 1 Billion,06/30/2026
55130,"Servbank, National Association",1,1701346,1220063,SERVBANC HOLDCO INC,5617896,2140348,N,IL,Oswego,Commercial Lending Specialization,06/30/2026
57022,The Bank of Clovis,1,438449,367285,CLOVIS BANCSHARES INC,3324387,2948423,NM,NM,Clovis,Agricultural Specialization,06/30/2026
57025,American Heritage Bank,1,153231,137155,AHB BANCSHARES INC,4665265,2960555,NM,NM,Clovis,Agricultural Specialization,06/30/2026
57031,Champion Bank,1,41706,25281,,,2901558,NM,CO,Parker,Commercial Lending Specialization,06/30/2026
57033,Willamette Valley Bank,1,465422,358780,OREGON BCORP INC,3823198,2954497,NM,OR,Salem,Commercial Lending Specialization,06/30/2026
57038,Nicolet National Bank,1,15390715,12950153,NICOLET BANKSHARES INC,3103603,2941068,N,WI,Green Bay,Commercial Lending Specialization,06/30/2026
57044,"California Bank of Commerce, National Association",1,4022876,3363122,CALIFORNIA BCORP,5443938,3076453,N,CA,San Diego,Commercial Lending Specialization,06/30/2026
57056,Celtic Bank,1,5333882,3900657,,,2998576,NM,UT,Salt Lake City,Commercial Lending Specialization,06/30/2026
57058,PEOPLES BANK,1,313758,272115,PEOPLES BCORP INC,4639435,2939391,SM,AR,Sheridan,Commercial Lending Specialization,06/30/2026
57061,Cornerstone National Bank & Trust Company,1,1007582,897015,CORNERSTONE BCORP INC,2929383,2929392,N,IL,Palatine,Commercial Lending Specialization,06/30/2026
57069,Story Bank DBA Story Financial Partners,1,1009751,890359,STORY BANCSHARES,3374935,2948058,NM,MS,Jackson,Commercial Lending Specialization,06/30/2026
57071,Georgia Banking Company,1,3258872,2877460,GEORGIA BANKING CO INC,3016338,3016347,NM,GA,Atlanta,Commercial Lending Specialization,06/30/2026
57073,Community Bank of Santa Maria,1,396520,350357,COMMUNITY BCORP OF SANTA MARIA,5113857,2997216,NM,CA,Santa Maria,Commercial Lending Specialization,06/30/2026
57074,bankcda,1,238879,210277,COEUR D ALENE BCORP,3780938,3010363,NM,ID,Coeur D Alene,Commercial Lending Specialization,06/30/2026
57082,"Northbrook Bank and Trust Company, National Association",1,6366430,5359106,WINTRUST FINANCIAL CORP,2260406,2938198,N,IL,Northbrook,Commercial Lending Specialization,06/30/2026
57083,Emigrant Bank,1,5679354,4184612,NEW YORK PRIVATE B&T CORP,3212091,137915,NM,FL,Miami,Commercial Lending Specialization,06/30/2026
57092,Traditions First Bank,1,336575,300080,TRADITIONS FIRST BCORP INC,5759741,2963864,NM,TN,Erin,Commercial Lending Specialization,06/30/2026
57093,Northwestern Mutual Wealth Management,1,557733,50500,,,3017081,SB,WI,Milwaukee,Mortgage Lending Specialization,06/30/2026
57097,Northstar Bank,1,1161394,973567,NORTHSTAR FINANCIAL GROUP INC,2958990,2958972,SM,MI,Bad Axe,Commercial Lending Specialization,06/30/2026
57101,Mission Valley Bank,1,782004,615310,MISSION VALLEY BCORP,3364600,3039636,NM,CA,Sun Valley,Commercial Lending Specialization,06/30/2026
57103,"Schaumburg Bank & Trust Company, National Association",1,2559637,2208199,WINTRUST FINANCIAL CORP,2260406,2970657,N,IL,Schaumburg,Commercial Lending Specialization,06/30/2026
57109,Everence Trust Company,1,16159,500,,,3029253,SB,IN,Goshen,Other Specialized Under 1 Billion,06/30/2026
57123,"First Century Bank, National Association",1,831624,693167,FIRST CENTURY BCORP,2997739,2997748,N,GA,Commerce,Other Specialized Under 1 Billion,06/30/2026
57124,First Community Bank of Central Alabama,1,694298,638312,CENTRAL ALABAMA BANCSHARES INC,3034248,3034257,NM,AL,Wetumpka,Commercial Lending Specialization,06/30/2026
57127,Guardian Bank,1,597901,524348,WB&T BANKSHARES INC,1493636,2989006,NM,GA,Valdosta,Commercial Lending Specialization,06/30/2026
57129,Community Federal Savings Bank,1,826976,714878,COMMUNITY FSB HOLDING CO,3793125,3040418,SB,NY,Woodhaven,Commercial Lending Specialization,06/30/2026
57134,"Leader Bank, National Association",1,5284723,4262435,LEADER BCORP INC,3439236,3109146,N,MA,Arlington,Commercial Lending Specialization,06/30/2026
57137,Mission Bank,1,185097,171045,COMMUNITY BANCSHARES INC,3392443,2963275,NM,AZ,Kingman,Commercial Lending Specialization,06/30/2026
57141,Community Bank of Missouri,1,94118,80578,MISSOURI BCORP INC,3005248,3005097,NM,MO,Richmond,Commercial Lending Specialization,06/30/2026
57160,National Advisors Trust Company,1,21588,500,,,2809373,N,KS,Leawood,Other Specialized Under 1 Billion,06/30/2026
57176,Commerce West Bank,1,1196315,1055805,CW BCORP,5538197,3052813,SM,CA,Irvine,Commercial Lending Specialization,06/30/2026
57184,The Freedom Bank of Virginia,1,1037780,874979,FREEDOM FINANCIAL HOLDINGS INC,5624205,3019982,SM,VA,Fairfax,Commercial Lending Specialization,06/30/2026
57197,BNC National Bank,1,1045071,915777,BNCCORP INC,1248162,2358769,N,AZ,Glendale,Commercial Lending Specialization,06/30/2026
57203,Barclays Bank Delaware,1,43454000,35315000,BARCLAYS PLC,1231418,2980209,NM,DE,Wilmington,Credit-card Specialization,06/30/2026
57228,Embassy Bank for the Lehigh Valley,1,1860416,1698344,EMBASSY BCORP INC,3806511,3068579,NM,PA,Bethlehem,Mortgage Lending Specialization,06/30/2026
57230,Douglas National Bank,1,326931,294673,DNB FINANCIAL SERVICES INC,3049626,3049635,N,GA,Douglas,Commercial Lending Specialization,06/30/2026
57244,Cedar Rapids Bank and Trust Company,1,2900018,2075076,QCR HOLDINGS INC,2125813,3029589,SM,IA,Cedar Rapids,Commercial Lending Specialization,06/30/2026
57250,Cornerstone Bank,1,504939,298395,CORNERSTONE BANCSHARES INC,3027754,3027763,NM,KS,Overland Park,Commercial Lending Specialization,06/30/2026
57265,CCFBank National Association,1,1811475,1579554,CITIZENS COMMUNITY BCORP INC,3823929,962890,N,WI,Altoona,Commercial Lending Specialization,06/30/2026
57269,"Signature Bank, National Association",1,1309420,1142597,SIGNATURE BCORP INC,3076592,3076604,N,OH,Toledo,Commercial Lending Specialization,06/30/2026
57273,First Commerce Bank,1,138492,120580,FIRST COMMERCE FINANCIAL CORP,3123366,3041358,NM,KS,Marysville,Agricultural Specialization,06/30/2026
57280,FlatIrons Bank,1,370310,336129,FBHC HOLDING CO,3700936,3022610,SM,CO,Boulder,Commercial Lending Specialization,06/30/2026
57295,AMG National Trust Bank,1,722874,591572,AMG NATIONAL CORP,3583700,3015939,N,CO,Boulder,Commercial Lending Specialization,06/30/2026
57301,"United Community Bank of West Kentucky, Inc.",1,524948,447148,UNITED CMTY BANCSHARES INC,3260216,3070545,NM,KY,Morganfield,Commercial Lending Specialization,06/30/2026
57311,Stifel Bank and Trust,1,19620017,17528088,STIFEL FINANCIAL CORP,3063622,3076248,SM,MO,Saint Louis,All Other Over 1 Billion,06/30/2026
57312,Town & Country Bank,1,206946,169899,R DEAN PHILLIPS BK TR DATED 11-19-2004,5558681,3067929,NM,NV,Las Vegas,Commercial Lending Specialization,06/30/2026
57335,Farmers Bank,1,297306,275867,FARMERS BANK HOLDING CO,3020438,3020447,SM,CO,Ault,Agricultural Specialization,06/30/2026
57336,Drake Bank,1,247441,211561,PLATO HOLDINGS INC,3090842,3090833,NM,MN,Saint Paul,Commercial Lending Specialization,06/30/2026
57348,SouthEast Bank,1,3583462,3228362,EDUCATION LOAN FINANCE INC,3808131,3110197,SM,TN,Farragut,Commercial Lending Specialization,06/30/2026
57358,Stifel Bank,1,14623006,13666306,STIFEL FINANCIAL CORP,3063622,3076220,SM,MO,Saint Louis,All Other Over 1 Billion,06/30/2026
57359,American Eagle Bank,1,484737,363101,ORCHID FINANCIAL BCORP INC,3116498,3116519,NM,IL,South Elgin,Commercial Lending Specialization,06/30/2026
57368,Bankwell Bank,1,3466328,3035317,BANKWELL FINANCIAL GROUP INC,3553815,3109043,NM,CT,New Canaan,Commercial Lending Specialization,06/30/2026
57369,U. S. Century Bank,1,3015990,2482206,USCB FINANCIAL HOLDINGS INC,5681262,3146150,NM,FL,Doral,Commercial Lending Specialization,06/30/2026
57373,Oregon Coast Bank,1,446289,403962,OREGON COAST BANCSHARES INC,3392881,3125557,NM,OR,Newport,Commercial Lending Specialization,06/30/2026
57391,United Bank & Trust Co.,1,120144,106726,AMES NATIONAL CORP,1202258,3103591,NM,IA,Marshalltown,Commercial Lending Specialization,06/30/2026
57396,Bank of Lincoln County,1,230065,198274,BOLC CORP,5140312,3128923,NM,TN,Fayetteville,Commercial Lending Specialization,06/30/2026
57408,"Optum Bank, Inc.",1,21430000,16518000,,,3202702,NM,UT,Draper,Commercial Lending Specialization,06/30/2026
57414,Worthington Bank,1,655440,589396,BANCFIRST CORP,1133286,3150205,SM,TX,Arlington,Commercial Lending Specialization,06/30/2026
57415,"Forcht Bank, National Association",1,1645945,1487724,FORCHT BCORP INC,3446346,3141726,N,KY,Lexington,Commercial Lending Specialization,06/30/2026
57416,Patriot Bank,1,451158,402327,SECURITY BCORP OF TN INC,1135374,3120646,SM,TN,Millington,Commercial Lending Specialization,06/30/2026
57417,Commercial Bank of California,1,3979541,3455518,CBC BCORP,2925406,3189063,NM,CA,Irvine,Commercial Lending Specialization,06/30/2026
57420,Highlands Community Bank,1,188921,167279,,,3125315,SM,VA,Covington,All Other Under 1 Billion,06/30/2026
57425,Sanibel Captiva Community Bank,1,976168,805900,,,3122994,NM,FL,Sanibel,Commercial Lending Specialization,06/30/2026
57429,Commerce Bank & Trust,1,197945,168773,COMMERCE NATL BANKSHARES FL,3148622,3148613,SM,FL,Winter Park,Commercial Lending Specialization,06/30/2026
57444,American Continental Bank,1,385265,316728,AMERICAN CONTINENTAL BCORP,4842721,3216316,NM,CA,City Of Industry,Commercial Lending Specialization,06/30/2026
57449,Medallion Bank,1,2834690,2299388,,,3228908,NM,UT,Salt Lake City,Consumer Lending Specialization,06/30/2026
57450,"Charles Schwab Bank, SSB",1,250828000,225247000,CHARLES SCHWAB CORP THE,1026632,3150447,SM,TX,Westlake,Mortgage Lending Specialization,06/30/2026
57451,Sound Community Bank,1,1065857,937088,SOUND FINANCIAL BCORP INC,3843646,429487,NM,WA,Seattle,Commercial Lending Specialization,06/30/2026
57463,PCB Bank,1,3469065,2933655,PCB BCORP,3595084,3212402,NM,CA,Los Angeles,Commercial Lending Specialization,06/30/2026
57465,First Commerce Bank,1,935084,824791,FIRST COMMERCE BCORP INC,3465909,3153297,NM,TN,Lewisburg,Commercial Lending Specialization,06/30/2026
57468,Community Bank Owatonna,1,103259,94652,COMMUNITY FINANCIAL CORP,3139312,3139321,NM,MN,Owatonna,Commercial Lending Specialization,06/30/2026
57470,Members Trust Company,1,34263,500,,,3219269,SB,FL,Tampa,Mortgage Lending Specialization,06/30/2026
57483,Citizens Bank & Trust,1,1201077,1102667,CITIZENS B&T HOLDINGS INC,3439179,3174920,NM,AL,Guntersville,Commercial Lending Specialization,06/30/2026
57491,Bank of Commerce,1,333981,294008,COMMERCE FINANCIAL CO,5872396,3134698,NM,OK,Duncan,Commercial Lending Specialization,06/30/2026
57495,PrimeBank of Texas,1,279739,244240,BAT INVESTMENTS INC,5592313,3134399,NM,TX,Austin,Commercial Lending Specialization,06/30/2026
57497,Pathfinder Bank,1,1485888,1181842,PATHFINDER BCORP INC,2596776,729310,NM,NY,Oswego,Commercial Lending Specialization,06/30/2026
57505,Liberty National Bank,1,624382,457279,215 HOLDING CO,1247576,3140822,N,IA,Sioux City,Agricultural Specialization,06/30/2026
57510,Avidbank,1,2652805,2324663,AVIDBANK HOLDINGS INC,3680980,3214059,NM,CA,San Jose,Commercial Lending Specialization,06/30/2026
57511,Community First Bank of Indiana,1,980300,814145,COMMUNITY FIRST FINANCIAL CORP,3921816,3165357,NM,IN,Kokomo,Commercial Lending Specialization,06/30/2026
57512,Western Alliance Bank,1,98568765,82322362,WESTERN ALLIANCE BCORP,2349815,3138146,SM,AZ,Phoenix,Commercial Lending Specialization,06/30/2026
57522,Tolleson Private Bank,1,981963,857360,TOLLESON WEALTH MANAGEMENT INC,3191712,3166699,NM,TX,Dallas,Mortgage Lending Specialization,06/30/2026
57540,The Hometown Bank of Alabama,1,660676,563850,HOMETOWN BCORP OF ALABAMA INC,3451603,3217331,NM,AL,Oneonta,All Other Under 1 Billion,06/30/2026
57542,Toyota Financial Savings Bank,1,16786286,14280397,,,3287660,NM,NV,Henderson,All Other Over 1 Billion,06/30/2026
57543,"Trinity Bank, N.A.",1,569129,495813,,,3185896,N,TX,Fort Worth,Commercial Lending Specialization,06/30/2026
57548,Heritage Bank,1,324903,278620,HERITAGE BANCSHARES INC,3120310,3120897,SM,KS,Topeka,Commercial Lending Specialization,06/30/2026
57554,Traditions Bank,1,890938,756144,TRADITIONS BANCSHARES INC,3194683,3194692,NM,AL,Cullman,Commercial Lending Specialization,06/30/2026
57565,"UBS Bank USA, National Association",1,124438468,109326784,UBS GROUP AG,4795461,3212149,N,UT,Salt Lake City,All Other Over 1 Billion,06/30/2026
57569,PeoplesTrust Bank,1,201213,177557,HOMETOWN BANCSHARES INC,3231373,3282012,NM,AL,Hamilton,Commercial Lending Specialization,06/30/2026
57570,Comenity Capital Bank,1,13859050,10991696,,,3224580,NM,UT,Draper,Credit-card Specialization,06/30/2026
57571,Continental Bank,1,181836,140958,CONTINENTAL BCORP,3191459,3220863,NM,UT,Salt Lake City,Commercial Lending Specialization,06/30/2026
57576,Heritage Bank of the Ozarks,1,423969,376945,CORNERSTONE BANCSHARES INC,3199820,3199811,NM,MO,Lebanon,Commercial Lending Specialization,06/30/2026
57579,Community Bank of Georgia,1,269494,239622,COMMUNITY BANK OF GEORGIA INC,3213324,3213333,NM,GA,Baxley,Agricultural Specialization,06/30/2026
57585,Golden State Bank,1,1000102,856560,GOLDEN STATE BCORP,4725589,3224375,NM,CA,Glendale,Commercial Lending Specialization,06/30/2026
57587,Integrity Bank & Trust,1,459560,372599,INTEGRITY CAPITAL HOLDINGS INC,3184853,3160978,NM,CO,Monument,Commercial Lending Specialization,06/30/2026
57591,West Coast Community Bank,1,2944293,2523670,WEST COAST COMMUNITY BCORP,5851711,3235410,NM,CA,Santa Cruz,Commercial Lending Specialization,06/30/2026
57598,Mainstreet Community Bank of Florida,1,953357,863243,NORTHSTAR FINANCIAL GROUP INC,2958990,3217957,NM,FL,Deland,Commercial Lending Specialization,06/30/2026
57603,Falcon National Bank,1,872309,768701,CENTRA VENTURES INC,3184219,3184228,N,MN,Foley,Commercial Lending Specialization,06/30/2026
57607,First Western Trust Bank,1,3236756,2854088,FIRST WESTERN FINANCIAL INC,3189906,3158546,NM,CO,Denver,Commercial Lending Specialization,06/30/2026
57610,Redwood Capital Bank,1,566043,504886,REDWOOD CAPITAL BCORP,3552032,3247589,NM,CA,Eureka,Commercial Lending Specialization,06/30/2026
57614,Forbright Bank,1,8480361,7325126,FORBRIGHT INC,3391129,3187630,NM,MD,Potomac,Commercial Lending Specialization,06/30/2026
57624,Clarion County Community Bank,1,261603,234584,CCCB BCORP INC,5493876,3185579,NM,PA,Clarion,Commercial Lending Specialization,06/30/2026
57626,1st State Bank,1,490075,428759,1ST STATE FINANCIAL LTD,3223293,3223305,NM,MI,Saginaw,Commercial Lending Specialization,06/30/2026
57632,Homeland Community Bank,1,244059,227210,HOMELAND COMMUNITY BCORP INC,5760756,3223408,NM,TN,Mcminnville,Commercial Lending Specialization,06/30/2026
57633,1st Security Bank of Washington,1,3178672,2465359,FS BCORP INC,4347208,1018927,SI,WA,Mountlake Terrace,Commercial Lending Specialization,06/30/2026
57640,Bank of Walker County,1,98542,87944,RELATIONS BANCSHARES INC,3569049,3254297,NM,AL,Jasper,Commercial Lending Specialization,06/30/2026
57644,Gateway Bank,1,319549,269708,PB FAMILY BANCSHARES INC,5672448,3223417,NM,MN,Mendota Heights,Commercial Lending Specialization,06/30/2026
57656,Heritage Community Bank,1,184398,152069,,,3224478,NM,TN,Greeneville,Commercial Lending Specialization,06/30/2026
57672,Empire State Bank,1,617793,511621,ES BANCSHARES INC,3439610,3277241,SM,NY,Staten Island,Commercial Lending Specialization,06/30/2026
57686,"American Commerce Bank, National Association",1,495670,392105,AMERICAN COM BANCSHARES INC,3272947,3272956,N,GA,Bremen,Commercial Lending Specialization,06/30/2026
57694,First National Bank of Decatur County,1,359565,330843,BAINBRIDGE BANCSHARES INC,3232361,3232370,N,GA,Bainbridge,Commercial Lending Specialization,06/30/2026
57701,"Beverly Bank & Trust Company, National Association",1,2692444,2272697,WINTRUST FINANCIAL CORP,2260406,3216017,N,IL,Chicago,Commercial Lending Specialization,06/30/2026
57703,"T Bank, National Association",1,1102281,955645,TECTONIC FINANCIAL INC,5077977,3284445,N,TX,Dallas,Commercial Lending Specialization,06/30/2026
57706,Summit Bank,1,1329158,1162185,SUMMIT BANK GROUP INC,5513804,3243282,NM,OR,Eugene,Commercial Lending Specialization,06/30/2026
57710,Greene County Commercial Bank,1,1319910,1192996,GREENE COUNTY BCORP MHC,2728595,3268249,NM,NY,Catskill,All Other Over 1 Billion,06/30/2026
57716,United Business Bank,1,2564693,2172982,BAYCOM CORP,5069897,3281510,SM,CA,Walnut Creek,Commercial Lending Specialization,06/30/2026
57740,Pacific Valley Bank,1,653300,570547,PACIFIC VALLEY BCORP,5654426,3293540,NM,CA,Salinas,Commercial Lending Specialization,06/30/2026
57741,First Southwest Bank,1,657464,491675,FIRST SOUTHWEST BCORP INC,3228681,3224302,NM,CO,Durango,Commercial Lending Specialization,06/30/2026
57742,MainStreet Bank,1,2238825,1938183,MAINSTREET BANCSHARES INC,4977397,3248849,SM,VA,Fairfax,Commercial Lending Specialization,06/30/2026
57754,Providence Bank & Trust,1,1558709,1346263,PROVIDENCE FINANCIAL CORP,4656964,3280625,NM,IL,South Holland,Commercial Lending Specialization,06/30/2026
57756,Coastal States Bank,1,2418168,2053019,COASTALSOUTH BANCSHARES INC,3274727,3274709,SM,SC,Hilton Head Island,Commercial Lending Specialization,06/30/2026
57777,Meridian Bank,1,2591552,2200060,MERIDIAN CORP,5033580,3271799,NM,PA,Wayne,Commercial Lending Specialization,06/30/2026
57784,Nantahala Bank & Trust Company,1,288750,260379,,,3285778,NM,NC,Franklin,Commercial Lending Specialization,06/30/2026
57785,Lakeview Bank,1,218334,195785,LAKEVIEW BCORP INC,3253825,3253834,NM,MN,Lakeville,Commercial Lending Specialization,06/30/2026
57803,Ally Bank,1,188184000,156614000,ALLY FINANCIAL INC,1562859,3284070,SM,UT,Sandy,Consumer Lending Specialization,06/30/2026
57807,Quontic Bank,1,787018,693923,QUONTIC BANK ACQUISITION CORP,4098537,3340725,SB,NY,Astoria,Mortgage Lending Specialization,06/30/2026
57813,Sterling Bank,1,1563784,1375687,STERLING BANCSHARES INC,3283587,3284490,NM,MO,Poplar Bluff,Commercial Lending Specialization,06/30/2026
57815,Banesco USA,1,5980882,5168561,,,3402913,NM,FL,Miami,Commercial Lending Specialization,06/30/2026
57825,Truxton Trust Company,1,1365858,1126297,TRUXTON CORP,3925065,3290240,SM,TN,Nashville,Commercial Lending Specialization,06/30/2026
57833,Beal Bank USA,1,11045111,1650244,,,3284397,NM,NV,Las Vegas,Commercial Lending Specialization,06/30/2026
57834,Emigrant Mercantile Bank,1,3489,500,NEW YORK PRIVATE B&T CORP,3212091,3268173,NM,NY,New York,Other Specialized Under 1 Billion,06/30/2026
57841,Valliance Bank,1,923291,733017,VALLIANCE FINANCIAL CORP,3447400,3267738,NM,OK,Oklahoma City,Commercial Lending Specialization,06/30/2026
57857,Timberline Bank,1,832564,699554,TIMBERLINE BCORP,3282713,3271986,NM,CO,Grand Junction,Commercial Lending Specialization,06/30/2026
57867,United Citizens Bank of Southern Kentucky,1,286209,243473,UNITED CITIZENS BCORP INC,3370085,3306598,NM,KY,Columbia,All Other Under 1 Billion,06/30/2026
57869,"1st Trust Bank, Inc.",1,351712,309152,,,3309393,NM,KY,Hazard,Commercial Lending Specialization,06/30/2026
57873,Commonwealth Business Bank,1,1966224,1664464,CBB BCORP INC,5124938,3337097,SM,CA,Los Angeles,Commercial Lending Specialization,06/30/2026
57874,Paragon Bank,1,908076,765335,PARAGON FINL SOLUTIONS INC,4645324,3288452,SM,TN,Memphis,Commercial Lending Specialization,06/30/2026
57882,Legacy State Bank,1,205854,180250,,,3340903,NM,GA,Loganville,Commercial Lending Specialization,06/30/2026
57884,Paramount Bank,1,86553,74695,PARAMOUNT FINANCIAL GROUP INC,5119363,3308574,NM,MO,Hazelwood,Consumer Lending Specialization,06/30/2026
57890,"HSBC Bank USA, National Association",1,173101278,141192598,HSBC HOLDINGS PLC,1857108,413208,N,VA,Tysons,All Other Over 1 Billion,06/30/2026
57897,SouthernTrust Bank,1,278497,192338,SOUTH PORTE FINANCIAL INC,4456593,3316739,NM,IL,Marion,Commercial Lending Specialization,06/30/2026
57899,1st Advantage Bank,1,211989,190903,BANC INVESTORS LLC,4526496,3317192,NM,MO,Saint Peters,Commercial Lending Specialization,06/30/2026
57901,One World Bank,1,290110,245028,ONE WORLD HOLDING INC,3311109,3296859,NM,TX,Dallas,Commercial Lending Specialization,06/30/2026
57903,Poppy Bank,1,8318539,6293974,BIG POPPY HOLDINGS INC,3602245,3232204,NM,CA,Santa Rosa,Commercial Lending Specialization,06/30/2026
57910,First State Bank,1,72459,61700,READLYN BANCSHARES INC,1139327,3285246,NM,IA,Nashua,Agricultural Specialization,06/30/2026
57915,Bank of Grand Lake,1,249136,218780,TOWNSEND HOLDING CO,4446521,3286999,NM,OK,Grove,All Other Under 1 Billion,06/30/2026
57919,ConnectOne Bank,1,14402382,11795842,CONNECTONE BCORP INC,1048764,3317932,NM,NJ,Englewood Cliffs,Commercial Lending Specialization,06/30/2026
57920,Prime Alliance Bank,1,1086025,966101,,,3309571,NM,UT,Woods Cross,Commercial Lending Specialization,06/30/2026
57922,Harmony Bank,1,855269,707657,HARMONY BANCSHARES INC,4805829,3297490,NM,TX,Dallas,Commercial Lending Specialization,06/30/2026
57931,Anchor Bank,1,805517,656402,ANCHOR BCORP INC,5474820,3342671,SM,FL,Palm Beach Gardens,Commercial Lending Specialization,06/30/2026
57933,Valley Bank of Nevada,1,240765,211543,,,3370357,NM,NV,North Las Vegas,Commercial Lending Specialization,06/30/2026
57944,Open Bank,1,2745961,2369409,OP BCORP,4980409,3357219,NM,CA,Los Angeles,Commercial Lending Specialization,06/30/2026
57952,Bank of Bozeman,1,108427,96398,BOZEMAN BCORP INC,3308510,3308529,NM,MT,Bozeman,Commercial Lending Specialization,06/30/2026
57953,Legacy Bank,1,1269326,1145605,LEGACY BANCSHARES INC,5070192,3306280,SM,AR,Springdale,Commercial Lending Specialization,06/30/2026
57957,"Citizens Bank, National Association",1,232517438,188731766,CITIZENS FINANCIAL GROUP INC,1132449,3303298,N,RI,Providence,All Other Over 1 Billion,06/30/2026
57967,First Resource Bank,1,840919,749908,FIRST RESOURCE BCORP INC,5690134,3349241,NM,PA,Exton,Commercial Lending Specialization,06/30/2026
57968,Primis Bank,1,4336833,3455967,PRIMIS FINANCIAL CORP,3325740,3325759,SM,VA,Tappahannock,Commercial Lending Specialization,06/30/2026
57974,"California International Bank, N.A.",1,120902,105911,,,3394380,N,CA,Westminster,Commercial Lending Specialization,06/30/2026
57990,Huron Valley State Bank,1,291906,261445,HURON VALLEY BCORP INC,4859596,3358270,NM,MI,Milford,Commercial Lending Specialization,06/30/2026
57993,ServisFirst Bank,1,18344113,14573353,SERVISFIRST BANCSHARES INC,3635319,3348888,NM,AL,Birmingham,Commercial Lending Specialization,06/30/2026
57997,Bryant Bank,1,2937170,2343350,,,3356191,NM,AL,Tuscaloosa,Commercial Lending Specialization,06/30/2026
58010,Freedom Bank,1,157269,138843,FREEDOM BCORP,3314100,3314119,NM,MT,Columbia Falls,Commercial Lending Specialization,06/30/2026
58018,St. Louis Bank,1,1109444,995251,ST LOUIS BANCSHARES INC,3449075,3354599,NM,MO,Saint Louis,Commercial Lending Specialization,06/30/2026
58025,Verus Bank of Commerce,1,202364,162856,VERUS ACQUISITION GROUP INC,4136439,3322468,SM,CO,Fort Collins,Commercial Lending Specialization,06/30/2026
58029,Sunrise Bank,1,622885,544152,SUNRISE BANCSHARES INC,5114368,3370133,NM,FL,Orlando,Commercial Lending Specialization,06/30/2026
58030,Paradise Bank,1,415216,381197,PARADISE BCORP INC,4977342,3368635,SM,FL,Boca Raton,Commercial Lending Specialization,06/30/2026
58037,California Business Bank,1,130475,108427,,,3390337,NM,CA,Irvine,Commercial Lending Specialization,06/30/2026
58039,First Resource Bank,1,1084566,893252,AMERI FINANCIAL GROUP INC,4974293,3314043,NM,MN,Lino Lakes,Commercial Lending Specialization,06/30/2026
58049,"Eclipse Bank, Inc.",1,485690,341265,ECLIPSE BCORP INC,5530632,3347603,NM,KY,Louisville,Commercial Lending Specialization,06/30/2026
58054,First Commerce Bank,1,1964972,1440053,FIRST COMMERCE BCORP INC,5809066,3404373,NM,NJ,Lakewood,Commercial Lending Specialization,06/30/2026
58057,Tradition Capital Bank,1,2717129,2098005,TRADITION BANCSHARES INC,3344312,3344321,NM,MN,Wayzata,Commercial Lending Specialization,06/30/2026
58060,First General Bank,1,1174806,837772,,,3386264,NM,CA,Rowland Heights,Commercial Lending Specialization,06/30/2026
58063,VisionBank,1,253884,183590,VISION BANCSHARES INC,3357068,3357077,NM,MN,Saint Louis Park,Commercial Lending Specialization,06/30/2026
58069,Bank of San Francisco,1,863552,740699,,,3357385,NM,CA,San Francisco,Commercial Lending Specialization,06/30/2026
58074,Flint Community Bank,1,357109,310416,FLINT COMMUNITY BANCSHARES INC,3341656,3341393,NM,GA,Albany,Commercial Lending Specialization,06/30/2026
58079,Putnam 1st Mercantile Bank,1,178915,159820,FIRST MERCANTILE FINL CORP,4815501,3393851,NM,TN,Cookeville,Commercial Lending Specialization,06/30/2026
58082,Austin Capital Bank SSB,1,395450,308399,GREENBACK FINCORP INC,5529654,3347911,SI,TX,Austin,Consumer Lending Specialization,06/30/2026
58088,SouthPoint Bank,1,1360933,1247267,SOUTHPOINT BANCSHARES INC,4975049,3386536,NM,AL,Birmingham,Commercial Lending Specialization,06/30/2026
58090,FFB Bank,1,1618057,1388534,FFB BCORP,4666280,3398623,NM,CA,Fresno,Commercial Lending Specialization,06/30/2026
58095,Idaho First Bank,1,1358688,1209882,BAWAG GROUP AG,5782440,3384952,NM,ID,Mccall,Commercial Lending Specialization,06/30/2026
58111,NobleBank & Trust,1,444047,396553,NOBLE BANCSHARES INC,5109672,3385744,SM,AL,Anniston,Commercial Lending Specialization,06/30/2026
58113,Flagship Bank,1,802809,670390,WEST FLORIDA BANK CORP,5406223,3404999,NM,FL,Clearwater,Commercial Lending Specialization,06/30/2026
58114,Bank of Belleville,1,562888,411443,BELLEVILLE BCORP INC,4421564,3374403,NM,IL,Belleville,Commercial Lending Specialization,06/30/2026
58115,Oakstar Bank,1,3287696,2849812,OAKSTAR BANCSHARES INC,3376452,3374412,SM,MO,Springfield,Commercial Lending Specialization,06/30/2026
58121,Triad Bank,1,1105166,896713,TRIAD BCORP INC,3722376,3374382,NM,MO,Frontenac,Commercial Lending Specialization,06/30/2026
58140,"Esquire Bank, National Association",1,2494969,2198857,ESQUIRE FINANCIAL HOLDINGS INC,4267427,3447820,N,NY,Jericho,Commercial Lending Specialization,06/30/2026
58148,Milestone Bank,1,342168,282808,,,3407084,NM,UT,Salt Lake City,Commercial Lending Specialization,06/30/2026
58158,"SmartBiz Bank, National Association",1,200758,167240,SMARTBIZ BANCSHARES INC,5900806,3377235,N,IL,Northbrook,Commercial Lending Specialization,06/30/2026
58164,"Bank of Lexington, Inc.",1,410812,322157,FIRST BRECKINRIDGE BANCSHARES,1119404,3410141,NM,KY,Lexington,Commercial Lending Specialization,06/30/2026
58165,Belmont Bank & Trust Company,1,1050480,925118,BELMONT FINANCIAL GROUP INC,3391727,3391718,NM,IL,Chicago,Commercial Lending Specialization,06/30/2026
58177,Sallie Mae Bank,1,28541289,20327301,,,3394278,NM,UT,Salt Lake City,Consumer Lending Specialization,06/30/2026
58181,Metro City Bank,1,4465591,3527311,METROCITY BANKSHARES INC,4750086,3437456,NM,GA,Doraville,Commercial Lending Specialization,06/30/2026
58184,Merchants Commercial Bank,1,505964,393712,,,3487433,NM,VI,St Thomas,All Other Under 1 Billion,06/30/2026
58188,"HSBC Trust Company (Delaware), National Association",1,57157,500,HSBC HOLDINGS PLC,1857108,3357620,N,DE,Wilmington,Other Specialized Under 1 Billion,06/30/2026
58201,First Vision Bank of Tennessee,1,414171,357046,FIRST VISION FINANCIAL INC,4547286,3350658,SM,TN,Tullahoma,Commercial Lending Specialization,06/30/2026
58203,NewBank,1,617994,517677,,,3472859,NM,NY,Flushing,Commercial Lending Specialization,06/30/2026
58208,First Freedom Bank,1,817794,710028,FIRST FREEDOM BANCSHARES INC,3807899,3437148,NM,TN,Lebanon,Commercial Lending Specialization,06/30/2026
58210,Bridgewater Bank,1,5377688,4360405,BRIDGEWATER BANCSHARES INC,3378764,3378773,NM,MN,Saint Louis Park,Commercial Lending Specialization,06/30/2026
58214,Town Center Bank,1,180647,138287,TC FINANCIAL HOLDINGS INC,5678235,3459216,NM,IL,Frankfort,Commercial Lending Specialization,06/30/2026
58216,BMO Harris Central National Association,1,8216,1000,BANK OF MONTREAL,1231333,3353154,N,IL,Roselle,Other Specialized Under 1 Billion,06/30/2026
58218,First Pacific Bank,1,514360,420102,FIRST PACIFIC BCORP,5609453,3470930,SM,CA,Whittier,Commercial Lending Specialization,06/30/2026
58220,Heritage Bank & Trust,1,417808,377343,HERITAGE FINANCIAL CORP,5513121,3429219,NM,TN,Columbia,Commercial Lending Specialization,06/30/2026
58224,Column National Association,1,1768904,1529576,,,3435948,N,UT,Salt Lake City,All Other Over 1 Billion,06/30/2026
58228,b1BANK,1,8893460,7271493,BUSINESS FIRST BANCSHARES INC,3488850,3408728,NM,LA,Baton Rouge,Commercial Lending Specialization,06/30/2026
58234,Pacific Alliance Bank,1,454372,369168,,,3546862,NM,CA,San Gabriel,Commercial Lending Specialization,06/30/2026
58239,Providence Bank,1,1514517,1292956,PB FINANCIAL CORP,5165070,3404506,NM,NC,Rocky Mount,Commercial Lending Specialization,06/30/2026
58243,John Marshall Bank,1,2398504,1996957,JOHN MARSHALL BCORP INC,5039724,3419416,SM,VA,Reston,Commercial Lending Specialization,06/30/2026
58255,River Bank & Trust,1,4017745,3506396,RIVER FINANCIAL CORP,4422851,3437157,NM,AL,Prattville,Commercial Lending Specialization,06/30/2026
58257,DR Bank,1,912610,754505,ALCAR INC,3958821,3428258,NM,CT,Darien,Consumer Lending Specialization,06/30/2026
58259,First National Bank of Michigan,1,988867,807175,FIRST NATIONAL BCORP INC,3404458,3404467,N,MI,Kalamazoo,Commercial Lending Specialization,06/30/2026
58263,Global Bank,1,304249,212752,,,3561771,NM,NY,New York,Commercial Lending Specialization,06/30/2026
58276,River Valley Community Bank,1,793113,704922,RIVER VALLEY COMMUNITY BCORP,5116353,3451050,NM,CA,Yuba City,Commercial Lending Specialization,06/30/2026
58278,Golden Valley Bank,1,604748,553238,GOLDEN VALLEY BANCSHARES INC,5475890,3440803,NM,CA,Chico,Commercial Lending Specialization,06/30/2026
58281,American Riviera Bank,1,1442372,1239018,AMERICAN RIVIERA BCORP,5687282,3388482,NM,CA,Santa Barbara,Commercial Lending Specialization,06/30/2026
58282,Eagle Bank,1,179515,157735,SALISH&KOOTENAI BCORP,3346624,3346633,NM,MT,Polson,Commercial Lending Specialization,06/30/2026
58289,River City Bank,1,423439,380916,RCB FINANCIAL CORP,3923539,3445901,NM,GA,Rome,Commercial Lending Specialization,06/30/2026
58291,CalPrivate Bank,1,2707809,2384272,PRIVATE BCORP OF AMERICA INC,4907219,3545258,NM,CA,La Jolla,Commercial Lending Specialization,06/30/2026
58297,Pinnacle Bank,1,936970,810318,,,3455227,NM,CA,Gilroy,Commercial Lending Specialization,06/30/2026
58300,Table Rock Community Bank,1,568924,503850,ALTON BANCSHARES INC,1491548,3446225,NM,MO,Kimberling City,Commercial Lending Specialization,06/30/2026
58303,"Ameriprise Bank, FSB",1,25480877,23942567,AMERIPRISE FINANCIAL INC,2433312,3470239,SB,MN,Minneapolis,Mortgage Lending Specialization,06/30/2026
58307,The First Bank of Greenwich,1,812287,680687,FIRST GREENWICH FINANCIAL INC,4894588,3466988,NM,CT,Cos Cob,Commercial Lending Specialization,06/30/2026
58309,American Momentum Bank,1,2845758,2184125,ADAM CORP GROUP THE,5902912,3447576,NM,TX,College Station,Commercial Lending Specialization,06/30/2026
58310,US Metro Bank,1,1640896,1437567,US METRO BCORP,5397219,3470154,NM,CA,Garden Grove,Commercial Lending Specialization,06/30/2026
58311,Community Bank Delaware,1,443590,373247,,,3446784,NM,DE,Lewes,Commercial Lending Specialization,06/30/2026
58314,"Old Plank Trail Community Bank, National Association",1,3532211,3118425,WINTRUST FINANCIAL CORP,2260406,3404207,N,IL,New Lenox,Commercial Lending Specialization,06/30/2026
58316,"Investar Bank, National Association",1,3851603,3215541,INVESTAR HOLDING CORP,4090054,3449066,N,LA,Baton Rouge,Commercial Lending Specialization,06/30/2026
58322,RiverBank,1,310228,275238,RIVERBANK HOLDING CO,3438967,3438958,NM,WA,Spokane,Commercial Lending Specialization,06/30/2026
58324,Lone Star Bank,1,202282,176007,,,3448162,NM,TX,Houston,Commercial Lending Specialization,06/30/2026
58341,Mountain Pacific Bank,1,896432,709065,MOUNTAIN PACIFIC BCORP INC,5217483,3459207,NM,WA,Everett,Commercial Lending Specialization,06/30/2026
58348,Millennium Bank,1,844463,693157,MILLENNIUM BCORP INC,3547887,3547896,NM,IL,Des Plaines,Commercial Lending Specialization,06/30/2026
58357,Southern Independent Bank,1,395277,336477,SOUTHERN IND BANCSHARES INC,4297527,3531176,NM,AL,Opp,Commercial Lending Specialization,06/30/2026
58359,United Republic Bank,1,185768,147365,CENTRAL BANCSHARES INC,1050495,3387140,NM,NE,Elkhorn,Commercial Lending Specialization,06/30/2026
58371,Hyperion Bank,1,569877,461833,HYPERION BANCSHARES INC,5535637,3517590,NM,PA,Philadelphia,Commercial Lending Specialization,06/30/2026
58377,Central Bank,1,386770,325226,CENTRAL FINANCIAL HOLDINGS INC,3468478,3468450,NM,FL,Tampa,Commercial Lending Specialization,06/30/2026
58396,Jonah Bank of Wyoming,1,562802,507965,JONAH BANKSHARES,3923342,3412417,SM,WY,Casper,Commercial Lending Specialization,06/30/2026
58401,Mega Bank,1,506664,426080,,,3690635,NM,CA,San Gabriel,Commercial Lending Specialization,06/30/2026
58405,"Goldwater Bank, N.A.",1,551943,408324,GOLDWATER BCORP INC,5617645,3592047,N,AZ,Phoenix,Commercial Lending Specialization,06/30/2026
58407,UniBank,1,392997,322551,U&I FINANCIAL CORP,4125086,3487947,SM,WA,Lynnwood,Commercial Lending Specialization,06/30/2026
58410,Cross River Bank,1,8527799,6684846,CRB GROUP INC,4389329,3783313,NM,NJ,Fort Lee,All Other Over 1 Billion,06/30/2026
58413,Embassy National Bank,1,227868,198835,EMBASSY BANCSHARES INC,3482054,3482045,N,GA,Lawrenceville,Commercial Lending Specialization,06/30/2026
58423,Community Bank of Pleasant Hill,1,133423,125049,ARCADIA FINANCIAL CORP,3482764,3448425,NM,MO,Pleasant Hill,Commercial Lending Specialization,06/30/2026
58424,Alma Bank,1,1597811,1335058,,,3633173,NM,NY,Astoria,Commercial Lending Specialization,06/30/2026
58426,West Valley National Bank,1,74287,59424,WEST VALLEY BCORP INC,3480050,3480069,N,AZ,Goodyear,Commercial Lending Specialization,06/30/2026
58433,"Waterford Bank, N.A.",1,1771847,1563860,WATERFORD BCORP INC,3588415,3588424,N,OH,Toledo,Commercial Lending Specialization,06/30/2026
58443,First Security Bank of Nevada,1,297657,211263,,,3555248,NM,NV,Las Vegas,Commercial Lending Specialization,06/30/2026
58446,Commencement Bank,1,739604,660169,COMMENCEMENT BCORP INC,5458745,3537897,SM,WA,Tacoma,Commercial Lending Specialization,06/30/2026
58450,"Texas Advantage Community Bank, National Association",1,192075,169677,,,3485215,N,TX,Alvin,Commercial Lending Specialization,06/30/2026
58457,TriState Capital Bank,1,24258271,22317596,RAYMOND JAMES FINANCIAL INC,3815157,3475083,SM,PA,Pittsburgh,All Other Over 1 Billion,06/30/2026
58463,SmartBank,1,6107436,5393737,SMARTFINANCIAL INC,1131497,3532641,SM,TN,Pigeon Forge,Commercial Lending Specialization,06/30/2026
58469,"American Plus Bank, N.A.",1,935046,747993,,,3623110,N,CA,Arcadia,Commercial Lending Specialization,06/30/2026
58470,Hometown Bank of Pennsylvania,1,453854,415136,,,3594087,NM,PA,Bedford,Commercial Lending Specialization,06/30/2026
58479,Bank of Central Florida,1,1247505,1137884,BANK OF CENTRAL FL HOLDING CO,4974453,3588312,NM,FL,Lakeland,Commercial Lending Specialization,06/30/2026
58481,First Bank,1,4087406,3323677,,,3401970,NM,NJ,Hamilton,Commercial Lending Specialization,06/30/2026
58482,Bank of Montana,1,308595,278912,BANCORP OF MONTANA HOLDING CO,3470088,3470097,NM,MT,Missoula,Other Specialized Under 1 Billion,06/30/2026
58483,Pegasus Bank,1,1458168,1271482,BANCFIRST CORP,1133286,3465392,SM,TX,Dallas,Commercial Lending Specialization,06/30/2026
58484,Austin County State Bank,1,542962,489689,AUSTIN COUNTY BANCSHARES INC,4230216,3463875,NM,TX,Bellville,Commercial Lending Specialization,06/30/2026
58490,Beneficial State Bank,1,2027009,1700462,BENEFICIAL STATE BCORP INC,3842630,3608751,NM,CA,Oakland,Commercial Lending Specialization,06/30/2026
58504,Old Dominion National Bank,1,1795397,1495735,ODNB FINANCIAL CORP,5727601,3610718,N,VA,Charlottesville,Commercial Lending Specialization,06/30/2026
58508,First FarmBank,1,384449,327086,FARMBANK HOLDING INC,3521421,3411773,NM,CO,Greeley,Agricultural Specialization,06/30/2026
58509,Frontier Bank of Texas,1,1076630,903915,FRONTIER CMTY BANCSHARES INC,4721291,3472046,NM,TX,Elgin,Commercial Lending Specialization,06/30/2026
58511,Platinum Bank,1,739060,601150,PLATINUM BCORP INC,3537990,3538009,NM,MN,Oakdale,Commercial Lending Specialization,06/30/2026
58513,The Bank of Princeton,1,2250271,1940214,PRINCETON BCORP INC,5756133,3595271,NM,NJ,Princeton,Commercial Lending Specialization,06/30/2026
58517,The Community Bank,1,211775,191790,COMMUNITY BANCSHARES INC,3554988,3479018,NM,TX,Bridgeport,Commercial Lending Specialization,06/30/2026
58534,Solera National Bank,1,1553521,1291233,SOLERA NATIONAL BCORP INC,3607549,3397233,N,CO,Lakewood,Commercial Lending Specialization,06/30/2026
58536,Think Mutual Bank,1,2229410,1858801,,,936583,SB,MN,Rochester,Mortgage Lending Specialization,06/30/2026
58537,BankFlorida,1,459504,388867,BANKFLORIDA BCORP INC,5579604,3629484,NM,FL,Dade City,Commercial Lending Specialization,06/30/2026
58556,Gold Coast Bank,1,463108,366403,GC BCORP INC,3593295,3593307,NM,IL,Chicago,Commercial Lending Specialization,03/31/2026
58563,Select Bank,1,524446,448410,SELECT BANK FINANCIAL CORP,4488857,3567269,SM,VA,Forest,Commercial Lending Specialization,06/30/2026
58584,American Pride Bank,1,1030338,889908,AMERICAN BCORP INC,3824261,3671997,NM,GA,Macon,Commercial Lending Specialization,06/30/2026
58586,Turtle Mountain State Bank,1,114117,99815,,,3626184,NM,ND,Belcourt,Agricultural Specialization,06/30/2026
58588,Partners Bank of California,1,602153,508991,,,3655933,NM,CA,Mission Viejo,Commercial Lending Specialization,06/30/2026
58595,"Chain Bridge Bank, National Association",1,2192216,2006523,CHAIN BRIDGE BCORP INC,3597220,3597211,N,VA,Mclean,All Other Over 1 Billion,06/30/2026
58596,Carter Bank & Trust,1,4797064,4197560,CARTER BANKSHARES INC,5530258,3476192,SM,VA,Martinsville,Commercial Lending Specialization,06/30/2026
58597,PeopleFirst Bank,1,265643,211112,PFB HOLDING CO,5613115,3548763,NM,IL,Joliet,Commercial Lending Specialization,06/30/2026
58602,Reliance Bank,1,334119,281615,RELIANCE BCORP INC,3596269,3596250,NM,MN,Faribault,Commercial Lending Specialization,06/30/2026
58619,MRV Banks,1,803087,668452,MRV FINANCIAL CORP,3482102,3482111,NM,MO,Sainte Genevieve,Commercial Lending Specialization,06/30/2026
58626,GBank,1,1427371,1220286,GBANK FINANCIAL HOLDINGS INC,5170805,3636446,NM,NV,Las Vegas,Commercial Lending Specialization,06/30/2026
58636,First Cahawba Bank,1,205742,186639,FIRST CAHAWBA BANCSHARES INC,5559932,3633016,NM,AL,Selma,Commercial Lending Specialization,06/30/2026
58644,First Colony Bank of Florida,1,291150,262371,,,3688548,NM,FL,Maitland,Commercial Lending Specialization,06/30/2026
58657,PromiseOne Bank,1,812160,732156,PROMISEONE BCORP INC,4816320,3832127,NM,GA,Duluth,Commercial Lending Specialization,06/30/2026
58658,"Locus Bank, Inc.",1,359356,259304,LOCUS,5613759,3626858,SM,VA,Richmond,Commercial Lending Specialization,06/30/2026
58665,Live Oak Banking Company,1,15959938,14680431,LIVE OAK BANCSHARES INC,3884863,3650808,NM,NC,Wilmington,Commercial Lending Specialization,06/30/2026
58668,Spring Bank,1,640951,549149,CHECKSPRING COMMUNITY CORP,3368916,3368925,NM,NY,Bronx,Commercial Lending Specialization,06/30/2026
58675,Hanover Community Bank,1,2334897,2013015,HANOVER BCORP INC,5010134,3793714,NM,NY,Garden City Park,Commercial Lending Specialization,06/30/2026
58678,Gateway Commercial Bank,1,231414,190711,,,3667132,NM,AZ,Mesa,Commercial Lending Specialization,06/30/2026
58680,Great Nations Bank,1,113765,100463,,,3599804,NM,OK,Norman,Commercial Lending Specialization,06/30/2026
58687,Touchmark National Bank,1,416900,356428,TOUCHMARK BANCSHARES INC,3645886,3645840,N,GA,Alpharetta,Commercial Lending Specialization,06/30/2026
58689,South Atlantic Bank,1,1979313,1678393,SOUTH ATLANTIC BANCSHARES INC,3637238,3637247,NM,SC,Myrtle Beach,Commercial Lending Specialization,06/30/2026
58691,BlueHarbor Bank,1,628408,551192,,,3636914,NM,NC,Mooresville,Commercial Lending Specialization,06/30/2026
58692,Intracoastal Bank,1,573182,518577,INTRACOASTAL BCORP INC,5105432,3786435,NM,FL,Palm Coast,Commercial Lending Specialization,06/30/2026
58694,Prime Meridian Bank,1,956408,853840,PRIME MERIDIAN HOLDING CO,4167974,3690701,NM,FL,Tallahassee,Commercial Lending Specialization,12/31/2025
58696,FVCbank,1,2362694,2058544,FVCBANKCORP INC,4875907,3614976,SM,VA,Fairfax,Commercial Lending Specialization,06/30/2026
58712,Freedom Bank,1,838268,711498,FREEDOM BCORP INC,5010844,3729124,NM,NJ,Maywood,Commercial Lending Specialization,06/30/2026
58716,Third Coast Bank,1,6728468,5856938,THIRD COAST BANCSHARES INC,4475473,3630323,SM,TX,Humble,Commercial Lending Specialization,06/30/2026
58722,Meadows Bank,1,1452569,1073140,,,3719648,NM,NV,Las Vegas,Commercial Lending Specialization,03/31/2026
58723,"Black Hills Community Bank, N.A.",1,489706,430419,BHCB HOLDING CO,3636389,3636428,N,SD,Rapid City,Commercial Lending Specialization,06/30/2026
58724,Nebraska Bank of Commerce,1,241194,204861,NBC BANCSHARES LLC,4181130,3614846,NM,NE,Lincoln,Commercial Lending Specialization,06/30/2026
58727,Access Bank,1,1102864,905319,3MV BCORP INC,3637939,3614837,NM,NE,Omaha,Commercial Lending Specialization,06/30/2026
58732,Community State Bank,1,208094,177601,COMMUNITY STATE BANKSHARES INC,3619140,3617856,NM,CO,Lamar,Agricultural Specialization,06/30/2026
58739,Texas Security Bank,1,1375315,1188533,TEXAS SECURITY BANKSHARES INC,4400354,3619216,NM,TX,Dallas,Commercial Lending Specialization,06/30/2026
58741,Fieldpoint Private Bank & Trust,1,867112,781818,FIELDPOINT PRIVATE HOLDINGS,5097340,3664588,SM,CT,Greenwich,Commercial Lending Specialization,06/30/2026
58745,"First New Mexico Bank, Las Cruces",1,171937,146124,FIRST NM FINANCIAL CORP,1107830,3623969,NM,NM,Las Cruces,Commercial Lending Specialization,06/30/2026
58752,Northwest Bank,1,1453753,1100665,GWY LLC,3683619,3678857,NM,ID,Boise,Commercial Lending Specialization,06/30/2026
58764,The MINT National Bank,1,388937,306456,MINT HOLDINGS INC THE,5005626,3821626,N,TX,Kingwood,Commercial Lending Specialization,06/30/2026
58768,Guadalupe Bank,1,261120,234102,RELATIONSHIP FINANCIAL CORP,3635560,3635551,NM,TX,Kerrville,Commercial Lending Specialization,06/30/2026
58778,Liberty Bank,1,205980,164450,LIBERTY NORTHWEST BCORP INC,5515488,3943210,NM,WA,Poulsbo,Commercial Lending Specialization,06/30/2026
58780,Spring Bank,1,440734,332291,,,3721605,NM,WI,Brookfield,Commercial Lending Specialization,06/30/2026
58783,Oakworth Capital Bank,1,2132047,1767456,OAKWORTH CAPITAL INC,4503910,3720608,NM,AL,Birmingham,Commercial Lending Specialization,06/30/2026
58789,Grand River Bank,1,507301,446087,GRAND RIVER COMMERCE INC,3916326,3812147,SM,MI,Grandville,Commercial Lending Specialization,06/30/2026
58796,Parkside Financial Bank & Trust,1,1080613,923340,PARKSIDE FINANCIAL INC,3694026,3688043,NM,MO,Clayton,Commercial Lending Specialization,06/30/2026
58806,GenuBank,1,253239,204671,JBNV HOLDING CORP,5306583,3720336,NM,NV,Las Vegas,Commercial Lending Specialization,06/30/2026
58816,Royal Business Bank,1,4267264,3477950,RBB BCORP,4176855,3835454,NM,CA,Los Angeles,Commercial Lending Specialization,06/30/2026
58826,Redstone Bank,1,298181,262706,MIDWEST BANC HOLDING CO,1064652,3591004,NM,CO,Centennial,Commercial Lending Specialization,06/30/2026
58827,Oak View National Bank,1,966136,692971,OAK VIEW BANKSHARES INC,5619706,3816190,N,VA,Warrenton,All Other Under 1 Billion,06/30/2026
58852,Liberty Capital Bank,1,767870,675908,LIBERTY CAPITAL BANCSHARES INC,3810956,3690121,NM,TX,Addison,Commercial Lending Specialization,06/30/2026
58857,"New Horizon Bank, National Association",1,359324,286424,CSBH LLC,5478903,3816154,N,VA,Powhatan,Commercial Lending Specialization,06/30/2026
58859,CornerStone Bank,1,232804,198573,,,3816163,SM,VA,Lexington,Commercial Lending Specialization,06/30/2026
58864,Coastal Carolina National Bank,1,1350489,1222686,COASTAL CAROLINA BANCSHARES,3823817,3821822,N,SC,Myrtle Beach,Commercial Lending Specialization,06/30/2026
58892,Guaranty Bank,1,2383523,1879402,QCR HOLDINGS INC,2125813,3804535,SM,MO,Springfield,Commercial Lending Specialization,06/30/2026
58935,R Bank,1,1032360,926116,R CORP FINANCIAL,4478027,3821037,NM,TX,Round Rock,Commercial Lending Specialization,06/30/2026
58952,New Haven Bank,1,200027,155101,FIRST CITY FUND CORP,4151012,3843392,SM,CT,New Haven,Commercial Lending Specialization,06/30/2026
58979,"BankUnited, National Association",1,34864976,29091654,BANKUNITED INC,4028712,3938186,N,FL,Miami Lakes,Commercial Lending Specialization,06/30/2026
59043,"Stifel Trust Company Delaware, National Association",1,329506,302071,STIFEL FINANCIAL CORP,3063622,4125778,N,DE,Greenville,Other Specialized Under 1 Billion,06/30/2026
59052,NBH Bank,1,12537055,10554066,NATIONAL BANK HOLDINGS CORP,3973888,4210227,SM,CO,Greenwood Village,Commercial Lending Specialization,06/30/2026
59074,Bank of Bird-in-Hand,1,1907569,1681960,GELT BCORP INC,5952494,4536084,NM,PA,Bird In Hand,Agricultural Specialization,06/30/2026
59086,Primary Bank,1,769549,644239,,,4845861,NM,NH,Bedford,Commercial Lending Specialization,06/30/2026
59093,International Bank of Commerce,1,1631027,1169760,INTERNATIONAL BANCSHARES CORP,1104231,5050028,NM,OK,Oklahoma City,Commercial Lending Specialization,06/30/2026
59098,Infinity Bank,1,359510,310467,INFINITY BCORP,5782299,5193989,NM,CA,Santa Ana,Commercial Lending Specialization,06/30/2026
59099,Endeavor Bank,1,822656,725053,ENDEAVOR BCORP,5718627,5192496,NM,CA,San Diego,Commercial Lending Specialization,06/30/2026
59106,Beacon Community Bank,1,982303,793354,BEACON HOLDING CO INC,5886245,5136959,NM,SC,Mount Pleasant,Commercial Lending Specialization,06/30/2026
59108,Charles Schwab Trust Bank,1,10508989,9677383,CHARLES SCHWAB CORP THE,1026632,5278251,SM,TX,Westlake,Mortgage Lending Specialization,06/30/2026
59112,Studio Bank,1,1344256,1166079,STUDIO FINANCIAL HOLDINGS INC,5728886,5205819,SM,TN,Nashville,Commercial Lending Specialization,06/30/2026
59113,"Grasshopper Bank, N.A.",1,1603727,1436779,GRASSHOPPER BCORP INC,5215715,5210989,N,NY,New York,Commercial Lending Specialization,06/30/2026
59114,CommerceOne Bank,1,1062980,970204,COMMERCEONE FINANCIAL CORP,5757185,5227101,NM,AL,Birmingham,Commercial Lending Specialization,06/30/2026
59117,Lexicon Bank,1,446242,400078,LEXICON BCORP,5841963,5412457,NM,NV,Las Vegas,Commercial Lending Specialization,06/30/2026
59138,Mi Bank,1,245497,220912,MI BCORP INC,5332591,5332603,NM,MI,Bloomfield Township,Commercial Lending Specialization,06/30/2026
59140,Gulfside Bank,1,344590,294101,,,5303724,NM,FL,Sarasota,Commercial Lending Specialization,06/30/2026
59143,New Valley Bank & Trust,1,384970,321386,,,5316920,NM,MA,Springfield,Commercial Lending Specialization,06/30/2026
59144,Ohio State Bank,1,483982,405375,,,5312593,NM,OH,Bexley,Commercial Lending Specialization,06/30/2026
59148,Watermark Bank,1,450535,387384,,,5313312,NM,OK,Oklahoma City,Commercial Lending Specialization,06/30/2026
59154,Piermont Bank,1,505063,386401,,,5342974,NM,NY,New York,Commercial Lending Specialization,06/30/2026
59157,American Bank of the Carolinas,1,214049,183791,,,5230790,NM,NC,Monroe,Commercial Lending Specialization,06/30/2026
59176,The Millyard Bank,1,333199,276195,,,5448915,NM,NH,Nashua,Commercial Lending Specialization,06/30/2026
59177,"Square Financial Services, Inc.",1,2057172,559348,,,5582846,NM,UT,Salt Lake City,All Other Over 1 Billion,06/30/2026
59181,Gulf Atlantic Bank,1,253155,213023,GULF ATLANTIC FINANCIAL CORP,5866340,5475452,SM,FL,Key West,Commercial Lending Specialization,06/30/2026
59182,Loyal Trust Bank,1,235332,175405,,,5427684,NM,GA,Johns Creek,Commercial Lending Specialization,06/30/2026
59183,Trustar Bank,1,1143324,970378,TRUSTAR BANKSHARES INC,6075420,5349218,NM,VA,Great Falls,Commercial Lending Specialization,06/30/2026
59185,Gulf Capital Bank,1,596450,497305,,,5382514,NM,TX,Houston,Commercial Lending Specialization,06/30/2026
59188,Triad Business Bank,1,536046,477136,,,5398627,NM,NC,Greensboro,Commercial Lending Specialization,06/30/2026
59190,"Varo Bank, National Association",1,337821,209817,VARO MONEY INC,5463637,5518023,N,UT,Draper,Other Specialized Under 1 Billion,06/30/2026
59193,Founders Bank,1,406021,334655,,,5398355,NM,DC,Washington,Commercial Lending Specialization,06/30/2026
59195,FWBank,1,206674,176124,FWB FINANCIAL INC,5435979,5435988,NM,IL,Chicago,Commercial Lending Specialization,06/30/2026
59199,Riverside Bank of Dublin,1,269026,238447,,,5479478,NM,OH,Dublin,Commercial Lending Specialization,06/30/2026
59203,Scottsdale Community Bank,1,125223,99715,,,5691319,NM,AZ,Scottsdale,Commercial Lending Specialization,06/30/2026
59204,Legacy Bank,1,112785,101597,LEGACY BCORP,5701807,5755510,NM,CA,Murrieta,Commercial Lending Specialization,06/30/2026
59205,Nelnet Bank,1,2997294,2505006,,,5514409,NM,UT,Draper,Consumer Lending Specialization,06/30/2026
59206,"RockPointBank, National Association",1,384486,335764,,,5574430,N,TN,Chattanooga,Commercial Lending Specialization,06/30/2026
59209,Craft Bank,1,305944,260330,CRAFT BANCSHARES INC,5786916,5472880,NM,GA,Atlanta,Commercial Lending Specialization,06/30/2026
59219,Classic City Bank,1,314348,277767,CCB BCORP INC,5933318,5538937,NM,GA,Athens,Commercial Lending Specialization,06/30/2026
59239,"Agility Bank, National Association",1,151636,120312,,,5728916,N,TX,Houston,Commercial Lending Specialization,06/30/2026
59245,Genesis Bank,1,340254,292418,,,5620869,NM,CA,Newport Beach,Commercial Lending Specialization,06/30/2026
59249,First Bank of Central Ohio,1,260918,232426,,,5528880,NM,OH,Worthington,Commercial Lending Specialization,06/30/2026
59257,Climate First Bank,1,1941915,1547996,CLIMATE FIRST BCORP INC,5720246,5592340,NM,FL,Saint Petersburg,Commercial Lending Specialization,06/30/2026
59262,Integrity Bank for Business,1,111655,70634,,,5543735,SM,VA,Virginia Beach,Commercial Lending Specialization,06/30/2026
59265,Waterfall Bank,1,409933,330332,WATERFALL BCORP INC,5976940,5650923,NM,FL,Clearwater,Commercial Lending Specialization,06/30/2026
59273,Gainey Business Bank,1,106610,89727,,,5758445,NM,AZ,Scottsdale,Commercial Lending Specialization,06/30/2026
59278,Locality Bank,1,396243,346018,LOCALITY BANCSHARES INC,6122128,5673191,NM,FL,Fort Lauderdale,Commercial Lending Specialization,06/30/2026
59281,Gulf Coast Business Bank,1,186552,160284,,,5724226,NM,FL,Fort Myers,Commercial Lending Specialization,06/30/2026
59283,Integro Bank,1,195591,155061,,,5758436,NM,AZ,Phoenix,Commercial Lending Specialization,06/30/2026
59285,Moultrie Bank & Trust,1,150574,128638,,,5686324,NM,GA,Moultrie,Agricultural Specialization,06/30/2026
59286,Thrivent Bank,1,905602,548052,,,4457536,NM,UT,Salt Lake City,Commercial Lending Specialization,06/30/2026
59287,EntreBank,1,527148,474306,ENTREPRENEURS BANCSHARES INC,5613236,5660146,NM,MN,Bloomington,Commercial Lending Specialization,06/30/2026
59289,Walden Mutual Bank,1,192566,173473,,,5787418,SI,NH,Concord,Commercial Lending Specialization,06/30/2026
59290,Beach Cities Commercial Bank,1,188867,139556,,,5805424,NM,CA,Irvine,Commercial Lending Specialization,06/30/2026
59292,Adelphi Bank,1,124486,104236,,,5777549,NM,OH,Columbus,Commercial Lending Specialization,06/30/2026
59296,Bank Irvine,1,305639,234749,,,5788705,NM,CA,Irvine,Commercial Lending Specialization,06/30/2026
59298,"Business Bank, The",1,352210,310790,,,5760662,NM,VT,S Burlington,Commercial Lending Specialization,06/30/2026
59304,Texas Traditions Bank,1,555927,500449,TEXAS TRADITIONS BANCSHARES,6081298,5760439,NM,TX,Katy,Commercial Lending Specialization,06/30/2026
59305,Community Unity Bank,1,107137,85834,,,5860740,NM,MI,Birmingham,Commercial Lending Specialization,06/30/2026
59306,Evermore Bank,1,316923,269143,,,5692473,NM,FL,Fort Lauderdale,Commercial Lending Specialization,06/30/2026
59312,GS&L Municipal Bank,1,31631,16016,GOUVERNEUR BCORP INC,2801014,5784921,NM,NY,Gouverneur,Other Specialized Under 1 Billion,06/30/2026
59314,Icon Business Bank,1,155506,129187,ICON BCORP,5805237,5805228,NM,CA,Riverside,Commercial Lending Specialization,06/30/2026
59318,Zenith Bank & Trust,1,132992,109751,VB&T HOLDING CO LLC,5805433,5805442,NM,AZ,Scottsdale,Commercial Lending Specialization,06/30/2026
59324,Nave Bank,1,555006,431857,NAVE HOLDINGS INC,5686098,5686089,SM,PR,San Juan,Commercial Lending Specialization,06/30/2026
59326,Nova Bank,1,91190,66094,,,5807400,NM,AL,Huntsville,Commercial Lending Specialization,06/30/2026
59330,Fortuna Bank,1,57262,37988,,,5837377,NM,OH,Grandview Heights,Commercial Lending Specialization,06/30/2026
59339,Altos Bank,1,68825,50075,,,5861541,NM,CA,Los Altos,Commercial Lending Specialization,06/30/2026
59342,Integrity Bank SSB,1,339610,292498,INTEGRITY BCORP INC,5933055,5879201,SM,TX,Houston,Commercial Lending Specialization,06/30/2026
59345,Five Rivers Bank,1,78136,49764,,,5882500,NM,NJ,Paramus,Other Specialized Under 1 Billion,06/30/2026
59352,Four States Bank,1,142077,114255,FOUR STATES BANCSHARES INC,5932825,5903517,NM,MO,Carthage,Commercial Lending Specialization,06/30/2026
59354,BankMiami,1,317852,280849,,,5906497,NM,FL,Coral Gables,Other Specialized Under 1 Billion,06/30/2026
59358,Gala Bank,1,44907,35532,,,5839915,NM,FL,Ocala,Commercial Lending Specialization,06/30/2026
59360,Houston Bank & Trust,1,38547,2635,,,6051022,NM,TX,Houston,Other Specialized Under 1 Billion,06/30/2026
59362,Solutions Plus Bank,1,43850,21062,,,5975224,NM,AL,Albertville,Other Specialized Under 1 Billion,06/30/2026
59364,Nola Bank,1,,,,,5990713,NM,LA,New Orleans,,
59365,Generations Community Bank,1,30901,5595,,,6058562,NM,IN,Indianapolis,Other Specialized Under 1 Billion,06/30/2026
59369,Liberty Bank of New Jersey,1,107357,58726,,,6095071,NM,NJ,Verona,Other Specialized Under 1 Billion,06/30/2026
59377,Echelon Bank,1,52158,23493,,,6062484,NM,FL,Clearwater,Other Specialized Under 1 Billion,06/30/2026
59378,"Erebor Bank, N.A.",1,4664972,4057089,,,6053129,N,OH,Columbus,All Other Over 1 Billion,06/30/2026
59379,Cornerstone Community Bank,1,44491,19886,,,6152572,NM,KY,Owensboro,Other Specialized Under 1 Billion,06/30/2026
59381,Portrait Bank,1,44695,594,,,6075729,NM,FL,Winter Park,Other Specialized Under 1 Billion,06/30/2026
59385,Private Bank & Trust,1,,,,,6097196,NM,GA,Gainesville,,
90040,Home Loan State Bank,1,235278,215859,,,499154,NM,CO,Grand Junction,Other Specialized Under 1 Billion,06/30/2026
90140,Adams Community Bank,1,1007240,822624,COMMUNITY BCORP BERKSHIRES MHC,5626937,343903,SI,MA,Adams,Mortgage Lending Specialization,06/30/2026
90169,Bluestone Bank,1,1621698,1316924,BLUESTONE FINANCIAL MHC,3134102,699105,SM,MA,Raynham,Commercial Lending Specialization,06/30/2026
90173,East Cambridge Savings Bank,1,1664735,1339596,1854 BCORP,4459820,738303,SM,MA,Cambridge,Commercial Lending Specialization,06/30/2026
90175,The Bank of Canton,1,782536,661122,PONKAPOAG BCORP MHC,3223855,853804,SI,MA,Canton,Commercial Lending Specialization,06/30/2026
90181,Clinton Savings Bank,1,744700,581559,CLINTON FINANCIAL SERVICES MHC,3195756,179700,SI,MA,Clinton,Commercial Lending Specialization,06/30/2026
90183,Middlesex Savings Bank,1,6148813,5176053,MIDDLESEX BCORP MHC,3932072,888002,NM,MA,Natick,Commercial Lending Specialization,06/30/2026
90188,TruNorth Bank,1,2015070,1757780,HOMETOWN FINANCIAL GROUP MHC,3728930,859002,SM,MA,Easthampton,Commercial Lending Specialization,06/30/2026
90190,Martha's Vineyard Bank,1,1328004,1068072,VINEYARD BCORP MHC,5557826,196800,SM,MA,Edgartown,Mortgage Lending Specialization,06/30/2026
90191,Eagle Bank,1,708976,617800,EAGLE BCORP MHC,5952551,197302,SI,MA,Everett,Commercial Lending Specialization,06/30/2026
90196,BayCoast Bank,1,2863572,2464346,NARRAGANSETT FINANCIAL CORP,2623430,771609,SI,MA,Swansea,Commercial Lending Specialization,06/30/2026
90203,Cape Ann Savings Bank,1,1069781,804819,,,627108,SI,MA,Gloucester,Mortgage Lending Specialization,06/30/2026
90206,Greenfield Savings Bank,1,1522592,1254483,GSB MHC,3309889,632607,SI,MA,Greenfield,Commercial Lending Specialization,06/30/2026
90208,Pentucket  Bank,1,1121201,877930,RIVER RUN BCORP MHC,4267472,635907,SI,MA,Haverhill,Commercial Lending Specialization,06/30/2026
90211,Hingham Institution for Savings,1,4556545,2614306,,,673909,SI,MA,Hingham,Commercial Lending Specialization,06/30/2026
90213,PeoplesBank,1,4622834,3512423,PEOPLESBANCORP MHC,3186585,613400,SI,MA,Holyoke,Commercial Lending Specialization,06/30/2026
90215,Avidia Bank,1,2770996,2233901,AVIDIA BCORP INC,6031006,619701,SI,MA,Hudson,Commercial Lending Specialization,06/30/2026
90227,The Lowell Five Cent Savings Bank,1,1900746,1635464,LOWELL FIVE BCORP MHC,4268349,923707,SI,MA,Tewksbury,Commercial Lending Specialization,06/30/2026
90229,Washington Savings Bank,1,302337,249265,,,654300,SM,MA,Lowell,Commercial Lending Specialization,06/30/2026
90234,Marblehead Bank,1,262507,229359,,,816304,SM,MA,Marblehead,Mortgage Lending Specialization,06/30/2026
90235,Main Street Bank,1,1665454,1393439,MAIN STREET GROUP BANCSHARES MHC,3469354,818401,SI,MA,Marlborough,Commercial Lending Specialization,06/30/2026
90245,Monson Savings Bank,1,806333,721858,MONSON FINANCIAL SERVICES MHC,3370508,951102,SI,MA,Monson,Commercial Lending Specialization,06/30/2026
90250,Institution for Savings in Newburyport and Its Vicinity,1,5564409,3366877,IFS 1820 BCORP MHC,5806739,272302,SI,MA,Newburyport,Mortgage Lending Specialization,06/30/2026
90251,Newburyport Five Cents Savings Bank,1,1573796,1257955,RIVER RUN BCORP MHC,4267472,67209,SI,MA,Newburyport,Commercial Lending Specialization,06/30/2026
90253,MountainOne Bank,1,1082351,774309,MOUNTAINONE FINANCIAL MHC,2634212,97804,SI,MA,North Adams,Commercial Lending Specialization,06/30/2026
90258,North Brookfield Savings Bank,1,448682,383201,TRUNORTH BCORP MHC,5616189,528102,SM,MA,North Brookfield,Commercial Lending Specialization,06/30/2026
90259,North Easton Savings Bank,1,1844765,1609119,1864 BCORP MHC,5887019,527600,SI,MA,South Easton,Commercial Lending Specialization,06/30/2026
90268,Seamen's Bank,1,478455,405378,,,418100,SI,MA,Provincetown,Mortgage Lending Specialization,06/30/2026
90282,Cornerstone Bank,1,2574340,1937408,PEOPLESBANCORP MHC,3186585,447100,SM,MA,Spencer,Commercial Lending Specialization,06/30/2026
90290,UniBank for Savings,1,3109431,2574554,UFS BCORP,2465519,709602,NM,MA,Whitinsville,Consumer Lending Specialization,06/30/2026
90291,The Savings Bank,1,890995,766593,WAKEFIELD BCORP MHC,4466912,711801,SI,MA,Wakefield,Mortgage Lending Specialization,06/30/2026
90297,Webster Five Cents Savings Bank,1,1309969,1000857,WEBFIVE MHC,3803033,765505,SI,MA,Webster,Commercial Lending Specialization,06/30/2026
90300,Westfield Bank,1,2727921,2402827,WESTERN NEW ENGLAND BCORP INC,3866382,892205,SB,MA,Westfield,Commercial Lending Specialization,06/30/2026
90303,South Shore Bank,1,2523127,2218250,CHARLESBRIDGE MHC,5164989,772008,SM,MA,South Weymouth,Commercial Lending Specialization,06/30/2026
90308,Winchester Savings Bank,1,1087221,817718,WINCHESTER BCORP MHC,6006899,899008,SI,MA,Winchester,Commercial Lending Specialization,06/30/2026
90311,Bay State Savings Bank,1,580268,513713,1895 MHC,3535437,963002,SI,MA,Worcester,Commercial Lending Specialization,06/30/2026
90384,The Bank of Landisburg,1,417125,347724,,,734613,SM,PA,Landisburg,Mortgage Lending Specialization,06/30/2026
90709,Banco Cooperativo de Puerto Rico,1,,,,,780816,NC,PR,San Juan,,
90846,French-American Banking Corporation (NYIC),1,,,,,635813,NC,NY,New York City,,
91005,5Star Bank,1,378229,312121,LITTLE LONDON BCORP,4754758,455253,NM,CO,Colorado Springs,Commercial Lending Specialization,06/30/2026
91280,Bank of Little Rock,1,252866,231526,LITTLE ROCK BANKSHARES INC,2617082,1397471,SM,AR,Little Rock,Commercial Lending Specialization,06/30/2026
91325,CIBC National Trust Company,1,412828,550,CANADIAN IMPERIAL BK OF COM,1231342,975751,N,GA,Atlanta,Other Specialized Under 1 Billion,06/30/2026
