org_id,name,assets_thousands,bank_count,largest_bank
1039502,JPMORGAN CHASE&CO,4091386467,2,"JPMorgan Chase Bank, National Association"
1073757,BANK OF AMERICA CORP,2669459000,2,"Bank of America, National Association"
1951350,CITIGROUP INC,1976180000,1,"Citibank, National Association"
1120754,WELLS FARGO&COMPANY,1919287914,3,"Wells Fargo Bank, National Association"
2380443,GOLDMAN SACHS GROUP INC THE,758788000,1,Goldman Sachs Bank USA
1119794,U S BCORP,705554946,1,U.S. Bank National Association
2162966,MORGAN STANLEY,669743000,2,"Morgan Stanley Bank, National Association"
2277860,CAPITAL ONE FINANCIAL CORP,662157000,1,"Capital One, National Association"
1069778,PNC FINL SERVICES GROUP INC,609771726,1,"PNC Bank, National Association"
1074156,TRUIST FINANCIAL CORP,548346000,1,Truist Bank
3587146,BANK OF NY MELLON CORP THE,457358506,4,The Bank of New York Mellon
1111435,STATE STREET CORP,412620000,1,State Street Bank and Trust Company
1238565,TORONTO-DOMINION BANK THE,374929645,2,"TD Bank, National Association"
1070345,FIFTH THIRD BCORP,299177000,1,"Fifth Third Bank, National Association"
1026632,CHARLES SCHWAB CORP THE,287912989,3,"Charles Schwab Bank, SSB"
1068191,HUNTINGTON BANCSHARES INC,283073605,1,The Huntington National Bank
1231333,BANK OF MONTREAL,254980962,2,BMO Bank National Association
1075612,FIRST CITIZENS BANCSHARES INC,236317000,1,First-Citizens Bank & Trust Company
1132449,CITIZENS FINANCIAL GROUP INC,232517438,1,"Citizens Bank, National Association"
1037003,M&T BANK CORP,219560076,2,Manufacturers and Traders Trust Company
1275216,AMERICAN EXPRESS CO,213946192,1,American Express National  Bank
1068025,KEYCORP,188555486,1,KeyBank National Association
1562859,ALLY FINANCIAL INC,188184000,1,Ally Bank
1199611,NORTHERN TRUST CORP,178566494,1,The Northern Trust Company
1857108,HSBC HOLDINGS PLC,173158435,2,"HSBC Bank USA, National Association"
3242838,REGIONS FINANCIAL CORP,159787000,1,Regions Bank
6073350,PINNACLE FINL PARTNERS INC,128791735,1,Pinnacle Bank
4795461,UBS GROUP AG,124438468,1,"UBS Bank USA, National Association"
4504654,SYNCHRONY FINANCIAL,115217000,1,Synchrony Bank
1232497,ROYAL BANK OF CANADA,108697014,2,City National Bank
1447376,UNITED SERVICES AUTOMOBILE ASSN,106188000,1,USAA Federal Savings Bank
1239254,BANCO SANTANDER SA,103964782,1,"Santander Bank, N.A."
2349815,WESTERN ALLIANCE BCORP,98568765,1,Western Alliance Bank
CERT:2270,"Zions Bancorporation, N.A.",89041284,1,"Zions Bancorporation, N.A."
CERT:32541,"Flagstar Bank, National Association",87714456,1,"Flagstar Bank, National Association"
2734233,EAST WEST BCORP INC,84318631,1,East West Bank
1094640,FIRST HORIZON CORP,84116168,1,First Horizon Bank
1129382,POPULAR INC,78374815,2,Banco Popular de Puerto Rico
2260406,WINTRUST FINANCIAL CORP,74846093,16,"Wintrust Bank, National Association"
1098303,OLD NATIONAL BCORP,73857462,1,Old National Bank
1049828,UMB FINANCIAL CORP,71898588,1,"UMB Bank, National Association"
3815157,RAYMOND JAMES FINANCIAL INC,69860983,2,Raymond James Bank
1133437,SOUTHSTATE BANK CORP,68794317,1,"SouthState Bank, National Association"
1231342,CANADIAN IMPERIAL BK OF COM,66917204,2,CIBC Bank USA
1048773,VALLEY NATIONAL BCORP,66227555,1,Valley National Bank
2078816,COLUMBIA BANKING SYSTEM INC,65367657,1,Columbia Bank
5586871,SOFI TECHNOLOGIES INC,56821411,1,"SoFi Bank, National Association"
1102367,CULLEN FROST BANKERS INC,53950075,1,Frost  Bank
1883693,BOK FINANCIAL CORP,52984896,1,"BOKF, National Association"
1199563,ASSOCIATED BANC-CORP,51756540,1,"Associated Bank, National Association"
3005332,F N B CORP,50801922,1,First National Bank of Pennsylvania
CERT:33653,Bank of China,48520695,1,Bank of China
3838857,EVERBANK FINANCIAL CORP,46690554,1,"EverBank, National Association"
1109599,PROSPERITY BANCSHARES INC,43875300,1,Prosperity Bank
1231418,BARCLAYS PLC,43454000,1,Barclays Bank Delaware
5555701,G JEFFREY RECORDS JR 2020 FAMILY TR,42834126,1,MidFirst Bank
CERT:110,Bank OZK,41703134,1,Bank OZK
1242423,DEUTSCHE BK AKTIENGESELLSCHAFT,40676395,2,Deutsche Bank Trust Company Americas
1971693,ATLANTIC UNION BANKSHARES CORP,38020862,1,Atlantic Union Bank
1086533,HANCOCK WHITNEY CORP,36329257,1,Hancock Whitney Bank
3063622,STIFEL FINANCIAL CORP,35483541,4,Stifel Bank and Trust
1049341,COMMERCE BANCSHARES INC,35017320,1,Commerce Bank
3153130,BANC OF CALIFORNIA INC,34899077,1,Banc of California
4028712,BANKUNITED INC,34864976,1,"BankUnited, National Association"
1066209,LAURITZEN CORP,34201445,1,First National Bank of Omaha
1076217,UNITED BANKSHARES INC,33638881,1,United Bank
2706735,TEXAS CAPITAL BANCSHARES INC,33622998,1,Texas Capital Bank
1117129,FULTON FINANCIAL CORP,32561169,1,"Fulton Bank, National Association"
2003975,GLACIER BCORP INC,31577225,1,Glacier Bank
1427239,EASTERN BANKSHARES INC,31129348,1,Eastern Bank
2833891,EMPRESAS JUAN YARUR SPA,29112337,1,City National Bank of Florida
1249347,UNITED COMMUNITY BANKS INC,28987812,1,United Community Bank
3814310,AXOS FINANCIAL INC,28870387,1,Axos Bank
CERT:58177,Sallie Mae Bank,28541289,1,Sallie Mae Bank
1082067,AMERIS BCORP,28419119,1,Ameris Bank
1095674,ARVEST BANK GROUP INC,28053172,1,Arvest Bank
1070448,WESBANCO INC,27745993,1,"WesBanco Bank, Inc."
3065617,WAFD INC,27577403,1,WaFd Bank
1098844,RENASANT CORP,26986725,1,Renasant Bank
4284536,CUSTOMERS BCORP INC,26503549,1,Customers Bank
1123670,FIRST INTRST BANCSYSTEM,25794971,1,First Interstate Bank
3133637,PROVIDENT FINL SERVICES INC,25650552,1,Provident Bank
2433312,AMERIPRISE FINANCIAL INC,25480877,1,"Ameriprise Bank, FSB"
1136803,INDEPENDENT BANK CORP,24968842,1,Rockland Trust Company
1094828,SIMMONS FIRST NATIONAL CORP,24732685,1,Simmons Bank
1843080,CATHAY GENERAL BCORP,24640966,1,Cathay Bank
1491409,HOME BANCSHARES INC,24551658,1,Centennial Bank
1025309,BANK OF HAWAII CORP,23808407,1,Bank of Hawaii
1025608,FIRST HAWAIIAN INC,23648513,1,First Hawaiian Bank
2609975,OCEANFIRST FINANCIAL CORP,23172826,1,"OceanFirst Bank, National Association"
CERT:35095,TowneBank,22616959,1,TowneBank
3844269,WSFS FINANCIAL CORP,22565353,1,"Wilmington Savings Fund Society, FSB"
CERT:33682,State Bank of India,22507930,1,State Bank of India
1071276,FIRST FINANCIAL BCORP,22351293,1,First Financial Bank
2333663,BEACON FINANCIAL CORP,22201546,1,Beacon Bank and Trust
CERT:57408,"Optum Bank, Inc.",21430000,1,"Optum Bank, Inc."
1085013,SEACOAST BANKING CORP OF FL,21335888,1,Seacoast National Bank
1208559,FIRST MERCHANTS CORP,21320482,1,First Merchants Bank
4759650,2011 TCRT,21245166,1,Mechanics Bank
1029222,CVB FINANCIAL CORP,21182524,1,"Citizens Business Bank, National Association"
3530786,MERCHANTS BCORP,21170764,1,Merchants Bank of Indiana
1053272,PINNACLE BCORP INC,20807518,4,Pinnacle Bank
1094314,CENTRAL BANCOMPANY INC,20307848,1,The Central Trust Bank
3446412,APPLE FINANCIAL HOLDINGS INC,19887242,1,Apple Bank
2744894,FIRST BCORP,19222073,1,FirstBank Puerto Rico
1079562,TRUSTMARK CORP,19190322,1,Trustmark Bank
2961879,HOPE BCORP INC,18987133,1,Bank of Hope
3635319,SERVISFIRST BANCSHARES INC,18344113,1,ServisFirst Bank
1203602,FIRST BUSEY CORP,18147004,1,Busey Bank
3828036,THIRD FS&LA OF CLEVELAND MHC,18062658,1,Third Federal Savings and Loan Association of Cleveland
1104231,INTERNATIONAL BANCSHARES CORP,17717840,5,International Bank of Commerce
1048867,COMMUNITY FINANCIAL SYSTEM INC,17447957,1,"Community Bank, National Association"
2303910,ENTERPRISE FINL SERVICES CORP,17357139,1,Enterprise Bank & Trust
4122722,NORTHWEST BANCSHARES INC,17206047,1,Northwest Bank
CERT:57542,Toyota Financial Savings Bank,16786286,1,Toyota Financial Savings Bank
1132104,FB FINANCIAL CORP,16760169,1,FirstBank
1058398,SPEND LIFE WISELY CO INC,16594244,1,First United Bank and Trust Company
2126977,BANNER CORP,16586212,1,Banner Bank
CERT:33681,Bank of Baroda,16237538,1,Bank of Baroda
1139279,NBT BCORP INC,16091731,1,"NBT Bank, National Association"
3884863,LIVE OAK BANCSHARES INC,15959938,1,Live Oak Banking Company
2368106,SNBNY HOLDINGS LTD,15692063,1,Safra National Bank of New York
1066713,FIRSTSUN CAPITAL BCORP,15653917,1,"Sunflower Bank, National Association"
3103603,NICOLET BANKSHARES INC,15390715,1,Nicolet National Bank
1102312,FIRST FINANCIAL BANKSHARES INC,15234117,1,First Financial Bank
1417333,STATE BANKSHARES INC,15182711,1,Bell Bank
1416523,DIME COMMERCIAL BANCSHARES INC,15033530,1,Dime Commercial Bank
1133286,BANCFIRST CORP,14918296,3,BancFirst
1048764,CONNECTONE BCORP INC,14402382,1,ConnectOne Bank
1240737,ISRAEL DISCOUNT BANK LTD,14393999,1,Israel Discount Bank of New York
4970802,SLHC TRUST THE,14159389,1,NexBank
CERT:57570,Comenity Capital Bank,13859050,1,Comenity Capital Bank
CERT:35141,BMW Bank of North America,13795765,1,BMW Bank of North America
1076431,FIRST BCORP,13032205,1,First Bank
5218097,DOLLAR MUTUAL BCORP,12696318,1,"Dollar Bank, Federal Savings Bank"
5213690,DIAMOND HTH STOCK CO GP LLC,12684839,1,PlainsCapital Bank
1142336,PARK NATIONAL CORP,12608562,1,The Park National Bank
3973888,NATIONAL BANK HOLDINGS CORP,12575521,2,NBH Bank
4738879,HAPPEN INC,12476843,1,"Happen Bank, National Association"
1071306,FIRST COMMONWEALTH FINL CORP,12175009,1,First Commonwealth Bank
2571120,COLUMBIA BANK MHC,12166315,1,Columbia Bank
2490575,OFG BCORP,12043258,1,Oriental Bank
3649950,PALOMAR ENTERPRISES LLC,11770092,1,Farmers and Merchants Bank of Long Beach
CERT:57833,Beal Bank USA,11045111,1,Beal Bank USA
CERT:33686,Bank Hapoalim B.M.,11040725,1,Bank Hapoalim B.M.
5756704,BURKE&HERBERT FINL SERVICES,10984290,1,Burke & Herbert Bank & Trust Company
CERT:34697,WEX Bank,10708586,1,WEX Bank
1029464,W T B FINANCIAL CORP,10536386,1,Washington Trust Bank
1204560,FIRST BANCSHARES INC,10411663,1,Centier Bank
1107205,AMARILLO NATIONAL BCORP INC,10380511,1,Amarillo National Bank
1249730,STOCK YARDS BCORP INC,10360306,1,Stock Yards Bank & Trust Company
1135972,AMERANT BCORP INC,10274427,1,"Amerant Bank, National Association"
1885307,ORIGIN BCORP INC,10177963,1,Origin Bank
1071397,S&T BCORP INC,9935678,1,S&T Bank
1030170,TRICO BANCSHARES,9929055,1,Tri Counties Bank
1204627,BYLINE BCORP INC,9909436,1,Byline Bank
CERT:34507,Principal Bank,9836922,1,Principal Bank
2125813,QCR HOLDINGS INC,9804728,4,Cedar Rapids Bank and Trust Company
4226910,CAPITOL FEDERAL FINANCIAL INC,9677291,1,Capitol Federal Savings Bank
2652104,EAGLE BCORP INC,9618012,1,EagleBank
1070578,PEOPLES BCORP INC,9530050,1,Peoples Bank
4400336,WORKERS UNITED,9409107,1,Amalgamated Bank
6005472,LIBERTY FINANCIAL CORP,9379852,1,Liberty Bank
1199602,1ST SOURCE CORP,9259143,1,1st Source Bank
1053580,FARMERS&MERCHANTS INV INC,9238781,1,Union Bank and Trust Company
1250101,FIRST AMERICAN FINANCIAL CORP,9230360,1,"First American Trust, FSB"
2858951,BANCORP INC THE,9205913,1,"The Bancorp Bank, National Association"
1206760,FIRST MID BANCSHARES INC,9142999,1,"First Mid Bank & Trust, National Association"
CERT:34519,Merrick Bank,9129523,1,Merrick Bank
CERT:32526,"American Savings Bank, National Association",9049160,1,"American Savings Bank, National Association"
4199229,WOODFOREST FINL GROUP EMPLOYEE STK OWNERSHIP PLAN WITH 401 K PROVISIONS AMENDED&RESTATED EFF 01 01 21,8984913,1,Woodforest National Bank
3488850,BUSINESS FIRST BANCSHARES INC,8893460,1,b1BANK
2820211,METROPOLITAN BANK HOLDING CORP,8857429,1,Metropolitan Commercial Bank
3365858,SALEM FIVE BCORP,8820482,1,Salem Five Cents Savings Bank
2367921,TOMPKINS FINANCIAL CORP,8790772,1,Tompkins Bank & Trust
1245068,SOUTHSIDE BANCSHARES INC,8758892,1,Southside Bank
1199974,FIRST AMERICAN BANK CORP,8626339,1,First American Bank
1096505,FIRST SECURITY BCORP,8583002,1,First Security Bank
4389329,CRB GROUP INC,8527799,1,Cross River Bank
3391129,FORBRIGHT INC,8480361,1,Forbright Bank
1098620,GERMAN AMERICAN BCORP INC,8426559,1,German American Bank
2166124,HERITAGE FINANCIAL CORP,8424258,1,Heritage Bank
1118340,CNB FINANCIAL CORP,8414627,1,CNB Bank
1097306,BANCPLUS CORP,8376253,1,BankPlus
3602245,BIG POPPY HOLDINGS INC,8318539,1,Poppy Bank
1116609,UNIVEST FINANCIAL CORP,8168987,1,Univest  Bank and Trust Co.
2651590,PEAPACK-GLADSTONE FINL CORP,7963962,1,Peapack Private Bank & Trust
2900261,HANMI FINANCIAL CORP,7954215,1,Hanmi Bank
1201671,BTC FINANCIAL CORP,7832471,1,Bankers Trust Company
1126046,STOCKMAN FINANCIAL CORP,7746640,1,Stockman Bank of Montana
3547999,BANGOR BCORP MHC,7739717,1,Bangor Savings Bank
CERT:33539,Preferred Bank,7731004,1,Preferred Bank
3180547,EQUITY BANCSHARES INC,7714314,1,Equity Bank
3099443,KEARNY FINANCIAL CORP,7665322,1,Kearny Bank
1136661,OCEAN BANKSHARES INC,7625472,1,Ocean Bank
CERT:16026,Ridgewood Savings Bank,7548632,1,Ridgewood Savings Bank
2737814,NORTHPOINTE BANCSHARES INC,7529347,1,Northpointe Bank
1022764,CENTRAL PACIFIC FINANCIAL CORP,7495070,1,Central Pacific Bank
5860236,NB BCORP INC,7416433,1,Needham Bank
CERT:33648,Bank of India,7415358,1,Bank of India
3233126,TRIUMPH FINANCIAL INC,7399039,1,"TBK BANK, SSB"
CERT:33661,"Mizrahi Tefahot Bank, Ltd.",7389525,1,"Mizrahi Tefahot Bank, Ltd."
CERT:27499,Comenity Bank,7370991,1,Comenity Bank
2390013,PATHWARD FINANCIAL INC,7313151,1,"Pathward, National Association"
1208906,LAKELAND FINANCIAL CORP,7237115,1,Lake City Bank
3186585,PEOPLESBANCORP MHC,7197174,2,PeoplesBank
1071191,FARMERS NATIONAL BANC CORP,7159502,1,The Farmers National Bank of Canfield
1490701,JOHNSON FINANCIAL GROUP INC,7068332,1,Johnson Bank
1097025,REPUBLIC BCORP INC,7054835,1,Republic Bank & Trust Company
1944204,MID PENN BCORP INC,7038845,1,Mid Penn Bank
2687795,CAMBRIDGE FINANCIAL GROUP INC,6980671,1,Cambridge Savings Bank
1070644,COMMUNITY TRUST BCORP INC,6947398,1,"Community Trust Bank, Inc."
1130249,CAMDEN NATIONAL CORP,6940603,1,The Camden National Bank
4369808,MUTUAL BCORP,6929534,2,The Cape Cod Five Cents Savings Bank
1206911,OLD SECOND BCORP INC,6861243,1,Old Second National Bank
1206313,FIRST NATIONAL BANCSHARES INC,6818824,1,First National Bank of America
2608763,MERCANTILE BANK CORP,6793970,2,Mercantile Bank
1064278,INTRUST FINANCIAL CORP,6761946,1,"Intrust Bank, National Association"
1076262,CITY HOLDING CO,6756219,1,City National Bank of West Virginia
4475473,THIRD COAST BANCSHARES INC,6728468,1,Third Coast Bank
1208120,HBT FINANCIAL INC,6721503,1,Heartland Bank and Trust Company
1061679,ALPINE BANKS OF COLORADO,6694329,1,Alpine Bank
1491351,MIDLAND STATES BCORP INC,6691838,1,Midland States Bank
1118797,FB CORP,6654998,1,First Bank
3133262,SUMITOMO MITSUI FINL GROUP INC,6596628,1,SMBC MANUBANK
1115349,WASHINGTON TRUST BCORP INC,6551001,1,"The Washington Trust Company, of Westerly"
1209136,HORIZON BCORP INC,6548335,1,Horizon Bank
1246159,BESSEMER GROUP INC THE,6524900,2,"Bessemer Trust Company, National Association"
1048513,TRUSTCO BANK CORP NY,6523938,1,TrustCo Bank
3848931,PEDCOR FINANCIAL LLC,6493323,1,"United Fidelity Bank, fsb"
1125030,CHOICE FINANCIAL HOLDINGS INC,6383512,1,Choice Financial Group
1032464,FINANCIAL INSTITUTIONS INC,6294915,1,Five Star Bank
1135048,WATFORD CITY BANCSHARES INC,6175429,1,First International Bank & Trust
1208595,FIRST FINANCIAL CORP,6171777,1,"First Financial Bank, National Association"
3932072,MIDDLESEX BCORP MHC,6148813,1,Middlesex Savings Bank
2429838,SHORE BANCSHARES INC,6148263,1,"Shore United Bank, National Association"
3927078,CAPITAL FUNDING BCORP INC,6121189,1,CFG Bank
1131497,SMARTFINANCIAL INC,6107436,1,SmartBank
3671102,BBD PARTICIPACOES SA,6098846,1,Bradesco Bank
CERT:18983,River City Bank,6042514,1,River City Bank
CERT:57815,Banesco USA,5980882,1,Banesco USA
2004141,WILSON BANK HOLDING CO,5978782,1,Wilson Bank and Trust
1026801,FREMONT BCORP,5966572,1,Fremont Bank
1208009,BANK FIRST CORP,5944186,1,"Bank First, N.A."
3080209,CTBC FINANCIAL HOLDING CO LTD,5872649,1,CTBC Bank Corp. (USA)
2781910,FARMERS&MERCHANTS BCORP,5834435,1,Farmers & Merchants Bank of Central California
1025541,WESTAMERICA BCORP,5768175,1,Westamerica Bank
3212091,NEW YORK PRIVATE B&T CORP,5682843,2,Emigrant Bank
1201925,INDEPENDENT BANK CORP,5656124,1,Independent Bank
CERT:26647,Firstrust Savings Bank,5622445,1,Firstrust Savings Bank
1248153,ORRSTOWN FINL SERVICES INC,5611609,1,Orrstown Bank
5806739,IFS 1820 BCORP MHC,5564409,1,Institution for Savings in Newburyport and Its Vicinity
3393178,FIRST INTERNET BCORP,5526397,1,First Internet Bank of Indiana
2339133,GREAT SOUTHERN BCORP INC,5526075,1,Great Southern Bank
1895007,A N B HOLDING CO LTD,5505445,1,The American National Bank of Texas
3203008,COASTAL FINANCIAL CORP,5452231,1,Coastal Community Bank
4057262,GREEN DOT CORP,5442537,1,Green Dot Bank DBA Bonneville Bank
1139541,PEOPLES FINL SERVICES CORP,5432891,1,Peoples Security Bank and Trust Company
1106879,BROADWAY BANCSHARES INC,5422636,1,Broadway National Bank
1051465,CENTRAL SERVICE CORP,5417575,1,"Stride Bank, National Association"
1133503,CANANDAIGUA NATIONAL CORP,5405882,1,The Canandaigua National Bank and Trust Company
2033226,SOUTH PLAINS FINANCIAL INC,5388227,1,City Bank
3378764,BRIDGEWATER BANCSHARES INC,5377688,1,Bridgewater Bank
3162927,FIVE STAR BCORP,5377033,1,Five Star Bank
2762795,HOMETOWN CMTY BCORP EMPLOYEE STK OWNERSHIP PLAN&TR,5349867,1,Morton Community Bank
CERT:57056,Celtic Bank,5333882,1,Celtic Bank
2233950,OLNEY BANCSHARES OF TEXAS INC,5329352,1,InterBank
1075694,SOUTHERN BANCSHARES N C INC,5304325,1,Southern Bank and Trust Company
3439236,LEADER BCORP INC,5284723,1,"Leader Bank, National Association"
2067007,ALERUS FINANCIAL CORP,5276612,1,"Alerus Financial, National Association"
CERT:19690,Northeast Bank,5227725,1,Northeast Bank
3266227,SOUTHERN MISSOURI BCORP INC,5185949,1,Southern Bank
5278381,VBT FINANCIAL CORP INC,5137149,1,Vantage Bank Texas
CERT:16130,First National Bank Alaska,5123849,1,First National Bank Alaska
5164989,CHARLESBRIDGE MHC,5123707,2,Dedham Institution for Savings
2313544,COMMUNITY BANCSHARES MS EMPLOYEE STK OWNERSHIP PLAN,5089438,1,Community Bank of Mississippi
2935405,COMMUNITY WEST BANCSHARES,5024446,1,Community West Bank
1399765,1867 WESTERN FINANCIAL CORP,4994340,1,Bank of Stockton
1277313,DEERE&COMPANY,4934911,1,"John Deere Financial, f.s.b."
1121229,DACOTAH BANKS INC,4922868,1,Dacotah Bank
1248939,SOUTHERN BCORP INC,4858231,2,Southern Bancorp Bank
5530258,CARTER BANKSHARES INC,4797064,1,Carter Bank & Trust
1245291,HILLS BCORP,4794969,1,Hills Bank and Trust Company
1123072,FISHBACK FINANCIAL CORP,4784894,1,First Bank & Trust
1115385,BAR HARBOR BANKSHARES,4734427,1,Bar Harbor Bank & Trust
2849799,SOUTHERN FIRST BANCSHARES INC,4703075,1,Southern First Bank
CERT:59378,"Erebor Bank, N.A.",4664972,1,"Erebor Bank, N.A."
1249002,FIDELITY BANCSHARES N C INC,4662244,1,The Fidelity Bank
2107707,DICKINSON FINANCIAL CORP II,4651218,2,"Academy Bank, National Association"
1108097,FIRST COMMUNITY BANCSHARES INC,4644738,1,First National Bank Texas
1917600,VERABANK INC,4582833,1,"VeraBank, National Association"
CERT:90211,Hingham Institution for Savings,4556545,1,Hingham Institution for Savings
1099917,FIRST STATE BANCSHARES INC,4505753,1,First State Community Bank
2728595,GREENE COUNTY BCORP MHC,4504259,2,The Bank of Greene
5886414,TEB TRUST,4490496,1,Texas Exchange Bank
3846405,FIRST FEDERAL BCORP MHC,4485958,1,First Federal Bank
4750086,METROCITY BANKSHARES INC,4465591,1,Metro City Bank
1048812,ARROW FINANCIAL CORP,4456940,1,Arrow Bank National Association
1139297,CHOICEONE FINL SERVICES INC,4453559,1,ChoiceOne Bank
1085509,CAPITAL CITY BANK GROUP INC,4447362,1,Capital City Bank
4366003,HOMETRUST BANCSHARES INC,4437045,1,HomeTrust Bank
CERT:34788,American Business Bank,4417375,1,American Business Bank
1247428,FIRST BUS FINL SERVICES INC,4410309,1,First Business Bank
2453084,H BCORP LLC,4408654,1,Sunwest Bank
5842250,RJ POPE MANAGEMENT GP LLC,4339112,1,Texas Bank and Trust Company
3325740,PRIMIS FINANCIAL CORP,4336833,1,Primis Bank
2398082,NATIONAL CONSUMER COOP BANK,4329072,1,"NATIONAL COOPERATIVE BANK, N.A."
CERT:33664,State Bank of India,4321255,1,State Bank of India
1246533,CIVISTA BANCSHARES INC,4286454,1,Civista Bank
1988646,FIRST BCORP INC,4275801,1,The First Bank and Trust Company
4176855,RBB BCORP,4267264,1,Royal Business Bank
1134498,INWOOD BANCSHARES INC,4260043,1,Inwood National Bank
1416439,RELIABLE CMTY BANCSHARES INC,4225030,1,The Bank of Missouri
1097182,UNITED COMMUNITY BCORP INC,4197814,2,United Community Bank
5309306,WOORI FINANCIAL GROUP INC,4116181,1,Woori America Bank
CERT:58481,First Bank,4087406,1,First Bank
CERT:27774,Gate City Bank,4043047,1,Gate City Bank
CERT:30076,"Spencer Savings Bank, SLA",4036255,1,"Spencer Savings Bank, SLA"
1210066,WEST BCORP INC,4029129,1,West Bank
5443938,CALIFORNIA BCORP,4022876,1,"California Bank of Commerce, National Association"
3035227,JSA FAMILY LTD PARTNERSHIP,4020980,2,"Austin Bank, Texas National Association"
CERT:32296,Union Savings Bank,4019642,1,Union Savings Bank
4422851,RIVER FINANCIAL CORP,4017745,1,River Bank & Trust
2158156,CENTRAL BANCSHARES INC,4011565,1,Central Bank & Trust Co.
3145966,VALLANT FINANCIAL INC,3985347,1,Vallant Bank
1130584,RCB HOLDING CO INC,3984900,1,RCB Bank
2925406,CBC BCORP,3979541,1,Commercial Bank of California
4224297,SUMITOMO MITSUI TR GROUP INC,3918801,1,Sumitomo Mitsui Trust Bank (U.S.A.) Limited
4436559,NEW HAMPSHIRE MUTUAL BCORP,3910038,3,Meredith Village Savings Bank
4991076,SMITH&HOOD HOLDING CO L L C,3892365,1,First Guaranty Bank
1860863,CBX CORP,3881264,1,Carrollton Bank
1050712,VALLEY VIEW BANCSHARES INC,3858042,1,Security Bank of Kansas City
CERT:32974,Gulf Coast Bank and Trust Company,3856151,1,Gulf Coast Bank and Trust Company
3590388,BANK OF MARIN BCORP,3856103,1,Bank of Marin
4090054,INVESTAR HOLDING CORP,3851603,1,"Investar Bank, National Association"
2808590,CAPITAL BCORP INC,3837265,1,"Capital Bank, National Association"
1118854,INDEPENDENCE BANCSHARES INC,3826419,1,Independence Bank of Kentucky
1133781,BRAVERA HOLDINGS CORP,3809909,1,Bravera Bank
2935142,BOU BCORP INC,3785735,1,Bank of Utah
2976396,SIERRA BCORP,3718414,1,Bank of the Sierra
2777016,ENCORE BANCSHARES INC,3702801,1,ENCORE BANK
2242523,D L EVANS BCORP,3701851,1,D. L. Evans Bank
6013468,CORNERSTONE CAPITAL BCORP INC,3666532,1,"Cornerstone Capital Bank, SSB"
CERT:33646,The Bank of East Asia Ltd.,3660680,1,The Bank of East Asia Ltd.
1128358,FRANDSEN FINANCIAL CORP,3656900,1,Frandsen Bank & Trust
1200692,PARKWAY BCORP INC,3655049,1,Parkway Bank and Trust Company
1842421,UNITED NATIONAL CORP,3640978,1,First PREMIER Bank
2641694,FIRST COMMUNITY BANCSHARES INC,3629998,1,First Community Bank
1085170,COLONY BANKCORP INC,3613411,1,Colony Bank
1478017,FIRST COMMUNITY BANKSHARES INC,3607625,1,First Community Bank
3851191,HOME BCORP INC,3602958,1,"Home Bank, National Association"
2589714,MB MUTUAL HOLDING CO,3586933,1,Manasquan Bank
3808131,EDUCATION LOAN FINANCE INC,3583462,1,SouthEast Bank
1491360,FIRST BANK CORP,3543402,3,The First National Bank of Fort Smith
4267472,RIVER RUN BCORP MHC,3511323,3,Newburyport Five Cents Savings Bank
2324997,CACHE VALLEY BANKING CO,3498173,2,Cache Valley Bank
3211601,MVB FINANCIAL CORP,3497075,1,"MVB Bank, Inc"
2454380,ARBOR BCORP INC,3496950,1,Bank of Ann Arbor
1249039,FIRST FARMERS FINANCIAL CORP,3495725,1,First Farmers Bank & Trust Co.
1134630,FARMERS&MERCHANTS BCORP INC,3490494,1,The Farmers & Merchants State Bank
5653018,PONCE FINANCIAL GROUP INC,3485007,1,"Ponce Bank, National Association"
1242076,BANCO DO BRASIL SA,3472123,1,Banco do Brasil Americas
3595084,PCB BCORP,3469065,1,PCB Bank
3553815,BANKWELL FINANCIAL GROUP INC,3466328,1,Bankwell Bank
4346706,FIRST CAROLINA FINL SERVICES,3405879,1,First Carolina Bank
3025385,NORTHRIM BCORP INC,3395565,1,Northrim Bank
1404687,FIRST DAKOTA FINANCIAL CORP,3390171,1,First Dakota National Bank
1246935,NORTHERN BCORP INC,3384849,1,Northern Bank & Trust Company
3202832,BANTERRA CORP,3358778,1,Banterra Bank
2336806,LAKE RIDGE BCORP INC,3353305,1,Lake Ridge Bank
2958990,NORTHSTAR FINANCIAL GROUP INC,3326889,3,West Michigan Community Bank
2743235,RED RIVER BANCSHARES INC,3310081,1,Red River Bank
1247455,BANKFIRST CAPITAL CORP,3306390,1,BankFirst Financial Services
1117464,ACNB CORP,3303705,1,ACNB Bank
5301421,USB BCORP INC,3303137,1,Union Savings Bank
3223967,FIDELITY FINANCIAL CORP,3298672,1,"Fidelity Bank, National Association"
3376452,OAKSTAR BANCSHARES INC,3287696,1,Oakstar Bank
2325350,LONE STAR NATL BANCSHARES--TEXAS,3283357,1,Lone Star National Bank
3122051,WESTSTAR BANK HOLDING CO INC,3279902,1,WestStar Bank
2295837,STEARNS FINL SERVICES EMPLOYEE STK OWNERSHIP PLAN,3274377,1,Stearns Bank National Association
2388878,BEACON BCORP,3259107,1,Bristol County Savings Bank
3016338,GEORGIA BANKING CO INC,3258872,1,Georgia Banking Company
4843090,FIRST MUTUAL HOLDING CO,3251471,5,First Federal Savings and Loan Association of Lakewood
3189906,FIRST WESTERN FINANCIAL INC,3236756,1,First Western Trust Bank
4272869,BANKGUAM HOLDING CO,3235930,1,Bank of Guam
1141647,STAR FINANCIAL GROUP INC,3230682,1,STAR Financial Bank
3841941,NASB FINANCIAL INC,3198829,1,"North American Savings Bank, F.S.B."
1118368,CITIZENS FINL SERVICES INC,3187334,1,First Citizens Community Bank
1025998,FRANK P DOYLE TRUST ARTICLE IX,3185278,1,Exchange Bank
2181426,UNITY BCORP INC,3184193,1,Unity Bank
1133932,FIRST BCORP INC THE,3180486,1,First National Bank
4347208,FS BCORP INC,3178672,1,1st Security Bank of Washington
CERT:32574,Monet Bank,3160448,1,Monet Bank
1135413,MAGNOLIA BANKING CORP,3159678,1,Farmers Bank & Trust Company
6030120,CENTREVILLE MHC,3152569,1,Centreville Bank
1143623,CITIZENS&NORTHERN CORP,3143130,1,Citizens & Northern Bank
2611718,AMBOY BCORP,3122546,1,Amboy Bank
3170539,BCB BCORP INC,3117295,1,BCB Community Bank
2465519,UFS BCORP,3109431,1,UniBank for Savings
3200463,PENN CMTY MUTUAL HOLDINGS INC,3069584,1,Penn Community Bank
1493654,CBS BANC-CORP,3069404,1,"CB&S Bank, Inc."
1094556,STUPP BROS INC,3069248,1,Midwest BankCentre
1096952,GUARANTY CAPITAL CORP,3069091,1,Guaranty Bank and Trust Company
3297481,OCEANPOINT FINL PARTNERS MHC,3067450,1,BankNewport
1080803,LAWRENCE BANCSHARES INC,3043615,1,Lawrence Bank
2149622,NATIONAL BK INPOLIS CORP,3037564,1,The National Bank of Indianapolis
3846106,MASCOMA MUTUAL FINL SERVICES,3034815,1,Mascoma Bank
1246467,TAMPA BAY BANKING CO,3024333,1,The Bank of Tampa
5681262,USCB FINANCIAL HOLDINGS INC,3015990,1,U. S. Century Bank
1978713,NORTHWEST FINANCIAL CORP,2999288,1,Northwest Bank
CERT:59205,Nelnet Bank,2997294,1,Nelnet Bank
1205473,BOSSHARD FINANCIAL GROUP INC,2991630,2,One Community Bank
5189450,SBH MANAGER LLC,2990330,1,Susser Bank
4902643,MAINE COMMUNITY BCORP MHC,2983602,1,Maine Community Bank
1064728,FIRST FIDELITY BCORP INC,2978571,1,First Fidelity Bank
2858773,FIDELITY D&D BCORP INC,2971307,1,The Fidelity Deposit and Discount Bank
1119404,FIRST BRECKINRIDGE BANCSHARES,2970856,6,"American Bank & Trust Company, Inc."
1109094,TIB INC,2960509,1,TIB National Association
4076937,TEXAS STATE BANKSHARES INC,2949812,1,Texas Regional Bank
5851711,WEST COAST COMMUNITY BCORP,2944293,1,West Coast Community Bank
1141348,MINNWEST CORP,2940968,1,Minnwest Bank
CERT:57997,Bryant Bank,2937170,1,Bryant Bank
2264404,NEXTIER INC,2928192,1,"NEXTIER BANK, NATIONAL ASSOCIATION"
2365356,NORWOOD FINANCIAL CORP,2905992,1,Wayne Bank
1202052,NEB CORP,2890553,1,National Exchange Bank and Trust
3472176,AFNB HOLDINGS INC,2886145,1,American First National Bank
1128769,MERCHANTS FINANCIAL GROUP INC,2881736,1,"Merchants Bank, National Association"
1109834,FIRST WEST TX BANCSHARES INC,2881219,1,West Texas National Bank
1109290,JEFFERSON BANCSHARES INC,2875424,1,Jefferson Bank
2623430,NARRAGANSETT FINANCIAL CORP,2863572,1,BayCoast Bank
CERT:34404,WebBank,2861274,1,WebBank
1082209,BANCINDEPENDENT INC,2860149,1,Bank Independent
4097978,CHINA INVESTMENT CORP,2859720,1,"Industrial and Commercial Bank of China USA, National Association"
2942702,STURM FINANCIAL GROUP INC,2854440,1,ANB Bank
2128917,LAKESIDE BCORP INC,2850054,1,Lakeside Bank
5902912,ADAM CORP GROUP THE,2845758,1,American Momentum Bank
3488485,IRONHORSE FINANCIAL GROUP INC,2842870,1,Armstrong Bank
2817930,MAHAM BETEILIGUNGSGESELLSCHAFT AG,2837908,1,Habib American Bank
CERT:57449,Medallion Bank,2834690,1,Medallion Bank
1102451,BRISCOE RANCH INC,2823008,2,First State Bank of Uvalde
1135824,EMPRISE FINANCIAL CORP,2820619,1,Emprise Bank
1133594,CHEMUNG FINANCIAL CORP,2818102,1,Chemung Canal Trust Company
2545831,BNH FINANCIAL,2803647,1,Bank of New Hampshire
2482196,HOMETOWN BANC CORP,2794750,2,Five Points Bank
3596009,ORANGE COUNTY BCORP INC,2792253,1,Orange Bank & Trust Company
2183493,C&F FINANCIAL CORP,2787917,1,Citizens and Farmers Bank
3912766,ION FINANCIAL MHC INC,2783038,1,Ion Bank
1139103,UNIVERSITY FINL GBC DBA SUNRISE BANKS,2780318,1,"Sunrise Banks, National Association"
6031006,AVIDIA BCORP INC,2770996,1,Avidia Bank
5749238,LUNA PARENT INC,2760473,1,Lead Bank
4980409,OP BCORP,2745961,1,Open Bank
2169871,SOUTHERN UTAH BCORP,2738337,1,State Bank of Southern Utah
5558681,R DEAN PHILLIPS BK TR DATED 11-19-2004,2736582,7,HNB National Bank
1050646,FIRST YORK BAN CORP,2730249,1,Cornerstone Bank
3866382,WESTERN NEW ENGLAND BCORP INC,2727921,1,Westfield Bank
CERT:29683,Home Federal Bank of Tennessee,2725901,1,Home Federal Bank of Tennessee
3344312,TRADITION BANCSHARES INC,2717129,1,Tradition Capital Bank
1096484,PLANTERS HOLDING CO,2711794,1,Planters Bank & Trust Company
4907219,PRIVATE BCORP OF AMERICA INC,2707809,1,CalPrivate Bank
1208054,ILLINOIS NATIONAL BCORP INC,2684002,1,"INB, National Association"
CERT:24516,Interaudi Bank,2677078,1,Interaudi Bank
2728577,MACHIAS BCORP MHC,2671397,1,Machias Savings Bank
3680980,AVIDBANK HOLDINGS INC,2652805,1,Avidbank
1250473,FIRST CO BCORP INC,2641469,1,FCB Banks
2511014,PLATTE VALLEY FINL SERVICE COMPANIES,2613817,3,Platte Valley Bank
1201194,REPUBLIC BCORP CO,2611110,1,Republic Bank of Chicago
CERT:28679,North Shore Bank,2608511,1,North Shore Bank
1203778,FIDELITY CO,2603348,1,Fidelity Bank & Trust
1139363,MANHATTAN BANKING CORP,2597041,1,KS StateBank
5033580,MERIDIAN CORP,2591552,1,Meridian Bank
3308677,SBT BANCSHARES INC,2585922,1,State Bank of Texas
1119383,FIRST PARAGOULD BANKSHARES INC,2585603,1,First National Bank
1104923,EXTRACO CORP,2574832,1,"Extraco Banks, National Association"
5069897,BAYCOM CORP,2564693,1,United Business Bank
3412798,FRONTIER BANCSHARES INC,2553778,1,"Horizon Bank, SSB"
3632000,REGENT CAPITAL CORP,2542861,2,Regent Bank
2868950,MIDLAND BANCSHARES INC,2541691,1,Community National Bank
2507183,AMERIBANCSHARES INC,2536428,1,American National Bank & Trust
2320618,OCONOMOWOC BANCSHARES INC,2532644,1,Bank Five Nine
1247398,COMMUNITY BCORP INC,2532014,1,Community National Bank & Trust
1205183,IDA GROVE BANCSHARES INC,2495750,1,United Bank of Iowa
4267427,ESQUIRE FINANCIAL HOLDINGS INC,2494969,1,"Esquire Bank, National Association"
4247081,WESTERN ST AGENCY EMPLOYEE STK OWNERSHIP PLAN&TR,2485275,1,Western State Bank
4126225,TEXAS BANC FINANCIAL CORP,2479690,1,TexasBank
5586741,NEWTEKONE INC,2473353,1,"Newtek Bank, National Association"
2914857,SOMERSET TRUST HOLDING CO,2467590,1,Somerset Trust Company
3458040,COGENT BCORP INC,2454078,1,Cogent Bank
1070420,TRADITIONAL BCORP INC,2440347,1,"Traditional Bank, Inc."
CERT:25620,"Credit One Bank, National Association",2439105,1,"Credit One Bank, National Association"
CERT:30953,"El Dorado Savings Bank, F.S.B.",2438455,1,"El Dorado Savings Bank, F.S.B."
CERT:18204,First County Bank,2422335,1,First County Bank
1030947,PEOPLES BCORP,2418341,1,Peoples Bank
3274727,COASTALSOUTH BANCSHARES INC,2418168,1,Coastal States Bank
1108163,PLAINS BCORP INC,2409073,1,First United Bank
5039724,JOHN MARSHALL BCORP INC,2398504,1,John Marshall Bank
1116681,HIBSHMAN TR EPHRATA NB STK,2389971,1,The Ephrata National Bank
1127650,WESTBRAND INC,2386276,1,First Western Bank & Trust
2337401,FIRST COMMUNITY CORP,2380900,1,First Community Bank
1138197,ANDERSON BANCSHARES INC,2380274,1,Anderson Brothers Bank
1118434,QNB CORP,2374999,1,QNB Bank
CERT:25258,"Pibank, National Association",2373337,1,"Pibank, National Association"
4875907,FVCBANKCORP INC,2362694,1,FVCbank
2816803,JAMESMARK BANCSHARES INC,2358824,1,Omb Bank
1080652,COMMERCIAL BANCGROUP INC,2355536,1,Commercial Bank
1202762,BANK IOWA CORP,2348695,1,Bank Iowa
1103878,TEXAS IND BANCSHARES INC,2345157,1,Texas First Bank
CERT:18059,The Bank of Commerce,2344611,1,The Bank of Commerce
1209211,LUANA BCORP,2341323,1,Luana Savings Bank
5374461,PIONEER BCORP MHC,2340761,1,"Pioneer Bank, National Association"
1118238,FRANKLIN FINL SERVICES CORP,2336081,1,Farmers and Merchants Trust Company of Chambersburg
5781500,FBOL BANCSHARES INC,2335767,1,First Bank of the Lake
5010134,HANOVER BCORP INC,2334897,1,Hanover Community Bank
1081239,CREWS BANKING CORP,2333967,1,Crews Bank & Trust
2360454,STOCKMENS FINANCIAL CORP,2321341,1,Security First Bank
CERT:1265,Cashmere Valley Bank,2316834,1,Cashmere Valley Bank
3835164,SILVER QUEEN FINL SERVICES INC,2311952,1,Colorado Federal Savings Bank
1426960,BLUE RIDGE BANKSHARES INC,2310031,1,"Blue Ridge Bank,  National Association"
5623570,PINE KNOB HOLDINGS LLC,2305991,2,The Cecilian Bank
3347292,PARKE BCORP INC,2302646,1,Parke Bank
1978674,COMMERCIAL FINANCIAL CORP,2290918,1,Central Bank
1081716,BUILTWELL BCORP INC,2284013,1,Builtwell Bank
1130904,QUEENSBOROUGH CO THE,2280085,1,Queensborough National Bank & Trust Company
CERT:26223,"Golden Bank, National Association",2277487,1,"Golden Bank, National Association"
3098576,PLUMAS BCORP,2277465,1,Plumas Bank
2810285,SOUTH CNTL BANCSHARES KY INC,2257592,1,"South Central Bank,  Inc."
4523431,WATERSTONE FINANCIAL INC,2252894,1,"WaterStone Bank, SSB"
1135002,BANCTENN CORP,2250406,1,Bank of Tennessee
5756133,PRINCETON BCORP INC,2250271,1,The Bank of Princeton
2270254,FALCON BANCSHARES INC,2249533,1,Falcon International Bank
1131406,LEACKCO BANK HOLDING CO INC,2248298,1,American Bank & Trust
4977397,MAINSTREET BANCSHARES INC,2238825,1,MainStreet Bank
6083434,1850 FINANCIAL MHC,2236949,1,Country Bank for Savings
3107964,SHINHAN FINANCIAL GROUP CO LTD,2234648,1,Shinhan Bank America
2665739,"NATCOM BANCSHARES,INC",2233301,1,National Bank of Commerce
CERT:58536,Think Mutual Bank,2229410,1,Think Mutual Bank
1205398,FIRST BANK CHICAGO CORP,2228645,1,First Bank Chicago
2759900,LCNB CORP,2219306,1,LCNB National Bank
CERT:30303,Maspeth Federal Savings and Loan Association,2211470,1,Maspeth Federal Savings and Loan Association
3211012,VISION BANCSHARES INC,2204656,1,Texas Community Bank
3597220,CHAIN BRIDGE BCORP INC,2192216,1,"Chain Bridge Bank, National Association"
1105470,FIRST CITIZENS BANCSHARES INC,2188815,1,Citizens National Bank of Texas
2346010,THOMASVILLE BANCSHARES INC,2181324,1,Thomasville National Bank
1107308,SECURITY HOLDING CO,2176648,1,Security State Bank & Trust
5117323,KENNEBUNK SAVINGS BCORP MHC,2172557,1,Kennebunk Savings Bank
1401118,ISABELLA BANK CORP,2170035,1,Isabella Bank
3828577,CF BANKSHARES INC,2167338,1,"CFBank, National Association"
1025662,CENTRAL BCORP,2164532,1,Central Bank
5937848,UNITED BK EMPLOYEE STK OWNERSHIP PLAN TR,2159044,1,United Bank
2835475,NORWAY BCORP MHC,2155525,1,Norway Savings Bank
1202258,AMES NATIONAL CORP,2139666,6,"First National Bank, Ames, Iowa"
3185355,MIZUHO FINANCIAL GROUP INC,2137445,1,Mizuho Bank (USA)
1246476,LYONS BCORP INC,2134066,1,The Lyons National Bank
4503910,OAKWORTH CAPITAL INC,2132047,1,Oakworth Capital Bank
4126609,EAGLE BCORP MONTANA INC,2122995,1,Opportunity Bank of Montana
1126354,MINNEHAHA BANSHARES INC,2119293,1,The First National Bank in Sioux Falls
3435742,NORTHEAST COMMUNITY BCORP INC,2111015,1,NorthEast Community Bank
4438366,FIRST NORTHWEST BCORP,2106581,1,First Fed Bank
1209426,RIVER VALLEY BCORP INC,2103655,1,IncredibleBank
1126729,STARION BCORP,2097919,1,Starion Bank
1207486,MARQUETTE NATIONAL CORP,2094911,1,Marquette Bank
1141889,KISH BCORP INC,2084448,1,Kish Bank
1250437,MARKET STREET BANCSHARES INC,2083619,1,"Peoples National Bank , N.A."
1248836,SECURITY BANCSHARES INC,2080795,3,Security State Bank
1076123,FIRST NATIONAL CORP,2073688,1,First Bank
5281989,MIDCOUNTRY ACQUISITION CORP,2071837,4,MidCountry Bank
2791816,FIRST OTTAWA BANCSHARES INC,2069383,1,"American Commercial Bank & Trust, National Association"
CERT:26336,The Village Bank,2068136,1,The Village Bank
5610860,GATEWAY FIRST BCORP INC,2062041,1,Gateway First Bank
2621548,TIMBERLAND BCORP INC,2060726,1,Timberland Bank
CERT:59177,"Square Financial Services, Inc.",2057172,1,"Square Financial Services, Inc."
1132672,FIRST UNITED CORP,2054956,1,First United Bank & Trust
2237118,FINWARD BCORP,2040214,1,Peoples Bank
2568102,FIRST FINANCIAL BANC CORP,2036916,1,First Financial Bank
1823345,BLACKHAWK BCORP INC,2036767,1,Blackhawk Bank & Trust
1127294,CAPITOL BCORP INC,2032246,1,First National Bank
3842630,BENEFICIAL STATE BCORP INC,2027009,1,Beneficial State Bank
2052777,MABREY BCORP INC,2021750,1,Mabrey Bank
1138919,MONTECITO BCORP,2018080,1,Montecito Bank & Trust
3728930,HOMETOWN FINANCIAL GROUP MHC,2015070,1,TruNorth Bank
1099672,FARMERS&MERCHANTS BANKSHARES,2015057,1,The Farmers & Merchants Bank
3367106,FLORENCE BCORP MHC,2014204,1,Florence Bank
3108082,MISSION BCORP,2010002,1,Mission Bank
3726440,OAK VALLEY BCORP,2001344,1,Oak Valley Community Bank
1247361,SPRING BCORP INC,2000417,1,Bank of Springfield
1134108,CNB CORP,1997130,1,The Conway National Bank
CERT:28116,Yakima Federal Savings and Loan Association,1997102,1,Yakima Federal Savings and Loan Association
2332536,COMMONWEALTH HOLDINGS L L C,1993366,1,"Heritage Bank, Inc."
2634212,MOUNTAINONE FINANCIAL MHC,1981115,2,MountainOne Bank
1201457,AMBANK CO INC,1980935,2,American State Bank
3637238,SOUTH ATLANTIC BANCSHARES INC,1979313,1,South Atlantic Bank
5124938,CBB BCORP INC,1966224,1,Commonwealth Business Bank
5809066,FIRST COMMERCE BCORP INC,1964972,1,First Commerce Bank
3013225,PLANTERS FINANCIAL GROUP INC,1960775,1,"Planters Bank, Inc."
1086270,CNB BANCSHARES INC,1958426,1,Citizens National Bank
1203974,TRI CITY BANKSHARES CORP,1952347,1,Tri City National Bank
5720246,CLIMATE FIRST BCORP INC,1941915,1,Climate First Bank
1200348,SECURITY NATIONAL CORP,1941721,2,"The Security National Bank of Sioux City, Iowa"
CERT:18258,Thomaston Savings Bank,1934794,1,Thomaston Savings Bank
1124060,SOUTH DAKOTA BANCSHARES INC,1934619,1,"BankWest, Inc."
1060355,GREAT PLAINS BANCSHARES INC,1928955,1,Great Plains National Bank
1966671,WHITAKER BANK CORP OF KENTUCKY,1926362,1,Whitaker Bank
2880626,FIRST NORTHERN COMMUNITY BCORP,1925947,1,First Northern Bank of Dixon
3824373,FAIRFIELD COUNTY BANK MHC,1919913,1,Fairfield County Bank
1108967,FIRST ARTESIA BANCSHARES INC,1914506,1,First American Bank
3256134,BANK7 CORP,1913316,1,Bank 7
1905009,BETHANY BANKSHARES INC,1912499,1,BTC Bank
5952494,GELT BCORP INC,1907569,1,Bank of Bird-in-Hand
4268349,LOWELL FIVE BCORP MHC,1900746,1,The Lowell Five Cent Savings Bank
3186576,CITIZENS NATIONAL BANC CORP,1888606,1,The Citizens National Bank of Meridian
1108707,FIRSTPERRYTON BCORP INC,1876348,1,FirstBank Southwest
5045444,NSB MUTUAL HOLDING CO,1871941,1,Newtown Savings Bank
4657121,KENNEBEC SAVINGS MHC,1871320,1,Kennebec Savings Bank
1107193,AMERICO BANCSHARES INC,1862140,1,American Bank of Commerce
3806511,EMBASSY BCORP INC,1860416,1,Embassy Bank for the Lehigh Valley
1140323,SECURITY NATIONAL CORP,1860383,1,Security National Bank of Omaha
3320978,BANKFIVE MHC,1856605,1,Fall River Five Cents Savings Bank
3121193,INDEPENDENT HOLDINGS INC,1853799,1,Independent Bank
3435283,CORNERSTONE HOLDING CO INC,1853302,1,Cornerstone Bank
1132243,RED RIVER BCORP INC,1851537,1,First State Bank
1951770,EAGLE FINANCIAL SERVICES INC,1847024,1,Bank Of Clarke
5887019,1864 BCORP MHC,1844765,1,North Easton Savings Bank
1140239,CITIZENS BCORP INVESTMENT INC,1838229,1,Wellworth Bank
1139925,NATIONAL BANKSHARES INC,1832140,1,The National Bank of Blacksburg
CERT:24540,Bank of New England,1819911,1,Bank of New England
3823929,CITIZENS COMMUNITY BCORP INC,1811475,1,CCFBank National Association
CERT:18355,North Dallas Bank & Trust Co.,1809980,1,North Dallas Bank & Trust Co.
1204832,FSB FINANCIAL SERVICES INC,1799877,2,Farmers State Bank
1203509,FIRST CITIZENS FINANCIAL CORP,1797291,1,First Citizens Bank
5727601,ODNB FINANCIAL CORP,1795397,1,Old Dominion National Bank
4577984,2013 MONTE HULSE FAMILY IRREVOCABLE TR I,1774437,1,First National Bank of Central Texas
3588415,WATERFORD BCORP INC,1771847,1,"Waterford Bank, N.A."
CERT:58224,Column National Association,1768904,1,Column National Association
2818245,PEOPLES BCORP OF NC INC,1764418,1,Peoples Bank
2710796,ANDROSCOGGIN BCORP MHC,1764177,1,Androscoggin Savings Bank
1083783,FIRST FARMERS&MERCHANTS CORP,1762742,1,First Farmers and Merchants Bank
2038409,HAWTHORN BANCSHARES INC,1759840,1,Hawthorn Bank
CERT:18238,Chelsea Groton Bank,1752542,1,Chelsea Groton Bank
1134500,SUTTON BANCSHARES INC,1740659,1,Sutton Bank
5471360,IVES MUTUAL HOLDING CO INC,1733499,1,Ives Bank
1203451,CARROLL COUNTY BANCSHARES INC,1732398,1,Availa Bank
1075881,CHESAPEAKE FINL SHARES INC,1724973,1,Chesapeake Bank
1210169,LINCOLN BCORP,1712237,1,Lincoln Savings Bank
1137453,FORESIGHT FINANCIAL GROUP INC,1710720,1,Foresight Bank
1203899,CENTRAL BANCSHARES INC,1703404,1,CBI Bank & Trust
3138267,ADIRONDACK TR EMPLOYEE STK OWNERSHIP TR,1701861,1,The Adirondack Trust Company
5617896,SERVBANC HOLDCO INC,1701346,1,"Servbank, National Association"
1200311,OHNWARD BANCSHARES INC,1700452,3,First Central State Bank
5473421,SECURITY BANCSHARES INC,1698276,1,Security Bank and Trust Company
1107595,NACOGDOCHES COML BANCSHARES,1685806,1,"Commercial Bank of Texas, National Association"
1247576,215 HOLDING CO,1683313,6,Liberty National Bank
1104017,COMMUNITY BK HOLDINGS TX INC,1681828,1,Community National Bank & Trust of Texas
1207824,SOUTHERN MICHIGAN BCORP INC,1681505,1,Southern Michigan Bank & Trust
3444801,COASTAL AFFILIATES MHC,1676041,1,Cape & Coast Bank
5723621,ECB BCORP INC,1671230,1,Everett Co-operative Bank
1118283,MUNCY COLUMBIA FINANCIAL CORP,1669098,1,Journey Bank
1081613,B P C CORP,1666983,1,One Bank of Tennessee
3469354,MAIN STREET GROUP BANCSHARES MHC,1665454,1,Main Street Bank
4459820,1854 BCORP,1664735,1,East Cambridge Savings Bank
3333718,CB FINANCIAL SERVICES INC,1656420,1,Community Bank
6107273,HORICON BK PROFIT SHARING&EMPLOYEE STK OWNERSHIP PLAN,1653274,1,Horicon Bank
1133428,QUINLAN BANCSHARES INC,1649360,1,Benchmark Bank
2012436,OHIO VALLEY BANC CORP,1646225,1,The Ohio Valley Bank Company
3446346,FORCHT BCORP INC,1645945,1,"Forcht Bank, National Association"
5397219,US METRO BCORP,1640896,1,US Metro Bank
1085330,SEQUATCHIE VALLEY BANCSHARES,1640668,1,Citizens Tri-County Bank
4517261,VIRGINIA NATL BANKSHARES CORP,1636058,1,Virginia National Bank
3306589,WHITE RIVER BANCSHARES CO,1631775,1,Signature Bank of Arkansas
5149043,BANK STREET CAPITAL CORP,1624971,1,Waukesha State Bank
3134102,BLUESTONE FINANCIAL MHC,1621698,1,Bluestone Bank
4666280,FFB BCORP,1618057,1,FFB Bank
5419205,IFB BCORP INC,1617291,1,International Finance Bank
1131077,CITIZENS BANCSHARES BATESVILLE,1616832,1,The Citizens Bank
1066414,NODAWAY VALLEY BANCSHARES INC,1616201,1,The Nodaway Valley Bank
1071454,SB FINANCIAL GROUP INC,1612519,1,The State Bank and Trust Company
CERT:26299,Pacific National Bank,1610170,1,Pacific National Bank
3203138,GRANT BANCSHARES INC,1609147,1,BOM Bank
5215715,GRASSHOPPER BCORP INC,1603727,1,"Grasshopper Bank, N.A."
2730383,TRAVELERS REST BANCSHARES INC,1602110,1,Bank of Travelers Rest
2135812,JONES BANCSHARES L P,1601685,1,PrimeSouth Bank
3030307,LANDMARK BCORP INC,1601369,1,Landmark National Bank
1080139,TRUST NO 3 UNDER WILL CHARLES HENDERSON,1600939,1,Troy Bank & Trust Company
CERT:58424,Alma Bank,1597811,1,Alma Bank
4264387,FARRAR BERESFORD BCORP IRREVOCABLE TR,1594265,1,First Savings Bank
4748766,TAB BANK HOLDINGS INC,1591983,1,"Transportation Alliance Bank, Inc. d/b/a TAB Bank"
1248658,PBT BANCSHARES INC,1591618,1,Peoples Bank and Trust Company
1134313,BANKSOUTH HOLDING CO,1589684,1,BankSouth
1070765,COMMUNITY BANCSHARES INC,1588792,1,THE VINTON COUNTY NATIONAL BANK
1141487,CHAMBERS BANCSHARES INC,1587615,1,Chambers Bank
2934305,NORTHFIELD MHC,1576574,1,Northfield Savings Bank
1061893,EXCHANGE CO,1575285,1,Exchange Bank
1097173,LINCOLN COUNTY BCORP INC,1573202,4,Peoples Bank & Trust Co.
1118265,FIRST KEYSTONE CORP,1572543,1,First Keystone Community Bank
1100813,FIRST TEXAS BCORP INC,1569672,2,First Texas Bank
1125740,HOPKINS FINANCIAL CORP,1564404,1,CorTrust Bank National Association
3283587,STERLING BANCSHARES INC,1563784,1,Sterling Bank
2697954,CITY FIRST ENTERPRISES INC,1562007,1,"City First Bank, National Association"
1139345,TRI-COUNTY FINANCIAL GROUP INC,1559346,1,First State Bank
4656964,PROVIDENCE FINANCIAL CORP,1558709,1,Providence Bank & Trust
1114940,UNION BANKSHARES INC,1558133,1,Union Bank
1083475,CITIZENS HOLDING CO,1555742,1,"The Citizens Bank of Philadelphia, Mississippi"
2641621,QUILL FINANCIAL INC,1555310,1,Quill Bank
3178900,MAIN STREET FINL SERVICES CORP,1553716,1,Main Street Bank Corp.
1842355,PRIME BANC CORP,1553674,1,Dieterich Bank
3607549,SOLERA NATIONAL BCORP INC,1553521,1,Solera National Bank
2344856,BONVENU BCORP INC,1552898,1,"Bonvenu Bank, National Association"
1131611,CROSS COUNTY BANCSHARES INC,1548075,2,Central Bank
5371947,RICHMOND MUTUAL BCORP INC,1546784,1,First Bank Midwest
1107522,MOODY BANCSHARES INC,1543622,1,The Moody National Bank
1253773,SECURITY FEDERAL CORP,1539653,1,Security Federal Bank
1209716,PARK BCORP INC,1537993,1,The Park Bank
1064652,MIDWEST BANC HOLDING CO,1535925,2,Midwest Bank
3309889,GSB MHC,1522592,1,Greenfield Savings Bank
1830240,1ST SUMMIT BCORP JOHNSTOWN INC,1520450,1,1st Summit Bank
1128880,BITTERROOT HOLDING CO,1518367,2,TrailWest Bank
2499082,DEERWOOD BANCSHARES INC,1517800,1,Deerwood Bank
5165070,PB FINANCIAL CORP,1514517,1,Providence Bank
CERT:13397,Bank of Utica,1508615,1,Bank of Utica
CERT:17749,Bath Savings Institution,1503065,1,Bath Savings Institution
2321419,PSB HOLDINGS INC,1502133,1,Peoples State Bank
1082393,FIRST PULASKI NATIONAL CORP,1499944,1,First National Bank of Pulaski
5419700,ASCEND MUTUAL HOLDING,1494910,1,Ascend Bank
4792022,PARK FINANCIAL GROUP INC,1492454,1,Park State Bank
1891979,FEO INVESTMENTS INC,1490613,1,Elkhorn Valley Bank & Trust
2596776,PATHFINDER BCORP INC,1485888,1,Pathfinder Bank
1052220,AMERICAN BCORP INC,1484205,1,American Heritage Bank
1083895,UNITED BCORP OF ALABAMA INC,1480601,1,United Bank
3200874,CITIZENS BANKING CORP,1480129,1,Citizens Bank and Trust
CERT:12013,Union County Savings Bank,1478885,1,Union County Savings Bank
5875511,SOVEREIGN BCORP INC,1474578,1,Sovereign Bank
1106132,CENTRABANC CORP,1474092,1,Central National Bank
2631798,N A CORP,1473505,1,North American Banking Company
1061736,WEST GATE BANSHARES INC,1473290,1,West Gate Bank
3726196,DART FINANCIAL CORP,1472234,1,The Dart Bank
CERT:17743,Saco & Biddeford Savings Institution,1471276,1,Saco & Biddeford Savings Institution
3271230,RHINEBECK BCORP MHC,1469845,1,Rhinebeck Bank
1209958,BANKERS BCORP INC,1468595,1,Bankers' Bank
3180060,RIVERVIEW BCORP INC,1468113,1,Riverview Bank
1492273,CENTRAL BANC INC,1462374,1,Central Bank Illinois
3109070,NORTH STATE BCORP,1461914,1,North State Bank
1117316,AMERISERV FINANCIAL INC,1458453,1,Ameriserv Financial Bank
5009389,APEX BCORP INC,1456375,1,Apex Bank
3683619,GWY LLC,1453753,1,Northwest Bank
CERT:58722,Meadows Bank,1452569,1,Meadows Bank
3842528,MALAGA FINANCIAL CORP,1448853,1,Malaga Bank F.S.B.
1136009,UNITED BANCSHARES INC,1443930,1,The Union Bank Company
5687282,AMERICAN RIVIERA BCORP,1442372,1,American Riviera Bank
6076427,MARQUETTE MUTUAL HOLDING CO,1442022,1,Marquette Savings Bank
CERT:23298,Watertown Savings Bank,1439099,1,Watertown Savings Bank
1128134,FORSTROM BCORP INC,1436180,1,Citizens Alliance Bank
3831326,WFSB MUTUAL HOLDING CO,1435217,1,Washington Financial Bank
2267665,JEFFERSON BANCSHARES INC,1431912,1,Relyance Bank
1054765,NEBRASKA BANKSHARES INC,1430739,2,Dayspring Bank
5170805,GBANK FINANCIAL HOLDINGS INC,1427371,1,GBank
1136595,ALTRUST FINANCIAL SERVICES INC,1424772,1,Peoples Bank of Alabama
3193033,RIO FINANCIAL SERVICES INC,1423994,1,Rio Bank
2244545,CITCO COMMUNITY BANCSHARES INC,1423669,1,Citizens Bank
CERT:28845,First Federal Savings Bank of Twin Falls,1420568,1,First Federal Savings Bank of Twin Falls
1051906,BERCO INC,1419345,1,The Bennington State Bank
1106468,CENTRAL BANCSHARES INC,1416138,1,Central Bank
1071726,CROGHAN BANCSHARES INC,1414784,1,The Croghan Colonial Bank
2809560,COCONUT GROVE BANKSHARES INC,1414037,1,Grove Bank & Trust
1141441,BENCHMARK BANKSHARES INC,1413774,1,Benchmark Community Bank
3839340,LOWNDES BANCSHARES INC,1405166,3,Farmers and Merchants Bank
CERT:1673,1st Financial Bank USA,1404116,1,1st Financial Bank USA
2300768,MID-MISSOURI HOLDING CO INC,1396624,1,SULLIVAN BANK
1076495,F&M BANK CORP,1395901,1,Farmers & Merchants Bank
3828018,BECK FAMILY TRUST,1394713,1,Guardian Savings Bank
CERT:15970,Ulster Savings Bank,1392069,1,Ulster Savings Bank
3234682,SWNB BCORP INC,1391657,1,Southwestern National Bank
2127068,ALLIANCE BANCSHARES INC,1389330,1,Alliance Bank
2351274,MONTANA SECURITY INC,1389110,1,Independence Bank
1064429,CENTRAL OF KANSAS INC,1388578,1,Central National Bank
2265782,DAKOTA COMMUNITY BANSHARES INC,1388252,1,"Dakota Community Bank & Trust, National Association"
3251661,OPTIMUMBANK HOLDINGS INC,1386526,1,OptimumBank
2575230,MIDWEST BCORP &AFFILIATES ESOP TR,1385250,2,First Midwest Bank of the Ozarks
2693956,WALLIS BANCSHARES INC,1384007,1,Wallis Bank
1242562,STATE BANK OF INDIA,1382642,1,State Bank of India (California)
1083729,ONE AMERICAN CORP,1381519,1,First American Bank and Trust
CERT:19502,First National Bank of Tennessee,1379919,1,First National Bank of Tennessee
4400354,TEXAS SECURITY BANKSHARES INC,1375315,1,Texas Security Bank
1131666,SULPHUR SPRINGS BANCSHARES INC,1374878,1,The City National Bank of Sulphur Springs
2052067,COMMUNITY FINL SERVICES EMPLOYEE STK OWNERSHIP PLAN,1371632,1,Community Financial Services Bank
1107184,SOUTHERN BANCSHARES INC,1369693,1,"SouthStar Bank, S.S.B."
1048728,BALLSTON SPA BCORP INC,1369479,1,Ballston Spa National Bank
3925065,TRUXTON CORP,1365858,1,Truxton Trust Company
3340015,CNB COMMUNITY BCORP INC,1364594,1,County National Bank
1247615,FARMERS BCORP INC,1363808,1,Fm Bank And Trust
1135356,FIRSTBANC OF ALABAMA INC,1362045,1,First Bank of Alabama
4975049,SOUTHPOINT BANCSHARES INC,1360933,1,SouthPoint Bank
3632756,CENTURY FINL SERVICES CORP,1360343,1,Century Bank
CERT:29613,Rosedale Bank,1360147,1,Rosedale Bank
5782440,BAWAG GROUP AG,1358688,1,Idaho First Bank
3559198,FORTIS BCORP,1353120,1,Fortis Bank
1065565,N B C BANCSHARES PAWHUSKA INC,1352864,1,Blue Sky Bank
3823817,COASTAL CAROLINA BANCSHARES,1350489,1,Coastal Carolina National Bank
5199776,INBANKSHARES CORP,1350435,1,InBank
1108042,SABINE BANCSHARES INC,1349578,1,Sabine State Bank and Trust Company
1204177,FIRST STATE FINANCIAL CORP,1349122,1,First State Bank
3696093,MERCHANTS&MARINE BCORP INC,1348702,1,Merchants & Marine Bank
1203714,GOODENOW BCORP,1345670,1,Bank Midwest
5728886,STUDIO FINANCIAL HOLDINGS INC,1344256,1,Studio Bank
5786738,CAPRA FINANCIAL INC,1343087,1,Capra Bank
1427556,EAST TEXAS FINANCIAL CORP,1341218,2,Texas National Bank of Jacksonville
1124921,YELLOWSTONE HOLDING CO,1339307,1,The Yellowstone Bank
3957589,FIRST OKLAHOMA HOLDINGS INC,1336144,1,First Oklahoma Bank
4949303,SKYLINE BANKSHARES INC,1331608,1,SKYLINE NATIONAL BANK
5513804,SUMMIT BANK GROUP INC,1329158,1,Summit Bank
1020676,AMALGAMATED INVESTMENTS CO,1328907,1,Amalgamated Bank of Chicago
1128675,FLAGSHIP FINANCIAL GROUP INC,1328769,1,Security Bank & Trust Company
5557826,VINEYARD BCORP MHC,1328004,1,Martha's Vineyard Bank
1098648,CASS INFORMATION SYSTEMS INC,1326197,1,Cass Commercial Bank
3615441,ABCT HOLDINGS INC,1323064,1,Alliance Bank Central Texas
2840479,PATRIOT NATIONAL BCORP INC,1322925,1,"Patriot Bank, National Association"
1065172,B O E BANCSHARES INC,1321040,1,Liberty National Bank
3836385,FIRST CAPITAL BANCSHARES INC,1318461,1,First Capital Bank
5726556,PIEDMONT FINANCIAL HOLDING CO,1316062,1,Piedmont Federal Savings Bank
1245479,FS BCORP,1314941,1,Farmers State Bank
3803033,WEBFIVE MHC,1309969,1,Webster Five Cents Savings Bank
3644722,GREATER ROCHESTER BCORP INC,1309654,1,Genesee Regional Bank
3076592,SIGNATURE BCORP INC,1309420,1,"Signature Bank, National Association"
5331286,PLAINS COMMERCE FINANCIAL INC,1298838,1,Plains Commerce Bank
5211708,JONESBORO BANCSHARES INC,1298497,1,Jonesboro State Bank
1250651,RICHWOOD BANCSHARES INC,1296076,1,The Richwood Banking Company
1967865,CSB BCORP INC,1295187,1,"The Commercial and Savings Bank of Millersburg, Ohio"
5006472,ADAGE LLC,1291499,1,Adams Bank & Trust
2867458,FIRST CAPITAL INC,1287594,1,First Harrison Bank
CERT:8011,Savings Bank of Mendocino County,1284117,1,Savings Bank of Mendocino County
3851388,FORWARD MUTUAL HOLDING CO,1283079,1,Forward Bank
2748490,SYNERGY BANCSHARES INC,1282792,1,Synergy Bank
1247987,FIRST SOUTHERN BCORP INC,1282399,1,First Southern National Bank
2286228,CONSUMERS BCORP INC,1279390,1,Consumers National Bank
1416578,LEGEND BCORP INC,1271315,1,"Legend Bank, N.A."
5070192,LEGACY BANCSHARES INC,1269326,1,Legacy Bank
2485487,MERCHANTS BCORP INC,1266936,1,The Merchants National Bank
1137042,STEELE BCORP INC,1266788,1,Central Penn Bank & Trust
1833997,JD BANCSHARES INC,1259065,1,JD Bank
1249703,VOGEL BANCSHARES INC,1257038,1,Iowa State Bank
2937100,CONNECTICUT MUTUAL HOLDING CO,1255449,1,Northwest Community Bank
2883298,COMMERCE B&T HOLDING EMPLOYEE STK OWNERSHIP PLAN,1255376,1,CoreFirst Bank & Trust
1249646,PEOPLES BCORP,1253069,1,Peoples Bank
4974453,BANK OF CENTRAL FL HOLDING CO,1247505,1,Bank of Central Florida
1496253,UNIVERSITY BCORP INC,1242309,1,University Bank
2772990,AMERI-NATIONAL CORP,1241298,1,nbkc bank
2376941,FIRST STATE BCORP INC,1240816,1,First State Bank
3017915,FIRSTAR FINANCIAL CORP,1239358,1,Firstar Bank
1051979,WHITCORP FINANCIAL CO,1238510,2,The Western State Bank
1058558,WOOD&HUSTON BCORP INC,1233304,1,Wood & Huston Bank
1207785,TS BANKING GROUP INC,1232920,3,TS Bank
2805544,FIRST SECURE BANK GROUP INC,1230636,3,First Secure Community Bank
5926413,FB BCORP INC,1226355,1,FIDELITY BANK
1404632,FIRST BANKERS TRUSTSHARES INC,1223841,1,"First Bankers Trust Company, National Association"
1881532,PILOT GROVE SB EMPLOYEE STK OWNERSHIP PLAN,1223296,1,Pilot Grove Savings Bank
2082532,UWHARRIE CAPITAL CORP,1220465,1,Uwharrie Bank
2100089,C S B BANCSHARES INC,1219362,1,Citizens State Bank
CERT:26395,MutualOne Bank,1217844,1,MutualOne Bank
3305434,TNB BANCSHARES INC,1216298,1,Texas National Bank
1866155,PEOPLESSOUTH BANCSHARES INC,1214987,1,PeoplesSouth Bank
1028533,ORIENT BCORP,1214471,1,Bank of the Orient
2834076,NORTH CENTRAL BCORP INC,1211820,1,BankFirst
1063552,SOUTHWEST MISSOURI BCORP INC,1208499,1,Southwest Missouri Bank
1139354,FIRST KANSAS BANCSHARES INC,1208135,1,The First National Bank of Hutchinson
3632493,PROVIDENT FINL HOLDINGS INC,1208112,1,"Provident Savings Bank, F.S.B."
2731586,PACIFIC COAST BANKERS BANCSHARES,1207585,1,Pacific Coast Bankers' Bank
3824261,AMERICAN BCORP INC,1206655,2,American Pride Bank
4517298,PARK CITIES FINL GROUP INC,1206317,1,"Dallas Capital Bank, National Association"
CERT:18200,Dime Bank,1205489,1,Dime Bank
3439179,CITIZENS B&T HOLDINGS INC,1201077,1,Citizens Bank & Trust
1143342,SOLVAY BANK CORP,1197828,1,Solvay Bank
5538197,CW BCORP,1196315,1,Commerce West Bank
2065432,DIMECO INC,1194923,1,The Dime Bank
5292707,COMMUNITY HERITAGE FINL INC,1193543,1,Middletown Valley Bank
CERT:32718,Helm Bank USA,1192829,1,Helm Bank USA
5805657,SR BCORP INC,1189079,1,Somerset Regal Bank
1204618,LONGVIEW CAPITAL CORP,1188975,3,Longview Bank
1142411,EVOLVE BCORP INC,1188644,1,Evolve Bank & Trust
CERT:26620,Reading Co-operative Bank,1186904,1,Reading Co-operative Bank
3897519,FIRST STATE BANK HOLDING CO,1184888,1,First State Bank
1119495,MONTGOMERY BCORP INC,1184557,1,Montgomery Bank
5537079,PB BANCSHARES INC,1184433,1,Premier Bank
1084575,PRIORITYONE CAPITAL CORP,1183847,1,PriorityOne Bank
CERT:27510,Metro Bank,1182553,1,Metro Bank
1978151,FRIENDSHIP BANCSHARES INC,1181463,1,Mid America Bank
2410304,BASTROP BANCSHARES INC,1180522,1,The First National Bank of Bastrop
2619349,FIRST NATIONAL BCORP INC,1180508,1,Anstaff Bank
1207712,PONTIAC BCORP INC,1178764,1,Bank of Pontiac
3035049,AMERICAN CMTY FINANCIAL INC,1177625,1,American Community Bank & Trust
1105078,AMADOR BANCSHARES INC,1174965,1,Citizens Bank of Las Cruces
CERT:58060,First General Bank,1174806,1,First General Bank
1115040,COMMUNITY BCORP,1172186,1,Community National Bank
CERT:9457,The North Side Bank and Trust Company,1172039,1,The North Side Bank and Trust Company
1144107,HONAT BCORP INC,1168760,1,The Honesdale National Bank
1207132,CITIZENS BANK HOLDING INC,1167142,1,Citizens Bank
1117491,FNB BCORP INC,1166108,1,First National Bank and Trust Company of Newtown
3353837,PILOT POINT BCORP INC ESOP,1161379,1,Pointbank
1140127,KATAHDIN BANKSHARES CORP,1158202,1,Katahdin Trust Company
1098031,EDMONTON BANCSHARES INC,1152722,1,Edmonton State Bank
1249495,NORTHERN MO BANCSHARES INC,1150377,3,Farmers Bank of Northern Missouri
CERT:30441,First Federal Bank of Louisiana,1148244,1,First Federal Bank of Louisiana
2294812,DIAMOND BCORP INC,1148041,1,Bank of Washington
1086168,FIRST US BANCSHARES INC,1147614,1,First US Bank
6033998,STURDY BCORP MHC,1143729,1,Sturdy Savings Bank
6075420,TRUSTAR BANKSHARES INC,1143324,1,Trustar Bank
1096550,FIRST ARKANSAS BANCSHARES INC,1140573,1,First Arkansas Bank and Trust
1099896,MOSCOW BANCSHARES INC,1139937,1,The Bank of Fayette County
2534406,PINNACLE BANKSHARES CORP,1139443,1,First National Bank
1357121,CITIZENS BANCSHARES CORP,1137975,1,The Citizens Bank
2881650,BAYFIRST FINANCIAL CORP,1136157,1,BayFirst National Bank
1054840,MIDLAND FINANCIAL CORP,1135748,1,Hilltop National Bank
1056581,FIRST STATE HOLDING CO,1134968,1,First State Bank Nebraska
2770660,COMMERCE BCORP INC,1134517,1,Bank of Commerce
4932798,BK FORWARD EMPLOYEE STK OWNERSHIP PLAN&TR,1130017,1,Bank Forward
1130548,LIBERTY FINANCIAL SERVICES INC,1129360,1,Liberty Bank and Trust Company
1056769,OTTAWA BANCSHARES INC,1125373,3,First Bank Kansas
3462494,O-BANK CO LTD,1125370,1,EverTrust Bank
3070312,FIRST RELIANCE BANCSHARES INC,1125355,1,First Reliance Bank
1144741,FINANCIAL FEDCORP INC,1123486,1,Financial Federal Bank
1200124,NEIGHBOR INSURANCE AGENCY INC,1118564,1,Farmers State Bank
1133165,EVANGELINE BANCSHARES INC,1113786,1,The Evangeline Bank and Trust Company
3008753,AMERICAN BANK INC,1111851,1,American Bank
3842050,SOUTHEASTERN BCORP INC,1111708,1,First Federal Bank
3828698,JAMES R POWELL REVOCABLE TRUST,1111698,1,"Liberty Savings Bank, F.S.B."
1051317,INTL BROTHERHOOD BOILERMAKERS IRON SHIP BUILDERS BLACKSMITHS FORGERS&HELPERS,1110876,1,Bank of Labor
1143203,THREAD BCORP INC,1110596,1,Thread Bank
1493636,WB&T BANKSHARES INC,1109908,3,Guardian Bank
1098590,BANCORP OF SOUTHERN INDIANA,1109838,1,Jackson County Bank
3449075,ST LOUIS BANCSHARES INC,1109444,1,St. Louis Bank
1135374,SECURITY BCORP OF TN INC,1108838,4,Patriot Bank
3722376,TRIAD BCORP INC,1105166,1,Triad Bank
3248821,CITIZENS BANCSHARES INC,1103400,1,The Citizens National Bank of Bluffton
3637939,3MV BCORP INC,1102864,1,Access Bank
5077977,TECTONIC FINANCIAL INC,1102281,1,"T Bank, National Association"
1126037,FINLAYSON BANCSHARES INC,1101992,2,First Independent Bank
3834701,FIRST PALMETTO FINANCIAL CORP,1100982,1,First Palmetto Bank
3798933,PIONEER BCORP INC,1094643,1,Pioneer Bank
1059975,CONVERSE COUNTY CAPITAL CORP,1093243,1,The Converse County Bank
2352196,HARRELL BANCSHARES INC,1091001,1,Generations Bank
6006899,WINCHESTER BCORP MHC,1087221,1,Winchester Savings Bank
1133008,FIRST BERNE FINANCIAL CORP,1087178,1,First Bank of Berne
3815054,SIS BCORP MHC,1087056,1,Partners Bank of New England
CERT:57920,Prime Alliance Bank,1086025,1,Prime Alliance Bank
1129533,AUBURN NATIONAL BCORP INC,1085002,1,AuburnBank
CERT:27267,Amerasia Bank,1084973,1,Amerasia Bank
4974293,AMERI FINANCIAL GROUP INC,1084566,1,First Resource Bank
1136830,NORTH SALEM STATE BCORP THE,1083547,2,The North Salem State Bank
3823321,FIRST COMMAND FINL PLANNING EMPLOYEE STK OWNERSHIP PLAN TR,1081696,1,First Command Bank
6097507,STEPHEN M CALK 2025 TRUST THE,1080675,1,The Federal Savings Bank
3694026,PARKSIDE FINANCIAL INC,1080613,1,Parkside Financial Bank & Trust
3059746,DELLS BANCSHARES INC,1079952,1,Bank of Wisconsin Dells
1099382,COMMERCIAL HOLDING CO,1079676,1,Commercial Bank & Trust Co.
2877336,INSCORP INC,1078594,1,InsBank
1248546,FIRST NB OF BEMIDJI ESOP&TRUST,1078508,1,The First National Bank of Bemidji
4721291,FRONTIER CMTY BANCSHARES INC,1076630,1,Frontier Bank of Texas
4619437,MCGREGOR BANCSHARES INC,1075946,1,The First National Bank of McGregor
1247295,IXONIA BANCSHARES INC,1075557,1,Ixonia Bank
3625123,LEDYARD FINANCIAL GROUP INC,1071557,1,Ledyard National Bank
1065163,FIRST INDEPENDENT BCORP INC,1070151,1,"Brooks Bank, National Association"
CERT:90203,Cape Ann Savings Bank,1069781,1,Cape Ann Savings Bank
1097922,MONTICELLO BANKSHARES INC,1067848,1,The Monticello Banking Company
1099908,PADUCAH BANK SHARES INC,1067411,1,The Paducah Bank and Trust Company
3428502,DS HOLDING CO INC,1066282,1,Core Bank
1131527,CARLSBAD BCORP INC,1066187,1,CNB Bank
3843646,SOUND FINANCIAL BCORP INC,1065857,1,Sound Community Bank
2254508,CB&T HOLDING CORP,1065126,1,Crescent Bank
2947350,NEBRASKALAND FINL SERVICES INC,1064337,1,Nebraskaland Bank
5757185,COMMERCEONE FINANCIAL CORP,1062980,1,CommerceOne Bank
1207392,UNITED BANK FINANCIAL CORP,1062468,1,United Bank of Michigan
1135806,F&M BANCSHARES INC,1062127,1,Centennial Bank
CERT:29657,"Great Midwest Bank, S.S.B.",1061434,1,"Great Midwest Bank, S.S.B."
3818822,FB BCORP,1060938,1,Farm Bureau Bank FSB
2238544,BORDER BANCSHARES INC,1059623,1,Border Bank
3618536,CMG BCORP,1057888,1,Bank Cmg
1416831,COUNTRY BANK SHARES INC,1054570,1,Farmers and Merchants Bank
1055155,FARMERS ENTERPRISES INC,1053887,1,Farmers Bank & Trust
4378529,UTB FINANCIAL HOLDING CO,1053439,1,"United Texas Bank, National Association"
1064915,GN BANKSHARES INC,1053271,1,"GNBank, National Association"
3960897,1889 BCORP MHC,1051449,1,OneLocal Bank
2291727,UNITED BANKERS BCORP INC,1050843,1,United Bankers' Bank
3391727,BELMONT FINANCIAL GROUP INC,1050480,1,Belmont Bank & Trust Company
2022529,CORNHUSKER GROWTH CORP,1049484,1,Cornhusker Bank
3391147,FIRSTIER BCORP,1048233,1,FirsTier Bank
3382846,MAGYAR BCORP INC,1047615,1,Magyar Bank
1109601,UBANK HOLDINGS INC,1046394,1,UBank
2394628,MUTUAL HOLDING CO OF W PA,1046318,1,Brentwood Bank
1248162,BNCCORP INC,1045071,1,BNC National Bank
2603450,MIDWEST CMTY BANCSHARES INC,1042148,1,First Southern Bank
1495854,KEWEENAW FINANCIAL CORP,1042146,1,Superior National Bank
2848804,SECURITY FINL SERVICES CORP,1040797,1,Security Financial Bank
5624205,FREEDOM FINANCIAL HOLDINGS INC,1037780,1,The Freedom Bank of Virginia
3217032,BK JAMES FINL GROUP INC,1033600,1,Bank of the James
4478027,R CORP FINANCIAL,1032360,1,R Bank
CERT:28706,First Federal Savings and Loan Association of Greene Co,1031873,1,First Federal Savings and Loan Association of Greene Co
1096372,ROYAL BANCSHARES INC,1031635,1,Royal Banks of Missouri
4521334,GRAND BCORP INC,1031498,1,Grand Savings Bank
1082375,BRANNEN BANKS OF FLORIDA INC,1030928,1,Brannen Bank
3051571,STURGIS BCORP INC,1028907,1,Sturgis Bank & Trust Company
5735437,PREVAIL MUTUAL HOLDINGS INC,1028213,1,Prevail Bank
1076150,STATE BCORP INC,1026081,1,Clear Mountain Bank
1246926,ALBANY BANCSHARES INC,1025678,1,"Clear Fork Bank, National Association"
6028323,FIRST CENTRAL BCORP INC,1025375,1,First Central Savings Bank
1137266,FIRST SERVICE BANCSHARES INC,1022815,1,First Service Bank
CERT:15987,Walden Savings Bank,1020287,1,Walden Savings Bank
CERT:28599,Olympia Federal Savings and Loan Association,1019363,1,Olympia Federal Savings and Loan Association
2391300,CALVIN B TAYLOR BANKSHARES INC,1018991,1,"Calvin B. Taylor Banking Company of Berlin, Maryland"
2486813,RIVER HOLDING CO,1018687,1,River Bank
1980846,FIRST METRO BCORP,1012341,1,First Metro Bank
3917051,CLEVELAND FAMILY GENERATIONAL TR I,1012028,1,"Presidential Bank, FSB"
5672448,PB FAMILY BANCSHARES INC,1011045,2,Premier Bank Minnesota
1208577,PORT BANCSHARES INC,1009818,1,The Port Washington State Bank
3374935,STORY BANCSHARES,1009751,1,Story Bank DBA Story Financial Partners
1143511,BELLE FOURCHE BANCSHARES INC,1009488,1,Pioneer Bank & Trust
2929383,CORNERSTONE BCORP INC,1007582,1,Cornerstone National Bank & Trust Company
5136810,MAPLE FINANCIAL HOLDINGS INC,1007399,1,MapleMark Bank
5626937,COMMUNITY BCORP BERKSHIRES MHC,1007240,1,Adams Community Bank
5557983,JBT BCORP INC,1005140,1,"Jonestown Bank and Trust Company, of Jonestown, Pennsylvania"
1136269,KIRKPATRICK BCORP INC,1002607,1,Kirkpatrick Bank
CERT:16636,The Torrington Savings Bank,1001277,1,The Torrington Savings Bank
4725589,GOLDEN STATE BCORP,1000102,1,Golden State Bank
3292253,VISION BANCSHARES INC,999611,1,Vision Bank
1076619,F&M FINANCIAL CORP,998750,1,Farmers & Merchants Bank
3058057,HEMET BCORP,998433,1,HCN Bank
2315164,CUIVRE RIVER BANCSHARES INC,994586,1,The Bank of Old Monroe
2506805,FFD FINANCIAL CORP,994585,1,"First Federal Community Bank, National Association"
1209499,PEOPLES BCORP INC,992960,1,Peoples State Bank
1107700,FIRST GRAHAM BCORP INC,992919,1,Ciera Bank
5863264,COSPERITY BCORP INC,992550,1,First Federal Bank of Kansas City
1142242,TENNESSEE STATE BANCSHARES INC,990829,1,Tennessee State Bank
5859388,HOMETOWN BANCSHARES INC,990420,1,"HomeTown Bank, National Association"
1119244,BOYLE BCORP INC,989832,1,The Farmers National Bank of Danville
2466235,INDEPENDENT BANCSHARES INC,989169,2,FM Bank
3404458,FIRST NATIONAL BCORP INC,988867,1,First National Bank of Michigan
3948439,HAVEN BCORP MHC,986876,1,Haven Savings Bank
1125580,MIDWEST BANK GROUP INC,984523,1,Midwest Bank
3398315,EQUITABLE BCORP MHC,983644,1,Coastal Heritage Bank
1086131,FIRST NATL BANKERS BANKSHARES,982970,1,First National Banker's Bank
2339759,IBC BCORP INC,982667,1,International Bank of Chicago
1057243,FIRST NATL BUFFALO BANKSHARES,982644,1,First Northern Bank of Wyoming
5886245,BEACON HOLDING CO INC,982303,1,Beacon Community Bank
3191712,TOLLESON WEALTH MANAGEMENT INC,981963,1,Tolleson Private Bank
3136405,RESOURCE BANKSHARES INC,980745,1,Resource Bank
3921816,COMMUNITY FIRST FINANCIAL CORP,980300,1,Community First Bank of Indiana
2234920,POTOMAC BANCSHARES INC,980213,1,Potomac Bank
6098308,BTG PACTUAL G7 HOLDING SA,978322,1,"BTG Pactual Bank, National Association"
1098509,SECURITY CAPITAL CORP,976545,1,First Security Bank
CERT:57425,Sanibel Captiva Community Bank,976168,1,Sanibel Captiva Community Bank
2332620,DUNDEE BANCO INC,975648,1,Dundee Bank
2684721,ROUND TOP BANCSHARES INC,974057,1,Round Top State Bank
2649588,TRANSPECOS FINANCIAL CORP,972067,1,"Transpecos Banks, SSB"
CERT:15990,Watertown Savings Bank,970986,1,Watertown Savings Bank
1105751,FIRST BAIRD BANCSHARES INC,968323,1,First National Bank and Trust Company of Weatherford
1205905,GREENE INVESTMENT CO,966772,2,Raccoon Valley Bank
5619706,OAK VIEW BANKSHARES INC,966136,1,Oak View National Bank
4442699,LEGACY FINANCIAL INC,963672,1,"Dream First Bank, National Association"
2861492,HARLEYSVILLE FINANCIAL CORP,963589,1,Harleysville Bank
CERT:32203,Summit State Bank,959783,1,Summit State Bank
1491333,BAINUM BCORP,957206,1,Diamond Bank
4167974,PRIME MERIDIAN HOLDING CO,956408,1,Prime Meridian Bank
3385511,HENDERSON TEXAS BANCSHARES INC,953909,1,Texas Bank
2010759,KILLBUCK BANCSHARES INC,953780,1,The Killbuck Savings Bank Company
1086449,FIRST MCMINNVILLE CORP,952383,1,The First National Bank of Middle Tennessee
CERT:27394,First Bank & Trust Co.,952058,1,First Bank & Trust Co.
1083587,FIRST STATE CORP,951506,1,First State Bank
5812954,MO ARK BANCSHARES INC,950691,1,Stone Bank
1058343,FIRST BCORP OF OKLAHOMA INC,949873,1,First National Bank of Oklahoma
3444203,KUJAWA FAMILY HOLDINGS INC,949397,1,The Farmers & Merchants Bank
4970268,C3 BCORP,949272,1,"C3bank, National Association"
3595020,MIDWEST REGIONAL BCORP INC,948967,1,Midwest Regional Bank
3450521,EVERGREEN BANCSHARES INC,948266,1,American Bank of Freedom
4442523,CIRCLE I BANK GROUP INC,947176,1,Western Bank
CERT:27238,Winchester Co-operative Bank,946884,1,Winchester Co-operative Bank
1133455,MID-MISSOURI BANCSHARES INC,946738,1,Mid-Missouri Bank
1105528,FIRST GRANBURY BCORP,946349,1,The First National Bank of Granbury
2016340,FIRST COMMUNITY BCORP INC,943790,1,First Community Bank of Tennessee
1086122,FIRST FARMERS BANCSHARES INC,942795,1,The Farmers Bank
3049617,NEW PEOPLES BANKSHARES INC,942461,1,"New Peoples Bank, Inc."
4923497,ATLANTIC CMTY BANCSHARES INC,942042,1,Atlantic Community Bankers Bank
1097070,FIRST NATIONAL HOLDING CO,939718,1,FNB Oxford Bank
CERT:6137,Bank of Botetourt,939409,1,Bank of Botetourt
1123885,FARMERS STATE CORP,939274,1,United Prairie Bank
1494343,PAWNEE HOLDING CO INC,938970,1,Security Bank
CERT:58297,Pinnacle Bank,936970,1,Pinnacle Bank
3220836,DAINGERFIELD HOLDING CO,936370,1,Texas Heritage National Bank
3465909,FIRST COMMERCE BCORP INC,935084,1,First Commerce Bank
CERT:58469,"American Plus Bank, N.A.",935046,1,"American Plus Bank, N.A."
3213922,NEWFIRST FINANCIAL GROUP INC,934933,1,NewFirst National Bank
2337081,PASSUMPSIC BCORP,934455,1,Passumpsic Savings Bank
2615154,BEO BCORP,933601,1,Bank of Eastern Oregon
4459848,FRANKLIN BCORP MHC,931389,1,Franklin Savings Bank
1128581,VERMILLION BANCSHARES INC,931375,1,Vermillion State Bank
1249383,OXFORD BANK CORP,930519,1,Oxford Bank
1205996,GREENFIELD BANCSHARES INC,930490,1,Greenfield Banking Company
1135404,FIRST WATERLOO BANCSHARES INC,929324,1,First National Bank of Waterloo
1085255,WEST ALABAMA CAPITAL CORP,928951,1,West Alabama Bank & Trust
3100349,LEGENDS FINANCIAL HOLDINGS INC,927663,1,Legends Bank
4208961,JRMB II INC,924516,2,"FSNB, National Association"
3447400,VALLIANCE FINANCIAL CORP,923291,1,Valliance Bank
1117213,PALM BCORP,921494,1,First Northern Bank and Trust Company
CERT:26559,"StonehamBank,  A Co-operative Bank",918261,1,"StonehamBank,  A Co-operative Bank"
1117512,JUNIATA VALLEY FINANCIAL CORP,917861,1,The Juniata Valley Bank
4211831,CENTURY NEXT FINANCIAL CORP,916376,1,Century Next Bank
1129618,LIZTON FINANCIAL CORP,916099,1,State Bank
3157549,FINWISE BCORP,915475,1,FinWise Bank
1054550,F&M BANCSHARES INC,915290,1,F&M Bank
1095889,FIRST ILLINOIS BCORP INC,915166,1,Lindell Bank & Trust Company
1062135,SPIRIT BANKCORP INC,912801,1,SpiritBank
3958821,ALCAR INC,912610,1,DR Bank
5809673,GBH INC,911924,1,VersaBank USA National Association
1834396,GENEVA STATE CO,911086,1,Heartland Bank
1200405,TOWN FINANCIAL CORP,908766,1,"Citizens State Bank of New Castle, Indiana"
4645324,PARAGON FINL SOLUTIONS INC,908076,1,Paragon Bank
CERT:59286,Thrivent Bank,905602,1,Thrivent Bank
4465559,LAKE SHORE III CORP,903807,2,Hiawatha National Bank
1138188,FIRST AMERICAN BCORP,901901,1,First American Bank and Trust Company
3736690,GREENFIELD BCORP MHC,901813,1,Greenfield Co-operative Bank
5011832,NMB FINANCIAL CORP,899076,1,New Millennium Bank
CERT:26442,"Terrabank, National Association",897724,1,"Terrabank, National Association"
3735152,FIRST STATE BCORP INC,897175,1,Fortress Bank
2395326,MECHANICS FINANCIAL CORP,896438,1,Mechanics Bank
5217483,MOUNTAIN PACIFIC BCORP INC,896432,1,Mountain Pacific Bank
4442596,VISIONBANKSHARES INC,896116,1,VISIONBANK OF IOWA
3831625,BMC BANCSHARES INC,896113,1,"Titan Bank, N.A."
2198563,PROPHETSTOWN BANKING CO,895663,1,Farmers National Bank
3920118,WINDSOR FEDERAL MHC,895437,1,Windsor Federal Bank
1141021,LOUISE BANCSHARES INC,895174,1,The First State Bank
1126149,CROSSTOWN HOLDING CO,894830,1,21st Century Bank
1869987,FIRST BANCSHARES STEVENSON INC,893481,1,First Southern State Bank
3219577,UBT BANCSHARES INC,892914,1,United Bank & Trust
5009026,BANCORP 34 INC,892796,1,Southwest Heritage Bank
5719307,SEATTLE BANCSHARES INC,891449,1,Seattle Bank
4466912,WAKEFIELD BCORP MHC,890995,1,The Savings Bank
3194683,TRADITIONS BANCSHARES INC,890938,1,Traditions Bank
1084593,CENTRAL STATE BCORP,890704,1,Central State Bank
1416701,FIRST BCORP INC,889887,1,First Bank
1830361,NEWFIELD BCORP INC,889115,1,Newfield National Bank
3435845,FIRST LIBERTY HOLDINGS LLC,885016,1,First Liberty Bank
1964668,CITIZENS BANK GROUP INC,883758,1,Pioneer Bank
1051081,FIRST NEBRASKA BANCS INC,877585,1,Points West Community Bank
1134564,FIRST INDEPENDENCE CORP,875302,1,First Independence Bank
5041521,FARMERS&MERCHANTS BANCSHARES,874465,1,Farmers and Merchants Bank
2155276,KS BCORP INC,874460,1,"KS Bank, Inc."
1233627,FIRST LIBERTY NATL BANCSHARES,873243,1,First Liberty Bank
3184219,CENTRA VENTURES INC,872309,1,Falcon National Bank
2653071,JEWEL BOX FINL SERVICES INC,872148,1,Farmers and Merchants Union Bank
5423547,BOGOTA FINANCIAL MHC,871758,1,Bogota Savings Bank
1071502,UNITED BCORP INC,871724,1,Unified Bank
1142439,HAWAII NATIONAL BANCSHARES INC,871698,1,Hawaii National Bank
3364178,BV FINANCIAL INC,868706,1,BayVanguard Bank
CERT:29009,Liberty Bank for Savings,868650,1,Liberty Bank for Savings
1207945,RESOURCE BANCSHARES INC,868634,1,"Resource Bank, National Association"
5097340,FIELDPOINT PRIVATE HOLDINGS,867112,1,Fieldpoint Private Bank & Trust
1891317,BLUE RIDGE BANCSHARES INC,866612,1,Blue Ridge Bank and Trust Co.
1416448,COLWICH FINANCIAL CORP,864965,1,Legacy Bank
1126318,WALKER BAN CO,864309,1,First National Bank North
CERT:58069,Bank of San Francisco,863552,1,Bank of San Francisco
1109227,WESTERN COM BANCSHARES CARLSBAD,863536,1,Western Commerce Bank
3356632,1870 HOLDINGS INC,860835,2,Midwest Bank
2684543,PEOPLES HOLDING CO INC,859237,1,The Peoples Bank Co.
1099140,FIRST BCORP INC,858583,2,The First National Bank of Russell Springs
3326176,BNA BANCSHARES INC,855706,1,BNA Bank
4805829,HARMONY BANCSHARES INC,855269,1,Harmony Bank
CERT:19532,Skowhegan Savings Bank,855010,1,Skowhegan Savings Bank
1246252,PUTNAM-GREENE FINANCIAL CORP,854977,4,Farmers & Merchants Bank
4902906,RHINELAND BANCSHARES INC,854488,1,PSB Bank
1248573,SECURITY STATE BANCSHARES INC,854141,1,Focus Bank
1067532,COMMUNITY BANCSHARES INC,853137,1,Community National Bank
1106365,MANSFIELD BANCSHARES INC,852855,1,Community Bank of Louisiana
3816547,HOMELAND BANCSHARES INC,850385,3,Homeland Federal Savings Bank
3216754,FREEDOM BANCSHARES OF S MO INC,850072,1,Freedom Bank of Southern Missouri
3086210,FIRST FINANCIAL HOLDING CO LTD,849866,1,First Commercial Bank (USA)
3137082,ALLEGHENY BANCSHARES INC,849733,1,"Pendleton Community Bank, Inc."
1204337,FIDELITY BAN CORP,846173,1,BankIowa
3033045,PIPER HOLDINGS INC,844615,1,The Fountain Trust Company
1076525,FIRST CAROLINA BANCSHARES CORP,844589,1,Carolina Bank & Trust Co.
3547887,MILLENNIUM BCORP INC,844463,1,Millennium Bank
4902465,OLD FT BK EMPLOYEE STK OWNERSHIP&401-K PLAN,843865,1,The Old Fort Banking Company
1099690,FNBC BCORP INC,843316,1,FNBC Bank
1141601,UNISOUTH INC,843004,1,United Southern Bank
3808113,BOSP BANCSHARES INC,841180,1,Bank of Sun Prairie
5690134,FIRST RESOURCE BCORP INC,840919,1,First Resource Bank
1027992,FIRST UTAH BCORP,840298,1,First Utah Bank
1095414,AMERICAN CNTL FINL GROUP INC,840081,1,Prairie State Bank and Trust
2876544,HSB BCORP INC,838796,1,Hebron Savings Bank
5010844,FREEDOM BCORP INC,838268,1,Freedom Bank
1122422,NORTHEAST SECURITIES CORP,837317,1,Northeast Bank
1210244,CRYSTAL VALLEY FINANCIAL CORP,836222,1,First State Bank of Middlebury
3400937,HANA FINANCIAL GROUP INC,835237,1,"Hana Bank USA, National Association"
1135628,DMB CORP INC,835042,1,DMB Community Bank
1206667,WEST SHORE BANK CORP,833574,1,West Shore Bank
3282713,TIMBERLINE BCORP,832564,1,Timberline Bank
CERT:893,Citizens Bank,832450,1,Citizens Bank
3136982,JCO VENTURES LLC,831914,1,Arthur State Bank
2997739,FIRST CENTURY BCORP,831624,1,"First Century Bank, National Association"
1057962,QUAIL CREEK BANCSHARES INC,831201,1,Quail Creek Bank
1141384,GREATER SW BANCSHARES INC,829755,1,Bank of the West
5786185,BARWICK BCORP INC,829615,1,Barwick Banking Company
1210048,ORION BCORP INC,829150,2,BankOrion
1208157,GRINNELL BANCSHARES INC,828922,2,Grinnell State Bank
3720082,PLAINS ACQUISITION CORP,828404,1,Plains State Bank
3793125,COMMUNITY FSB HOLDING CO,826976,1,Community Federal Savings Bank
3066922,PREMIER HOLDINGS LTD,826499,1,Premier Bank
3152423,OREGON PACIFIC BCORP,825432,1,Oregon Pacific Banking Company dba Oregon Pacific Bank
2519038,CITIZENS BCORP,823403,1,Citizens Bank
2339544,BANCORP OF NEW GLARUS INC,823152,1,The Bank of New Glarus
5718627,ENDEAVOR BCORP,822656,1,Endeavor Bank
1136577,MACON BANCTRUST INC,820507,1,Macon Bank and Trust Company
1139532,CIB MARINE BANCSHARES INC,819740,1,CIBM Bank
1099122,WILSON&MUIR BCORP INC,818397,1,Wilson & Muir Bank & Trust Company
3807899,FIRST FREEDOM BANCSHARES INC,817794,1,First Freedom Bank
1053777,OSAWATOMIE AGENCY INC THE,817581,1,First Option Bank
1491904,ROYAL BANCSHARES INC,816093,1,Royal Bank
1071463,CUMBERLAND VALLEY FINL CORP,816053,1,Cumberland Valley National Bank & Trust Company
1022997,PUEBLO BCORP,815168,1,PB&T Bank
1140930,CARDINAL BCORP INC,812872,1,CNB St Louis Bank
1134069,FCN BANC CORP,812493,1,"FCN Bank, National Association"
4894588,FIRST GREENWICH FINANCIAL INC,812287,1,The First Bank of Greenwich
4816320,PROMISEONE BCORP INC,812160,1,PromiseOne Bank
1200496,HOW-WIN DEVELOPMENT CO,812110,1,CUSB Bank
2795702,MINSTER FINANCIAL CORP,811604,1,Minster Bank
CERT:1715,Citizens 1st Bank,810982,1,Citizens 1st Bank
1140266,FIRST HOLDING PARK RIVER,810841,1,First United Bank
2061162,PIONEER BANKCORP INC,810512,1,First Bank
1135646,CLAIBORNE HOLDING CO INC,809789,1,First Century Bank
5725997,MAVERICK BANCSHARES INC,809141,1,Maverick Bank
3370508,MONSON FINANCIAL SERVICES MHC,806333,1,Monson Savings Bank
2909200,CNB FINANCIAL SERVICES INC,805671,1,"CNB Bank, Inc."
5474820,ANCHOR BCORP INC,805517,1,Anchor Bank
2749031,CITIZENS BK EMPLOYEE STK OWNERSHIP&RETIREMENT SVG PLAN,804307,1,The Citizens Bank
1098152,FRANKLIN BCORP INC,803588,1,Franklin Bank & Trust Company
3482102,MRV FINANCIAL CORP,803087,1,MRV Banks
5986136,BACKLUND INV EMPLOYEE STK OWNERSHIP PLAN,802820,2,Better Banks
5406223,WEST FLORIDA BANK CORP,802809,1,Flagship Bank
1122310,BRIDGER CO THE,802733,1,"Bank of Bridger, National Association"
2700500,PRIMEBANK INC,800575,1,Primebank
2257228,NEW INDEPENDENT BANCSHARES INC,798096,1,The New Washington State Bank
CERT:34599,"The Pitney Bowes Bank, Inc.",796327,1,"The Pitney Bowes Bank, Inc."
3802858,AMERICAN FEDERAL CORP,795836,1,American Federal Bank
1107009,FIRST SAN BENITO BANCSHARES,794385,1,First Community Bank
1201738,SECURITY AGENCY INC,794121,1,Decorah Bank & Trust Company
1246962,FARMERS BCORP INC OF MARION KY,793954,1,Farmers Bank and Trust Company
5116353,RIVER VALLEY COMMUNITY BCORP,793113,1,River Valley Community Bank
2628994,FIRST W BANCSHARES EMPLOYEE STK OWNERSHIP TR,792662,1,First Western Bank
3093919,SV FINANCIAL INC,790755,1,Sauk Valley Bank & Trust Company
2108227,FARMERS STATE FINANCIAL CORP,790327,1,Farmers State Bank
1078958,CITIZENS BANCSHARES CORP,790287,1,Citizens Trust Bank
1363980,BIG SIOUX FINANCIAL INC,788411,1,Reliabank Dakota
2022725,ALBRECHT FINL SERVICES INC,787947,1,City State Bank
CERT:29809,First Savings Bank of Hegewisch,787046,1,First Savings Bank of Hegewisch
4098537,QUONTIC BANK ACQUISITION CORP,787018,1,Quontic Bank
2596758,FSB BCORP MHC,786863,1,Franklin Savings Bank
CERT:26455,Savers Co-operative Bank,783177,1,Savers Co-operative Bank
3223855,PONKAPOAG BCORP MHC,782536,1,The Bank of Canton
4439354,EMPLOYEES STK OWNERSHIP PLAN CENLAR CAPITAL,782039,1,Cenlar FSB
3364600,MISSION VALLEY BCORP,782004,1,Mission Valley Bank
2775160,COMMUNITY FIRST BANCSHARES INC,781602,1,Community First Bank
4947541,MILLENNIUM BANCSHARES INC,780768,1,Millennium Bank
5687273,PBCO FINANCIAL CORP,776717,1,People's Bank of Commerce
CERT:19101,Harford Bank,776634,1,Harford Bank
1209181,HOME STATE BCORP INC,775950,1,"Home State Bank, National Association"
1124659,HIGHLAND BANCSHARES INC,775919,1,Highland Bank
2326179,IBW FINANCIAL CORP,774247,1,Industrial Bank
5164448,BRIGHT FORCE HOLDING INC,773829,1,"American Bank, National Association"
3831269,CHARLEROI FINANCIAL MHC,773377,1,CFSBANK
1142970,CITIZENS FINANCIAL CORP,772465,1,"Citizens Bank of West Virginia, Inc."
4472249,WESTBURY BCORP INC,771888,1,Westbury Bank
1136689,MIDSOUTH BCORP,771483,1,MidSouth Bank
1209695,ITASCA BCORP INC,770773,1,Itasca Bank & Trust Co.
1133174,PEOPLES FINANCIAL CORP,770659,1,"The Peoples Bank, Biloxi, Mississippi"
1105443,SCHERTZ BANCSHARES CORP,770133,1,Schertz Bank & Trust
1119347,JACKSON FINANCIAL CORP,769966,1,"FNB Bank, Inc."
CERT:59086,Primary Bank,769549,1,Primary Bank
2536642,ANB BANCSHARES INC,768884,1,"Sage Capital Bank,"
1200852,HY-VEE INC,768310,1,"Midwest Heritage Bank, FSB"
3810956,LIBERTY CAPITAL BANCSHARES INC,767870,1,Liberty Capital Bank
1095852,WEST PLAINS BANCSHARES INC,767869,1,West Plains Bank and Trust Company
3348011,SAINT JOSEPH BANCSHARES ACQUISITIONS,766524,2,Sentry Bank
3334489,OPTUS FINANCIAL CORP,764188,1,OPTUS Bank
3033746,BAC FINANCIAL INC,761910,1,BAC Community Bank
6000749,JANE AUSTIN CHAPMAN MGNT L C,761734,1,First State Bank
1140958,GREEN BELT BCORP,758705,1,Green Belt Bank & Trust
1127146,ALLIANCE FINL SERVICES INC,755850,1,Alliance Bank
CERT:34313,Eaglemark Savings Bank,755671,1,Eaglemark Savings Bank
1084481,FIRST CHATSWORTH BANKSHARES,754705,1,First National Community Bank
1140211,FIRST HOLDING CO CAVALIER INC,751561,1,United Valley Bank
1889538,FIRST BERLIN BCORP INC,750376,1,Fortifi Bank
1071388,GENBANC INC,747848,1,The Genoa Banking Company
1095722,TOWN&COUNTRY BANCSHARES INC,747729,1,Town & Country Bank
3195756,CLINTON FINANCIAL SERVICES MHC,744700,1,Clinton Savings Bank
2658496,PLOETZ INVESTMENTS PARTNERSHIP,744547,1,Bank of Prairie du Sac
2729499,OCONEE FINANCIAL CORP,744122,1,Oconee State Bank
5581607,NATIONAL CAPITAL BCORP INC,742180,1,The National Capital Bank of Washington
1206395,FIRST OF WAVERLY CORP,739902,1,First Bank
5458745,COMMENCEMENT BCORP INC,739604,1,Commencement Bank
3537990,PLATINUM BCORP INC,739060,1,Platinum Bank
2148586,LEA COUNTY BANCSHARES INC,738343,1,Lea County State Bank
2269977,MBT CORP,738183,1,Manufacturers Bank & Trust Company
1104325,KLEBERG&COMPANY BANKERS INC,736776,1,"Kleberg  Bank, N.A."
5580712,PEOPLES BCORP INC,736713,1,"The Peoples State Bank of Newton, Illinois"
2558505,FIRST NEIGHBORHOOD BANCSHARES EMPLOYEE STK OWNERSHIP PLAN,736010,1,"First Neighbor Bank, National Association"
3793086,LAKE SHORE BCORP INC,735882,1,Lake Shore Bank
1122963,CHIPPEWA VALLEY AGENCY LTD,735805,1,Chippewa Valley Bank
1119431,GREENVILLE BANCSHARES INC,735215,1,Peoples Community Bank
1134041,FIRST BK SHARES OF THE S E INC,734824,1,FNB SOUTH
1020582,WOODTRUST FINANCIAL CORP,734754,1,WOODTRUST BANK
1094480,BYRON B WEBB INC,733311,1,HomeBank
3147625,TCB CORP,732955,1,Countybank
3837962,AXIOM BANCSHARES INC,732391,1,"Axiom Bank, National Association"
1126121,DAIRY STATE BCORP INC,730298,1,Dairy State Bank
2618614,QUEENSTOWN BCORP OF MD INC,729528,1,The Queenstown Bank of Maryland
5139969,D2 ALLIANCES LLC,729344,1,Grandview Bank
1099980,MNB BANCSHARES INC,728383,1,The Malvern National Bank
1101726,TEXAS GULF BANCSHARES INC,726942,1,"Texas Gulf Bank, National Association"
1246542,NW BANCSHARES INC,725616,1,Northwestern Bank
1209743,LUXEMBURG BANCSHARES INC,723372,1,Bank of Luxemburg
3583700,AMG NATIONAL CORP,722874,1,AMG National Trust Bank
2456919,BRADFORD BCORP INC,722824,1,The Bradford National Bank of Greenville
2184333,FIRST SONORA BANCSHARES INC,721953,1,The First National Bank of Sonora
1208933,ALBANK CORP,721796,1,Albank National Association
5801257,WDCO VENTURES LLC,720897,1,Prism Bank
3189894,WEED INVESTMENT GROUP INC,720859,1,The Eastern Colorado Bank
3094121,DOCKING BANCSHARES INC,719142,1,Union State Bank
3027268,METRO NORTH BANCSHARES INC,719068,1,The Bank of Elk River
3471889,GLENVILLE BANK HOLDING CO INC,719046,1,First National Bank of Scotia
CERT:17123,Artisans' Bank,718226,1,Artisans' Bank
4305477,FIRST ILLINOIS CORP,717520,1,Hickory Point Bank and Trust
1121788,FIDELITY CORP,717008,1,First Fidelity Bank
2577766,EDGAR COUNTY BANC SHARES INC,715630,1,Prospect Bank
1143678,MCINTOSH CNTY BK HOLDING,715563,2,Unison Bank
2098412,PILGRIM BCORP,714560,1,Pilgrim Bank
3223828,FLORIDA CAPITAL GROUP INC,713145,1,"Florida Capital Bank, National Association"
1065967,GRAND CAPITAL CORP,712799,1,Grand Bank
2536857,COMMUNITY BANK CORP,712767,1,Time Bank
1404735,PTB CORP,712508,1,"Pioneer Trust Bank, National Association"
1099805,UNION BANKSHARES INC,710191,1,Union Bank
6122146,DMMS MANAGEMENT LLC,709982,1,M C Bank & Trust Company
5952551,EAGLE BCORP MHC,708976,1,Eagle Bank
1139804,PUTNAM BANCSHARES INC,704221,1,Putnam County Bank
1109544,FIRST BURKBURNETT BANCSHARES,703566,1,First Bank
1203125,OAKLAND FINANCIAL SERVICES INC,701698,1,Arbor Bank
1070484,CITIZENS BANCSHARES INC,700903,1,The Citizens National Bank of Somerset
3246425,CB FINANCIAL CORP,696396,1,County Bank
CERT:5867,Bank of Ocean City,694973,1,Bank of Ocean City
3034248,CENTRAL ALABAMA BANCSHARES INC,694298,1,First Community Bank of Central Alabama
1128040,FIRST FINANCIAL CORP,694056,1,BankNorth
4415929,ODESSA SW BANCSHARES INC,693660,1,Southwest Bank
1141870,BAKER BOYER BCORP,692859,1,Baker-Boyer National Bank
3800797,REDWOOD FINANCIAL INC,691865,1,HomeTown  Bank
3137729,CENTRAL TEXAS FINANCIAL CORP,691811,1,Citizens National Bank
1131853,AMCORP FINANCIAL INC,691486,1,American Nation Bank
2227687,MINERS&MERCHANTS BCORP INC,690754,1,TruPoint Bank
1207208,CITBA FINANCIAL CORP,690633,1,Citizens Bank
1135909,EAST TEXAS BANCSHARES INC,689298,1,First State Bank of Livingston
2942869,ROUTT COUNTY BCORP INC,687604,1,Yampa Valley Bank
1055726,FIRST NATL CORP OF ARDMORE INC,686745,1,First National Bank and Trust Company of Ardmore
2389996,AMERICAN MW FINANCIAL CORP,686611,1,First Federal Savings Bank
1054091,MIDSTATE BCORP INC,686469,1,Legacy Bank
1048504,JEFFERSONVILLE BCORP,686247,1,"Jeff Bank, National Association"
2785459,ASIAN FINANCIAL CORP,685892,1,Asian Bank
CERT:30397,Geddes Federal Savings and Loan Association,685729,1,Geddes Federal Savings and Loan Association
1206573,MIDAMERICA NATL BANCSHARES INC,685045,1,MidAmerica National Bank
1133370,FIRST ANTLERS BCORP INC,684342,1,FirstBank
CERT:25158,"Finance Factors, Ltd.",683726,1,"Finance Factors, Ltd."
4442224,INFIRST BCORP MHC,683196,1,InFirst Bank
1098581,COUNTRY BCORP INC,683067,1,"Constitution Bank, National Association"
1249682,COMMUNITYBANC INC,680084,1,The Community Bank
4234054,OCONEE FEDERAL MHC,679380,1,Oconee Federal Savings and Loan Association
2313704,FIRST SOUTHERN BANCSHARES INC,679154,1,First Southern Bank
CERT:29624,First Federal Savings and Loan Association of McMinnville,678693,1,First Federal Savings and Loan Association of McMinnville
1055847,HENDERSON STATE CO,678451,1,Henderson State Bank
2142306,FARMERS BCORP INC,678408,1,Farmers Bank
1245509,STEPHENSON NATIONAL BCORP INC,676836,1,The Stephenson National Bank and Trust
1097838,HARDIN COUNTY BANCSHARES INC,676671,1,The Hardin County Bank
1098385,SVB&T CORP,675306,1,Springs Valley Bank & Trust Company
1143052,FIRST APPLE RIVER CORP,675231,1,Apple River State Bank
1143959,PEOPLES LTD,674545,1,PS Bank
1205026,VAN DIEST INVESTMENT CO,674287,1,First State Bank
1138106,NEW TRIPOLI BCORP INC,673984,1,New Tripoli Bank
2972530,THUMB BCORP EMPLOYEE STK OWNERSHIP PLAN,673292,1,Thumb Bank and Trust
1076105,BANK OF SOUTHSIDE VA CORP THE,670315,1,The Bank of Southside Virginia
1071623,CITIZENS NATIONAL CORP,669889,1,"Citizens Bank of Kentucky, Inc."
3048991,TXN BANCSHARES INC,669161,1,TXN Bank
1139840,FIRST ST BANCSHARES BLAKELY,668198,1,First State Bank of Blakely
1132896,FIRST COMMUNITY FINANCIAL CORP,667947,1,Pennian Bank
1202098,UNION BCORP INC,667468,1,Community State Bank
1053339,COUNTRY AGENCIES&INVESTMENTS,667099,1,Bank of Odessa
2557414,CONCORDIA CAPITAL CORP,667023,1,Concordia Bank & Trust Company
2152734,POCA VALLEY BANKSHARES INC THE,666227,1,"The Poca Valley Bank, Inc."
5164541,MBT BANCSHARES INC,666037,1,Metairie Bank & Trust Company
1977154,COMMUNITY BCORP OF LA INC,665541,1,United Community Bank
1108985,CALDWELL HOLDING CO,664769,3,Caldwell Bank & Trust Company
2505929,COASTAL BEND BANCSHARES INC,662791,1,First Community Bank
5759200,MESA WEST BCORP,662303,1,Four Corners Community Bank
4771960,BLAIR HOLDINGS INC,662263,1,Washington County Bank
3612794,ABBY BCORP INC,662202,1,AbbyBank
1848825,CARROLL FINANCIAL SERVICES INC,662057,1,Carroll Bank and Trust
1020395,SOUTHERN NATIONAL CORP,661943,1,CCB Community Bank
3846003,COMMUNITY FINANCIAL MHC,661897,1,The Bank of Bennington
3451603,HOMETOWN BCORP OF ALABAMA INC,660676,1,The Hometown Bank of Alabama
1840753,BRUNING BANCSHARES INC,659944,1,Bruning Bank
1086298,SOUTH LOUISIANA FINANCIAL CORP,659836,1,South Louisiana Bank
2007218,WSB BANCSHARES INC,659733,1,Wellington State Bank
4101428,FIRST ST BCORP COMBINED RETIREMENT BENEFIT PLAN,658983,1,"First State Bank and Trust Company, Inc."
2017673,GBC HOLDINGS INC,658463,1,GBC International Bank
3587427,OAK RIDGE FINL SERVICES INC,658107,1,Bank of Oak Ridge
2531245,CARVER BCORP INC,658052,1,Carver Federal Savings Bank
3228681,FIRST SOUTHWEST BCORP INC,657464,1,First Southwest Bank
2762384,CAMERON FINANCIAL CORP,657456,1,"Classic Bank, National Association"
1051380,GOPPERT FINANCIAL CORP,657375,2,Goppert State Service Bank
5076215,MARINE BCORP OF FLORIDA INC,657265,1,Marine Bank & Trust Company
3609132,FIRST HOPE BCORP,656678,1,"First Hope Bank, A National Banking Association"
1209480,PEOPLE FIRST BANCSHARES INC,656601,1,Peoples Bank & Trust
5399950,MIDDLESEX FEDERAL MHC,654367,1,"Middlesex Federal Savings, F.A."
1825367,MIDSTATES BANCSHARES INC,653874,1,"Midstates Bank, National Association"
5654426,PACIFIC VALLEY BCORP,653300,1,Pacific Valley Bank
1056415,CITIZENS NATIONAL CORP,652991,1,Citizens State Bank
CERT:16101,The Milford Bank,652010,1,The Milford Bank
1057908,FIRST NB GILLETTE HOLDING CO,651928,1,First National Bank of Gillette
1131750,HIGHLANDS BANKSHARES INC,651305,2,Highlands Bank
3368185,ABDO INVESTMENTS INC,651092,1,BankVista
2484417,FIRST BANCSHARES INC,650796,1,Stockmens Bank
1085572,FIRST SECURITY BANKSHARES INC,650600,1,Northeast Georgia Bank
1492956,FIRST EAGLE BANCSHARES INC,649615,1,First Eagle  Bank
1840221,ARNESON BANCSHARES INC,649331,1,Clear Lake Bank and Trust Company
1102200,COMMUNITY CO THE,649072,1,"Community Bank & Trust, Waco, Texas"
3788783,RELIANCE BCORP MHC,648920,1,Reliance Savings Bank
5301140,FOOTE FINANCIAL SERVICES LLC,648754,1,Outdoor Bank
3720000,MODERN BANK MANAGEMENT LLC,648549,1,"Modern Bank, National Association"
1123782,CLAYTON BANKSHARES INC,648501,1,Citizens State Bank of La Crosse
1841004,TESCOTT BANCSHARES INC,648341,1,The Bank of Tescott
CERT:29995,Phoenixville Federal Bank and Trust,648020,1,Phoenixville Federal Bank and Trust
5307638,DOMINION BANCSHARES INC,647363,1,Dominion Bank
CERT:26487,Walpole Co-operative Bank,646470,1,Walpole Co-operative Bank
1085303,JEANERETTE 1ST NATL BCORP INC,646453,1,The First National Bank of Jeanerette
1210646,STILLMAN BANCCORP INC,645634,1,Stillman BancCorp N.A.
4253121,HOME FEDERAL BCORP INC OF LA,644022,1,Home Federal Bank
2632571,AMERICAN STB HOLDING CO INC,643470,1,American State Bank & Trust Company of Williston
1062760,HIGH PLAINS BANKING GROUP INC,643130,1,High Plains Bank
1491481,FIRST ELDORADO BANCSHARES INC,642942,1,Legence Bank
3045011,MAUCH CHUNK TR FINANCIAL CORP,642783,1,Mauch Chunk Trust Company
1071566,GREENVILLE NATIONAL BCORP,641498,1,Greenville National Bank
1099195,LBT BANCSHARES INC,641344,1,Bank & Trust Company
3368916,CHECKSPRING COMMUNITY CORP,640951,1,Spring Bank
3014950,WOODLANDS FINL SERVICES CO,640262,1,Woodlands Bank
1098161,RICH LAND BCORP INC,640220,1,TrustBank
1110278,SNB FINANCIAL INC,640047,1,The State National Bank of Big Spring
CERT:18592,First Bank of Owasso,639268,1,First Bank of Owasso
3963526,FIRST MISSOURI BANCSHARES INC,639088,1,Verimore Bank
1969506,TRI-COUNTY BCORP INC,638618,1,Tri-County Bank
CERT:23966,OneUnited Bank,637943,1,OneUnited Bank
4136046,STEELE BANCSHARES INC,637822,1,American State Bank
5462975,HB HOLDINGS MHC,636836,1,Haverhill Bank
1119271,LINN HOLDING CO,635540,1,Legends Bank
CERT:19525,Mt. McKinley Bank,635232,1,Mt. McKinley Bank
2560508,CENTURY BCORP MHC,634824,1,Century Savings Bank
1064027,FIRST BANKSHARES LAS ANIMAS,634277,1,First National Bank Colorado
1492291,BOSCOBEL BCORP INC,634077,1,Community First Bank
1132391,SOUTHWEST VA BANKSHARES INC,634069,1,The Bank of Marion
1109571,CENTRAL LOUISIANA CAPITAL CORP,631971,1,Delta Bank
3681316,QUAINT OAK BCORP INC,631468,1,Quaint Oak Bank
5989847,FIRST NATL BANCSHARES LA INC,631070,1,First National Bank of Louisiana
1121993,GUARANTY DEVELOPMENT CO,630350,1,American Bank
3610437,BANKTENNESSEE BANCSHARES INC,630255,1,BankTennessee
1978414,FIRST BANCSHARES CORP,629487,1,"First Bank, Upper Michigan"
1200245,PELLA FINANCIAL GROUP INC,628650,1,Marion County State Bank
3180408,COMMUNITY BANKS OF GEORGIA INC,628587,1,Community Bank of Pickens County
1129823,SOUTHERN NATIONAL BANKS INC,628511,1,FNBT BANK
2941769,EUREKA BANCSHARES INC,628453,1,CS Bank
CERT:58691,BlueHarbor Bank,628408,1,BlueHarbor Bank
CERT:27686,Slovenian Savings and Loan Association of Canonsburg,626985,1,Slovenian Savings and Loan Association of Canonsburg
1054000,EXCHANGE BANKSHARES CORP OF KS,626801,1,Exchange Bank & Trust
3362923,SCALE HOLDING CO,626677,1,Scale Bank
1110045,AMERICAN NATL BANCSHARES INC,625218,1,"American Bank, National Association"
1048858,TSB SERVICES INC,625189,1,Tioga State Bank National Association
1082058,SOUTHEASTERN BANKING CORP,624919,1,Southeastern Bank
1082601,PORT CITY HOLDING CO INC,623944,1,First Port City Bank
CERT:17348,South Story Bank & Trust,623907,1,South Story Bank & Trust
5114368,SUNRISE BANCSHARES INC,622885,1,Sunrise Bank
1098929,SOUTHERN ILLINOIS BCORP INC,622202,1,The First National Bank of Carmi
1130164,DEMOTTE BCORP,622049,1,DeMotte State Bank
1249600,PHELPS CNTY BK EMPLOYEE STK OWNERSHIP PLAN,621719,1,Phelps County Bank
CERT:28914,Evergreen Federal Bank,621553,1,Evergreen Federal Bank
1205950,GNB BCORP,621332,1,GNB Bank
CERT:29537,First Federal Bank & Trust,621052,1,First Federal Bank & Trust
2107305,FAIRFIELD BANCSHARES INC,620899,1,The Fairfield National Bank
CERT:18038,Claremont Savings Bank,619704,1,Claremont Savings Bank
1133026,HORIZON BANKSHARES INC,618692,1,NBT Financial Bank
1889565,ILLINOIS STATE BCORP INC,618201,2,First Nations Bank
CERT:58203,NewBank,617994,1,NewBank
1200777,EASTER ENTERPRISES INC,617971,1,Farmers Trust and Savings Bank
3439610,ES BANCSHARES INC,617793,1,Empire State Bank
1137855,DECATUR INVESTMENT INC,617258,1,The Bank
2558484,DUNN INVESTMENT CO,616834,1,Farmers & Merchants Savings Bank
3848258,FFW CORP,616124,1,Crossroads Bank
CERT:34259,Crown Bank,614282,1,Crown Bank
1131488,COMMUNITY FINANCIAL CORP,613590,1,Community Savings Bank
4441414,MADISON COUNTY FINANCIAL INC,613167,1,Madison County Bank
CERT:28348,Belmont Savings Bank,612927,1,Belmont Savings Bank
2224408,FIRST PRYOR BCORP INC,612688,2,First Pryority Bank
1057980,ARKANSAS VALLEY BANCSHARES INC,612338,1,AVB Bank
1083185,ANDREW JOHNSON BANCSHARES INC,611858,1,Andrew Johnson Bank
1055089,HERITAGE GROUP INC,611641,1,Heritage Bank
CERT:20093,All America Bank,611477,1,All America Bank
2757111,CAPITAL BCORP INC,611382,1,Commercial Capital Bank
1247183,MERCER COUNTY STATE BCORP INC,611253,1,Mercer County State Bank
2732574,CENTRAL SOUTH BCORP INC,610436,1,Peoples Savings Bank
1246944,GENBEACH CO INC,609826,1,Peoples Exchange Bank
3066977,HFB FINANCIAL CORP,608940,1,Hearthside Bank Corporation
CERT:21978,Frontier State Bank,608627,1,Frontier State Bank
5475890,GOLDEN VALLEY BANCSHARES INC,604748,1,Golden Valley Bank
4520953,AMERICAN HERITAGE HOLDING CO,604661,1,American Heritage National Bank
1139868,RANGE FINANCIAL CORP,604142,1,Range Bank
6073985,FIRST FEDERAL COMMUNITY MHC,603645,1,"First Federal Community Bank, SSB"
CERT:58588,Partners Bank of California,602153,1,Partners Bank of California
3822687,GRACE INV CO INC ESOP THE,601348,1,Wisdom Heritage Bank
1207468,W S B INC,601122,1,Washington State Bank
1099814,MARIES COUNTY BCORP INC,600499,1,The Maries County Bank
3701269,SAGEBRUSH PARTNERS LLLP,599377,1,Grand Valley Bank
1136540,NORTH SHORE FINANCIAL CORP,598527,1,North Shore Bank of Commerce
2497211,FORSYTH BANCSHARES INC,598515,1,The Citizens Bank of Georgia
CERT:30155,"Hatboro Federal Savings, FA",597767,1,"Hatboro Federal Savings, FA"
1076329,PALMETTO STATE BANKSHARES INC,597494,1,Palmetto State Bank
1904963,RMB BANCSHARES INC,597401,1,Regional Missouri Bank
CERT:28859,First Piedmont Federal Savings and Loan Association of Gaffney,597116,1,First Piedmont Federal Savings and Loan Association of Gaffney
CERT:3193,The Falls City National Bank,597107,1,The Falls City National Bank
1081622,SOUTH BANKING CO,597074,1,Pineland Bank
CERT:59185,Gulf Capital Bank,596450,1,Gulf Capital Bank
1135114,CITIZENS BCORP OF NEW ULM INC,595964,1,Citizens Bank Minnesota
1057216,REEVES BANCSHARES INC,595206,1,Cattlemens Bank
1084829,WAYNE COUNTY BANCSHARES INC,595120,1,Wayne County Bank
1071913,ANDOVER BCORP INC,595104,1,The Andover Bank
1246515,FIRST GILMER BANKSHARES INC,594788,1,The First National Bank of East Texas
1107830,FIRST NM FINANCIAL CORP,594544,3,First New Mexico Bank
1245741,HERKY HAWK FINANCIAL CORP,594400,1,Citizens State Bank
3836901,CREST SAVINGS BCORP MHC,594240,1,Crest Savings Bank
5340587,MNB FINANCIAL SERVICES INC,594103,1,MNB BANK
3952940,TRI VALLEY BANCSHARES INC,593442,1,Riverstone Bank
1136287,HCB FINANCIAL CORP,592373,1,Highpoint Community Bank
1100000,INDEPENDENT S BANCSHARES INC,591890,1,INSOUTH Bank
2356082,FIRST UNITED BCORP INC,591360,1,First United Bank and Trust Company
1985131,BERKSHIRE FINL SERVICES INC,591159,1,Lee Bank
1099449,BANCSHARES OF EASTERN AR INC,589488,1,First National Bank of Eastern Arkansas
5589939,1895 BCORP OF WISCONSIN INC,588736,1,"PyraMax Bank, FSB"
1491801,PEOPLES FINL CORP OF IL INC,587626,1,Peoples National Bank of Kewanee
2590644,HOLLY SPRINGS BANCSHARES INC,587508,1,Bank of Holly Springs
2246400,KINGSTON BANCSHARES INC,586277,1,Kingston National Bank
3575787,FREEDOM BCORP,585737,1,Freedom Bank
1096176,EXCHANGE BANCSHARES INC,585564,1,"First Kentucky Bank, Inc."
4841069,WASHINGTON SAVINGS MHC,585335,1,Washington Savings Bank
3018958,FIRST NATL BANCSHARES HUNTSVILLE,584870,1,First National Bank of Huntsville
1141629,FIRST AMERICAN BANKSHARES INC,583852,1,PremierBank
1105014,WESTEX BCORP INC,583769,1,"The Bank and Trust, S.S.B."
1133660,WNB HOLDING CO,583746,1,"WNB FINANCIAL, N.A."
CERT:20568,Lumbee Guaranty Bank,583492,1,Lumbee Guaranty Bank
1983070,BELLWOOD COMMUNITY HOLDING CO,581917,1,Bank of the Valley
1097061,PEOPLES CORP THE,581801,1,The Peoples Bank
1081097,MANSURA BANCSHARES INC,581618,1,Cottonport Bank
1201532,F N B C OF LA GRANGE INC,581583,1,FNBC Bank & Trust
5335378,MERIT HOLDINGS LLC,581582,1,Merit Bank
1129047,CITIZENS BANCSHARES INC,581012,1,Citizens State Bank
5515415,SUNSTATE BANCSHARES INC,580359,1,Sunstate Bank
1055762,FIRST OF MCALESTER CORP,580353,1,First National Bank & Trust Company of McAlester
3535437,1895 MHC,580268,1,Bay State Savings Bank
1100309,MEADE BCORP INC,580117,2,Meade County Bank
CERT:27824,Salem Co-operative Bank,579997,1,Salem Co-operative Bank
1105685,LIVE OAK BANCSHARES CORP,578803,1,"SouthTrust Bank, N.A."
3219474,CITIZENS BCORP OF VIRGINIA INC,577555,1,Citizens Bank and Trust Company
1248368,CARDINAL BCORP II INC,577546,1,United Bank of Union
5955851,KARNES CNTY NATL BANCSHARES,577379,1,The Karnes County National Bank of Karnes City
5371479,FIRST SEACOAST BCORP INC,576306,1,First Seacoast Bank
3832284,FIRST BCORP OF INDIANA INC,575607,1,First Federal Savings Bank
1122990,KIMBERLY LEASING CORP,574753,1,Unity Bank
1136102,GIBSLAND BANCSHARES INC,574319,1,Gibsland Bank & Trust Company
CERT:14327,Horizon Bank,574260,1,Horizon Bank
3306356,ENTERPRISE HOLDING CO,573973,1,Enterprise Bank
CERT:29838,First Federal Savings and Loan Association of Lorain,573808,1,First Federal Savings and Loan Association of Lorain
2521059,MID-AMERICA BANKSHARES INC,573253,1,Mid-America Bank
5105432,INTRACOASTAL BCORP INC,573182,1,Intracoastal Bank
2297701,BANK OF SOUTH CAROLINA CORP,571241,1,The Bank of South Carolina
1247231,FIRST STATE FREMONT INC,570154,1,RVR Bank
2764977,SOUTH GEORGIA BANK HOLDING CO,570107,1,South Georgia Banking Company
5535637,HYPERION BANCSHARES INC,569877,1,Hyperion Bank
1209248,BARABOO BCORP INC THE,569602,1,Baraboo State Bank
5314748,BUCKEYE STATE BANCSHARES INC,569249,1,Buckeye State Bank
CERT:57543,"Trinity Bank, N.A.",569129,1,"Trinity Bank, N.A."
1491548,ALTON BANCSHARES INC,568924,1,Table Rock Community Bank
2623001,PANHANDLE BANCSHARES INC,568688,1,Panhandle First Bank
2468275,BANCORP OF LUCEDALE INC,566204,1,Century Bank
5850143,JSB FINANCIAL INC,566071,1,Jefferson Security Bank
3552032,REDWOOD CAPITAL BCORP,566043,1,Redwood Capital Bank
2411619,SOONER SW BANKSHARES INC,565941,4,Oklahoma Capital Bank
2299992,FIRST COML FINL CORP,565931,1,"First Commercial Bank, National Association"
5725821,FMB BANCSHARES INC,565839,1,Farmers and Merchants Bank
1142372,CORNERSTONE FINL SERVICES GROUP,565445,1,South Ottumwa Savings Bank
2339610,CAPITOL BANKSHARES INC,565303,1,Capitol Bank
2356701,PEOPLES FLEMING CNTY BCORP INC,564890,1,"Peoples Bank of  Kentucky, Inc."
3466504,PEOPLES BANKTRUST INC,563262,1,Peoples Bank & Trust
1082692,FIRST SOUTHWEST CORP,562943,1,First Bank
4421564,BELLEVILLE BCORP INC,562888,1,Bank of Belleville
5860179,CENTRAL PLAINS BANCSHARES INC,562858,1,Home Federal Savings and Loan Association of Grand Island
3923342,JONAH BANKSHARES,562802,1,Jonah Bank of Wyoming
3442795,TRISTAR BANCSHARES INC,562678,1,TriStar Bank
1082478,TWIN CITIES FINL SERVICES INC,562116,1,CBBC Bank
2524911,PONTOTOC BANCSHARES CORP,561000,1,First Choice Bank
1081686,SOUTHWEST SECURITY INC,560698,1,United Mississippi Bank
1126671,KODA BANCOR INC,559839,1,KodaBank
1975459,FIRST STATE BANCSHARES INC,558088,1,First State Bank
1203769,STATE CENTER FINANCIAL INC,557818,1,Central State Bank
CERT:57093,Northwestern Mutual Wealth Management,557733,1,Northwestern Mutual Wealth Management
1206658,LARCH BCORP INC,557378,1,Security Savings Bank
2306993,1ST JACKSON BANCSHARES INC,557329,2,"First Jackson Bank, Inc."
3045721,CHICKASAW BANC HOLDING CO,557057,1,Chickasaw Community Bank
1143566,SUNMARK BANCSHARES INC,556590,1,Sunmark Community Bank
6081298,TEXAS TRADITIONS BANCSHARES,555927,1,Texas Traditions Bank
5686098,NAVE HOLDINGS INC,555006,1,Nave Bank
5715064,LUMINATE CAPITAL CORP,554513,1,Luminate Bank
2514136,NORTHEAST INDIANA BCORP INC,553577,1,First Federal Savings Bank
1139738,COMMUNITY FINANCIAL CORP,553569,1,Community State Bank
1136214,MIDDLEBURY NATIONAL CORP,553549,1,The National Bank of Middlebury
1249299,COMMERCIAL NATL FINL CORP,552692,1,Commercial Bank
2668589,PORTAGE BANCSHARES INC,552199,1,Portage Community Bank
1210749,M S B BCORP INC,552101,1,Premier Community Bank
5617645,GOLDWATER BCORP INC,551943,1,"Goldwater Bank, N.A."
1097249,WEST TENNESSEE BANCSHARES INC,551838,1,Bank of Bartlett
4993173,FAYETTE BANCSHARES INC,551829,1,"Fayette Savings Bank, SSB"
4261005,FARMERS STATE BANCSHARES INC,551638,1,Nebraska Bank
2510428,MOUND CTY FINL SERVICES INC,550667,1,Mound City Bank
1907106,GATO HOLDINGS INC,549992,1,Northern State Bank of Thief River Falls
1061987,KING BANCSHARES INC,548444,1,Citizens Bank of Kansas
CERT:26922,The Cooperative Bank,548294,1,The Cooperative Bank
3015582,GIDEON MANAGEMENT L L C,548246,1,Silver Lake Bank
1136988,TURNER BANCSHARES INC,548017,1,Belgrade State Bank
1132579,NATIONWIDE BANKSHARES INC,547900,1,CHARTER WEST BANK
CERT:5885,The Farmers Bank of Willards,547649,1,The Farmers Bank of Willards
3069633,FNC BCORP INC,547471,1,First National Bank of Coffee County
2904960,MURPHY-PAYNE INVESTMENTS LTD,547414,1,First State Bank and Trust Company
1491641,CARLSON BANCSHARES INC,546819,1,Fidelity Bank
1095843,MAGNOLIA BANCSHARES INC,546325,1,"Magnolia Bank, Incorporated"
CERT:8853,Glenwood State Bank (Incorporated),545208,1,Glenwood State Bank (Incorporated)
CERT:29835,Milford Federal Bank,545081,1,Milford Federal Bank
CERT:29800,Lisle Savings Bank,544528,1,Lisle Savings Bank
1060524,WAMEGO BANCSHARES INC,544519,1,Bank of the Flint Hills
1057784,LABETTE COUNTY BANKSHARES INC,544419,1,Labette Bank
1401154,FRIENDSHIP BCORP,543777,1,The Friendship State Bank
3929821,TALL CITY BANCSHARES INC,543558,1,Bank of Texas
5444935,EATON FED MUTUAL HOLDING CO,543451,1,Eaton Community Bank
4230216,AUSTIN COUNTY BANCSHARES INC,542962,1,Austin County State Bank
4237998,JORGENSON WILLISTON HOLDING CO,542573,1,First State Bank & Trust
1084203,MERCHANTS&FARMERS BANCSHARES,541448,1,Merchants & Farmers Bank & Trust Company
1357037,FORT MADISON FINANCIAL CO,540910,1,Connection Bank
2227182,FINANCIAL CORP OF LOUISIANA,540519,1,Rayne State Bank & Trust Company
1109496,HERRING BCORP INC,540503,1,Herring Bank
1951891,VAST HOLDINGS INC,540408,1,"Vast Bank, National Association"
1127847,VERNON CENTER BANCSHARES INC,538319,1,Community Bank Mankato
1207815,CEDAR VALLEY BANKSHARES LTD,538199,1,First Security Bank and Trust Company
2631435,HOGAN INVESTMENTS I INC,537913,1,Bank of Dudley
1055696,C S B CO,537000,1,Homestead Bank
CERT:17262,Essex Bank,536624,1,Essex Bank
5905614,SOLVTRUST FINANCIAL CORP,536110,1,Pan American Bank & Trust
CERT:59188,Triad Business Bank,536046,1,Triad Business Bank
1416550,FIRST STATE BANCSHARES INC,535197,1,"First State Bank of St. Charles, Missouri"
5975952,VARN FINANCIAL CORP,535133,1,Enterprise Bank of South Carolina
5278411,JAMESTOWN TRUST#3,534750,1,Shoreham Bank
3832592,BANCKENTUCKY INC,534147,1,The Murray Bank
CERT:8695,Bank of Lake Mills,533754,1,Bank of Lake Mills
5980358,SB FINANCIAL INC,533381,1,Southern Bank of Tennessee
1128527,PROFINIUM FINL HOLDINGS INC,533111,1,"Profinium, Inc."
CERT:27884,Huntington Federal Savings Bank,532286,1,Huntington Federal Savings Bank
5926918,FIFTH DISTRICT BCORP INC,531766,1,Fifth District Savings Bank
1056657,PEOPLES BANKSHARES LTD THE,531095,1,The Peoples Bank
2550143,CITIZENS BCORP INC,531041,1,Citizens Community Bank
1134845,FIRST NATIONAL BCORP INC,530272,1,"First Montana Bank, Inc."
2728157,BERKSHIRE BCORP INC,529978,1,The Berkshire Bank
2360043,LAKE ELMO BANCSHARES INC,529749,1,Lake Elmo Bank
1210730,RIGLER INVESTMENT CO,529640,1,Peoples Bank
3833834,HIGH COUNTRY BCORP INC,528482,1,High Country Bank
5613236,ENTREPRENEURS BANCSHARES INC,527148,1,EntreBank
2863946,ASSOCIATED COMMUNITY BCORP INC,526018,1,"Connecticut Community Bank, National Association"
CERT:30260,Cross County Savings Bank,525421,1,Cross County Savings Bank
1203536,WHITEWATER BCORP INC,525244,1,First Citizens State Bank
2032724,FIRST STATE BANCSHARES INC,525087,1,First State Bank of DeQueen
3260216,UNITED CMTY BANCSHARES INC,524948,1,"United Community Bank of West Kentucky, Inc."
3386246,ENTERPRISE EMPLOYEE STK OWNERSHIP PLAN,524622,1,Enterprise Bank
4488857,SELECT BANK FINANCIAL CORP,524446,1,Select Bank
1126989,COULEE BANCSHARES INC,524374,1,Coulee Bank
1098741,GERMANTOWN BANC CORP,523623,1,Germantown Trust & Savings Bank
4771979,DANES HOLDINGS INC,523571,1,The Shelby County State Bank
4841041,EQUITABLE FINANCIAL CORP,523535,1,Equitable Bank
3828054,MSB CAPITAL CORP,523437,1,"United Midwest Savings Bank, National Association"
2961347,WOODFORD BANCSHARES INC,523354,1,Woodford State Bank
1989241,DENALI BCORP INC,522646,1,Denali State Bank
1131901,EMMETSBURG BANK SHARES INC,521983,1,Iowa Trust & Savings Bank
2950716,SAVINGS BCORP INC,520058,1,The Savings Bank
CERT:15463,State Bank of De Kalb,519892,1,State Bank of De Kalb
4357252,CKH CAPITAL INC,517936,1,"New OMNI Bank, National Association"
1108789,BRENHAM BANCSHARES INC,517689,1,The Brenham National Bank
5046816,BIG CREEK BANCSHARES INC,516927,1,Armor Bank
1246805,CENTRAL BANK CORP,516761,1,Central Savings Bank
3441275,CHINO COMMERCIAL BCORP,516688,1,"Chino Commercial Bank, N.A."
1248779,WELLS BANCSHARES INC,516611,1,Connections Bank
1133820,CALUMET BCORP INC,516519,1,State Bank of Chilton
1249271,POWELL VALLEY BANKSHARES INC,516491,1,Powell Valley National Bank
CERT:24332,First Credit Bank,515839,1,First Credit Bank
1059340,TONGANOXIE BANKSHARES INC,514926,1,First State Bank and Trust
5609453,FIRST PACIFIC BCORP,514360,1,First Pacific Bank
1085929,GULF COAST BANCSHARES INC,513667,1,Gulf Coast Bank
3385137,FIRST FINANCIAL BANCSHARES INC,513206,1,Great American Bank
1493672,CSRA BANK CORP,512694,1,First State Bank
2558194,FIRST ROBINSON FINANCIAL CORP,512141,1,"First Robinson Savings Bank, National Association"
1842935,FIRST BCORP INC,512060,1,State Bank Financial
CERT:15969,Rondout Savings Bank,512033,1,Rondout Savings Bank
1097098,CALLAWAY SECURITY BANKS INC,511521,1,The Callaway Bank
5589836,GRAHAMJB6 CO,511354,1,Citizens State Bank
1976625,CBA BANKSHARES INC,511051,1,Citizens Bank of Americus
4215745,TXRB HOLDINGS INC,510633,1,"Texas Republic Bank, National Association"
2848073,MILES BANCSHARES INC,509944,1,The Bank of Advance
2310217,FIRST ST BCORP MONTICELLO EMPLOYEE STK OWNERSHIP PLAN,509624,1,First State Bank and Trust
1398768,CASEY COUNTY BCORP INC,508413,1,"The Casey County Bank, Inc."
3153260,OLMSTED HOLDING CORP,508184,1,Eagle Rock Bank
CERT:29035,"Hancock County Savings Bank, F.S.B.",508027,1,"Hancock County Savings Bank, F.S.B."
3916326,GRAND RIVER COMMERCE INC,507301,1,Grand River Bank
CERT:17214,Citizens State Bank,507038,1,Citizens State Bank
CERT:18227,Stafford Savings Bank,507036,1,Stafford Savings Bank
CERT:58401,Mega Bank,506664,1,Mega Bank
1206676,ELLETTSVILLE BANCSHARES INC,506621,1,The Peoples State Bank
5679326,ODOM AMTEX HOLDINGS TRUST THE,506380,3,Bridge City State Bank
2156451,FIRST TRUST FINANCIAL CORP,505974,1,"First Community Bank of the Heartland, Inc."
CERT:58184,Merchants Commercial Bank,505964,1,Merchants Commercial Bank
1100046,STATE HOLDING CO,505674,1,Eagle Bank and Trust Company
CERT:59154,Piermont Bank,505063,1,Piermont Bank
3027754,CORNERSTONE BANCSHARES INC,504939,1,Cornerstone Bank
1208504,ILLINOIS VALLEY BCORP INC,504711,1,Grundy Bank
4189314,PEOPLES BANCSHARES INC,503471,1,Peoples Bank
CERT:11113,Hamlin Bank and Trust Company,503390,1,Hamlin Bank and Trust Company
CERT:35533,First Electronic Bank,502862,1,First Electronic Bank
1119525,WASHCO BANCSHARES INC,502638,1,UNICO Bank
CERT:28701,Ambler Savings Bank,502301,1,Ambler Savings Bank
1131451,REPUBLIC FINANCIAL CORP,502120,1,Southwest National Bank
4264789,JED TRUST THE,501794,1,"Colonial Savings, F.A."
2728652,PETEFISH SKILES BANCSHARES INC,501622,1,"Petefish, Skiles & Co."
2996648,SHAMROCK BANCSHARES EMPLOYEE STK OWNERSHIP PLAN,501461,1,"Shamrock Bank, N.A."
CERT:3339,The First National Bank of Mertzon,500293,1,The First National Bank of Mertzon
1210525,NAPOLEON BCORP,499218,1,The Napoleon State Bank
2387152,UNIVERSAL FINL SERVICES INC,499011,1,First State Bank and Trust
1099654,FIRST VANDALIA CORP,498909,1,The FNB Community Bank
1020854,BANK MANAGEMENT INC,498084,1,FirstBank of Nebraska
2124795,SOUTHEAST BANCSHARES INC,497495,1,Bank of Commerce
1138955,CHAMPLAIN BANK CORP,497060,1,Champlain National Bank
3958867,EAGLE FINANCIAL CORP,496687,1,Casey State Bank
3272947,AMERICAN COM BANCSHARES INC,495670,1,"American Commerce Bank, National Association"
4096645,PBS BANCSHARES INC,495508,1,People's Bank of Seneca
2048789,COMMUNITY BANCSHARES CORP,494589,1,TruBank
CERT:27269,Dean Co-operative Bank,494314,1,Dean Co-operative Bank
1491856,CENTURY FINANCIAL CORP,493988,1,Century Bank and Trust
CERT:18237,Jewett City Savings Bank,493863,1,Jewett City Savings Bank
1056992,NORTON BANKSHARES INC,493174,1,The First State Bank
1106628,CBC INC,493107,1,The Citizens Bank of Clovis
1209172,OLD O BRIEN BANC SHARES INC,492270,1,Security State Bank
CERT:15966,Fulton Savings Bank,492262,1,Fulton Savings Bank
CERT:28780,Arundel Bank,492082,1,Arundel Bank
4953337,BANC3 HOLDINGS INC,491787,1,Bank3
1916948,HIGH POINT FINL SERVICES INC,491597,1,Solutions Bank
3837542,ASHECO MHC INC,491321,1,LifeStore Bank
2043850,CENTURY BCORP INC,490737,1,Century Bank and Trust
CERT:26799,EvaBank,490603,1,EvaBank
3223293,1ST STATE FINANCIAL LTD,490075,1,1st State Bank
3636389,BHCB HOLDING CO,489706,1,"Black Hills Community Bank, N.A."
1129065,CITIZENS BANCSHARES WOODVILLE,488201,1,Citizens State Bank
1056684,NBM CORP,488053,1,"The Bank, National Association"
1119365,SPRINGFIELD BANKSHARES INC,486925,1,Springfield State Bank
2857598,OAK FINANCIAL INC,486337,1,Oak Bank
2582452,OSB BCORP INC,485771,1,Osgood Bank
CERT:30315,First Federal Savings Bank of Lincolnton,485771,1,First Federal Savings Bank of Lincolnton
1081136,PLANTERS FIRST BCORP,485694,1,Planters First Bank
5530632,ECLIPSE BCORP INC,485690,1,"Eclipse Bank, Inc."
1918755,PEOPLES IND BANCSHARES INC,485680,1,Peoples Independent Bank
5117592,WALLKILL VALLEY BCORP MHC,484967,1,Wallkill Valley Federal Savings and Loan Association
3116498,ORCHID FINANCIAL BCORP INC,484737,1,American Eagle Bank
1202838,ANITA BCORP,484409,1,Rolling Hills Bank & Trust
CERT:59144,Ohio State Bank,483982,1,Ohio State Bank
CERT:5873,Woodsboro Bank,483327,1,Woodsboro Bank
1060168,LAS VEGAS BCORP INC,482915,1,Southwest Capital Bank
CERT:27664,"Sterling Federal Bank, F.S.B.",481614,1,"Sterling Federal Bank, F.S.B."
2168931,F&C BCORP INC,481005,1,F & C Bank
1138610,AMBANK HOLDINGS INC,480853,1,"American Bank and Trust Company, National Association"
1084472,CITIZENS BCORP INC,480828,1,Citizens Bank & Trust Company
1139792,IOWA STATE BANK HOLDING CO,480546,1,Iowa State Bank
1063619,FIRST MIDWEST ACQUISITION CORP,480189,1,FNB Community Bank
6052850,HOYNE BCORP INC,479907,1,Hoyne Savings Bank
CERT:90268,Seamen's Bank,478455,1,Seamen's Bank
2344650,FSB BANCSHARES INC,478050,1,First State Bank
1133567,FULDA BCORP INC,477821,1,First National Bank
1056983,ATOKA STATE BCORP INC,477720,1,Ameristate Bank
2807810,M&F BCORP INC,475992,1,Mechanics & Farmers Bank
2511313,INDEPENDENT BCORP LTD,475453,1,BLC Community Bank
1133400,LOUISIANA BANCSHARES INC,474030,1,Louisiana National Bank
1248854,ORBISONIA COMMUNITY BCORP INC,473456,1,Community State Bank of Orbisonia
1357082,HAZARD BCORP,473233,1,Pbt Bancorp
3047172,AMERICAN BCORP OF MN INC,473220,1,American National Bank of Minnesota
1053357,FARM&HOME INSURANCE AGENCY INC,472630,1,First Northeast Bank of Nebraska
1132814,FARMERS BANCSHARES INC,471968,1,The Farmers Bank and Savings Company
1135422,CNB CORP,470958,1,Citizens National Bank of Cheboygan
1140097,NEFFS BCORP INC,470812,1,The Neffs National Bank
1207673,MID-IOWA BANCSHARES CO,470727,1,Iowa State Bank
1062706,WESTERN OK BANCSHARES INC,469696,1,Bank of Western Oklahoma
1060131,STOCKTON BANCSHARES INC,469458,1,SOLUTIONS NORTH BANK
4764346,LAKE FINANCIAL CORP,469413,1,Lake-Osceola State Bank
2267937,SUMMIT BANCSHARES LTD,469292,1,First National Bank in Olney
1103999,GOLDTHWAITE BANCSHARES INC,467170,1,MCBank
2504285,FNB CO,467161,1,The First National Bank of Livingston
CERT:14836,First National Bank in New Bremen,467062,1,First National Bank in New Bremen
1246681,CITIZENS CORP,466261,1,Citizens Bank
3823198,OREGON BCORP INC,465422,1,Willamette Valley Bank
3631012,KEYSTRONG FINANCIAL INC,465167,1,Elderton State Bank
5626964,SECURITY FEDERAL MUTUAL BCORP,464413,1,Security Federal Savings Bank
1417418,TCB BANCSHARES INC,463730,1,The Commercial Bank
3593295,GC BCORP INC,463108,1,Gold Coast Bank
2355870,GRANDVIEW BANKSHARES INC,463077,1,Local Bank
CERT:9831,Alden State Bank,463060,1,Alden State Bank
2526755,RBC INC,462662,1,Robertson Banking Company
2504874,BANCSHARES INC THE,461983,1,The Bank
1206201,INDEPENDENCE BANCSHARES INC,461927,1,Northeast Security Bank
1123410,STERLING FINANCIAL GROUP INC,461880,1,Sterling State Bank
1138393,WARREN COUNTY BANCSHARES INC,461453,1,The Missouri Bank
1204841,NORTHWOOD FINL SERVICES CORP,460803,1,NSB Bank
CERT:28836,United Savings Bank,460566,1,United Savings Bank
1071342,MCCREARY BANCSHARES INC,460172,1,United Cumberland Bank
3184853,INTEGRITY CAPITAL HOLDINGS INC,459560,1,Integrity Bank & Trust
5579604,BANKFLORIDA BCORP INC,459504,1,BankFlorida
1210217,BIPPUS STATE CORP,458882,1,The Bippus State Bank
1125683,PHILIP BCORP INC,458390,1,First National Bank in Philip
2960630,SHELBY BANCSHARES INC,457435,1,"Shelby Savings Bank, SSB"
1107090,DELHI BANCSHARES INC,457395,1,"Guaranty Bank & Trust Company of Delhi, Louisiana"
4096494,CULLMAN BCORP INC,456656,1,Cullman Savings Bank
1131956,ENNIS BANCSHARES INC,456638,1,Trinity Capital Bank of Texas
CERT:17959,The Dolores State Bank,456306,1,The Dolores State Bank
3403161,PEOPLES BANCSHARES OF TN INC,456076,1,Peoples Bank of East Tennessee
2861773,TERRE HAUTE SAVINGS MHC INC,455656,1,The Hometown Savings Bank
1138405,ALLIANCE BCORP,454838,1,Alliance Bank
1118911,HAMBAC INC,454383,1,The Lincoln National Bank of Hodgenville
CERT:58234,Pacific Alliance Bank,454372,1,Pacific Alliance Bank
CERT:58470,Hometown Bank of Pennsylvania,453854,1,Hometown Bank of Pennsylvania
2591258,EDISON BANCSHARES INC,453745,1,Edison National Bank
1058286,DENISON BANCSHARES INC HOLTON,453577,1,The Denison State Bank
1208148,FIRST LENA CORP,453297,1,Citizens State Bank
1119628,NEW ERA BCORP INC,453114,1,New Era Bank
2522337,FIRST ALAMOGORDO BCORP NV INC,452824,1,First National Bank
2215451,CITY NATIONAL BANCSHARES INC,452420,1,The City National Bank of Colorado City
2465283,PARIS BANCSHARES INC,452142,1,The Liberty National Bank in Paris
CERT:26393,The Pittsfield Co-operative Bank,451501,1,The Pittsfield Co-operative Bank
2961226,GOERING MANAGEMENT CO LLC,450637,1,The Citizens State Bank
CERT:59148,Watermark Bank,450535,1,Watermark Bank
6122436,GREATAMERICA HOLDINGS INC,449962,1,GreatAmerica Bank National Association
1061660,WELCH BANCSHARES INC,449812,1,"Welch State Bank of Welch, Okla."
CERT:26028,The Bank of East Asia Ltd.,449643,1,The Bank of East Asia Ltd.
2325912,FIRST PEOPLES BANKSHARES INC,449359,1,First Peoples Bank
1060850,FINANCIAL SECURITY CORP,449139,1,Security State Bank
5616189,TRUNORTH BCORP MHC,448682,1,North Brookfield Savings Bank
1135105,MADISON BANK CORP,448109,1,Bank of Madison
1085965,LAFAYETTE BANKSHARES INC,446778,1,"The Bank of LaFayette, Georgia"
2359917,KENSINGTON BCORP INC,446697,1,Kensington Bank
2916020,PEOPLES FINANCIAL GROUP INC,446694,1,The Peoples Bank
1050495,CENTRAL BANCSHARES INC,446328,3,United Republic Bank
3392881,OREGON COAST BANCSHARES INC,446289,1,Oregon Coast Bank
5841963,LEXICON BCORP,446242,1,Lexicon Bank
1827718,MIDWEST BCORP INC,445778,1,Star Bank
4552981,PLAINS BANCSHARES INC,445593,1,Bank of the Plains
1139998,FIRST VERNON BANCSHARES INC,445356,1,The Bank of Vernon
4262525,PB BANCSHARES EMP STK OWNERSHIP PLAN,445335,1,Peoples Bank
1082786,RIVERHILLS CAPITAL CORP,445157,1,RiverHills Bank
2072793,COMMUNITY BANCSHARES EMPLOYEE STK OWNERSHIP PLAN,445058,1,Community Bank and Trust
1115406,GRAND BANK CORP,444849,1,The National Grand Bank of Marblehead
1129672,CITY NATIONAL BANKCORP INC,444355,1,The City National Bank of Metropolis
3348897,GB BANK GROUP INC,444247,1,Glennville Bank
5109672,NOBLE BANCSHARES INC,444047,1,NobleBank & Trust
1104978,JAMES POLK STONE CMTY BANCSHARES,443786,1,The James Polk Stone Community Bank
5534863,SNYDER HOLDING CO,443718,1,West Texas State Bank
CERT:58311,Community Bank Delaware,443590,1,Community Bank Delaware
4087830,PREMIER COMMERCE BCORP INC,443317,1,Grand Ridge National Bank
1106990,TEXAS COUNTRY BANCSHARES INC,442987,2,The First National Bank of Ballinger
5586862,TEXAS COMMUNITY BANCSHARES INC,442833,1,Broadstreet Bank S S B
1881680,HONOR BCORP INC,442745,1,Honor  Bank
2180223,COMMUNITY BANCSHARES MARYSVILLE,442401,1,The Citizens State Bank
1207860,CSB FINANCIAL HOLDINGS INC,441882,1,Community State Bank
1061156,JONES NATIONAL CORP,441170,1,JONES BANK
1203910,COUNTRY BCORP,441165,4,Hiawatha Bank and Trust Company
CERT:58780,Spring Bank,440734,1,Spring Bank
2128944,OOSTBURG BCORP INC,440178,1,Oostburg State Bank
1210468,PSB CORP,439690,2,Denver Savings Bank
1119217,MORGANTOWN DEPOSIT BCORP INC,439663,1,"Morgantown Bank & Trust Company, Incorporated"
3324387,CLOVIS BANCSHARES INC,438449,1,The Bank of Clovis
6055066,BANCSHARES OF CAROLINA INC,438284,1,The Bank of Clarendon
1128460,BANCOMMUNITY SERVICE CORP,437787,1,First National Bank Minnesota
2314260,MESQUITE FINL SERVICES INC,436608,1,Texas Champion Bank
2562650,NORTHEAST KS BANCSHARES INC,435948,2,TBO Bank
CERT:28401,Eureka Savings Bank,435791,1,Eureka Savings Bank
4001144,ST HENRY BCORP INC THE,435566,1,The St. Henry Bank
2208033,FREEDOMBANK SHARES EMPLOYEE STK OWNERSHIP PLAN,433877,1,FreedomBank
1485800,PLAINVIEW BANKSHARES INC,433789,1,Foresight Bank
1100112,FIRST FARMERS BANK HOLDING CO,433675,1,Town & Country Bank and Trust Company
2249401,BANKERS BK OF THE W BCORP INC,433575,1,Bankers' Bank of the West
CERT:29881,Home Bank SB,433127,1,Home Bank SB
2716640,AMERICAN NATIONAL BCORP INC,432603,1,American National Bank - Fox Cities
3078215,CITIZENS BANCSHARES INC ESOP,432358,1,The Citizens Bank of Edmond
1245666,CENTRAL-STATE BCORP INC,431164,1,State Savings Bank
CERT:4364,The First National Bank of Monterey,430515,1,The First National Bank of Monterey
5161335,SSB BCORP MHC,430423,1,SSB Bank
2352842,COMMUNITYCORP,430233,1,Bank of the Lowcountry
1250053,FREEDOM BANCSHARES INC,429710,1,"Freedom Bank, Inc."
1427640,WRZ BANKSHARES INC,429056,1,Peoples State Bank of Plainview
1064175,PERRY BANCSHARES INC,428732,1,Exchange Bank and Trust Company
1083091,COFFEE COUNTY BANCSHARES INC,427611,1,Coffee County Bank
1057515,EVEREST BANCSHARES INC,427293,1,The Union State Bank of Everest
3264193,NORTH VALLEY BANCSHARES INC,426886,1,North Valley Bank
1142783,WFC INC,426855,1,Waukon State Bank
CERT:3292,The Lamesa National Bank,426846,1,The Lamesa National Bank
1205857,MAUSTON BCORP INC,426704,1,Bank of Mauston
1107081,WINNSBORO BANCSHARES INC,425687,1,Winnsboro State Bank & Trust Company
2472973,TEXAS BCORP INC,425535,1,Texas State Bank
1103207,COMMERCIAL NATIONAL CORP,425387,1,The Commercial National Bank of Brady
1138928,COMMUNITY BANKERS CORP,425181,1,Marion Center Bank
1061754,CENTINEL BANK SHARES INC,424807,1,Centinel Bank of Taos
4191399,SUGAR RIVER BCORP MHC,424308,1,Sugar River Bank
1123858,FULL SERVICE INS AGENCY INC,424162,1,First State Bank
3199820,CORNERSTONE BANCSHARES INC,423969,1,Heritage Bank of the Ozarks
3923539,RCB FINANCIAL CORP,423439,1,River City Bank
1060917,ASTRA FINANCIAL GROUP INC,423288,1,Astra Bank
CERT:26363,Community Commerce Bank,422736,1,Community Commerce Bank
2630773,KOSS-WINN BANCSHARES EMPLOYEE STK OWNERSHIP PLAN WITH 401 K PROVISIONS,422690,1,Farmers Trust and Savings Bank
1125290,HENNING BANCSHARES INC,422558,1,"My Kind of Bank, National Association"
1129805,GREAT OAKS FINL HOLDINGS INC,422019,1,Great Oaks Bank
1059555,CATTLE CROSSING INC,421932,1,Cattle Bank and Trust
CERT:28924,First Federal Savings Bank,421914,1,First Federal Savings Bank
5371853,BRODHEAD BANCSHARES INC,421899,1,The Bank of Brodhead
1205268,ELGIN BANCSHARES INC,421761,1,Union National Bank and Trust Company of Elgin
CERT:28222,Haddon Savings Bank,421352,1,Haddon Savings Bank
2227409,ALLENDALE BCORP INC,421226,1,The First National Bank of Allendale
1976607,SWAINSBORO BANKSHARES INC,420467,1,The Citizens Bank of Swainsboro
2909170,FIRST COMMERCE BCORP INC,420062,1,"Cumberland Security Bank, Inc."
2270384,STAR VALLEY BANCSHARES INC,420019,1,Bank of Star Valley
1137015,WASHINGTON WILKES HOLDING CO,419911,1,F&M Bank
4477075,BROOKFIELD BANCSHARES INC,419581,1,First National Bank of Brookfield
2913711,FRANKLIN BCORP INC,419387,1,Bank of Franklin County
1206050,KENBANCORP,419374,1,Kentland Bank
2253734,AJJ BCORP INC,419323,1,Central State Bank
CERT:14427,First National Bank in DeRidder,419041,1,First National Bank in DeRidder
1131602,DEVON BCORP INC,418565,1,Devon Bank
1137529,FIRST NATIONAL BANK CORP,418537,1,First National Bank
3789986,LUSITANIA FINANCIAL MHC,418125,1,Lusitania Savings Bank
5513121,HERITAGE FINANCIAL CORP,417808,1,Heritage Bank & Trust
1133062,MACON-ATLANTA BCORP INC,417292,1,MA Bank
CERT:90384,The Bank of Landisburg,417125,1,The Bank of Landisburg
1129494,HELENA BANCSHARES INC,417095,1,Partners Bank
3645886,TOUCHMARK BANCSHARES INC,416900,1,Touchmark National Bank
1125674,HUNTER HOLDING CO,416750,1,Dakota Heritage Bank
3306824,CSB BCORP INC,416526,1,Chelsea State Bank
1055119,PIEPER BCORP INC,416381,1,Farmers State Bank of Calhan
1124798,DAKOTA WESTERN BANKSHARES INC,416153,1,Dakota Western Bank
1086056,ZACHARY BANCSHARES INC,415985,1,Bank of Zachary
1995998,LOCKHART BANKSHARES INC,415881,1,First Lockhart Bank
1138768,FLEETWOOD BANK CORP,415590,1,Fleetwood Bank
4977342,PARADISE BCORP INC,415216,1,Paradise Bank
1406971,AC BCORP INC,414471,1,Alliance Community Bank
4547286,FIRST VISION FINANCIAL INC,414171,1,First Vision Bank of Tennessee
2861812,BRANSON BANCSHARES INC,414146,1,Branson Bank
1208102,HARBOR SPRINGS FINANCIAL CORP,413562,1,First Community Bank
1137426,FMB OF S C BANCSHARES INC,413556,1,Farmers and Merchants Bank of South Carolina
1136447,FRANKEWING BANCSHARES INC,413119,1,Bank of Frankewing
1085602,PEOPLES BCORP INC,413034,1,State Bank & Trust
2265867,VILLAGE BANCSHARES INC,411867,1,Village Bank
1085862,EXCHANGE BANKSHARES INC,410305,1,Exchange Bank
1063084,CENTRAL BANCSHARES KS CTY INC,410192,1,Central Bank of Kansas City
CERT:28841,Community Savings Bank,410173,1,Community Savings Bank
2399678,FIRST STB SW KSOP PLAN&TR,409937,1,First State Bank Southwest
5976940,WATERFALL BCORP INC,409933,1,Waterfall Bank
1020920,CENTRAL TRUST CO,409703,2,Grand Marais State Bank
3447428,PCNB CORP,408846,1,Pike National Bank
5140312,BOLC CORP,408672,2,Bank of Lincoln County
CERT:28213,"Winter Hill Bank, FSB",407948,1,"Winter Hill Bank, FSB"
1141816,SOUTHERN FINANCIAL CORP,407877,1,Southern Bank
2947985,ELMER BCORP INC,407773,1,The First National Bank of Elmer
1244801,BLUEGRASS BANCSHARES INC,406972,1,Bank of the Bluegrass and Trust Company
3249109,FIRST TRUST FINANCIAL CORP,406261,1,First Trust Bank of Illinois
CERT:59193,Founders Bank,406021,1,Founders Bank
1866306,TEXHOMA BANCSHARES INC,404513,1,Anchor D Bank
1209275,FNB HARTFORD BCORP INC,404487,1,FORTE BANK
4276344,MTA BANCSHARES INC,403017,1,HomeBank Texas
1143379,FIRST CITIZENS-CRENSHAW BANCSHARES,402581,1,First Citizens Bank
1205240,HARDIN COUNTY BCORP,402273,1,Hardin County Savings Bank
5723760,VWF BCORP INC,402263,1,GreenWay Bank
2860262,CROWN BANKSHARES INC,402028,1,Crown Bank
1128228,CHEROKEE BANCSHARES INC,401945,1,BankCherokee
1064504,SECURITY FINL SERVICES CORP,400374,1,The Security National Bank of Enid
CERT:29637,Big Horn Federal Savings Bank,399773,1,Big Horn Federal Savings Bank
1210011,G S B FINANCIAL CORP,399658,1,The Garrett State Bank
3201086,PAGE BANCSHARES INC,399474,1,Pony Express Bank
5553435,DMG BANCSHARES INC,399182,1,"Liberty Bank, National Association"
1082544,SAINT FRANCISVILLE BANCSHARES,398683,1,Bank of St. Francisville
CERT:29988,Mutual Savings Association,398614,1,Mutual Savings Association
2702250,FIRST REGION BANCSHARES INC,398049,1,First Sentinel Bank
4346676,SHB BCORP INC,397875,1,Southern Heritage Bank
CERT:31694,Volunteer Federal Savings Bank,397064,1,Volunteer Federal Savings Bank
1124613,PARK RAPIDS BANCSHARES INC,396998,1,The Citizens National Bank of Park Rapids
1493001,SHELBY FINANCIAL CORP,396973,1,The Shelby State Bank
1250204,UNION FINANCIAL CORP,396664,1,Union Bank
5113857,COMMUNITY BCORP OF SANTA MARIA,396520,1,Community Bank of Santa Maria
1234491,W J YOUNG&CO,396417,1,The Clinton National Bank
6122128,LOCALITY BANCSHARES INC,396243,1,Locality Bank
2139708,VAN BUREN BCORP EMPLOYEE STK OWNERSHIP PLAN,396119,1,First Iowa State Bank
2920830,GRANT CNTY ST BANCSHARES EMP STK OWNERSHIP PLAN,395715,1,Grant County State Bank
3584293,BOZKA INVESTMENTS LTD,395637,1,Peoples State Bank of Hallettsville
5529654,GREENBACK FINCORP INC,395450,1,Austin Capital Bank SSB
CERT:14168,Peoples Trust Company of St. Albans,395438,1,Peoples Trust Company of St. Albans
CERT:28729,Ascendia Bank,395300,1,Ascendia Bank
4297527,SOUTHERN IND BANCSHARES INC,395277,1,Southern Independent Bank
CERT:19420,Citizens Bank of the South,395072,1,Citizens Bank of the South
1840687,AMERIWEST CORP,394899,1,"First Westroads Bank, Inc."
CERT:5536,The First National Bank of Stanton,394887,1,The First National Bank of Stanton
2001328,GLEN BURNIE BCORP,394882,1,The Bank of Glen Burnie
CERT:3720,First National Bank of Pana,394831,1,First National Bank of Pana
CERT:26704,Balboa Thrift and Loan Association,394455,1,Balboa Thrift and Loan Association
3601332,TRUSTTEXAS MUTUAL HOLDING CO,393489,1,"TrustTexas Bank, SSB"
1060243,FIRST POTEAU CORP,393108,1,The Community State Bank
4125086,U&I FINANCIAL CORP,392997,1,UniBank
1209798,CLARKEL INC,392876,1,Iowa State Bank
1079067,GADSDEN CORP THE,392537,1,The Exchange Bank of Alabama
2761480,RAE VALLEY FINANCIALS INC,392018,1,Great Plains State Bank
1053320,MIDWEST BANCO CORP,391485,1,Waypoint Bank
1109320,FARMERS BANCSHARES INC,391479,1,Farmers State Bank
3253629,ALLIANCE BANCSHARES INC,391276,1,Alliance Bank
2257116,HERITAGE BANCSHARES INC,391052,1,First Exchange Bank
1125245,WILCOX BANCSHARES INC,390827,2,Grand Rapids State Bank
5373398,COLORADO MUTUAL HOLDING CO,390204,1,San Luis Valley Federal Bank
1416505,PEOPLES COMMUNITY BCORP INC,390185,1,Bloomsdale Bank
1128497,SECURITY BANK SHARES INC,390037,2,Security Bank
CERT:14355,The First Citizens National Bank of Upper Sandusky,389928,1,The First Citizens National Bank of Upper Sandusky
5375785,PFBS HOLDINGS INC,389187,1,Lakeside Bank
5005626,MINT HOLDINGS INC THE,388937,1,The MINT National Bank
2516998,PEOPLES CMTY BANCSHARES INC,388775,1,The Peoples Community Bank
1207954,OWEN FINANCIAL CORP,388533,1,Owen County State Bank
4414838,SECURITY BANCSHARES CORP,388240,1,Security State Bank of Oklahoma
2967835,UNIVERSAL FINANCIAL INC,388009,1,Universal Bank
5754205,FVSB MUTUAL BCORP MHC,387333,1,Fox Valley Savings Bank
3824346,LINCOLN FEDERAL BCORP M H C,387267,1,Lincoln FSB of Nebraska
CERT:26536,BankGloucester,386866,1,BankGloucester
3468478,CENTRAL FINANCIAL HOLDINGS INC,386770,1,Central Bank
3828111,HOME LOAN FINANCIAL CORP,386718,1,THE HOME LOAN SAVINGS BANK
1416671,FNB BANCSHARES INC,386385,1,First National Bank & Trust Co.
1097100,FIRST VALLEY NATIONAL CORP,386095,1,First National Bank of Clarksdale
3842069,SECURITY BCORP INC,385970,1,Security Federal Savings Bank of McMinnville
2687601,FRYBURG BANKING CO INC,385833,1,First United National Bank
2287225,YOAKUM NATIONAL BANCSHARES INC,385821,1,Yoakum Bank
3180257,WOLF RIVER BCORP INC,385789,1,Wolf River Community Bank
1067000,FSC BANCSHARES INC,385413,1,Farmers State Bank
4842721,AMERICAN CONTINENTAL BCORP,385265,1,American Continental Bank
CERT:59143,New Valley Bank & Trust,384970,1,New Valley Bank & Trust
3009714,C C BCORP INC,384681,1,Cattaraugus County Bank
CERT:2068,The Fahey Banking Company,384660,1,The Fahey Banking Company
2520605,PINNACLE BANCSHARES INC,384534,1,Pinnacle Bank
CERT:59206,"RockPointBank, National Association",384486,1,"RockPointBank, National Association"
3521421,FARMBANK HOLDING INC,384449,1,First FarmBank
1203107,BYRON BANCSHARES INC,384414,1,Byron Bank
1141478,RNB CORP,384342,1,The Riddell National Bank
1207114,FIRST STATE BANK HOLDING CO,384245,1,First State Bank
2642196,MCCURTAIN CNTY BANCSHARES INC,384215,1,McCurtain County National Bank
5904756,LIBERTYVILLE SB EMPLOYEE STK OWNERSHIP TR,384129,1,The Libertyville Savings Bank
2263331,DELHI BANK CORP,384117,1,The Delaware National Bank of Delhi
2008130,HARBOR BANKSHARES CORP,383224,1,The Harbor Bank of Maryland
3848267,AMB FINANCIAL CORP,383020,1,American Community Bank of Indiana
4042222,SANDHILLS FINL SERVICES LLC,382766,1,Sandhills State Bank
CERT:5796,Earlham Savings Bank,382508,1,Earlham Savings Bank
CERT:34535,"TCM Bank, National Association",382352,1,"TCM Bank, National Association"
CERT:23546,Municipal Trust and Savings Bank,382221,1,Municipal Trust and Savings Bank
CERT:11777,Commercial Bank,382189,1,Commercial Bank
2625283,CITY BANCSHARES INC,382039,1,City Bank & Trust Co.
CERT:30812,First Federal Savings and Loan Association,381437,1,First Federal Savings and Loan Association
1064009,GUARANTY INC,381435,1,Guaranty State Bank and Trust Company
1051670,NAMYAW CORP INC,381298,1,ESB Financial
2589666,URSB BCORP INC,381162,1,United Roosevelt Savings Bank
2718167,RSNB BCORP,380994,1,RSNB Bank
1126082,GEBSCO INC,380694,2,Alliance Bank
1107812,FIRST ST BANCSHARES YOAKUM INC,380663,1,Crossroads Bank
4437426,BANNER CNTY BAN EMPLOYEE STK OWNERSHIP PLAN&TR,379750,1,Banner Capital Bank
3394429,M&P CMTY BANCSHARES 401 K EMPLOYEE STK OWNERSHIP PLAN,379374,1,Merchants & Planters' Bank
1052293,HANSTON INSURANCE AGENCY INC,379202,1,Bank of Hays
CERT:16733,North Star Bank,378726,1,North Star Bank
4754758,LITTLE LONDON BCORP,378229,1,5Star Bank
CERT:10523,Bank of Commerce & Trust Co.,377875,1,Bank of Commerce & Trust Co.
3176661,SECURITY FIRST BANCSHARES INC,377540,1,Bank of O'Fallon
1136906,LAMAR BCORP INC,375882,1,Lamar National Bank
1201813,ROMY HAMMES INC,375569,1,Peoples Bank of Kankakee County
2616179,FISHER BCORP INC,375520,1,The Fisher National Bank
1139514,GENERAL BANCSHARES INC,375444,1,Tower Community Bank
1245581,GEORGIA COMMUNITY BCORP INC,374987,1,Georgia Community Bank
2948517,TTAC CORP,374680,1,Community First National Bank
CERT:6813,The Farmers Bank of Appomattox,374588,1,The Farmers Bank of Appomattox
2839969,GILMER NATIONAL BANCSHARES INC,374499,1,"Gilmer National Bank, Gilmer, Texas"
3827918,COMMUNITY INVESTORS BCORP INC,373826,1,First Federal Community Bank of Bucyrus
3835230,MID-AMERICA FINANCIAL CORP,373540,1,"Golden Belt Bank, FSA"
CERT:16030,The North Country Savings Bank,373481,1,The North Country Savings Bank
CERT:17443,Piscataqua Savings Bank,373351,1,Piscataqua Savings Bank
1131376,MARION COUNTY BANCSHARES INC,372698,1,First National Bank
1138160,STRATFORD BANCSHARES INC,371883,1,First State Bank
1823747,FIRST GRAYSON BCORP INC,371868,1,The First National Bank of Grayson
1076422,PIONEER BANKSHARES INC,371780,1,Pioneer Bank
1129159,S B E CORP,371702,1,Upper Peninsula State Bank
1057430,VALLEY BANK SHARES INC,371410,1,First Nebraska Bank
2226484,FCB BANCSHARES INC,370647,1,Premier Bank of the South
3700936,FBHC HOLDING CO,370310,1,FlatIrons Bank
1125357,FIRST NATL FINL SERVICES INC,369202,1,First Bank Elk River
2371807,WEST POINTE BANCSHARES INC,368823,1,West Pointe Bank
1417324,ROMNEY BANKSHARES INC,368807,1,The Bank of Romney
CERT:169,First National Bank of Griffin,368282,1,First National Bank of Griffin
CERT:4958,The First National Bank of Oneida,367780,1,The First National Bank of Oneida
1053311,WILLIAMS FINANCIAL CORP,367668,1,Flatwater Bank
1104615,AMERICAN BANCSHARES INC,366612,1,American Bank
CERT:30680,First Shore Federal Savings and Loan Association,366549,1,First Shore Federal Savings and Loan Association
2140115,WVS FINANCIAL CORP,365122,1,West View Savings Bank
1126877,PROGRESSIVE GROWTH CORP,364790,1,ProGrowth Bank
1248023,MARION BANCSHARES INC,364235,1,Marion Community Bank
2685577,USAL BCORP INC,364118,1,AmeriFirst Bank
1098198,DREW BANCSHARES INC,364047,1,Commercial Bank & Trust Company
3824476,FIRST FEDERAL MHC,363936,2,First Federal Savings Bank of Kentucky
1943917,ELKTON HOLDING CO,363464,1,BankStar Financial
1138058,SHELBY COUNTY BCORP INC,363238,1,Shelby County State Bank
3196801,DESJARDINS GROUP THE,362077,1,"Desjardins Bank, National Association"
2943419,NATIVE AMERICAN BCORP CO THE,362044,1,"Native American Bank, National Association"
1139251,SHELL LAKE BCORP INC,361806,1,Shell Lake State Bank
1085228,LIBERTY BCORP OF GEORGIA INC,361512,1,Rabun County Bank
CERT:17811,First National Bank in Port Lavaca,361331,1,First National Bank in Port Lavaca
3070013,CFB HOLDING CO,361256,1,Citizens First Bank
5618101,HERITAGE BANCSHARES GROUP EMPLOYEE STK OWNERSHIP PLAN&TR,361058,1,Heritage Bank National Association
1144095,OSCEOLA BCORP,360813,1,American State Bank
CERT:28471,"Roxboro Savings Bank, SSB",360681,1,"Roxboro Savings Bank, SSB"
2630193,GNB BANKSHARES CORP,360220,1,Legacy Bank
1062528,FIRST PIONEER BANK CORP,360011,2,First Pioneer National Bank
2744326,BANCORP OF OKOLONA,359590,1,BankOkolona
3232361,BAINBRIDGE BANCSHARES INC,359565,1,First National Bank of Decatur County
5782299,INFINITY BCORP,359510,1,Infinity Bank
1071155,F&M BCORP,359400,1,Farmers & Merchants Bank
5613759,LOCUS,359356,1,"Locus Bank, Inc."
5478903,CSBH LLC,359324,1,"New Horizon Bank, National Association"
1126242,PERHAM STATE BANCSHARES INC,359301,1,United Community Bank
1133259,LOGAN COUNTY BANCSHARES INC,359155,1,Logan Bank & Trust Company
3643837,BOV HOLDING CO,358995,1,The Bank of Versailles
CERT:31184,Citizens Savings Bank,358979,1,Citizens Savings Bank
1928615,TEUTOPOLIS HOLDING CO,358538,1,Teutopolis State Bank
5113763,FNBMD BANCSHARES INC,358045,1,The First National Bank of Mount Dora
2687124,PREMIER FINANCIAL CORP,357734,1,Premier Bank
1050794,ISHAM MANAGEMENT CO,357544,1,The First National Bank of Gordon
2613141,COMMUNITY NATIONAL CORP,357502,1,Community Bank
1823738,COMMERCIAL NATL FINL CORP,357463,1,Commercial Bank and Trust of PA
1099784,CITIZENS FINANCIAL GROUP INC,357447,1,Citizens Bank
CERT:25726,Murphy Bank,357181,1,Murphy Bank
3341656,FLINT COMMUNITY BANCSHARES INC,357109,1,Flint Community Bank
2410582,FIRST STATE ASSOCIATES INC,357097,1,Rivers Edge Bank
5657799,PAULS VALLEY BCORP INC,356587,1,The Pauls Valley National Bank
2913083,MCNB BANKS INC,356501,1,MCNB Bank and Trust Co.
5759732,HOOSIER HEARTLAND ST BCORP EMPLOYEE STK OWNERSHIP&SVG PLAN TR,356333,1,Hoosier Heartland State Bank
1110193,GIDDINGS BANCSHARES INC,356153,1,First National Bank of Giddings
1098880,FIRST UNION FINANCIAL CORP,355771,1,Union Bank & Trust Company
CERT:31823,"Interamerican Bank, A FSB",355678,1,"Interamerican Bank, A FSB"
5009204,OTTAWA BCORP INC,355617,1,OSB Community Bank
1248845,IRELAND BCORP LTD,355369,1,Ireland Bank
1080568,GREAT SOUTHERN CAPITAL CORP,355145,1,Great Southern Bank
1133549,CATTAIL BANCSHARES INC,355123,1,Harvest Bank
1203901,C&F BANC SHARES CORP,354997,1,The Campbell & Fetter Bank
1067372,TUTTLE BANCSHARES INC,354635,1,Sooner State Bank
1056134,FIRST ALTUS BCORP INC,354251,1,Frazer Bank
2170868,HOCKING VALLEY BANCSHARES INC,354021,1,The Hocking Valley Bank
2115449,FIRST ST BANCSHARES DEKALB CNTY,353843,1,First State Bank of DeKalb County
3386321,WAGGONER NATL BANCSHARES INC,353736,1,The Waggoner National Bank of Vernon
3435229,CITIZENSADA FINANCIAL CORP,353708,1,Citizens Bank of Ada
1140574,TODD BANCSHARES INC,353663,1,United Southern Bank
4935502,COUNTY BANCSHARES INC,353628,1,First State Bank of Texas
1247969,FIRST BANCSHARES COLD SPRING,353169,1,Granite Bank
3252659,THIRD CENTURY BCORP,352880,1,Mutual Savings Bank
1204421,GLENWOOD BCORP,352857,1,Glenwood State Bank
2354305,CITIZENS CMTY BANCSHARES INC,352616,1,Citizens Community Bank
2176105,NORTHWEST WISCONSIN BCORP INC,352373,1,Sterling Bank
CERT:59298,"Business Bank, The",352210,1,"Business Bank, The"
2858399,IOWA ST FINL SERVICES CORP,352064,1,"Iowa State Bank and Trust Company of Fairfield, Iowa"
CERT:57869,"1st Trust Bank, Inc.",351712,1,"1st Trust Bank, Inc."
1133585,FIRST BCORP OF TAYLORVILLE INC,351258,2,First National Bank in Taylorville
1843558,KIRKWOOD BCORP CO,351255,1,Kirkwood Bank & Trust Co.
1951172,MATHIAS BANCSHARES INC,351031,1,Today's Bank
1109722,CATAHOULA HOLDING CO,350865,1,CLB The Community Bank
CERT:8506,New Albin Savings Bank,350557,1,New Albin Savings Bank
1065453,"WESTERN BANCSHARES OF NM,INC",350495,1,Western Bank
5422531,COWBOY BANCSHARES LLC,350297,1,Cowboy Bank
1132980,FIRST STATE CAPITAL CORP,349352,1,FirstState Bank
2527024,FGH BCORP INC,349156,1,The Bank of Herrin
1827914,ROCK RIVERS BCORP,349155,1,Frontier Bank
1132971,COMMERCIAL BAN CORP,348840,1,Commercial Savings Bank
2473260,CITIZENS BANCSHARES INC,348502,1,Citizens National Bank of Albion
1100318,CARLISLE BCORP INC,348186,1,"Citizens Deposit Bank of Arlington, Inc."
3575723,HERITAGE MANAGEMENT CO INC,347775,1,Heritage Community Bank
1203590,KERNDT BANK SERVICES INC,347219,1,Kerndt Brothers Savings Bank
5685653,FSBH CORP,347211,1,First Southern Bank
1974630,LOLYN FINANCIAL CORP,346918,1,Community Bank of Raymore
1139327,READLYN BANCSHARES INC,346669,3,Readlyn Savings Bank
3491869,ONB BANCSHARES INC,346068,1,Ozona Bank
1131424,COMMUNITY STATE BCORP,345777,1,Community State Bank
2892067,WAUMANDEE BANCSHARES LTD,345491,1,Waumandee State Bank
1124118,ONE CORP,345349,1,First National Community Bank
CERT:59140,Gulfside Bank,344590,1,Gulfside Bank
2759601,LA PLATA BANCSHARES INC,344568,1,First National Bank of Hereford
1207561,FIRSNABANCO INC,344470,1,Citizens First Bank
1399578,BUENA VISTA BCORP INC,344036,1,Buena Vista National Bank
2591539,SAINT CLAIR BANCSHARES INC,343474,1,Farmers and Merchants Bank of St. Clair
1245769,STARK COUNTY BCORP INC,343382,1,State Bank of Toulon
CERT:30637,Greenville Savings Bank,342739,1,Greenville Savings Bank
4458113,PREMIER BANCSHARES INC,342410,1,Premier Bank National Association
2321398,FARMERS STATE HOLDING CORP,342389,1,"Farmers State Bank of Alto Pass, Ill."
1059733,FIRST BEEMER CORP,342330,1,First Community Bank
2013246,PHENIX-GIRARD BANCSHARES INC,342259,1,Phenix-Girard Bank
CERT:58148,Milestone Bank,342168,1,Milestone Bank
3097850,KILMICHAEL BCORP INC,341645,1,Bank of Kilmichael
5924709,CFB MUTUAL HOLDING CO,341636,1,"Cumberland Federal Bank, FSB"
1142309,MIDWEST IND BANCSHARES INC,341431,1,Midwest Independent BankersBank
CERT:1654,Ozark Bank,340999,1,Ozark Bank
1070541,NEW RICHMOND BCORP,340803,1,RiverHills Bank
2348087,ANDREWS BANCSHARES INC,340522,1,The National Bank of Andrews
1479144,COMMUNITY BANKSHARES INC,340330,1,Community Bank of Parkersburg
1061222,ALAMOSA BCORP LTD,340264,1,Alamosa State Bank
CERT:59245,Genesis Bank,340254,1,Genesis Bank
1913684,CLEVELAND STATE BCORP INC,340225,1,The Cleveland State Bank
1118966,PIKE BCORP INC,339829,1,Farmers State Bank
5933055,INTEGRITY BCORP INC,339610,1,Integrity Bank SSB
2029368,DAIRYLAND BANK HOLDING CORP,339507,1,Bank of Alma
2027412,BK 1889 EMPLOYEE STK OWNERSHIP TR,339236,1,Bank of 1889
1126523,MCLEAN BANK HOLDING CO,338222,1,TruCommunity Bank
3304361,PATHWAY BCORP,338145,1,Pathway Bank
CERT:11907,Security State Bank,338049,1,Security State Bank
5463637,VARO MONEY INC,337821,1,"Varo Bank, National Association"
5473449,BATH ST BCORP EMPLOYEE STK OWNERSHIP PLAN WITH 401 K PROVISIONS,337560,1,Bath State Bank
2251776,FIRST TRUST HOLDINGS INC THE,337128,1,"The First Trust and Savings Bank of Watseka, Illinois"
5759741,TRADITIONS FIRST BCORP INC,336575,1,Traditions First Bank
CERT:32360,"Eastern Savings Bank, FSB",336412,1,"Eastern Savings Bank, FSB"
1123791,FARMERS&MERCHANTS AGENCY INC,336232,1,Farmers and Merchants State Bank of Pierz
2111562,FLINT HILLS BANCSHARES INC,336186,1,The Citizens State Bank
3966022,CHARLES RIVER BCORP MHC,336060,1,Charles River Bank
5140929,MACKINAC NATIONAL BCORP INC,335817,1,The First National Bank of St. Ignace
5625350,COMMUNITY CAPITAL BCORP INC,334957,1,The First Security Bank
1071856,MUSKINGUM VALLEY BANCSHARES,334640,1,The Citizens Bank Company
1081510,ALTAMAHA BANCSHARES INC,334120,1,Altamaha Bank & Trust Company
3596269,RELIANCE BCORP INC,334119,1,Reliance Bank
CERT:30402,Franklin Bank,334060,1,Franklin Bank
5872396,COMMERCE FINANCIAL CO,333981,1,Bank of Commerce
1127276,FINANCIAL SERVICES WINGER INC,333896,1,Ultima Bank Minnesota
CERT:1936,Community State Bank of Missouri,333856,1,Community State Bank of Missouri
CERT:5704,Bank of Newington,333753,1,Bank of Newington
1061772,CHISHOLM TRAIL FINANCIAL CORP,333326,1,Stryv Bank
5756889,GLOBAL ONE BANCSHARES INC,333245,1,Global One Bank
CERT:59176,The Millyard Bank,333199,1,The Millyard Bank
1127155,NAPOLEON BCORP INC,332875,1,Stock Growers Bank
2909853,COMMUNITY INVESTMENT GROUP LTD,332832,1,The Havana National Bank
1143968,BUFFALO BANCSHARES INC,332566,1,O'Bannon Banking Company
1205325,MONTFORT BCORP INC,332461,1,"Clare Bank, National Association"
2795083,MHBC INVESTMENTS PARTNERSHIP I LLLP,332323,1,Bank of England
3319972,COPIAH BANCSHARES INC,332227,1,Copiah Bank
1209604,HARVARD BANCSHARES INC,331467,1,The Harvard State Bank
2359823,MILLE LACS BCORP INC,331007,1,Woodlands National Bank
1127799,BAY AREA BANKING SHARES INC,330768,1,Northern State Bank
3631469,PATTERSON BANCSHARES INC,330711,1,Patterson State Bank
1104071,LINDEN BANCSHARES INC,330564,1,"Texana Bank, National Association"
CERT:29173,New Carlisle Federal Savings Bank,330461,1,New Carlisle Federal Savings Bank
1449512,VIKING FINANCIAL CORP,330259,1,"VIKING BANK, NATIONAL ASSOCIATION"
1060711,HPB HOLDINGS INC,330216,1,High Plains Bank
1118818,COMMERCIAL BANCSHARES INC,330137,1,Commercial National Bank of Texarkana
1071605,FSB FINANCIAL CORP,329610,1,The Farmers State Bank
1126158,FARIBAULT BANCSHARES INC,329197,1,The State Bank of Faribault
CERT:30270,Citizens Savings Bank,329090,1,Citizens Savings Bank
1121966,CITIZENS BANCSHARES HUTCHINSON,329024,1,Citizens Bank & Trust Co.
CERT:27711,Altoona First Savings Bank,328620,1,Altoona First Savings Bank
5907083,KFB HOLDINGS INC,328451,1,Kentucky Farmers Bank Corporation
1207981,FORREST BANCSHARES INC,328259,1,First State Bank of Forrest
1491614,LONOKE BANCSHARES INC,328117,1,First State Bank
3089314,SBN COMMUNITY BCORP INC,328079,1,State Bank of Newburg
5301533,TEB MHC,327125,1,"The Equitable Bank, S.S.B."
3049626,DNB FINANCIAL SERVICES INC,326931,1,Douglas National Bank
2100119,CENTRAL TX BANKSHARE HOLDINGS,326463,1,Columbus State Bank
1200049,WHITMORE CO INC,326082,1,PCSB Bank
CERT:29904,Elizabethton Federal Savings Bank,326012,1,Elizabethton Federal Savings Bank
1417454,LORDSBURG FINANCIAL CORP,325894,1,Western Bank
CERT:11557,First State Bank of Burnet,325795,1,First State Bank of Burnet
2201883,DECATUR BANCSHARES INC,325642,1,Decatur County Bank
2577159,FIRST NATL BCORP RIVER FALLS,325271,1,The First National Bank of River Falls
3120310,HERITAGE BANCSHARES INC,324903,1,Heritage Bank
1066049,MORGAN CAPITAL CORP,324823,1,FMS Bank
1990096,FIRST CMTY BANCSHARES CORP,324799,2,Citizens Savings Bank
1491753,AMBOY BCORP INC,324517,1,The First National Bank in Amboy
3916317,IOWA RIVER BCORP INC,324441,1,Pinnacle Bank
CERT:20537,American Bank and Trust Company,324441,1,American Bank and Trust Company
1130409,TPB BCORP,323797,1,The Peoples Bank
1416608,HURON CMTY FINL SERVICES INC,323308,1,Huron Community Bank
1141553,TCM CO,323243,1,City Bank & Trust Co.
1143548,FNB BANCSHARES INC,322701,1,First Bank Blue Earth
1203853,FIRST FOREST PARK CORP,322350,1,Forest Park National Bank and Trust Company
1061594,LAKIN BANCSHARES INC,322296,1,KCB Bank
1066432,GOLDEN PLAINS BANKSHARES INC,322199,1,First National Bank and Trust
1027947,BRIGHTON BCORP,321642,1,Brighton Bank
5861662,PATRONS HOLDINGS INC,321542,2,Texas Financial Bank
1129515,FIVE FLAGS BANKS INC,320961,2,The Warrington Bank
CERT:32257,Abacus Federal Savings Bank,320732,1,Abacus Federal Savings Bank
1206014,WHEATLAND BCORP,320623,1,First Trust and Savings Bank
1838068,CHALYBEATE SPRINGS CORP,319529,1,The First National Bank of Hughes Springs
1426782,EMPLOYEE STK OWNERSHIP TR PEOPLES B&T PICKETT CNTY,319039,1,People's Bank and Trust Company of Pickett County
1099618,FIRST NATL BCORP CARLYLE INC,318994,1,1NB Bank
1064139,CITIZENS COMMERCE CORP,318806,1,Citizens Bank and Trust Company of Ardmore
1083158,GREAT GUARANTY BANCSHARES INC,318547,1,Guaranty Bank and Trust Company
2713685,PACIFIC CREST BCORP INC,318490,1,Pacific Crest Bank
CERT:17622,Alden State Bank,318434,1,Alden State Bank
1427659,COMMUNITY ILLINOIS CORP,318388,1,Community State Bank of Rock Falls
1083402,YAZOO CAPITAL CORP,318228,1,Bank of Yazoo City
3082454,TENNESSEE VALLEY FINL HOLDINGS,318094,1,TNBANK
1057289,SANTA FE TRAIL BANC SHARES INC,318087,1,Centera Bank
2606693,IRON BANCSHARES INC,317995,1,The National Iron Bank
CERT:59354,BankMiami,317852,1,BankMiami
1076208,YORK BANCSHARES INC,317679,1,Bank of York
1820746,PUTNAM COUNTY BANCSHARES INC,317563,1,Putnam County State Bank
3394643,FIRST FEDERAL BCORP,317340,1,First Southern Bank
1104530,COUSHATTA BANCSHARES INC,317082,1,Bank of Coushatta
CERT:59306,Evermore Bank,316923,1,Evermore Bank
1051175,FIRST BETHANY BCORP INC,316798,1,First Bethany Bank & Trust
3846496,PROFILE BCORP MHC,316635,1,Profile Bank
CERT:30154,Sewickley Savings Bank,316317,1,Sewickley Savings Bank
2340867,BAY BCORP INC,315703,1,Bay Bank
2475590,EAST TEXAS BCORP INC,315479,1,Community Bank
1056330,FIRST OKMULGEE CORP,314467,1,"Patrons Bank, National Association"
5933318,CCB BCORP INC,314348,1,Classic City Bank
1129029,BAKKEN SECURITIES INC,314212,1,Citizens Independent Bank
4639435,PEOPLES BCORP INC,313758,1,PEOPLES BANK
2168977,EMPLOYEE STK OWNERSHIP PLAN EMP PAYNE CNTY BK,313182,1,The Payne County Bank
1718209,GRAYMONT BCORP INC,312701,1,State Bank of Graymont
5125373,SENECA BCORP INC,312481,1,"Seneca Savings Bank, National Association"
1124024,PEOPLES BANKSHARES INC,312188,1,Neighborhood National Bank
1126372,UNION HOLDING CO,312172,1,The Union Bank
3793862,RIVERBANK FINANCIAL CORP MHC,312073,1,"Carthage Savings and Loan, National Association"
3685891,HOTC INVESTMENT CO,311982,1,Wray State Bank
2646998,MILLBROOK BANK SYSTEM INC,311669,1,Bank of Millbrook
1136410,CITIZENS BANCSHARES LOYAL INC,311539,1,Citizens State Bank of Loyal
1139091,PIONEER BANCSHARES HORATIO ARK,311503,1,Horatio State Bank
3848427,SEA ISLE FINANCIAL CORP MHC,311144,1,1st Bank of Sea Isle City
1975468,STATELINE CMTY BANCSHARES INC,310791,1,Community Bank
1138209,BANKERS BCORP OF OKLAHOMA INC,310517,1,The Bankers Bank
3438967,RIVERBANK HOLDING CO,310228,1,RiverBank
5650389,EMPLOYEE STK OWNERSHIP PLAN ACCOUNTS TR SECURITY BK KSOP&TR,309903,1,Security Bank
2952541,TRIPLE J FINANCIAL INC,309769,1,Citizens Bank
1071258,FIRST BANCSHARES INC,309703,1,The First National Bank of Bellevue
1143230,FNB CORP,309663,1,First National Bank of South Carolina
1109058,PECOS COUNTY BANCSHARES INC,309414,1,The Pecos County State Bank
1086627,WASHINGTON ST BANCSHARES INC,309213,1,Washington State Bank
1133044,WOODSON BANCSHARES INC,308794,1,First State Bank
1137882,F&M FINANCIAL CORP,308742,1,Farmers and Merchants Bank
CERT:35427,United National Bank,308720,1,United National Bank
3470088,BANCORP OF MONTANA HOLDING CO,308595,1,Bank of Montana
1495797,PSB FINANCIAL SHARES INC,308261,1,PrinsBank
1104389,SUNDOWN BANKSHARES INC,307665,1,Sundown State Bank
1086485,FARMERS&MERCHANTS BANCSHARES,307637,1,Farmers and Merchants Bank
2615239,COMMUNITY BANCSHARES W PLAINS,307347,1,Community First Banking Company
1209323,LASALLE BCORP INC,307234,1,Hometown National Bank
CERT:29874,Dearborn Federal Savings Bank,306647,1,Dearborn Federal Savings Bank
4111584,AMERICAN COMMUNITY BCORP INC,306516,1,American Community Bank
1135196,FM FINCORP,306072,1,Farmers and Merchants Bank
5786916,CRAFT BANCSHARES INC,305944,1,Craft Bank
CERT:59296,Bank Irvine,305639,1,Bank Irvine
1095469,CENTURY BANCSHARES INC,305305,1,Century Bank of the Ozarks
3017700,FARMERS FINANCIAL CORP,305121,1,The Farmers Bank of Milton
1245563,HOLCOMB BCORP INC,304847,1,Holcomb Bank
3104794,CAPITAL BANCSHARES INC,304820,1,Savings Bank
2662596,TCB FINANCIAL INC,304795,1,The Claxton Bank
CERT:58263,Global Bank,304249,1,Global Bank
4347301,MIDWEST BANCSHARES INC,304087,1,Security Bank Midwest
5659506,COMMERCE BANCSHARES ROSWELL EMPLOYEE STK OWNERSHIP PLAN,304073,1,Valley Bank of Commerce
1143294,CITIZENS GUARANTY FINL CORP,303590,1,Citizens Guaranty Bank
2490520,FIRST INTL BANCSHARES INC,303590,1,ValueBank Texas
1201448,C-B-G INC,303484,1,Community Bank and Trust Company
1491388,TOMPKINS BCORP INC,303479,1,Tompkins State Bank
1067916,FIRST CENTRALIA BANCSHARES INC,303425,1,First Heritage Bank
1103373,BROWNWOOD BANCSHARES INC,303411,1,Citizens National Bank at Brownwood
CERT:29024,Bedford Federal Savings Bank,303003,1,Bedford Federal Savings Bank
2796857,SJN BANC CO,302913,1,SJN Bank of Kansas
1133969,CITIZENS BANCSHARES INC,302743,1,The Citizens Bank of Weston
1056723,FIRST OF GRANDFIELD CORP,302589,1,VALOR BANK
CERT:90229,Washington Savings Bank,302337,1,Washington Savings Bank
3674215,FRANKLIN BANCSHARES INC,302334,1,Bank of Franklin
2955300,HOMETOWN BANCSHARES INC,302268,1,"Hometown Bank of Corbin, Inc."
1137033,SOUTHEAST ARKANSAS BANK CORP,301368,2,The Jefferson Bank
1833616,CITIZENS BCORP OF WINFIELD INC,301260,1,The Citizens Bank of Winfield
5164439,AOB VENTURES INC,301213,1,Freedom Bank
5617805,COMMUNITY CAPITAL BCORP INC,301164,1,Collins State Bank
4575047,HILL COUNTRY BANCSHARES INC,301095,1,Llano National Bank
5900516,PCB FINANCIAL INC,300380,1,Monterey County Bank
3068289,TRI-COUNTY BCORP INC,300343,1,West Union Bank
2494153,HOMETOWN FINANCIAL GROUP INC,300267,1,Flanagan State Bank
1210310,PESHTIGO NATIONAL BCORP INC,299973,1,The Peshtigo National Bank
1058697,TRI-COUNTY CO,299260,1,The Tri-County Bank
2388663,DURDEN BANKSHARES INC,299174,1,"Durden Banking Company, Incorporated"
1203460,MARJON BCORP INC,299087,1,Farmers Savings Bank
1139149,PANDORA BANCSHARES INC,298951,1,The First National Bank of Pandora
1246243,SAUK CTR FINL SERVICES INC,298434,1,Minnesota National Bank
2012566,RESOURCE ONE INC,298344,1,Grant County Bank
1137172,LEIGHTON INVESTMENT CO,298210,1,Leighton State Bank
CERT:58443,First Security Bank of Nevada,297657,1,First Security Bank of Nevada
1099506,M&F FINANCIAL CORP,297564,1,Merchants and Farmers Bank
3020438,FARMERS BANK HOLDING CO,297306,1,Farmers Bank
2530118,CBC HOLDING CO,297295,1,Community Banking Company
2630746,UNITY BANCSHARES L L C,297131,1,St. Johns Bank and Trust Company
2623234,STRASBURG BCORP INC,296788,1,SSB Community Bank
3288425,FIRST NATIONAL CAPITAL CORP,296625,1,First National Bank Of Commerce
1128189,NORTHERN WI BK HOLDING CO INC,296554,1,Laona State Bank
1242188,NATIONAL BANK OF CANADA,296528,1,"Natbank, National Association"
1061316,FIRST MIAMI BANCSHARES INC,296407,2,The First National Bank and Trust Company of Miami
CERT:28837,The Brattleboro Savings and Loan Association,296376,1,The Brattleboro Savings and Loan Association
1085518,FIRST FOREST CORP,296291,1,The Bank of Forest
2043346,CARBON COUNTY HOLDING CO,296177,1,RNB STATE BANK
3832181,UNITED HOLDING CO INC,295963,1,United Bank
3939473,SBW BANCSHARES INC,295849,1,State Bank
1357103,KAW VALLEY BANCSHARES INC,295780,1,Kaw Valley State Bank and Trust Company
1086739,COMMERCIAL CAPITAL CORP,295482,1,The Commercial Bank
1237447,ARROWHEAD CO,295320,1,Arrowhead Bank
1107072,COLEMAN BANCSHARES INC,295137,1,Coleman County State Bank
1417203,ST LANDRY BANCSHARES INC,294905,1,St. Landry Bank and Trust Company
CERT:13748,The Upstate National Bank,294807,1,The Upstate National Bank
1021570,VIKING CORP THE,294481,1,Crawford County Trust and Savings Bank
1138713,STRATFORD BANCSHARES INC,294177,1,Partners Bank of Wisconsin
1060485,MCCLAIN COUNTY BCORP INC,294010,1,McClain Bank
2293507,WESTERN OK FINL SERVICES INC,293960,1,The First National Bank & Trust
2921695,FNB FINANCIAL CORP,293857,1,Community 1st Bank Las Vegas
CERT:29090,First Federal Savings and Loan Association,293519,1,First Federal Savings and Loan Association
CERT:1913,Castle Rock Bank,293514,1,Castle Rock Bank
3342411,RUM RIVER BCORP INC,293216,1,The First National Bank of Milaca
1127409,OLIVER BCORP INC,293157,1,Security First Bank of North Dakota
4404277,KING KALISPELL LLC,293086,1,Three Rivers Bank of Montana
2963556,CHARTER BANCSHARES INC,292346,1,Charter Bank
3438051,FEB BANCSHARES INC,292182,1,22nd State Banking Company
4859596,HURON VALLEY BCORP INC,291906,1,Huron Valley State Bank
1201729,SSB HOLDING CO INC,291895,1,State Savings Bank
4035943,LAKE CENTRAL FINANCIAL INC,291311,1,Lake Central Bank
CERT:58644,First Colony Bank of Florida,291150,1,First Colony Bank of Florida
1085899,DICKSON FINANCIAL CORP,291033,1,Bank of Dickson
2613589,ROSEAU REALTY CO INC,290907,1,Citizens State Bank of Roseau
2629946,SUNDANCE BANKSHARES INC,290903,1,Sundance State Bank
1250736,SOPERTON BANCSHARES INC,290751,1,Georgia First Bank
5169667,SOMERVILLE BCORP,290631,1,Somerville Bank
3800658,LIBERTY FINL SERVICES ST CLOUD,290249,1,Liberty Bank Minnesota
1096091,RIVER VALLEY BANCSHARES INC,290149,1,United State Bank
3311109,ONE WORLD HOLDING INC,290110,1,One World Bank
1201952,MILFORD BCORP,290042,1,United Community Bank
CERT:57784,Nantahala Bank & Trust Company,288750,1,Nantahala Bank & Trust Company
1417511,WILKINSON BANKING CORP,288732,1,Farmers Bank
4399337,VINTAGE BCORP INC,288580,1,Vintage Bank Kansas
3130542,ISB HOLDINGS INC,288388,1,Interstate Bank
CERT:30819,Community Partners Savings Bank,288387,1,Community Partners Savings Bank
CERT:33103,"Gateway Bank, F.S.B.",288216,1,"Gateway Bank, F.S.B."
1427033,HTB INC,287720,1,The Home Trust & Savings Bank
1200571,WHITNEY CORP OF IOWA,287508,1,First Whitney Bank and Trust
2851318,MSB FINANCIAL INC,287061,1,Manhattan Bank
2524537,VANDERBILT HOLDING CO INC,286953,1,Fairfax State Savings Bank
5587775,CATALYST BCORP INC,286787,1,Catalyst Bank
1204074,NEKOOSA PORT EDWARDS BCORP INC,286546,1,Nekoosa Port Edwards State Bank
2438399,PEOPLES NATL BANCSHARES INC,286470,1,Peoples State Bank
3370085,UNITED CITIZENS BCORP INC,286209,1,United Citizens Bank of Southern Kentucky
5426847,FFBW INC,285907,1,First Federal Bank of Wisconsin
2524443,FJSB BANCSHARES INC,285842,1,The Fort Jennings State Bank
1138526,BANCORP OF RANTOUL INC,285794,1,Bank of Rantoul
1051072,FIRST CENTRAL NEBRASKA CO,285754,1,Nebraska State Bank and Trust Company
3154333,GOODFIELD FINANCIAL CORP,285516,1,Goodfield State Bank
1071539,MIDDLEFORK FINANCIAL GROUP INC,285205,3,Hyden Citizens Bank
5536791,ONE AMERICAN FINANCIAL CORP,285193,1,One American Bank
5786484,VICTORY FINANCIAL CORP,284764,1,Victory Bank
CERT:16039,Sawyer Savings Bank,284735,1,Sawyer Savings Bank
5614420,DOUBLE BOTTOMLINE CORP,284659,1,Community Savings
1248742,COMMERCIAL BANK SHARES INC,284164,1,The Commercial Bank
2155397,EDMONSON BANCSHARES INC,283407,1,Bank of Edmonson County
1104503,JACKSBORO NATL BANCSHARES INC,283161,1,The Jacksboro National Bank
3101560,COMMERCIAL BANCSHARES INC,282924,1,Commercial Bank
CERT:27643,First Federal Bank of Ohio,282866,1,First Federal Bank of Ohio
1200665,PIONEER DEVELOPMENT CO,282798,1,Pioneer Bank
1071771,FARMERS BCORP NICHOLASVILLE,282697,1,The Farmers Bank
2081834,HNB HOLDING CO INC,282412,1,HNB First Bank
1083318,FIRST NATL CORP OF PICAYUNE,282264,1,FNB Picayune Bank
1100028,UNITY CAPITAL CORP,281778,1,Unity Bank of Mississippi
1132757,PENN BANCSHARES INC,281775,1,The Pennsville National Bank
1134229,SONATA FINANCIAL HOLDINGS INC,281533,1,Sonata Bank
CERT:27806,Fairfield Federal Savings and Loan Association of Lancaster,281462,1,Fairfield Federal Savings and Loan Association of Lancaster
1122057,JORGENSON HOLDING CO,281256,2,State Bank & Trust of Kenmare
2780717,PIESCO INC,281105,2,Citizens State Bank Norwood Young America
1062425,FIRST STATE FINANCIAL CORP,280970,1,Fusion Bank
6050100,GBS FINANCIAL INC,280353,1,"Grand Bank for Savings, FSB"
1210208,WOLCOTT BCORP,280262,1,Bank of Wolcott
2552400,FLORIDA BANCSHARES INC,280010,1,First National Bank of Pasco
5592313,BAT INVESTMENTS INC,279739,1,PrimeBank of Texas
2180205,CHEYENNE BANKING CORP,279534,1,Security State Bank
1209284,FARMERS STATE BCORP INC,279490,1,The Farmers State Bank of Waupaca
1208380,GUTHRIE COUNTY BANCSHARES INC,279225,1,Guthrie County State Bank
CERT:29164,First Federal Savings and Loan Association of Valdosta,278498,1,First Federal Savings and Loan Association of Valdosta
4456593,SOUTH PORTE FINANCIAL INC,278497,1,SouthernTrust Bank
1069714,TONTI FINANCIAL CORP,278431,1,First Bank of Ohio
CERT:26539,Bank of the Federated States of Micronesia,278417,1,Bank of the Federated States of Micronesia
1363784,EASTERN BANCSHARES INC,277900,1,"FNB Bank, Inc."
2227481,BI-STONE BANCSHARES INC,277619,1,"Incommons Bank, N.A."
1134470,COUNTRICORP,277449,1,Bank of The Rockies
1205576,DEWITT BCORP INC,277340,1,DeWitt Bank & Trust Co.
CERT:28277,Ozarks Federal Savings and Loan Association,277200,1,Ozarks Federal Savings and Loan Association
1205044,GARRETT BANCSHARES LTD,277125,1,Success Bank
2747765,FIRST AMERICAN BCORP,276885,1,First American State Bank
3842108,UNITED TENNESSEE BANKSHARES,276829,1,Newport Federal Bank
5752014,OLD GLORY HOLDING CO,276783,1,Old Glory Bank
1249691,FS BANCSHARES INC,276713,1,Ergo Bank
3848397,LOGANSPORT FINANCIAL CORP,276522,1,Logansport Savings Bank
3195297,MNB HOLDINGS CORP,276407,1,Mission National Bank
2855679,CSB BANCSHARES AMENDED ESOP,275922,1,"Citizens State Bank and Trust Co., Ellsworth, Kansas"
1253821,FIRST FEDERAL FINANCIAL CORP,275578,1,First Federal Bank
2878294,DAVIS TRUST FINANCIAL CORP,274894,1,Davis Trust Company
4499983,COLBANK BCORP,274633,1,Columbus Bank and Trust Company
3696141,FIRST FONTANELLE EMPLOYEE STK OWNERSHIP PLAN&TR,274629,1,FNB Bank
1099627,STEELEVILLE BANCSHARES INC,274522,1,First National Bank of Steeleville
CERT:34193,Applied Bank,274127,1,Applied Bank
1249075,CAYUGA LAKE BANK CORP,273740,1,Cayuga Lake National Bank
1085992,CITIZENS OF GRAINGER CNTY CORP,273206,1,Citizens Bank and Trust Company of Grainger County
1245321,FARMERS&MERCHANTS BCORP,271742,1,Farmers and Merchants State Bank
CERT:951,Cherokee State Bank,271111,1,Cherokee State Bank
1248993,APPLE CREEK BANC CORP,270585,1,The Apple Creek Banking Company
2931331,FARMERS&MERCHANTS BANCSHARES,270290,1,The Farmers and Merchants National Bank of Nashville
2267731,FIRST NATL BANCSHARES PROFIT SHARING&EMPLOYEE STK OWNERSHIP PLAN&TR,270262,1,FNB Bank
5654323,NSTS BCORP INC,270259,1,North Shore Trust and Savings
3647572,CSB FINANCIAL CORP,270086,1,Citizens State Bank
2291398,MEDIAPOLIS BCORP,269855,1,Mediapolis Savings Bank
2344641,F&M BANCSHARES INC,269793,1,Farmers and Merchants Bank
CERT:17979,Castroville State Bank,269697,1,Castroville State Bank
1085901,PEOPLES BANKSHARES INC,269675,1,The Peoples Bank
3049569,SOUTH GROUP BANCSHARES INC,269549,1,South Georgia Bank
3213324,COMMUNITY BANK OF GEORGIA INC,269494,1,Community Bank of Georgia
1062050,FIRST BROKEN ARROW CORP,269479,1,The First National Bank and Trust Company of Broken Arrow
1138786,C S BANCSHARES INC,269453,2,Chillicothe State Bank
2734439,FREEDOM HOLDINGS CO,269251,1,Freedom Financial Bank
5950119,ARLO FINANCIAL HOLDINGS INC,269095,1,Arlo Bank
1067354,LAMAR TRUST BANCSHARES INC,269039,1,Lamar Bank and Trust Company
CERT:59199,Riverside Bank of Dublin,269026,1,Riverside Bank of Dublin
1057896,GARNETT BANCSHARES INC,268819,1,Patriots Bank
1209024,HALBUR BANCSHARES INC,268714,1,Westside State Bank
1050226,CITIZENS INVESTMENT CO,268639,1,North Valley Bank
1416738,DEERFIELD FINANCIAL CORP,268267,1,Bank of Deerfield
CERT:28080,The Harrison Building and Loan Association,268026,1,The Harrison Building and Loan Association
1123401,FIRST SLEEPY EYE BCORP INC,267946,2,First Security Bank - Sleepy Eye
1417267,FNB INC,267384,1,The First National Bank of Dennison
CERT:31539,The Wilmington Savings Bank,267339,1,The Wilmington Savings Bank
1128639,BALDWIN BANCSHARES INC,267046,1,Pillar Bank
1085349,AMERICAN BCORP INC,267045,1,American Bank & Trust Company
CERT:14136,Wells River Savings Bank,266865,1,Wells River Savings Bank
3575264,CEDAR BCORP INC,266760,1,Community First Bank of the Heartland
3450530,CBOS BANKSHARES INC,266460,1,Community Bank of the South
2382344,STORM LAKE SECURITY BCORP,266430,1,Security Trust & Savings Bank
2622116,ANAHUAC BANCSHARES INC,266425,1,Anahuac National Bank
1246690,CCB FINANCIAL CORP,266417,1,Clackamas County Bank
CERT:35164,Capital Bank and Trust Company,266069,1,Capital Bank and Trust Company
1206603,MANHATTAN BANCSHARES INC,265939,1,First Bank of Manhattan
5930559,EWSB BCORP INC,265761,1,East Wisconsin Savings Bank
5613115,PFB HOLDING CO,265643,1,PeopleFirst Bank
1406935,JTNB BCORP INC,265013,1,Jim Thorpe Neighborhood Bank
2127022,D BCORP INC,264575,1,"Bank of DeSoto, National Association"
1029295,SUMMIT BANCSHARES INC,264445,1,Summit Bank
1051698,WAUSA BANSHARES INC,264422,1,Commercial State Bank
3828595,GREENVILLE FEDERAL MHC,263888,1,Greenville Federal
1125496,SECURITY ST BANCSHARES BEMIDJI,263859,1,Security Bank USA
1399804,JAMESTOWN BCORP INC,263787,1,Bank of Jamestown
1123616,JACKASS CREEK LAND&LIVESTOCK,263697,1,Madison Valley Bank
1099092,FBT BANCSHARES INC,263592,1,FBT Bank & Mortgage
CERT:90234,Marblehead Bank,262507,1,Marblehead Bank
2910970,WYOMING NATIONAL BCORP INC,262448,1,Wyoming Community Bank
4361923,HAVEN CAPITAL CORP,262205,1,Bank of Brookhaven
CERT:29933,Union Savings and Loan Association,261789,1,Union Savings and Loan Association
2960359,HOLLAND BCORP INC,261621,1,Bank of Holland
5493876,CCCB BCORP INC,261603,1,Clarion County Community Bank
1098004,SMITH ASSOCIATED BANKING CORP,261514,1,Bank of Salem
1062975,INTL BANCSHARES OK,261368,1,YNB
2775142,COMMUNITY CAPITAL BANCSHARES,261184,1,AB&T
3635560,RELATIONSHIP FINANCIAL CORP,261120,1,Guadalupe Bank
5557518,MARATHON BCORP INC,261059,1,Marathon Bank
CERT:59249,First Bank of Central Ohio,260918,1,First Bank of Central Ohio
1133615,DENTEL BCORP,260592,2,Corydon State Bank
1127182,COMMERCIAL HOLDING CO,260430,1,"Commercial State Bank, of Wagner"
2877402,PETIT JEAN BANCSHARES INC,259952,1,Petit Jean State Bank
3923306,COMMUNITY EXC BANCSHARES INC,259730,1,Bank of Hindman
3658028,RUSSELLVILLE BCORP INC,259720,1,Community Point Bank
2587411,COMMUNITY FIRST BANCSHARES INC,258868,1,Community First Bank
1084753,FIRST BCORP OF GERALDINE INC,258565,1,Liberty Bank
2744849,PORT WILLIAM BANCSHARES INC,258049,1,FIRST NATIONAL BANK OF KENTUCKY
CERT:15164,The Farmers State Bank of Westmoreland,257672,1,The Farmers State Bank of Westmoreland
1104567,CENDERA FINANCIAL HOLDINGS INC,257603,1,Cendera Bank
1128590,HAZEN BCORP INC,257424,1,Union State Bank of Hazen
3822632,SUMMERFIELD FINL SERVICES LLC,257355,1,Western National Bank
5686799,LEE BANKSHARES INC,257344,1,Lee Bank and Trust Company
5543052,CYPRESS CAPITAL GROUP INC,256842,1,Cypress Bank & Trust
CERT:27752,Hibernia Bank,256636,1,Hibernia Bank
2511322,FNC INC,256452,1,The Citizens First National Bank of Storm Lake
2352253,NEMO BANCSHARES INC,256378,1,Alliant Bank
1249105,SOMERS BCORP,256056,1,Heartland Bank
1250754,BBOK BANCSHARES INC,255696,1,Bankers' Bank of Kansas
3439713,IDAHO TRUST BCORP,255617,1,Idaho Trust  Bank
CERT:26271,Home Bank of California,255441,1,Home Bank of California
1052387,LINDOE INC,255403,1,The Gunnison Bank and Trust Company
2722892,UNION BANKSHARES INC,255364,1,The Bank of Monroe
1204533,WAYTRU BCORP,255289,1,Wayne Bank and Trust Co.
1138133,FNBT BANCSHARES PERRY OK INC,255151,1,First Bank & Trust Company
3311202,HOMETOWN BCORP INC,254878,1,Hometown Bank
1122897,PARKSTON INVESTMENT CO,254767,1,Farmers State Bank
1134751,SEQUATCHIE COUNTY BCORP INC,254614,1,Mountain Valley Bank
1142206,MERCHANTS HOLDING CO,254278,1,Merchants Bank
2267982,RARITAN STATE BCORP INC,253907,1,Raritan State Bank
3357068,VISION BANCSHARES INC,253884,1,VisionBank
CERT:22242,Union Bank and Trust Company,253441,1,Union Bank and Trust Company
2576415,CLAY CITY BANK SHARES INC,253333,1,The Clay City Banking Co.
5306583,JBNV HOLDING CORP,253239,1,GenuBank
3070415,MALVERN BANCSHARES INC,253216,1,Malvern Bank
5866340,GULF ATLANTIC FINANCIAL CORP,253155,1,Gulf Atlantic Bank
CERT:1713,Bank of Perry County,253081,1,Bank of Perry County
2617082,LITTLE ROCK BANKSHARES INC,252866,1,Bank of Little Rock
1098264,SMACKOVER BANCSHARES INC,252371,1,Smackover State Bank
CERT:170,The Peoples Bank of Georgia,252305,1,The Peoples Bank of Georgia
5636776,LAFAYETTE BANKING CO,252189,1,Lafayette State Bank
CERT:11477,Auburn State Bank,251332,1,Auburn State Bank
3194076,ALAPAHA HOLDING CO,250968,1,Bank of Alapaha
1130191,CITADEL BCORP INC,250837,1,First National Bank of Burleson
1054073,REPUBLIC TRINIDAD CORP,250518,1,The First National Bank in Trinidad
2262268,ROCKCASTLE BCORP INC,250355,1,Citizens Bank
1109825,CNB FINANCIAL CORP INC,250346,1,The City National Bank of Taylor
2647360,MARSHALL CMTY BANCSHARES INC,250230,1,Community Bank of Marshall
6098175,ANTHEM FINANCIAL CORP,250131,1,Anthem Bank & Trust
4446521,TOWNSEND HOLDING CO,249136,1,Bank of Grand Lake
1140190,FIRST ST CHARLES BANCSHARES,249101,1,First National Bank USA
CERT:26554,Bank of Easton,249000,1,Bank of Easton
1096046,PURDY BANCSHARES INC,248896,1,First State Bank of the Ozarks
2618427,PEOPLES BCORP INC,248703,1,Peoples Bank
5585306,AXXESS PARTNERS INC,248548,1,Currency Bank
2336794,CHARLEVOIX FIRST CORP,248313,1,Charlevoix State Bank
3340556,FIRSTFED BCORP EMPLOYEE STK OWNERSHIP PLAN,248097,1,First Financial Bank
1098554,UNITED BCORP OF PRINCETON INC,247792,1,Farmers Bank and Trust Company
3090842,PLATO HOLDINGS INC,247441,1,Drake Bank
1207552,MIDSTATE FINANCIAL CORP,247428,1,Hendricks County Bank and Trust Company
1141900,CITIZENS BANCSHARES ELDON MO,247281,1,Citizens Bank of Eldon
2712781,BODCAW BANCSHARES INC,247272,1,Bodcaw Bank
CERT:6646,1st National Bank,247209,1,1st National Bank
CERT:30119,PennCrest Bank,247143,1,PennCrest Bank
1129542,JAMESTOWN UNION BANCSHARES INC,247000,1,Union Bank
1125423,CORNERSTONE BCORP INC,246958,1,Cornerstone State Bank
1060104,WILSON BANCSHARES INC,246469,1,Bank of Weston
1202865,WISCUB INC,246464,1,Cleveland State Bank
1250071,LEWISBURG BANCSHARES CORP,246068,1,Lewisburg Banking Company
4151919,FIRST FEDDELTA BANCSHARES MHC,246034,1,First Federal Savings and Loan Association
3087039,MAUNESHA BANCSHARES INC,245590,1,Farmers & Merchants State Bank
5332591,MI BCORP INC,245497,1,Mi Bank
5587485,BOA FINANCIAL CORP,245469,1,Bank of Abbeville & Trust Company
3365296,MAIN BANC INC,245204,1,Main Bank
CERT:29571,"The Home Savings and Loan Company of Kenton, Ohio, DBA HSLC",245018,1,"The Home Savings and Loan Company of Kenton, Ohio, DBA HSLC"
5975868,SECURITY MIDWEST BCORP INC,244493,1,"Security Bank, s.b."
5760756,HOMELAND COMMUNITY BCORP INC,244059,1,Homeland Community Bank
1965768,STATE NATIONAL BANCSHARES INC,243966,1,State Nebraska Bank & Trust
1119105,TAYLOR COUNTY BANCSHARES INC,243809,1,Taylor County Bank
1142813,TURBOTVILLE NATIONAL BCORP INC,243487,1,The Turbotville National Bank
1249048,MARKET PLACE BANCSHARES INC,242849,1,"BankChampaign, National Association"
1246494,CNB FINANCIAL CORP,242596,1,Center National Bank
1051401,HOWARD COUNTY LAND&CATTLE CO,242288,1,Citizens Bank & Trust Company
1059582,SOUTHEAST CAPITAL CORP,242273,1,The Idabel National Bank
4523440,MINNESOTA CMTY BANCSHARES INC,242149,1,Arcadian Bank
1071810,COMMERCIAL GRAYSON BANCSHARES,242022,1,The Commercial Bank of Grayson
3685109,FIRST LA GRANGE BANCSHARES EMPLOYEE STK OWNERSHIP PLAN WITH 401 K PROVISIONS,241973,1,National Bank & Trust
2823696,SECURITY BCORP MHC,241397,1,Security Savings Bank
4328083,FNB BANCSHARES INC,241229,1,FirstOak Bank
4181130,NBC BANCSHARES LLC,241194,1,Nebraska Bank of Commerce
5786868,METHOD BANCSHARES INC,241168,1,Method Bank
1053870,FIRST KENESAW CO,241104,1,Adams County Bank
CERT:9392,Bank of Grandin,240976,1,Bank of Grandin
1200142,A M SAYLOR INC,240875,1,First Bank Hampton
CERT:57933,Valley Bank of Nevada,240765,1,Valley Bank of Nevada
CERT:16161,"Campbell County Bank, Inc.",240706,1,"Campbell County Bank, Inc."
3199790,PEOPLES BANCSHARES CORP,240625,1,Peoples Trust and Savings Bank
2940810,STERLING CITY BANCSHARES INC,240137,1,The First National Bank of Sterling City
1491717,FARMINGTON BCORP INC,240080,1,Bank of Farmington
1134872,BANKWEST FINANCIAL INC,239877,1,BANKWEST
1082889,FIRST BOAZ BCORP,239835,1,First Bank of Boaz
4226693,FNB BANCSHARES INC,239373,1,The First National Bank of Sycamore
3780938,COEUR D ALENE BCORP,238879,1,bankcda
1141302,FIRST SUNCOAST TR BANCSHARES,238604,1,The First National Bank and Trust
2693929,SPRING HILL HOLDINGS CORP,238494,1,Spring Hill State Bank
1118621,NEWBURG INSURANCE AGENCY INC,238264,1,Citizens Bank of the Midwest
2836294,BUCKEYE BANCSHARES INC,238254,1,Buckeye Community Bank
3559862,CITIZENS BCORP INC,237585,1,Citizens State Bank
CERT:9320,Marion State Bank,237366,1,Marion State Bank
5879096,HELIOS BCORP INC,237315,1,Alpine Capital Bank
1204887,FIRST BELMOND BCORP,236743,2,First State Bank
CERT:14744,"Williamstown Bank, Inc.",236688,1,"Williamstown Bank, Inc."
3823974,CYPRESS BANCSHARES INC,235541,1,"Cypress Bank, SSB"
CERT:59182,Loyal Trust Bank,235332,1,Loyal Trust Bank
CERT:90040,Home Loan State Bank,235278,1,Home Loan State Bank
CERT:29645,"First Federal Savings and Loan Association of Central Illinois, S.B.",234975,1,"First Federal Savings and Loan Association of Central Illinois, S.B."
1246618,WYATT BANCSHARES INC,234756,1,The First National Bank of Izard County
1139859,OMNI BCORP INC,234740,1,Crossroads Bank
1207459,WB BCORP INC,234520,1,Warren-Boynton State Bank
1142877,UNION COUNTY BANCSHARES INC,234192,1,Anna-Jonesboro National Bank
1126738,ADAMS BANCSHARES INC,233757,1,United Farmers State Bank
5812767,MULTI-BANK SERVICES LTD,233360,1,Great North Bank
1080737,ENTERPRISE CAPITAL CORP INC,233344,1,The Citizens Bank
2911931,LAURITZEN INVESTMENTS INC,232861,1,"Farmers and Merchants State Bank, Bloomfield, Nebraska"
CERT:58859,CornerStone Bank,232804,1,CornerStone Bank
1997862,FARMERS STATE BANCSHARES INC,232571,1,Farmers State Bank
2734028,MARINE BANCSHARES INC,232507,1,Security State Bank of Marine
1058071,LOOMIS CO,232473,1,First State Bank
CERT:32348,"Taylorsville Savings Bank, SSB",232385,1,"Taylorsville Savings Bank, SSB"
1129944,WEST CENTRAL BANCSHARES INC,232236,1,West Central Bank
1063048,ANDOVER FINANCIAL CORP,232166,1,Andover State Bank
1491520,FARMERS STATE BCORP INC,232056,1,Farmers State Bank of Hoffman
CERT:4945,Peoples Bank of the South,232002,1,Peoples Bank of the South
5013694,MARGARET PARKER PLATTER CHARITABLE TR,231753,1,St. Clair County State Bank
CERT:58678,Gateway Commercial Bank,231414,1,Gateway Commercial Bank
4933302,CSBO HOLDINGS INC ESOP,231193,1,The Citizens State Bank of Ouray
1132140,COLUMBIA BANCSHARES INC,231103,1,Bank of Columbia
2801014,GOUVERNEUR BCORP INC,230489,2,Gouverneur Savings and Loan Association
1108323,FIRST ANDERSON BANCSHARES INC,230385,1,The First National Bank of Anderson
1139439,MET FINANCIAL CORP,230240,1,Metropolitan Bank
1427220,FIRST NATIONAL FINANCIAL CORP,230135,1,The First National Bank of Manchester
1085460,CLINTON BANCSHARES INC,229830,1,Landmark Bank
CERT:1908,The Wanda State Bank,229771,1,The Wanda State Bank
2156835,GRIGGSVILLE BANCSHARES INC,229624,1,Eagle Valley Bank
1137752,FIRST BURKE BANKING CO,229101,1,The First National Bank of Waynesboro
1055669,PADGETT AGENCY INC,228968,1,The Citizens National Bank
1054859,PLATTE VALLEY CATTLE CO,228874,1,Town & Country Bank
3587294,INDEPENDENT BANCSHARES EMPLOYEE STK OWNERSHIP PLAN,228823,1,Community Spirit Bank
1071865,CITIZENS BCORP MOREHEAD INC,228592,1,The Citizens Bank
5880113,AMERINATIONAL CMTY SERVICES LLC,228579,1,First Bank and Trust Company of Illinois
1129690,TRIAD BANCSHARES INC,228559,1,"Triad Bank, National Association"
1209529,J E COONLEY CO,228389,1,United Bank and Trust Company
CERT:8250,Bank of Wiggins,228078,1,Bank of Wiggins
2333131,NEIGHBORHOOD BCORP,227987,1,Neighborhood National Bank
3482054,EMBASSY BANCSHARES INC,227868,1,Embassy National Bank
2646037,JOHNSTON GROWTH CORP,227541,1,Charter Bank
3343070,STOCKGROWERS STB EMPLOYEE STK OWNERSHIP PLAN,227149,1,"The Stockgrowers State Bank of Ashland, Kansas"
CERT:15523,Muenster State Bank,227042,1,Muenster State Bank
2565950,EAGLE INVESTMENT CO INC,226900,1,Eagle Bank
1516405,CAMERON BCORP INC,226865,1,Community Bank of Cameron
1080885,FARMERS BANCSHARES INC,226690,2,Farmers State Bank
1082834,FIRST PIKEVILLE BANCSHARES INC,226356,1,First Farmers & Commercial Bank
3602058,FSB BANCSHARES INC,225955,1,First Security Bank and Trust Company
1063776,OVERBROOK BANKSHARES INC,225593,1,The First Security Bank
4459754,BBIG HOLDINGS LLC,225494,1,I3 Bank
1143913,E M F CORP,225489,1,Blue Grass Savings Bank
1141227,FNB FINANCIAL SERVICES INC,225353,1,First Texoma National Bank
CERT:26351,Unity National Bank of Houston,224864,1,Unity National Bank of Houston
3069482,BEDIAS FINANCIAL CORP,224794,1,First State Bank of Bedias
1095245,COTTONRUDY INVESTMENT CO,224749,1,The Seymour Bank
CERT:28186,MCS Bank,224698,1,MCS Bank
1109731,FRANKLIN BCORP INC,224676,1,Franklin State Bank & Trust Company
2497837,SANGER BANCSHARES INC,224449,1,Sanger Bank
4974631,WCF BCORP INC,224385,1,WCF Financial Bank
3220274,HILLSBORO BANCSHARES INC,224367,1,The Citizens National Bank of Hillsboro
2409755,MALVERN BANK CORP,224032,1,The National Bank of Malvern
3658729,STATE BCORP NORTHWEST,222980,1,State Bank Northwest
2835680,BCC BANKSHARES INC,222803,1,The Bank of Charlotte County
6081289,TANAGER BANCSHARES INC,222271,1,Tanager Bank
CERT:31406,First Federal Savings and Loan Association of San Rafael,222117,1,First Federal Savings and Loan Association of San Rafael
1916760,WEST BEND BCORP,222085,1,West Iowa Bank
1084696,CCB BANCSHARES INC,221938,1,Citizens Community Bank
3566749,FARMERS&DROVERS FINANCIAL CORP,221919,1,Farmers and Drovers Bank
2067771,ISB BANCSHARES INC,221909,1,Ipava State Bank
1084061,BANCSOUTH CORP,221455,1,BankSouth
2471985,FARMERS STATE BANCSHARES INC,221446,1,Farmers State Bank
2342722,MILTON BANCSHARES INC,221413,1,Bank of Milton
2848653,SNB HOLDINGS INC,221036,1,Friend Bank
1071333,EMPIRE BANCSHARES INC,220552,1,The Hicksville Bank
1096037,STEELVILLE CMTY BANC-SHARES,220438,1,FCNB Bank
1099270,CITIZENS BCORP OF HICKMAN INC,220385,1,The Citizens Bank
2452630,COMMERCE BANCSHARES INC,219988,1,Commerce Bank
1061455,MULVANE BANKSHARES INC,219864,1,Carson Bank
1363908,H&W HOLDING CO,219569,1,Merchants State Bank
4166397,FIRST PEOPLES BCORP INC,219545,1,First Peoples Bank of Tennessee
1137145,UNITED CITIZENS FINANCIAL CORP,219331,1,United Citizens Bank & Trust Company
1125553,KANDIYOHI BANCSHARES INC,218894,1,Home State Bank
1130829,AUSTIN COLONY INC,218367,1,First National Bank of Lake Jackson
3253825,LAKEVIEW BCORP INC,218334,1,Lakeview Bank
1086355,PLAQUEMINE BANCSHARES CORP,218261,1,Plaquemine Bank & Trust Company
1125900,VALLEY BANCSHARES INC,218118,1,Valley Bank of Kalispell
1141580,VALLEY HOLDING CO,218062,1,Valley Bank of Ronan
1135280,FOUNDATION FINL HOLDINGS INC,217915,1,Foundation Bank
2349516,HEART OF GA BANCSHARES INC,217557,1,Mount Vernon Bank
CERT:22669,Nevada Bank and Trust Company,217464,1,Nevada Bank and Trust Company
CERT:28908,Iron Workers Savings Bank,217455,1,Iron Workers Savings Bank
1205156,MORNING SUN BANK CORP,217421,1,BANK
2753869,JOHN R TURNER HOLDING CO,217266,1,Citizens Bank & Trust Co. of Jackson
1104941,FLOYD COUNTY BANCSHARES INC,216947,1,First Texas National Bank
3823965,CROSSBRIDGE MUTUAL HOLDING CO,216709,1,Crossbridge Community Bank
1067701,RAWLINS BANKSHARES INC,216271,1,Bank of Commerce
2538860,COMMERCIAL BANCSHARES SVG&EMPLOYEE STK OWNERSHIP PLAN,216129,1,Commercial Bank
2230249,FM GROUP INC,215432,1,Farmers and Merchants Bank
1416569,FOSTORIA BANKSHARES INC,215295,1,Farmers Savings Bank
1143454,MILLEDGEVILLE BCORP INC,215190,1,Milledgeville State Bank
4352444,BURLING BCORP INC,214188,1,Burling Bank
CERT:59157,American Bank of the Carolinas,214049,1,American Bank of the Carolinas
CERT:29743,Aroostook County Federal Savings and Loan Association,213977,1,Aroostook County Federal Savings and Loan Association
2723862,ASTRA FINANCIAL CORP,213787,1,TriCentury Bank
5808461,SURETY FINANCIAL HOLDINGS INC,213680,1,Surety Bank
1135507,FARMERS&MERCHANTS BCORP THE,213417,1,The Farmers and Merchants Bank
1203488,SAC CITY LTD,213339,1,Iowa State Bank
3487965,PRODUCERS B&T EMPLOYEE STK OWNERSHIP PLAN,213225,1,Producers Bank & Trust
1202333,TALEN INC,212740,1,Farmers Savings Bank & Trust
2454773,PERRYTON BANCSHARES INC,212650,1,The Perryton National Bank
6052524,MUSTANG HOLDINGS GROUP LLC,212646,1,First State Bank of Odem
1106525,EXCHANGE BANCSHARES INC,212526,1,"Exchange Bank and Trust Company, Natchitoches, Louisiana"
1085358,UNION BANCSHARES INC,212452,1,Union State Bank
1097995,CLARK COUNTY BANCSHARES INC,212155,2,"Peoples Bank of Wyaconda, Missouri"
4526496,BANC INVESTORS LLC,211989,1,1st Advantage Bank
CERT:29772,Vidalia Federal Savings Bank,211974,1,Vidalia Federal Savings Bank
3554988,COMMUNITY BANCSHARES INC,211775,1,The Community Bank
1357046,CALHOUN BANKSHARES INC,211736,1,"Calhoun County Bank, Inc."
3619702,MADISON CMTY BANCSHARES CORP,211682,1,Madison County Community Bank
CERT:9388,The Corner Stone Bank,211448,1,The Corner Stone Bank
1122178,F&M FINANCIAL SERVICES INC,211091,1,"F & M Community Bank, National Association"
1202119,BRADLEY BCORP INC,210609,1,Iowa Trust and Savings Bank
1870022,CALDWELL COUNTY BANCSHARES INC,210293,1,Bank Northwest
1099793,FARMERS HOLDING CO,210101,1,The Farmers State Bank and Trust Company
1141133,PORTAGE COUNTY BANCSHARES INC,210076,1,The Portage County Bank
4412151,BEALL BANCSHARES INC,209958,1,Peoples State Bank of Velva
CERT:29749,Southern Hills Community Bank,209556,1,Southern Hills Community Bank
1139000,APOLLO BCORP INC,209407,1,Apollo Trust Company
CERT:24199,Capitol National Bank,209280,1,Capitol National Bank
1127687,EITZEN INDEPENDENTS INC,208865,1,ESB Bank
5837489,PFS BCORP INC,208480,1,Peru Federal Savings Bank
CERT:35388,SEI Private Trust Company,208453,1,SEI Private Trust Company
CERT:10505,The Kansas State Bank,208382,1,The Kansas State Bank
CERT:29676,"Paper City Savings Bank, S.A.",208350,1,"Paper City Savings Bank, S.A."
2178631,FARMERS&MERCHANTS BANCSHARES,208229,1,Farmers & Merchants Bank & Trust
3619140,COMMUNITY STATE BANKSHARES INC,208094,1,Community State Bank
3097458,CENTURY BANCSHARES INC,208077,1,"Century Bank of Kentucky, Inc."
1131013,CARROLL COUNTY BANCSHARES INC,207555,1,"Carroll County Trust Company of Carrollton, Missouri"
CERT:30969,First FSB of Mascoutah,207280,1,First FSB of Mascoutah
1203022,SSB BCORP INC,207176,1,State Savings Bank
1363935,FIRST&PEOPLES BANCSHARES INC,207102,1,First & Peoples Bank and Trust Company
CERT:11463,The Citizens-Farmers Bank of Cole Camp,206969,1,The Citizens-Farmers Bank of Cole Camp
1139596,SPRING VALLEY BCORP INC,206953,1,Spring Valley City Bank
5435979,FWB FINANCIAL INC,206674,1,FWBank
1123719,WADENA BANKSHARES INC,206645,1,Wadena State Bank
3834831,UNION STATE BANC HOLDING CORP,206183,1,Union State Bank
2232748,MURPHY-WALL BCORP INC,206121,1,Murphy-Wall State Bank and Trust Company
1247727,CITIZENS FINL EMPLOYEE STK OWNERSHIP PLAN&TR,206034,1,Badger Bank
5515488,LIBERTY NORTHWEST BCORP INC,205980,1,Liberty Bank
1064513,WILLIAMS HOLDING CO INC,205904,1,Halstead Bank
CERT:57882,Legacy State Bank,205854,1,Legacy State Bank
5559932,FIRST CAHAWBA BANCSHARES INC,205742,1,First Cahawba Bank
CERT:29842,Commonwealth Co-operative Bank,204999,1,Commonwealth Co-operative Bank
4771988,RED OAK FINANCIAL CORP,204840,1,Houghton State Bank
1126747,LAKE CRYSTAL BCORP INC,204003,1,Minnstar Bank National Association
CERT:7085,The First National Bank of Groton,203883,1,The First National Bank of Groton
CERT:7031,The First National Bank of Dryden,203874,1,The First National Bank of Dryden
CERT:31198,"Greeneville Federal Bank, FSB",203872,1,"Greeneville Federal Bank, FSB"
1206425,SCOTT BANCSHARES INC,203523,1,Scott State Bank
CERT:25328,BOC Bank,203364,1,BOC Bank
2480491,COMMERCE BANCSHARES INC,203181,1,Bank of Commerce
3835100,CRAZY WOMAN CREEK BCORP INC,202578,1,Buffalo Federal Bank
4136439,VERUS ACQUISITION GROUP INC,202364,1,Verus Bank of Commerce
CERT:58324,Lone Star Bank,202282,1,Lone Star Bank
1065613,OKLAHOMA BCORP INC,202258,1,Oklahoma Bank and Trust Company
1060047,KNOTT HOLDING CO INC,202081,1,Bank 21
1404641,MOUNTAIN-VALLEY BANCSHARES INC,201901,1,"Mountain Valley Bank, N.A."
1208018,FIRST COMMUNITY BCORP INC,201671,1,First Community Bank and Trust
2540283,ARMSTRONG FINANCIAL CO,201419,1,Minden Exchange Bank & Trust Company
CERT:34460,Millennial Bank,201328,1,Millennial Bank
CERT:4722,The First National Bank of Louisburg,201286,1,The First National Bank of Louisburg
3231373,HOMETOWN BANCSHARES INC,201213,1,PeoplesTrust Bank
1122534,FRANKSON INVESTMENT CORP,201067,1,"Keen Bank, National Association"
1126626,MUNICH BANCSHARES INC,201034,1,Horizon Financial Bank
CERT:99,Bank of Delight,201031,1,Bank of Delight
1131367,KEYSTONE COMMUNITY BCORP,200758,1,Keystone Savings Bank
5900806,SMARTBIZ BANCSHARES INC,200758,1,"SmartBiz Bank, National Association"
1472060,MORLEY BANCSHARES CORP,200512,1,The Valley State Bank
1137891,FNB SHARES INC,200192,1,The First National Bank of McConnelsville
4771997,YORK HOLDINGS INC,200163,1,York State Bank
4151012,FIRST CITY FUND CORP,200027,1,New Haven Bank
CERT:30429,Massena Savings and Loan,199862,1,Massena Savings and Loan
3614668,BLUE RIDGE FINANCIAL CORP,199449,1,Blue Ridge Bank
CERT:3190,The First National Bank of Evant,199410,1,The First National Bank of Evant
1099841,ELKTON BCORP INC,199052,1,Elkton Bank & Trust Company
CERT:327,Merchants and Planters Bank,198973,1,Merchants and Planters Bank
2453936,MAGNOLIA BANKSHARES INC,198651,1,Magnolia State Bank
3084999,SAVANNA-THOMSON INVESTMENT INC,198636,1,Fidelity Bank
CERT:17587,Simmesport State Bank,198489,1,Simmesport State Bank
CERT:8214,Farmers State Bank of Hamel,198344,1,Farmers State Bank of Hamel
1398991,PIPER BANKSHARES INC,198166,1,Vermilion Valley Bank
3148622,COMMERCE NATL BANKSHARES FL,197945,1,Commerce Bank & Trust
6077358,RECAP FINANCIAL VENTURES LLC,197745,1,Lineage Bank
CERT:27727,Lyons Federal Bank,197569,1,Lyons Federal Bank
4028860,FIRST FS&LA OF VAN WERT MHC,197408,1,First Federal Savings and Loan Association of Van Wert
1206779,CHEBELLE CORP,196910,1,Chelsea Savings Bank
3015612,CENTRAL OHIO BCORP,196208,1,The First National Bank of Waverly
1247624,AGRICULTURAL BANKING CORP,196113,1,"Frederick Community Bank, The"
1144228,GROESBECK BANCSHARES INC,196024,1,Farmers State Bank
1143904,MARKET BCORP INC,195978,1,New Market Bank
1098684,GOLDEN OAKS BANCSHARES INC,195878,1,The Peoples Bank
1399505,ADRIAN BANCSHARES INC,195602,1,Adrian Bank
CERT:59283,Integro Bank,195591,1,Integro Bank
1140912,MOUNT VERNON BCORP,195476,1,Mount Vernon Bank and Trust Company
5312539,SEILING BANCSHARES INC,195039,1,THE SEILING STATE BANK
2579612,ABSECON BCORP,194992,1,The First National Bank of Absecon
1060234,FIDELITY BANC DODGE CTY KS,194786,1,The Fidelity State Bank and Trust Company
1969485,DIXON BANCSHARES INC,194658,1,Citizens State Bank
CERT:28425,Central Federal Savings and Loan Association,194646,1,Central Federal Savings and Loan Association
4805632,FNB BARRY BCORP INC,194555,1,Great Rivers Bank
2066390,COMMUNITY BANCSHARES ELMHURST,194488,1,Community Bank of Elmhurst
1099663,SHARP BANCSHARES INC,194374,1,Bank of Cave City
1055539,F S B PROPERTIES INC,193946,1,The Farmers State Bank
1100297,LIBERTY BCORP INC,193864,1,Liberty Bank
5420788,KING HARRIS BCORP INC,193740,1,Peoples Bank
2339928,SECURITY FINANCIAL INC,193714,1,Security Savings Bank
1871588,NORTHERN INTERSTATE FINL INC,193510,1,"Northern Interstate Bank, N. A."
5559222,WNB HOLDINGS LLC,193257,1,Western Nebraska Bank
CERT:22888,Farmers and Miners Bank,193230,1,Farmers and Miners Bank
1836475,FIRST CAMDEN BANCSHARES INC,193200,1,Community Neighbor Bank
4301394,CINCINNATUS CMTY BCORP MHC,193097,1,The Cincinnatus Savings & Loan Co.
CERT:26576,Wrentham Co-operative Bank,192617,1,Wrentham Co-operative Bank
CERT:59289,Walden Mutual Bank,192566,1,Walden Mutual Bank
2507642,GREAT AMERICAN BCORP INC,192539,1,First Federal Savings Bank of Champaign Urbana
1081725,SOUTH GEORGIA BANKSHARES CORP,192370,1,Peoples Bank
1993547,BANCWEST INC,192365,1,The Bank of the West
2376727,SUNSET BCORP INC,192304,1,Bank of Sunset and Trust Company
3664216,PYRAMID FINANCIAL CORP,192247,1,Bank of Anguilla
1061857,CAMPBELL STATE CO,192146,1,South Central State Bank
CERT:58450,"Texas Advantage Community Bank, National Association",192075,1,"Texas Advantage Community Bank, National Association"
3842920,MARIANAS FINANCE CORP,191856,1,"BankPacific, Ltd"
1208483,FTS FINANCIAL INC,191554,1,Farmers Trust & Savings Bank
1139756,GARDEN PLAIN BANCSHARES INC,191471,1,Garden Plain State Bank
4880358,CITIZENS BUILDING&LOAN MHC,191277,1,CBL State Savings Bank
1070970,INDEPENDENCE BANCCORP,191242,1,Independence Bank
2736899,OAKFIELD BCORP INC,191212,1,Bristol Morgan Bank
2356514,PIONEER COMMUNITY GROUP INC,191136,1,"Pioneer Community Bank, Inc."
CERT:23805,United Pacific Bank,191036,1,United Pacific Bank
4046640,DREXEL MORGAN&CO,190977,1,The Haverford Trust Company
3832846,OZARK BCORP INC,190897,1,Progressive Ozark Bank
1125441,SECURITY ST AGENCY AITKIN INC,190848,2,Security State Bank of Aitkin
1105818,CITIZENS STATE FINANCIAL CORP,190617,1,Citizens State Bank
1209985,SHANNON BCORP INC,190456,1,First State Bank Shannon-Polo
3072017,PEOPLES STATE BCORP INC,190380,1,Peoples State Bank of Munising
1130762,BENTON FINANCIAL CORP,190332,1,Fowler State Bank
4519126,GDW BANKSHARES INC,190263,1,The Geo. D. Warthen Bank
CERT:30150,Citizens Federal Savings Bank,190109,1,Citizens Federal Savings Bank
1141692,JSB BCORP INC,190061,1,Jersey State Bank
CERT:4049,First Enterprise Bank,189692,1,First Enterprise Bank
1857171,FS BANCO INC,189670,1,The First State Bank of Malta
CERT:29975,The Peoples Savings Bank,189320,1,The Peoples Savings Bank
CERT:29636,First Federal Savings and Loan Association of Bath,189104,1,First Federal Savings and Loan Association of Bath
CERT:57420,Highlands Community Bank,188921,1,Highlands Community Bank
CERT:59290,Beach Cities Commercial Bank,188867,1,Beach Cities Commercial Bank
2254704,COMMUNITY FINANCIAL CORP,188796,1,Community Bank
1066263,BEAVER BCORP INC,188597,1,The Bank of Beaver City
2087939,CAMILLA BANCSHARES INC,188129,1,Bank of Camilla
1064317,AMSTERDAM BANCSHARES INC,188086,1,Citizens Bank
3602227,CSB&T BCORP INC,188060,1,Citizens Savings Bank and Trust Company
2049142,BBS CORP,187963,1,First State Bank
CERT:28712,First Federal Savings of Middletown,187963,1,First Federal Savings of Middletown
2307310,BELLEVUE STB EMPLOYEE STK OWNERSHIP PLAN,187655,1,Bellevue State Bank
1492497,TREMONT BCORP INC,187618,1,The First National Bank in Tremont
1883219,COMMUNITY IND BCORP INC,187526,1,Farmers State Bank
2598378,MARENGO BANCSHARES INC,187517,1,Prairie Community Bank
CERT:14619,Savannah Bank National Association,187172,1,Savannah Bank National Association
1131303,RAYMOND BCORP INC,187057,1,The First National Bank of Raymond
4352574,VALLEY CENTRAL MHC,186737,1,Valley Central Bank
2411628,REPUBLIC BANCSHARES INC,186552,1,Southwind Bank
CERT:59281,Gulf Coast Business Bank,186552,1,Gulf Coast Business Bank
1204784,LIBERTY BCORP,186216,1,Liberty Trust & Savings Bank
2645937,LINCOLN BANCSHARES INC,186213,1,Farmers State Bank
CERT:28060,Citizens Federal Savings and Loan Association,186142,1,Citizens Federal Savings and Loan Association
CERT:12956,Bank of Richmondville,185900,1,Bank of Richmondville
1205923,BEMENT BANCSHARES INC,185573,1,State Bank of Bement
1133183,HOME NATIONAL CORP,185555,1,The Home National Bank of Thorntown
1109487,TENSAS BANCSHARES INC,185479,1,Tensas State Bank
1406953,TEXAS PEOPLES NATL BANCSHARES,185378,1,Peoples Bank
1128424,NORBANC GROUP INC,185324,1,Pine River State Bank
2688596,CITIZENS BCORP INC,185140,1,Citizens' Bank of Charleston
CERT:11904,"First State Bank of Ben Wheeler, Texas",185121,1,"First State Bank of Ben Wheeler, Texas"
3392443,COMMUNITY BANCSHARES INC,185097,1,Mission Bank
CERT:57656,Heritage Community Bank,184398,1,Heritage Community Bank
1417137,FIRST STATE BANKSHARES INC,184007,1,First State Bank
1404678,STATE BANCSHARES INC,183761,1,State Bank of Southwest Missouri
CERT:16417,Citizens Bank & Trust Company,183708,1,Citizens Bank & Trust Company
1141722,GREENWOOD CNTY FINL SERVICES,183321,1,Home Bank and Trust Company
1926228,LSBANCORP INC,183239,1,La Salle State Bank
1135057,BOSQUE BANCSHARES INC,183062,1,First Security State Bank
6041582,U BANCSHARES INC,182753,1,UBank
CERT:6990,The Putnam County National Bank of Carmel,182711,1,The Putnam County National Bank of Carmel
1063141,SOLOMON BANCSHARES INC,182641,1,The Solomon State Bank
1250464,DANVILLE BANCSHARES INC,182623,1,Danville State Savings Bank
3814459,SOUTHEASTERN FINANCIAL INC,182603,1,"First Federal Bank, A FSB"
2737823,FARMERS&MERCHANTS BCORP INC,182362,1,F&M Bank and Trust Company
1104110,VALLEY MILLS FINANCIAL CORP,182292,1,First National Bank of Bosque County
3822874,FOUNDATION FIRST CORP,182244,1,Foundation One Bank
1250138,42 NORTH PRIVATE HOLDINGS INC,182165,1,42 North Private Bank
1208728,ST ANSGAR BCORP,182036,1,St. Ansgar State Bank
2887296,UNION BANCSHARES MHC,181994,1,Union Savings Bank
1248809,FIRST NOKOMIS BCORP INC,181879,1,FIRST NATIONAL BANK OF NOKOMIS
3191459,CONTINENTAL BCORP,181836,1,Continental Bank
1127016,FINANCIAL SERVICES LOWRY INC,181622,2,The First National Bank of Osakis
4512378,SIGMA HOLDINGS INC,180978,1,Gateway Bank
2807007,LNB COMMUNITY BCORP,180959,1,LNB Community Bank
CERT:31994,Slovenian Savings and Loan Association of Franklin-Conemaugh,180840,1,Slovenian Savings and Loan Association of Franklin-Conemaugh
1057168,HYDRO BANCSHARES INC,180831,1,Bank of Hydro
6027755,BATTLE FINANCIAL INC,180793,1,"Battle Bank, National Association"
5678235,TC FINANCIAL HOLDINGS INC,180647,1,Town Center Bank
1064689,GALVA BANCSHARES INC,180482,1,The Farmers State Bank
1363748,PAGE HOLDING CO,180435,1,Farmers and Merchants State Bank
4211336,FELICIANA BANCSHARES INC,180398,1,Feliciana Bank & Trust Company
5041286,GREATER STATE BANCSHARES CORP,180242,1,Greater State Bank
1140725,WHITTINGTON BCORP INC,180115,1,State Bank of Whittington
1128705,MIDWEST BANCSHARES INC,179866,1,Americana Community Bank
CERT:18120,"The Farmers State Bank of Aliceville, Kansas",179563,1,"The Farmers State Bank of Aliceville, Kansas"
3346624,SALISH&KOOTENAI BCORP,179515,1,Eagle Bank
4815501,FIRST MERCANTILE FINL CORP,178915,1,Putnam 1st Mercantile Bank
1137686,SSB INC,178210,1,The State Savings Bank of Manistique
3848566,UNITED BCORP INC,178170,1,United Trust Bank
1126934,TRAXSHARES INC,178155,1,The First National Bank of Le Center
1082236,LAFOURCHE BANCSHARES INC,177535,1,South Lafourche Bank & Trust Company
1126327,REMER BCORP INC,177492,1,Woodland Bank
CERT:25803,Hatch Bank,177458,1,Hatch Bank
2013947,NEW MEXICO NATL FINL INC,176341,1,Bank of the Southwest
1202744,BROGAN BANKSHARES INC,176294,1,The Bank of Kaukauna
5838365,MERCER BCORP INC,176211,1,Mercer Savings Bank
5759983,ALLBANK HOLDING CO INC,176080,1,All Capital Bank
5620971,BANK MICHIGAN FINANCIAL CORP,175994,1,Bank Michigan
4851675,ANCHOR BANCSHARES INC,175947,1,Security Bank of Texas
1131237,FIRST BOTTINEAU INC,175932,1,First National Bank and Trust Co. of Bottineau
1210347,COMMUNITY BCORP,175893,1,Community State Bank
CERT:291,Jackson County Bank,175869,1,Jackson County Bank
3470444,BLUE LION BANCSHARES INC,175688,1,Bank of Prairie Village
1126493,PRAIRIE BANCSHARES CORP,175638,1,The First State Bank of Shelby
3612244,BSB BANCSHARES INC,175606,1,Brunswick State Bank
1134283,COMMUNITY BANCSHARES INC,175556,1,"PBK BANK, INC."
1204300,F&M BANKSHARES INC,175072,1,Farmers & Merchants Bank & Trust
1095861,CLAYTON BANCSHARES INC,175056,1,Central State Bank
1065202,CEDAR RAPIDS STATE CO,174942,1,Cedar Rapids State Bank
3371701,FSB BANCSHARES INC,174679,1,Farmers State Bank & Trust Co.
CERT:26727,Bank of South Texas,174546,1,Bank of South Texas
1205062,S&H HOLDINGS INC,174461,1,Iroquois Farmers State Bank
6053754,RIVERBANK BANCSHARES INC,174436,1,RiverBank
3938720,PAINT ROCK BANCSHARES INC,174318,1,First State Bank
2260095,HOEME FAMILY PARTNERSHIP,173764,1,The First National Bank of Scott City
5341249,WATERMAN ACQUISITION GROUP LLC,173623,1,Waterman Bank
2621913,LIGHT BANCSHARES CORP,173528,1,The Community Bank
1123803,GOOSE RIVER HOLDING CO,173430,1,The Goose River Bank
2533070,BAYBANK CORP,173382,1,Baybank
CERT:29535,DeWitt Savings Bank,173232,1,DeWitt Savings Bank
2081722,TWIN RIVER FINANCIAL CORP,173027,1,Twin River Bank
1084052,FIRST HARTFORD BANCSHARES INC,172993,1,The First National Bank of Hartford
1098639,CNB OF LEBANON BCORP INC,172976,1,"Citizens Bank and Trust of Lebanon, Inc."
3271267,WESTERN BCORP INC,172886,2,Western National Bank
3845668,SHARON MUTUAL HOLDING CO,172625,1,Sharon Bank
CERT:4611,Farmers National Bank,172526,1,Farmers National Bank
CERT:9096,Atkins Savings Bank & Trust,172196,1,Atkins Savings Bank & Trust
1051193,FIRST NATIONAL FINANCIAL CORP,171898,1,Bank of Estes Park
4361361,ISB BCORP INC,171877,1,Illini State Bank
1066852,PEOPLES NATL BANCSHARES CHECOTAH,171848,1,The Peoples National Bank of Checotah
CERT:22514,Utah Independent Bank,170869,1,Utah Independent Bank
1863239,SCREVEN BANCSHARES INC,170654,1,Farmers and Merchants Bank
1065444,AMERICAN BANCSHARES INC,170241,1,American Bank of Baxter Springs
CERT:30183,Millville Savings Bank,169906,1,Millville Savings Bank
CERT:969,Templeton Savings Bank,169642,1,Templeton Savings Bank
2629834,RW BCORP LTD,169501,1,State Bank of Reeseville
1493609,VALLEY BANCSHARES INC,169492,1,Valley State Bank
3640407,GREENFIELD BCORP LTD,168688,1,Union State Bank
1131554,PEOPLES BCORP INC,168551,1,Peoples Bank & Trust Company
3835155,FARMERS REALTY CO THE,168344,1,Equitable Savings and Loan Association
5110324,HERITAGE NOLA BCORP INC,167949,1,Heritage Bank of St Tammany
3135435,COMMERCE HOLDING CORP,167901,1,Commerce Bank
5886094,RIVERWIND BANCSHARES INC,167823,1,Riverwind Bank
2723648,EAGLE LAKE BANCSHARES INC,167651,1,The First National Bank of Eagle Lake
1249945,UNB CORP,167331,1,UNB Bank
1205192,ALPHA BANCO INC,167285,1,Farmers State Bank of Western Illinois
1067514,FIRST FINANCIAL CORP,167248,1,Impact Bank
3141034,QUITAQUE NATIONAL CORP,167122,1,The First National Bank of Quitaque
CERT:31083,Jarrettsville Federal Savings and Loan Association,167090,1,Jarrettsville Federal Savings and Loan Association
2410603,SSB HOLDINGS INC,166936,1,Security Bank and Trust Company
2606321,CARSON FINL HOLDING CO INC,166708,1,Carson Community Bank
CERT:30551,Westmoreland Federal Savings and Loan Association,166532,1,Westmoreland Federal Savings and Loan Association
1204092,FNB BANSHARES INC,166052,1,Bank 1st
1136492,PUTNAM COUNTY BCORP INC,165914,1,North Central Bank
1052846,BBJ INC,165570,1,First National Bank in Ord
1247017,FORSYTH BANCSHARES INC,165547,1,First State Bank of Forsyth
4839310,NORMANGEE BANCSHARES INC,165493,1,Normangee State Bank
CERT:9502,Movement Bank,165482,1,Movement Bank
1125795,FREEPORT BANCSHARES INC,165459,1,Freeport State Bank
1918081,BIG BEND BANCSHARES CORP,165392,1,"Big Bend Banks, N.A."
2145950,SBT BANCSHARES INC,165089,1,State Bank & Trust Company
1249178,HARRISON BANKSHARES INC,164938,1,The Harrison County Bank
1126466,NORTHWESTERN BANCSHARES INC,164733,1,"Northwestern Bank, National Association"
1031515,TRANS PACIFIC BCORP,164379,1,"BEACON BUSINESS BANK, NATIONAL ASSOCIATION"
2151670,FIRST COMMUNITY BCORP INC,164254,1,Auburn Banking Company
1100055,SCHUYLER COUNTY BANCSHARES INC,164128,1,Northeast Missouri State Bank
1071575,FIRST BANK OF KENTUCKY CORP,163993,1,Bank of Maysville
2313049,HARRIS TAUBMAN FINANCIAL CORP,163792,1,Commercial Trust Company of Fayette
2896207,SNB BCORP INC,163507,1,The Salyersville National Bank
1098451,LEBANON BANCSHARES INC,163006,1,The Farmers National Bank of Lebanon
2250180,SECURITY BANCSHARES PULASKI CNTY,162925,1,Security Bank of Pulaski County
1108501,FIDELITY BANCSHARES INC,162840,1,Fidelity Bank of Texas
1055351,CORONADO INC,162379,1,First Bank
1082898,TRI-STATES BANKSHARES INC,162311,1,Bank of Dade
CERT:12836,First State Bank of Porter,162294,1,First State Bank of Porter
CERT:19381,Park State Bank & Trust,162251,1,Park State Bank & Trust
CERT:29357,Family Bank,162031,1,Family Bank
1129001,OLMSTED BCORP INC,161749,1,First Security Bank
1129896,DIAMOND BANCSHARES INC,161306,1,The Antwerp Exchange Bank Company
CERT:8067,Community State Bank,161189,1,Community State Bank
CERT:28035,"Belmont Savings Bank, SSB",161046,1,"Belmont Savings Bank, SSB"
1128264,UNITED BCORP,160896,1,The Bank of Baker
1076169,WEST-CENTRAL BCORP INC,160621,1,First Neighborhood Bank
CERT:28390,Edward Jones Trust Company,160513,1,Edward Jones Trust Company
1083998,WCG BANCSHARES INC,160377,1,West Central Georgia Bank
CERT:31545,Central Bank,160232,1,Central Bank
1250679,SOUTHEASTERN BCORP INC,160139,1,Bank of Greeleyville
1138272,BELLE GLADE BANK CORP,160100,1,Bank of Belle Glade
1427387,CAMPBELL HILL BANCSHARES INC,160068,1,First State Bank of Campbell Hill
CERT:2301,The First State Bank,160039,1,The First State Bank
1085536,DAWSON BANCSHARES INC,159915,1,Bank of Dawson
3010288,C B&T BANCSHARES INC,159630,1,"Citizens Bank & Trust Company of Vivian, Louisiana"
CERT:30058,First Federal Savings and Loan Association of Greensburg,159477,1,First Federal Savings and Loan Association of Greensburg
3828634,FIRST NILES FINANCIAL INC,159092,1,Home Federal Savings and Loan Association of Niles
1137284,FANNIN BCORP INC,159091,1,Fannin Bank
1126569,LIBERTY BCORP INC,159046,1,Liberty State Bank
3112472,MONTICELLO BANCSHARES INC,159026,1,Bank of Monticello
1062854,RAWLINS BANCSHARES INC,159001,1,Farmers Bank & Trust
2447935,BRICKYARD BCORP INC,158957,1,Brickyard Bank
1144040,CITIZENS CAPITAL CORP,158861,1,"Citizens' Bank, Inc."
1205754,G W BCORP INC,158725,1,GreenLeaf Bank
2734073,ARENZVILLE BCORP INC,158691,1,The First National Bank of Arenzville
1133129,SKIATOOK BANCSHARES INC,158375,1,The Exchange Bank
1137510,FIRST SOUTHEASTERN BANC GROUP,158286,1,First Southeast Bank
1102170,ETEX BANCO INC,158219,1,The First National Bank of Winnsboro
1125571,DARWIN BANCSHARES INC,158134,1,Perennial Bank
2355759,FCNB BCORP INC,158070,1,The Fayette County National Bank of Fayetteville
2412139,MONTICELLO BANCSHARES INC,158021,1,Bank of Monticello
5841440,1905 NEKOTA BANKCORP INC,157807,1,Legends West Bank
5947294,WEST 4 BANCSHARES INC,157748,2,The First State Bank of Healy
1951127,OHIO CNTY CMTY BANCSHARES INC,157743,1,"Commonwealth Community Bank, Inc."
CERT:29813,Peoples Savings and Loan Company,157364,1,Peoples Savings and Loan Company
3314100,FREEDOM BCORP,157269,1,Freedom Bank
CERT:17872,"First National Bank, Cortez",156897,1,"First National Bank, Cortez"
2948919,YANKEE RIDGE INC,156573,1,Philo Exchange Bank
5280133,PF INVESTORS INC,156351,1,Oakwood Bank
3723953,BLACK CAT FINANCIAL CORP,155972,1,Bank of Winnfield & Trust Company
2604493,WASHINGTON BCORP,155836,1,Federation Bank
5903209,TOM BEAN BANK HOLDING CO,155559,1,The First National Bank of Tom Bean
5805237,ICON BCORP,155506,1,Icon Business Bank
1857779,CBT CORP INC,155395,1,Citizens Bank & Trust Company
5085664,AUDUBON COUNTY INVESTMENT CO,155349,1,Audubon State Bank
4097969,DEL NORTE M H C,155279,1,Del Norte Bank
1363793,BANKSHARES CORP OF NICEVILLE,155169,1,PNB Community Bank
3799006,GRAHAM SAVINGS FINANCIAL CORP,155091,1,"Graham Savings and Loan, SSB"
1140613,EMINENCE BANKSHARES INC,155063,1,Security Bank of the Ozarks
CERT:26450,Canton Co-operative Bank,154823,1,Canton Co-operative Bank
1898008,COLUMBUS BCORP INC,154599,1,The First State Bank
CERT:12372,Fowler State Bank,154500,1,Fowler State Bank
2130303,NORTH STATE BANCSHARES INC,154468,1,Prime Security Bank
1062939,PROTECTION BK HOLDING CO INC,154438,1,The Bank of Protection
CERT:30987,Spratt Savings Bank,154402,1,Spratt Savings Bank
1126112,WEB INC,154221,1,State Bank of Fairmont
CERT:8700,Waldo State Bank,154207,1,Waldo State Bank
1123018,WESSINGTON BANKSHARES INC,154029,1,Heartland State Bank
2376969,CNB BCORP INC,153930,1,The Citizens National Bank of Woodsfield
CERT:34710,"Nationwide Trust Company, FSB",153595,1,"Nationwide Trust Company, FSB"
3668223,FNB HOLDING CO,153461,1,First National Bank of Fort Stockton
3832033,PRIORITY ONE HOLDING CO,153397,1,Priority Bank
2389978,BAY PORT FINANCIAL CORP,153373,1,Bay Port State Bank
4665265,AHB BANCSHARES INC,153231,1,American Heritage Bank
CERT:1118,"Citizens State Bank, of Arlington",153202,1,"Citizens State Bank, of Arlington"
1125647,KANDI BANCSHARES INC,152994,1,Lake Region Bank
2698906,EVERGREEN HOLDINGS LLC,152994,1,"Eastbank, National Association"
1127249,GALE BANK HOLDING CO INC,152804,1,Bluff View Bank
1398692,GREATER PACIFIC BANCSHARES,152608,1,"Bank of Whittier, National Association"
CERT:22273,Guaranty Bank Inc.,152386,1,Guaranty Bank Inc.
2948254,COMMUNITY BANCSHARES CO,152316,1,Colfax Banking Company
CERT:7274,WSB Municipal Bank,152273,1,WSB Municipal Bank
3446748,FARMERS&MERCHANTS FINL CORP,152162,1,Farmers and Merchants Bank of Ashland
1128817,SECURITY FINL SERVICES INC,151939,1,Security State Bank of Hibbing
CERT:59239,"Agility Bank, National Association",151636,1,"Agility Bank, National Association"
3834710,FIRST CAROLINA BANCSHARES M H C,151554,1,"1st Federal Savings Bank of SC, Inc."
1248005,INDEPENDENT CMTY BCORP INC,151382,1,"Independent Correspondent Bankers' Bank, Inc."
CERT:30072,Schuyler Savings Bank,151213,1,Schuyler Savings Bank
CERT:28708,GSL Savings Bank,151205,1,GSL Savings Bank
1247026,GREENFIELD BANCSHARES INC,151192,1,Greenfield Banking Company
CERT:12128,Citizens Savings Bank,151098,1,Citizens Savings Bank
5210372,STARK BANCSHARES INC,151057,1,Grand Missouri Bank
1063301,CEDAR BCORP,150982,1,Bank of Hartington
3361506,SOUTH TEXAS BANCSHARES INC,150794,1,First State Bank
3289477,TWIN CITY BCORP INC,150650,1,Increase Bank
CERT:59285,Moultrie Bank & Trust,150574,1,Moultrie Bank & Trust
1245611,WHITTEMORE BANCSHARES INC,150493,1,Farmers State Bank
1125898,GREAT PLAINS BANK CORP,150436,1,Great Plains Bank
1053973,DUROC INVESTMENT CO,150405,1,State Bank of Table Rock
1099346,FIRST MONTGOMERY BCORP INC,150367,1,The First National Bank of Litchfield
3346745,TOMBIGBEE BANCSHARES INC,149999,1,Sweet Water State Bank
1204609,SCHAUMBURG BANCSHARES INC,149965,1,Heritage Bank of Schaumburg
1133923,SACRAMENTO BCORP,149850,1,The Sacramento Deposit Bank
2514921,PINERIES BANKSHARES INC,149137,1,The Pineries Bank
CERT:19278,Carmine State Bank,148755,1,Carmine State Bank
CERT:32293,Miami Savings Bank,148311,1,Miami Savings Bank
1099748,PERRY COUNTY BCORP INC,148246,1,Du Quoin State Bank
1135534,J CARL H BCORP,148127,1,Farmers Trust & Savings Bank
CERT:3335,Bank19,147775,1,Bank19
1364053,FIRST IND BANCSHARES INC,147638,1,First Independent Bank
3026896,MASON BK EMP STK OWNERSHIP PLAN&TR,147495,1,Mason Bank
2619059,ROSCOE CMTY BANKSHARES INC,147482,1,First State Bank of Roscoe
1094444,JUDSON YOUNG MEMORIAL EDUCATION FOUNDATION,147015,1,Bank of Salem
1105630,PEDERNALES INVESTMENT CORP,146827,1,Johnson City Bank
CERT:26520,Security Bank of Southwest Missouri,146805,1,Security Bank of Southwest Missouri
CERT:2616,Millbury National Bank,146508,1,Millbury National Bank
1416925,FARMERS BANCSHARES INC,146505,1,Independent Farmers Bank
CERT:81,Warren Bank and Trust Company,146341,1,Warren Bank and Trust Company
3045815,EAGLE BANCSHARES INC,146145,1,Bank of Cashton
2380948,HIGGINS BCORP INC,146091,1,The First State Bank of Rosemount
5586321,M&C BANCSHARES INC,145987,1,The Merchants & Citizens Bank
1247905,MID AMERICA BANKS INC,145975,1,Exchange State Bank
1100251,MONTGOMERY BANCSHARES INC,145594,1,Jonesburg State Bank
CERT:27767,Union Federal Savings and Loan Association,145593,1,Union Federal Savings and Loan Association
1141898,VERMILION BANCSHARES CORP,145495,1,Vermilion Bank & Trust Company
2728438,LAKE BK SHARES EMPLOYEE STK OWNERSHIP PLAN,145059,1,Security Bank Minnesota
CERT:8276,Alton Bank,145001,1,Alton Bank
1119253,LAKE VALLEY BCORP INC,144971,1,The Peoples Bank
2317690,MOUNDVILLE BANCSHARES INC,144592,1,Bank of Moundville
4552356,NORTHEAST TEXAS BANCSHARES INC,144589,1,The American National Bank of Mount Pleasant
1210084,SWEA CITY BCORP INC,144563,1,Bank Plus
5951965,MONROE FEDERAL BCORP INC,144544,1,Monroe Federal Savings and Loan Association
CERT:23551,Community Bank of El Dorado Springs,143606,1,Community Bank of El Dorado Springs
1051625,FIRST NATIONAL AGENCY INC,143475,1,The First National Bank in Cimarron
CERT:1937,Bank of Crocker,143349,1,Bank of Crocker
3595431,ST ANNE BCORP INC,143238,1,National Bank of St. Anne
2519805,RIVER FALLS BANCSHARES INC,143197,1,River Falls State Bank
2622219,F&M BANCSHARES INC,143117,1,Farmers and Merchants State Bank
1249619,CADIZ BCORP INC,142913,1,Bank of Cadiz and Trust Company
3229503,BANCORP OF WINONA INC,142721,1,Bank of Winona
1398731,BANCORP II INC,142628,1,Citizens Community Bank
2747288,THIRD STREET BANCSHARES INC,142448,1,The Settlers Bank
5932825,FOUR STATES BANCSHARES INC,142077,1,Four States Bank
3828250,MARION BANCSHARES INC,142037,1,Marion State Bank
2467942,KINGSBURY BDC FINL SERVICES,141719,1,Bank of Dixon County
2857758,CHESAPEAKE BCORP EMPLOYEE STK OWNERSHIP PLAN WITH 401 K PROVISIONS,141507,1,The Chesapeake Bank & Trust Co.
CERT:26512,Methuen Co-operative Bank,141259,1,Methuen Co-operative Bank
5382251,HSB MERGER CO,141147,1,Hershey Bank
2161437,VALLEY PREMIER BK EMPLOYEE STK OWNERSHIP PLAN&TR,141007,1,Valley Premier Bank
1124097,DORSET BANCSHARES INC,140608,1,Northwoods Bank of Minnesota
5454288,DRY LAKE FINANCIAL LLC,140550,1,Spur Security Bank
1096297,BUFFALO BANCSHARES INC,140539,1,Bank of Buffalo
1919976,BEULAH BCORP INC,140404,2,First Security Bank - West
1889499,BEAMAN BANCSHARES INC,140318,1,Farmers Savings Bank
2354592,COMMERCIAL BK MOTT EMPLOYEE STK OWNERSHIP PLAN,139977,1,Commercial Bank of Mott
CERT:15939,Peoples State Bank,139966,1,Peoples State Bank
1129627,EVERGREEN BCORP,139923,1,Evergreen National Bank
3306561,BROWNSBORO BANCSHARES INC,139863,1,First State Bank of Brownsboro
CERT:4054,The Farmers Bank,139619,1,The Farmers Bank
CERT:12283,First State Bank,139602,1,First State Bank
3848632,CBB FINANCIAL CORP,139427,1,Community Bankers' Bank
1051429,COMMERCIAL INVESTMENT CO INC,139328,1,West Plains Bank
1081529,P&C BANK SHARES INC,139170,1,Planters and Citizens Bank
2299040,MESA FINANCIAL CORP,139101,1,Texas National Bank
CERT:11916,The Buckholts State Bank,138805,1,The Buckholts State Bank
CERT:30619,"Abbeville First Bank, SSB",138788,1,"Abbeville First Bank, SSB"
3621497,SIDNEY BCORP,138696,1,Sidney State Bank
1248041,ELKCORP INC,138687,1,Elk State Bank
1109900,OAK RIDGE BANCSHARES INC,138601,1,Bank of Oak Ridge
3123366,FIRST COMMERCE FINANCIAL CORP,138492,1,First Commerce Bank
1098808,BANCSHARES OF GLEASON INC,138467,1,Bank of Gleason
1099579,FIRST PERRY BCORP INC,138388,1,First National Bank in Pinckneyville
1127986,WARROAD BANCSHARES INC,138350,1,Security State Bank of Warroad
1207682,DUNLAP IOWA HOLDING CO,138336,1,Community Bank
CERT:31089,"Pickens Savings and Loan Association, FA",138289,1,"Pickens Savings and Loan Association, FA"
1125320,KNOFF BANCSHARES INC,138153,1,The First National Bank of Cokato
1210301,C S B HOLDING CORP,137738,1,Citizens State Bank
1135842,BIG COAL RIVER BCORP INC,137646,1,Whitesville State Bank
1246403,CHERRY BCORP INC,137617,1,State Bank of Cherry
CERT:13802,The Twin Valley Bank,137600,1,The Twin Valley Bank
1059573,HUGOTON BANCSHARES INC,137472,1,The Citizens State Bank
CERT:1165,The First Bank of Okarche,137453,1,The First Bank of Okarche
1105359,WEST BANCSHARES INC,137289,1,POINTWEST BANK
CERT:28769,First Federal Savings Bank of Angola,137258,1,First Federal Savings Bank of Angola
CERT:30357,Streator Home Savings Bank,137043,1,Streator Home Savings Bank
CERT:28315,"RG Bank, A Savings and Loan Association",136694,1,"RG Bank, A Savings and Loan Association"
6071954,SOUTHERN IL BANCSHARES INC,136492,1,Southern Illinois Bank
1204252,MADISON HOLDING CO,136473,1,Union State Bank
1249909,FARMMERC INC,136381,1,The Farmers and Merchants Bank
1427211,FIRST CLAY COUNTY BANC CORP,135903,1,"Clay County Bank, Inc."
2111432,MERCHANTS&FARMERS BANCSHARES,135865,1,"Merchants & Farmers Bank of Greene County, Alabama"
1248489,LITCHFIELD BANCSHARES CO,135659,1,The Litchfield National Bank
1055708,ALFALFA COUNTY BANCSHARES INC,135464,1,ACB Bank
CERT:29426,"Worthington Federal Savings Bank, FSB",135399,1,"Worthington Federal Savings Bank, FSB"
2574886,PEOPLES-MARION BCORP INC,135315,1,The Peoples Bank
CERT:26513,Stoughton Co-operative Bank,135153,1,Stoughton Co-operative Bank
2962344,MSB BANKSHARES INC,134797,1,The Miners State Bank
1208652,RUSHVILLE BANCSHARES INC,134757,1,Rushville State Bank
1200179,TAMA COUNTY ABSTRACT CO,134638,1,The State Bank of Toledo
3468209,BOR BCORP,134473,1,Preferred Bank
1128723,SAINT CLAIR AGENCY INC,134355,1,St. Clair State Bank (Incorporated)
1246953,DUBLIN BANCSHARES INC,134243,1,First National Bank of Dublin
3140961,HAZLEHURST INVESTORS INC,134175,1,Bank of Hazlehurst
3210369,KAMPSVILLE BANCSHARES INC,134098,1,Bank of Kampsville
5325212,ASPERMONT BANKSHARES INC,133878,1,The First National Bank of Aspermont
2992396,FIRST NB MOOSE LAKE PROFIT SHARING&ESOP,133658,1,The First National Bank of Moose Lake
1067877,CHARITON COUNTY BANCSHARES INC,133652,1,County Bank
6098184,PSB FINANCIAL INC,133546,1,Pioneer State Bank
3482764,ARCADIA FINANCIAL CORP,133423,1,Community Bank of Pleasant Hill
2917278,FIRST CMTY BANC HOLDING CO,133283,1,First Community Bank of Hillsboro
2496193,SOUTHERN BANC CO INC THE,133102,1,The Southern Bank Company
3217180,IUKA BANCSHARES INC,133016,1,The Iuka State Bank
5805433,VB&T HOLDING CO LLC,132992,1,Zenith Bank & Trust
5192393,FNBELY BCORP,132946,1,The First National Bank of Ely
2516961,COMMUNITY STATE BANCSHARES INC,132764,1,Community State Bank
1839252,BONDUEL BCORP INC,132061,1,Bonduel State Bank
1210459,AMERICAN INTERSTATE BCORP INC,132031,1,American Interstate Bank
1247389,RILEY COUNTY BANCSHARES INC,131965,1,"The Riley State Bank of Riley, Kansas"
4253000,FIDELITY FS&LA MHC,131551,1,Fidelity Federal Savings and Loan Association of Delaware
1056648,BENDENA BANCSHARES INC,131512,1,The Bendena State Bank
CERT:27898,"Home Savings and Loan Association of Carroll County, F.A.",131402,1,"Home Savings and Loan Association of Carroll County, F.A."
CERT:5786,Spencer County Bank,131170,1,Spencer County Bank
1132289,FIRST STATE HOLDING CORP,130715,1,"First State Bank of the South, Inc."
1889846,FSB BCORP,130508,1,Farmers Savings Bank
CERT:58037,California Business Bank,130475,1,California Business Bank
2735931,MOUNT STERLING BCORP INC,130200,1,Farmers State Bank & Trust Co.
2531553,FIRST EQUITY CORP,130024,1,1st Equity Bank
5907766,PRAIRIE BELL HOLDINGS INC,129923,1,SSB Bank
CERT:16177,First State Bank,129707,1,First State Bank
5471931,BANCORP OF BALTIC INC,129580,1,The Baltic State Bank
CERT:29691,KeySavings Bank,129488,1,KeySavings Bank
1062416,SHATTUCK BANCSHARES INC,129448,1,"SNB Bank, National Association"
1086382,CITIZENS BANCSHARES INC,129201,1,The Citizens Bank
1122413,FIRST NATL AGENCY BAGLEY INC,129185,1,The First National Bank of Bagley
3190023,CARVER FINANCIAL CORP,128633,2,Carver State Bank
2774305,COMMUNITY STATE BANCSHARES INC,128329,1,"Community Bank of Wichita, Inc."
1064410,MAPLE HILL BANCSHARES INC,128326,1,The Stockgrowers State Bank
1065190,BERN BANCSHARES INC,128197,1,The State Bank of Bern
1063329,FIRST COWETA CORP,127803,1,FNB Coweta
1130678,HODGE BANCSHARES INC,127616,1,Hodge Bank & Trust Company
2983246,BSB COMMUNITY BCORP INC,127456,1,Conservation First Bank
1084025,BRANTLEY BCORP INC,126857,1,Brantley Bank and Trust Company
3391679,RIVERBEND FINANCIAL CORP,126667,1,Spectra Bank
2251132,PALMER BANCSHARES INC,126580,1,Commercial State Bank
1067233,FIRST FLO CORP,126515,1,Rocky Mountain Bank & Trust
1123951,MENAHGA BANCSHARES INC,126499,1,COMMUNITY FIRST BANK
3823451,DALHART FED MUTUAL HOLDING CO,126298,1,"Dalhart Federal Savings & Loan Association, SSB"
1363962,D&D BANCSHARES INC,126253,1,Cedar Valley Bank & Trust
2186186,CLAY BANCSHARES INC,125990,1,Flora Bank & Trust
5806506,BISON BANCSHARES INC,125850,1,Bison State Bank
5230905,EASTERN INTL BCORP INC,125822,1,Eastern International Bank
2434104,CHESTER BCORP INC,125721,1,Chester National Bank
CERT:14920,The Hamler State Bank,125278,1,The Hamler State Bank
1095870,BANC 60 INC,125269,1,HomePride Bank
CERT:59203,Scottsdale Community Bank,125223,1,Scottsdale Community Bank
4504917,WILDCAT BANCSHARES INC,125187,1,Citizens Bank of Rogersville
1495788,LINCOLN HOLDING CO,125127,1,Lincoln State Bank
CERT:59292,Adelphi Bank,124486,1,Adelphi Bank
CERT:16185,"The Samson Banking Company, Inc.",124461,1,"The Samson Banking Company, Inc."
1487327,NEW RICHLAND BANCSHARES INC,124245,1,State Bank of New Richland
2359962,DCNB HOLDING CO,124137,1,DNB NATIONAL BANK
CERT:14864,Stockmens National Bank in Cotulla,124057,1,Stockmens National Bank in Cotulla
2525048,HOME BANCSHARES INC,123957,1,Home Banking Company
1131723,STAR CITY BANCSHARES INC,123872,1,Connect Bank
CERT:10243,First State Bank of Golva,123534,1,First State Bank of Golva
CERT:32292,Woodsfield Savings Bank,123300,1,Woodsfield Savings Bank
2356251,WILSON BANCSHARES INC,123145,1,The Wilson State Bank
CERT:34711,Farmers Building and Savings Bank,122893,1,Farmers Building and Savings Bank
2004039,JONES BCORP INC,122764,1,G. W. Jones Exchange Bank
1139523,FIRST SANDOVAL BCORP INC,122601,1,Midwest National Bank
1052958,CLEO BANCSHARES INC,122528,1,Cleo State Bank
1137903,SOLON FINANCIAL INC,122478,1,Solon State Bank
2090751,1889 BANCSHARES INC,122201,1,"The First National Bank of Nevada, Missouri"
1136308,KENNETT BANCSHARES INC,122110,1,Kennett Trust Bank
CERT:18063,COREBANK,122079,1,COREBANK
3793497,MAPLE CITY SAVINGS MHC,121809,1,"Maple City Savings Bank, FSB"
4665322,TURNER BANCSHARES INC,121414,1,The First State Bank
2610766,INVER GROVE BANCSHARES INC,121022,1,Key Community Bank
CERT:57974,"California International Bank, N.A.",120902,1,"California International Bank, N.A."
1135619,WEST CONCORD BANCSHARES INC,120859,1,Heritage Bank Minnesota
CERT:5632,Logan County Bank,120834,1,Logan County Bank
4843755,CFSB HOLDING CO,120739,1,Custer Federal State Bank
2816858,GRIFFITH FAMILY FINL HOLDINGS L L C,120728,2,"American Exchange Bank, Lindsay, Oklahoma"
CERT:6805,The First National Bank of Williamson,120280,1,The First National Bank of Williamson
5610936,GLOBAL INNOVATIONS HOLDINGS,120071,1,Global Innovations Bank
1416989,LAWRENCE L OSBORN SCHOLARSHIP TR,119982,1,CentreBank
1099999,CROSSROADS BCORP INC,119964,1,"Peoples Bank, Mt. Washington"
1135039,TOLNA BCORP INC,119826,1,Farmers & Merchants Bank of North Dakota
1854303,PRISM GROUP INC,119810,1,The Hamilton Bank
2509507,FREDONIA VALLEY BCORP INC,119766,1,Fredonia Valley Bank
5043794,SULLIVAN BANCSHARES EMPLOYEE SVG&RETIREMENT PLAN,119743,1,First Community Bank of Moultrie County
CERT:32286,Community Savings Bank,119636,1,Community Savings Bank
2234863,FIRST ELDORADO BANCSHARES INC,119617,1,"Lone Oak Bank, National Association"
3272367,AMERICAN METRO BCORP INC,119082,1,American Metro Bank
1208410,DRAKE HOLDING CO,119048,1,Security State Bank
1065211,FAIRVIEW BANCSHARES INC,118663,1,The Farmers and Merchants National Bank of Fairview
2090779,UB INC,118534,1,Countryside Bank
CERT:5892,Kalamazoo County State Bank,118441,1,Kalamazoo County State Bank
1206171,GRANVILLE BANCSHARES INC,118351,1,The Granville National Bank
5693180,TWIN CEDARS BCORP INC,118346,1,Twin Cedars Bank
2209030,ERICK BANCSHARES INC,118005,1,First Bank
CERT:29241,Henderson Federal Savings Bank,117724,1,Henderson Federal Savings Bank
CERT:14560,Union State Bank,117627,1,Union State Bank
CERT:28103,Collinsville Building and Loan Association,117572,1,Collinsville Building and Loan Association
1990087,BIGFORK BANCSHARES INC,117390,1,First State Bank of Bigfork
CERT:1945,Metz Banking Company,117350,1,Metz Banking Company
1127436,STATE BK BOTTINEAU HOLDING CO,117217,1,State Bank of Bottineau
5306499,JIKO GROUP INC,117146,1,Mid-Central National Bank
1022063,CAPITAL BANCSHARES INC,116748,1,"Bank of Brookfield - Purdin, National Association"
1095272,DIXIE BANCSHARES CORP,116622,1,Bank of New Madrid
2566247,HOHL FINANCIAL INC,116521,1,Wahoo State Bank
1127173,PORTAGE BANCSHARES INC,116191,1,Portage Bank
1136924,GENEVA BANCSHARES INC,116156,1,The State Bank of Geneva
1085415,PBG FINANCIAL SERVICES INC,115781,1,Peoples Bank of Graceville
2382335,NEWELL BANCSHARES INC,115746,1,First Community Bank
4975496,COLUMBIA BANCSHARES INC,115638,1,Neighbors Bank
1086775,GREENSBORO BANCSHARES INC,115546,1,Peoples Bank of Greensboro
6087058,BALDWIN BANCSHARES INC,115530,1,The Baldwin State Bank
5554713,SBWY FINANCIAL CORP,115395,1,State Bank
2581718,COMMERCIAL BANCSHARES OZARK,115195,1,The Commercial Bank Of Ozark
1416617,CMJR INVESTMENTS INC,115144,1,The Lyndon State Bank
CERT:28246,Home Savings Bank,115085,1,Home Savings Bank
CERT:6728,The National Bank of Adams County of West Union,114657,1,The National Bank of Adams County of West Union
1104624,COMMERCIAL CO INC,114620,1,The Commercial Bank
CERT:15501,"The Lytle State Bank of Lytle, Texas",114617,1,"The Lytle State Bank of Lytle, Texas"
1245648,BLISSFIELD BANK CORP,114600,1,Blissfield State Bank
5680658,B2 BCORP INC,114588,1,B2 Bank National Association
1099421,FIRST BCORP OF SPARTA LTD,114585,1,The First National Bank of Sparta
CERT:30434,"Morganton Savings Bank, S.S.B.",114484,1,"Morganton Savings Bank, S.S.B."
CERT:58586,Turtle Mountain State Bank,114117,1,Turtle Mountain State Bank
2737971,RICHLAND COUNTY BANCSHARES INC,114101,1,Richland County Bank
CERT:30103,Monroe Savings Bank,113969,1,Monroe Savings Bank
1128385,UNDERWOOD BANCSHARES INC,113771,1,Farmers State Bank of Underwood
CERT:58680,Great Nations Bank,113765,1,Great Nations Bank
CERT:28478,Farmers and Mechanics Federal Savings Bank,113590,1,Farmers and Mechanics Federal Savings Bank
3464340,SV BCORP INC,113582,1,Spring Valley Bank
5701807,LEGACY BCORP,112785,1,Legacy Bank
4419301,TRI-COUNTY FINANCIAL CORP,112753,1,Bank of Commerce and Trust Company
1204430,LANARK BANCSHARES INC,112740,1,Exchange State Bank
1135271,WANAMINGO BANCSHARES INC,112715,1,Security State Bank of Wanamingo
3122837,TRI-COUNTY BANCSHARES INC,112170,1,First State Bank of Beecher City
1122217,JAN-MAR CORP,111974,1,The First National Bank of Coleraine
1099065,PARIS BANCSHARES INC,111952,1,TPNB Bank
CERT:27910,"Central Savings, f.s.b.",111928,1,"Central Savings, f.s.b."
CERT:59262,Integrity Bank for Business,111655,1,Integrity Bank for Business
2861616,ASB MANAGEMENT CORP,111644,1,Anna State Bank
2438205,GARVIN COUNTY BANCSHARES INC,111375,1,The State Bank of Wynnewood
5683604,LOCAL BCORP INC,111299,1,Local Bank
2693992,MIDLAND CAPITAL HOLDINGS CORP,111234,1,Midland Federal Savings and Loan Association
CERT:17782,Pikes Peak National Bank,110763,1,Pikes Peak National Bank
2858942,GRAIN VALLEY BANCSHARES INC,110622,1,The Bank of Grain Valley
1127940,FIRST ST AGENCY OF LE CTR INC,110418,1,First State Bank of Le Center
1247594,BOL BANCSHARES INC,110293,1,Bank of Louisiana
2142324,RED RIVER FINL SERVICES INC,110246,1,Red River State Bank
CERT:30889,The Peoples Savings and Loan Company,109903,1,The Peoples Savings and Loan Company
1206032,BURT BANCSHARES INC,109846,1,Security State Bank
3308051,FIRST FED OF OLATHE BCORP INC,109487,1,First Federal Savings and Loan Bank
1200964,UNITED IOWA BANCSHARES INC,109451,1,FNNB Bank
1081332,ATKINSON CNTY BANKSHARES CORP,109322,1,The Peoples Bank
2228590,COVINGTON CAPITAL CORP,109173,1,Covington County Bank
1210114,ANDERSON BCORP INC,108907,1,Anderson State Bank
3386880,FIRST NATIONAL FINANCIAL CORP,108817,1,First Naturalstate Bank
1131460,CITIZENS BCORP INC,108781,1,Citizens National Bank
5421422,JGS JR FAMILY HOLDING CORP,108776,1,Home Savings Bank
2591267,MAYPEARL BANCSHARES INC,108631,1,The Cowboy Bank of Texas
3308510,BOZEMAN BCORP INC,108427,1,Bank of Bozeman
1204355,FAYETTE BCORP,108381,1,Maynard Savings Bank
1247811,FIRST NATIONAL HOLDING CO INC,108276,1,First Bank and Trust of Fullerton
1842551,GARFIELD COUNTY BANCSHARES INC,107999,1,Garfield County Bank
CERT:29677,Nashville Savings Bank,107901,1,Nashville Savings Bank
2402813,MAGNOLIA BCORP INC,107840,1,The Bank of Magnolia Company
2705680,SHERWOOD BANC CORP,107533,1,The Sherwood State Bank
CERT:59369,Liberty Bank of New Jersey,107357,1,Liberty Bank of New Jersey
2366755,QUANAH FINL EMPLOYEE STK OWNERSHIP PLAN,107268,1,First Capital Bank
CERT:14293,Citizens Bank & Trust,107251,1,Citizens Bank & Trust
4045027,PLATTE VALLEY BCORP INC,107243,1,Platte Valley Bank
CERT:10178,Produce State Bank,107198,1,Produce State Bank
CERT:59305,Community Unity Bank,107137,1,Community Unity Bank
3615272,DAKOTA FINANCIAL INC,106997,1,Prairie Sun Bank
CERT:59273,Gainey Business Bank,106610,1,Gainey Business Bank
3943528,VAN FINANCIAL CORP,105991,1,Breda Savings Bank
1128899,FIRST LEROY BCORP INC,105928,1,First State Bank Minnesota
2752125,CYRUS BANCSHARES INC,105716,1,Hometown Community Bank
1051371,MEADER INSURANCE AGENCY INC,105593,1,First National Bank of Kansas
4125152,BANK OF ERATH HOLDING CO,105328,1,Bank of Erath
CERT:30121,Investment Savings Bank,105248,1,Investment Savings Bank
1103702,ANSON BANCSHARES INC,105211,1,The First National Bank of Anson
2124816,SOUTHEAST KS BANCSHARES INC,105044,1,Exchange State Bank
CERT:12980,The Corn City State Bank,104463,1,The Corn City State Bank
1199808,CYPRESS CORP,104415,1,Sibley State Bank
1064081,FIRST NATL BANCSHARES FREDONIA,104413,1,First National Bank in Fredonia
3390159,CLAY CNTY STATE BANCSHARES INC,104300,1,Clay County State Bank
CERT:29238,Woodruff Federal Savings and Loan Association,104220,1,Woodruff Federal Savings and Loan Association
1125692,STRASBURG BANSHARES INC,104174,1,Strasburg State Bank
4968368,ASCENT BCORP,104065,1,Ascent Bank
1071735,BATH COUNTY BANKING CO,104061,1,Owingsville Banking Company
CERT:27567,The Glen Burnie Mutual Savings Bank,103946,1,The Glen Burnie Mutual Savings Bank
1208988,FIRST LACON CORP,103739,1,The First National Bank of Lacon
CERT:428,American Exchange Bank,103691,1,American Exchange Bank
1051951,CROSSDALE INC,103622,1,Citizens State Bank and Trust Company
CERT:14907,The International Bank of Amherst,103590,1,The International Bank of Amherst
3139312,COMMUNITY FINANCIAL CORP,103259,1,Community Bank Owatonna
3799369,AUBURN BCORP MHC,103247,1,"Auburn Savings Bank, FSB"
CERT:30878,Bar Harbor Savings and Loan Association,103234,1,Bar Harbor Savings and Loan Association
CERT:16448,Security State Bank,103039,1,Security State Bank
CERT:23242,California Pacific Bank,102578,1,California Pacific Bank
1127717,BRYANT BANCSHARES INC,102498,2,Bryant State Bank
CERT:30388,Gunnison Savings and Loan Association,102234,1,Gunnison Savings and Loan Association
2951106,CNB HOLDINGS INC,102124,1,The Citizens National Bank of McConnelsville
3828241,HEBBRONVILLE REGIONAL BANCSHARES,101984,1,The First National Bank of Hebbronville
5217915,BENIC HOLDINGS INC,101965,1,Northern State Bank of Virginia
1978656,BRAD INC,101764,1,Black River Country Bank
CERT:23373,United Orient Bank,101406,1,United Orient Bank
CERT:1865,The Kansas State Bank Overbrook Kansas,101214,1,The Kansas State Bank Overbrook Kansas
3492790,CENTURY BANCSHARES OF FL INC,101101,1,Century Bank of Florida
2263993,HOMETOWN BCORP INC,101069,1,The Bank of Milan
3420702,GERBER BANCSHARES INC,100820,1,The Gerber State Bank
2798440,DARLINGTON CNTY BANCSHARES INC,100605,1,Dedicated Community Bank
CERT:31329,West Plains Savings and Loan Association,100502,1,West Plains Savings and Loan Association
5332827,FSB FINANCIAL CORP,100251,1,First State Bank
1071249,MOUNTAIN BCORP INC,100019,1,"Bank of the Mountains, Inc."
1125151,CURRIE BCORP INC,99997,1,Currie State Bank
CERT:30688,Peoples First Savings Bank,99941,1,Peoples First Savings Bank
2006471,FSB BANKSHARES INC,99703,1,Integrity Bank
2753289,BCC BANCSHARES INC,99531,1,Bank of Calhoun County
1124284,JANESVILLE HOLDING CO,98822,1,Janesville State Bank
CERT:28790,Superior Savings Bank,98767,1,Superior Savings Bank
1138870,PEOPLES EXC BANCSHARES INC,98578,1,Peoples Exchange Bank
2605249,CB&T BANCSHARES INC,98552,1,Citizens Bank & Trust Co.
3569049,RELATIONS BANCSHARES INC,98542,1,Bank of Walker County
5561748,GREY MOUNTAIN HOLDINGS INC,98469,1,Investors Community Bank
1133204,METAMORA BCORP INC,98315,1,Bank419
CERT:1745,The Farmers & Merchants Bank,98284,1,The Farmers & Merchants Bank
1141263,SILEX BANCSHARES INC,98168,1,Silex Banking Company
2854092,OVERTON FINANCIAL SERVICES INC,98059,1,Union Bank & Trust Company
1059537,LINDSAY STATE CO,97884,1,Bank of Lindsay
1210422,ROSHOLT BCORP INC,97627,1,Community First Bank
1247736,MID-MO BANCSHARES INC,97241,1,United Security Bank
5450178,GENESIS BCORP INC,97234,1,Genesis Bank
CERT:27385,Port Richmond Savings,97175,1,Port Richmond Savings
2024318,CENTRAL BANCSHARES INC,96975,1,The First Central National Bank of St. Paris
CERT:32968,Bank47,96958,1,Bank47
2146395,CITIZENS STATE BANCSHARES INC,96667,1,"The Citizens State Bank of Cheney, Kansas"
CERT:5141,The Miners National Bank of Eveleth,96602,1,The Miners National Bank of Eveleth
1059724,JOHNSON STATE BANCSHARES INC,96596,1,Johnson State Bank
3849013,MUTUAL FEDERAL BCORP MHC,96505,1,Mutual Federal Bank
2487913,ROTAN BANCSHARES INC,96486,1,First National Bank
5896477,MAIN STREET CAPITAL CO,96173,1,The First National Bank of Germantown
5050578,CENTRAL KANSAS BANCSHARES INC,96101,1,The Citizens State Bank and Trust Company
1945340,FIRST NATL JOHNSON BANCSHARES,95593,1,The First National Bank of Johnson
CERT:29186,Lawrenceburg Federal Bank,95218,1,Lawrenceburg Federal Bank
1491771,HURON NATIONAL BCORP INC,95102,1,Huron State Bank
CERT:29471,Armstrong County Building and Loan Association,95073,1,Armstrong County Building and Loan Association
5786475,RACINE HNB INC,94963,1,Home National Bank
3110012,CITIZENS CUMBERLAND BANCSHARES,94878,1,"Citizens Bank of Cumberland County, Inc."
1095807,TOWNSEND FINANCIAL CORP,94796,1,Farmers Bank
2907251,MAYVILLE FINANCIAL CORP,94605,1,Mayville State Bank
1128666,FIRST HARVEY BCORP INC,94594,1,First State Bank of Harvey
CERT:28314,"Riverside Savings Bank, SSB",94550,1,"Riverside Savings Bank, SSB"
1128349,CENTRAL MONTANA BCORP,94530,1,First Security Bank of Roundup
CERT:29710,First Federal Savings Bank of Washington,94383,1,First Federal Savings Bank of Washington
3005248,MISSOURI BCORP INC,94118,1,Community Bank of Missouri
1248872,WSB FINANCIAL LTD,93810,1,Williamsville State Bank & Trust
CERT:8403,The Ottoville Bank Company,93751,1,The Ottoville Bank Company
CERT:35394,"MassMutual Private Wealth & Trust, FSB",93701,1,"MassMutual Private Wealth & Trust, FSB"
CERT:23989,Miners Exchange Bank,93453,1,Miners Exchange Bank
1925913,WABASSO BANCSHARES INC,93364,1,Integrity Bank Plus
1127306,TRIMONT BCORP,93297,1,Triumph State Bank
CERT:28983,Ladysmith Federal Savings and Loan Association,93182,1,Ladysmith Federal Savings and Loan Association
CERT:15078,Junction National Bank,93032,1,Junction National Bank
CERT:9986,Farmers & Merchants Bank of Craig County,92960,1,Farmers & Merchants Bank of Craig County
5884885,STATE HOLDING INC,92799,1,Flat Branch Bank
CERT:5559,The First National Bank of Trinity,92793,1,The First National Bank of Trinity
1202922,SAN BCORP,92730,1,Sanborn Savings Bank
CERT:12722,Sicily Island State Bank,92415,1,Sicily Island State Bank
1492282,LOGAN BCORP INC,92183,1,Logan State Bank
CERT:6280,The First National Bank of Orwell,91503,1,The First National Bank of Orwell
1399019,MASON CITY BCORP INC,91415,1,Mason City National Bank
1248377,OKAWVILLE BANCSHARES INC,91307,1,The Old Exchange National Bank of Okawville
CERT:59326,Nova Bank,91190,1,Nova Bank
2850432,FIRST OF MINDEN FINANCIAL CORP,91188,1,First Bank and Trust Company
1140060,HOOKER NATIONAL BANCSHARES INC,91175,1,The First National Bank of Hooker
CERT:28369,"Rockland Savings Bank, FSB",90779,1,"Rockland Savings Bank, FSB"
2291295,MENARD BANCSHARES INC,90724,1,Menard  Bank
CERT:28637,Milton Savings Bank,90588,1,Milton Savings Bank
CERT:29231,County Savings Bank,90360,1,County Savings Bank
1956702,STOCK EXCHANGE FINANCIAL CORP,90298,1,"The Stock Exchange Bank, Caldwell, Kansas"
CERT:15362,Belt Valley Bank,89917,1,Belt Valley Bank
1061110,FIRST ST BCORP OF WATONGA INC,89784,1,First State Bank
5813513,POWER BANCSHARES INC,89773,1,COMMUNITY STATE BANK
1249749,WARRIOR BANK CORP INC,89701,1,Community State Bank
1062500,STATE EXCHANGE BANCSHARES INC,89596,1,The State Exchange Bank
5371705,EUREKA HOMESTEAD BCORP INC,89360,1,Eureka Homestead
1139671,BANDERA BANCSHARES INC,89277,1,Bandera Bank
1056125,CHAMBANCO INC,89156,1,Chambers State Bank
1142297,FIRST BCORP INC,89086,1,Bank of Yates City
3333790,REPUBLIC BCORP INC,88943,1,New Century Bank
1066946,DIGHTON NATL BANCSHARES INC,88525,1,The First National Bank of Dighton
1058932,THAYER AGENCY INC,88491,1,Thayer County Bank
1245200,STATE BANCO LTD,88352,1,The State Bank
2313058,SIOUXLAND NATIONAL CORP,88265,1,Siouxland Bank
2623551,MATSON FINANCIAL INC,88254,1,Concorde Bank
1055584,WASHINGTON 1ST BANCO INC,87794,1,FNB Washington
5930577,GTSB FINANCIAL INC,87760,1,First State Bank of Michigan
1491838,MANNING FINANCIAL SERVICES INC,87720,1,The First National Bank of Manning
CERT:16413,Bank of Stronghurst,87647,1,Bank of Stronghurst
2376558,FIRST HARDEE HOLDING CORP,87550,1,First National Bank of Wauchula
CERT:9070,First Bank of Pike,87492,1,First Bank of Pike
2937182,BASILE BANCSHARES INC,87437,1,Basile State Bank
1129458,F&M HOLDING CO INC,87395,1,F & M Bank and Trust Company
1130726,EVANS BANCSHARES INC,87325,1,First Security State Bank
2510183,ANTELOPE BANCSHARES INC,87275,1,Bank of Elgin
1201390,ARTHUR R MURRAY INC,87225,2,Citizens State Bank of Milford
1064184,S N B BANCSHARES INC,87125,1,Bank of Eufaula
1416457,FOUR COUNTY BANCSHARES INC,87120,1,The Four County Bank
CERT:26567,North Cambridge Co-operative Bank,87082,1,North Cambridge Co-operative Bank
1056143,SCRIBNER BANSHARES INC,86922,1,Scribner Bank
CERT:32018,"Angelina Savings Bank, SSB",86908,1,"Angelina Savings Bank, SSB"
CERT:2157,First State Bank of Randolph County,86859,1,First State Bank of Randolph County
CERT:18071,The Watkins Savings Bank,86717,1,The Watkins Savings Bank
5119363,PARAMOUNT FINANCIAL GROUP INC,86553,1,Paramount Bank
3591611,SADDLEBACK BCORP,86533,1,Tustin Community Bank
1206368,PRAIRIELAND BCORP INC,86456,1,Farmers and Merchants State Bank of Bushnell
1127548,NOBLE BANK HOLDING CO INC,86349,1,The First State Bank of Red Wing
1717707,FARMERS STATE BANKSHARES INC,86250,1,The Farmers State Bank
5752863,BROADWAY BANCSHARES INC,86028,1,The First National Bank of Gilbert
2912312,SOUTHWEST CAPITAL L L C,86014,1,Southwest Bank of Weatherford
1203237,VILLA GROVE BANCSHARES INC,85865,1,Villa Grove State Bank
5481864,ST HLDGS INC,85642,1,Rochelle State Bank
2351359,WESTERN DAKOTA HOLDING CO,85563,1,Western Dakota Bank
1123812,MAPLE BANC SHARES INC,85517,1,Bank of Maple Plain
CERT:10057,Bank of Hancock County,85210,1,Bank of Hancock County
4203425,MINNDAK BANCSHARES INC,85029,1,Vantage Bank
2942805,PETERSTOWN BCORP INC,84854,1,The First National Bank of Peterstown
2728447,PLEASANTS CNTY BANKSHARES INC,84714,1,The Pleasants County Bank
1250688,WATHENA BANCSHARES INC,84686,1,The Farmers State Bank
3176559,ALLNATIONS BCORP INC,84527,1,AllNations Bank
1059591,BEUTLER INC,84258,1,The First State Bank
1121724,NORTHERN FINANCIAL CORP,84207,1,Independence State Bank
CERT:30585,Mayville Savings Bank,84181,1,Mayville Savings Bank
3828120,COVINGTON FINANCIAL CORP MHC,84034,1,The Covington Savings and Loan Association
1086140,BOE BANCSHARES INC,83948,1,The Bank of Edison
1107492,METROPLEX NORTH BANCSHARES INC,83872,1,The First Bank of Celeste
1124202,NEW YORK MILLS BANCSHARES INC,83459,1,"Farmers & Merchants State Bank of New York Mills, Incorporated"
1472079,HOPE BANCSHARES INC,83394,1,The First National Bank of Hope
3300260,JAMESTOWN BANCSHARES INC,83160,1,Peoples Bank of Moniteau County
1097678,FIRST OF MURPHYSBORO CORP,83079,1,The First Bank and Trust Company of Murphysboro
CERT:8268,"Farmers Bank of Lohman, Missouri",82942,1,"Farmers Bank of Lohman, Missouri"
CERT:12417,Tri-Valley Bank,82752,1,Tri-Valley Bank
3072594,ODIN BANCSHARES INC,82424,1,Odin State Bank
5620636,VECTA PARTNERS LLC,82271,1,Sunnyside Federal Savings and Loan Association of Irvington
2550602,MAXLOU BANCSHARES INC,82071,1,First State Bank
1857760,GRYGLA FINANCIAL CORP,81761,1,American State Bank of Grygla
1128200,LINDELL BANCSHARES INC,81715,1,State Bank of Cold Spring
CERT:24064,Atascosa Bank,81683,1,Atascosa Bank
1496244,LINCOLN HOLDING CO,81616,1,Farmers State Bank of Canton
3135471,COMMERCE BANCSHARES INC,81481,1,The Bank of Commerce
5686847,CLARKSON BANCSHARES LLC,81405,1,Clarkson Bank
2971270,ANB BCORP INC,81266,1,The Atlanta National Bank
2696984,CERESCO BCORP INC,81258,1,CerescoBank
2880662,FIRST SECURITY GROUP,81086,1,First Security Bank of Deer Lodge
1109209,ANTON BANCSHARES INC,80722,1,Citizens State Bank
3914872,CB BANCSHARES CORP,80511,1,CBW Bank
2999854,HUSTISFORD COMMUNITY BCORP INC,80319,1,Hustisford State Bank
CERT:13415,Farmers and Merchants Bank,80311,1,Farmers and Merchants Bank
CERT:18145,State Bank of Eagle Butte,80272,1,State Bank of Eagle Butte
1062863,ELK COUNTY BANCSHARES INC,80211,1,"The Howard State Bank, Howard, Kansas"
3674710,SOUTH CENTRAL BCORP INC,80069,1,Kinmundy Bank
1110205,CNB NATIONAL FINANCIAL CORP,80028,1,The City National Bank of San Saba
CERT:30043,Beardstown Savings s.b.,79471,1,Beardstown Savings s.b.
CERT:14095,The First National Bank in Falfurrias,79369,1,The First National Bank in Falfurrias
1201804,R&B MANAGEMENT CORP,79058,1,Washington State Bank
1209592,ONTARIO BCORP INC,79002,1,Bank of Ontario
CERT:15105,Zavala County Bank,78989,1,Zavala County Bank
CERT:31232,Highland Federal Savings and Loan Association,78964,1,Highland Federal Savings and Loan Association
CERT:11261,McClave State Bank,78911,1,McClave State Bank
1201439,SLOAN STATE CORP,78904,1,Sloan State Bank
CERT:28949,"Amory First Savings And Loan Bank, Ssb",78728,1,"Amory First Savings And Loan Bank, Ssb"
3635328,CNB BCORP INC,78539,1,Commonwealth National Bank
CERT:32307,Galion Building and Loan Bank,78524,1,Galion Building and Loan Bank
1054895,SWANTON AGENCY INC,78462,1,First Tri County Bank
2705091,FSBO HOLDINGS INC,78431,1,First State Bank of Olmsted
1134603,HEADQUARTERS HOLDING CO,78310,1,The First National Bank of Ava
2524210,LAGUNA MADRE BANCSHARES INC,78242,1,First National Bank of South Padre Island
CERT:59345,Five Rivers Bank,78136,1,Five Rivers Bank
CERT:49,Bank of Evergreen,78111,1,Bank of Evergreen
CERT:1612,Sherwood Community Bank,77931,1,Sherwood Community Bank
1202913,GILMAN INVESTMENT CO,77929,1,Citizens Savings Bank
1859193,FIRST BLANCHESTER BANCSHARES,77667,1,The First National Bank of Blanchester
1102161,CITIZENS BANCSHARES INC,77612,1,Citizens National Bank of Crosbyton
1491780,MARSEILLES BCORP INC,77599,1,Marseilles Bank
5835412,REDEMPTION HOLDING CO,77507,1,Redemption Bank
1065109,FIRST NATIONAL UTICA CO,77373,1,First Bank of Utica
1249187,WEST IOWA BANC CORP,77185,1,The Farmers State Bank
3832202,SCOTTSBURG B&L MHC,76943,1,Scottsburg Building and Loan Association
4028897,CONNEAUT BCORP MHC,76738,1,Conneaut Savings Bank
4281197,GOLDEN OAK BANCSHARES INC,76465,1,"Park Bank, National Association"
1128947,ELYSIAN INC,75976,1,Elysian Bank
CERT:17813,Bank of Hazelton,75774,1,Bank of Hazelton
1134966,JBS INC,75645,1,Heartland State Bank
1065828,COMMERCIAL ST HOLDING CO INC,75505,1,Commercial State Bank
CERT:28860,Century Savings and Loan Association,75330,1,Century Savings and Loan Association
1133754,SUMMERVILLE TRION BANCSHARES,74914,1,Southeast First National Bank
1205259,EVERLY BCORP,74911,1,State Bank
CERT:10993,Bonanza Valley State Bank,74766,1,Bonanza Valley State Bank
CERT:35206,"Fidelity Personal Trust Company, FSB",74632,1,"Fidelity Personal Trust Company, FSB"
3480050,WEST VALLEY BCORP INC,74287,1,West Valley National Bank
4394060,IPSWICH CMTY BANCSHARES INC,74245,1,Ipswich State Bank
1051399,O&F CATTLE CO,74131,1,Nebraska State Bank
1118760,MILCO BCORP INC,73922,1,Bank of Iberia
5977479,OAK TREE FINANCIAL CORP INC,73912,1,Riverside Bank
1055838,UNION STATE BANCSHARES INC,73846,1,Union State Bank
6079419,LULING BANCSHARES INC,73820,1,Citizens State Bank of Luling
2262503,FNB BANCSHARES INC,73650,1,The First National Bank of Brooksville
1205222,ANCHOR BCORP INC,73463,1,Anchor State Bank
1246720,PEARL CITY BCORP INC,73399,1,The State Bank of Pearl City
1126185,FSB HOLDING CO INC,73122,1,Farmers State Bank of Trimont
1137293,CANTON BANCSHARES INC,73022,1,Community State Bank of Canton
CERT:28266,Connect Community Bank,72656,1,Connect Community Bank
1491810,YALE BCORP,72649,1,Farmers State Bank
CERT:10074,Apex Banking Company of Georgia,72628,1,Apex Banking Company of Georgia
1103494,HASKELL BANCSHARES INC,72625,1,Haskell National Bank
1121881,ELLINGSON CORP,72198,1,Security State Bank of Kenyon
2247498,FIRST NATIONAL BCORP,72145,1,First Heritage Bank
2253060,CITIZENS STATE BANCSHARES INC,72112,1,Citizens State Bank of Lankin
3213892,PSB HOLDINGS INC,71855,1,The Peoples Savings Bank
2952484,SECURITY BCORP MAYSVILLE INC,71819,1,Security Bank and Trust Co.
2096164,LEADER FIRST BCORP INC,71783,1,The First National Bank in Marlow
CERT:28667,Homestead Savings Bank,71589,1,Homestead Savings Bank
CERT:30128,Boonville Federal Savings Bank,71510,1,Boonville Federal Savings Bank
6013002,LOGAN VALLEY INVESTMENTS LLC,70997,1,Battle Creek State Bank
CERT:5408,Genoa Community Bank,70451,1,Genoa Community Bank
2266387,CLINTON BCORP INC,70405,1,Clinton Bank
CERT:28507,Argentine Federal Savings,70405,1,Argentine Federal Savings
CERT:14260,Walters Bank and Trust Company,70312,1,Walters Bank and Trust Company
CERT:9812,Adams State Bank,70161,1,Adams State Bank
1123821,PEOPLES STATE HOLDING CO,69930,1,Peoples State Bank
1062788,HOLYROOD BANCSHARES INC,69766,1,Bank of Holyrood
1061950,AMERICAN EXCHANGE CO,69664,1,American Exchange Bank
CERT:1687,Community Bank,69277,1,Community Bank
1084801,GUEYDAN BANCSHARES INC,69220,1,Bank of Gueydan
CERT:59339,Altos Bank,68825,1,Altos Bank
1061932,FORT COBB BANCSHARES INC,68812,1,Washita Valley Bank
1843688,CHANDLER BANCSHARES INC,68745,1,State Bank of Chandler
1832749,SAN DIEGO BANCSHARES INC,68247,1,First State Bank of San Diego
CERT:30332,Abbeville Building & Loan (A State-Chartered Savings Bank),67904,1,Abbeville Building & Loan (A State-Chartered Savings Bank)
CERT:30291,"First Federal Bank Littlefield, Texas",67893,1,"First Federal Bank Littlefield, Texas"
CERT:14999,The Port Austin State Bank,67750,1,The Port Austin State Bank
2020691,LAUDERDALE CNTY BANCSHARES INC,67523,1,The Lauderdale County Bank
2993722,BEARDEN BANCSHARES INC,67384,1,Bank of Bearden
5297083,SUMMIT BANCSHARES INC,67358,1,The Bank of Houston
1131705,JACKSON BCORP INC,67316,1,Jackson Parish Bank
CERT:31267,Homewood Federal Savings Bank,67306,1,Homewood Federal Savings Bank
CERT:4217,COMMUNITY BANK OF OKLAHOMA,67252,1,COMMUNITY BANK OF OKLAHOMA
1209819,ELMWOOD BANCSHARES INC,66903,1,Farmers State Bank
1065864,BUFFALO BANCSHARES INC,66687,1,Oklahoma State Bank
CERT:3826,The First National Bank of Okawville,66271,1,The First National Bank of Okawville
3402511,MODE ELEVEN BCORP,65941,1,Summit National Bank
4151544,VERSAILLES FINANCIAL CORP,65640,1,Versailles Savings and Loan Company
1066964,FIRST LATIMER CORP,65533,1,Latimer State Bank
1204083,ILLINOIS HOLDING CO,65288,1,1st Community Bank
1084922,CORPOFIN CA,65158,1,Eastern National Bank
CERT:28652,Fairview Savings and Loan Association,65142,1,Fairview Savings and Loan Association
1051410,CUNNINGHAM AGENCY INC,65019,1,"Farmers and Merchants Bank of Mound City, Kansas"
1066759,EBERLY INVESTMENT CO,64804,1,Stanton State Bank
1127771,EMERY SECURITY BCORP INC,64782,1,The Security State Bank
CERT:10820,State Bank of Industry,64345,1,State Bank of Industry
1124994,LAKOTA BANK HOLDING CO INC,64184,1,State Bank of Lakota
1064492,URICH BCORP INC,64088,1,America's Community Bank
2741307,KRESS NATIONAL BANCSHARES INC,63707,1,Kress National Bank
CERT:31972,First Western Federal Savings Bank,63543,1,First Western Federal Savings Bank
3300215,LOGAN INVESTMENT CORP,63214,1,State Central Bank
1062694,MONTROSE SVG BANCSHARES INC,63197,1,Montrose Savings Bank
CERT:30656,North County Savings Bank,63195,1,North County Savings Bank
1057636,FIRST THOMAS BAN CORP,63194,1,First  Bank of Thomas
3391642,SPEARVILLE BANCSHARES INC,62117,1,The First National Bank of Spearville
1398861,CEDAR FINANCIAL HOLDING INC,62056,1,Cedar Security Bank
3218543,CITY BANCSHARES INC,61980,1,City National Bank
1121984,MPS INVESTMENT CO,61973,1,Farmers and Merchants State Bank of Appleton
1059751,FIRST AMERICAN BANCSHARES INC,61922,1,First Security Bank
CERT:2331,Peoples Bank and Trust Company,61880,1,Peoples Bank and Trust Company
1064595,FIRST FRANKFORT BANCSHARES INC,61566,1,First National Bank in Frankfort
1050178,NOBLE BANCSHARES INC,61471,1,First State Bank
1063833,ROCKY FINANCIAL CORP,61018,1,BANK360
5759844,ELEVATION BANCSHARES INC,60987,1,"Elevate Bank, National Association"
CERT:14069,State Bank of Scotia,60976,1,State Bank of Scotia
3435957,ASPIRE BANCSHARES INC,60903,1,Aspire Bank
CERT:18101,"The Farmers State Bank of Bucklin, Kansas",60836,1,"The Farmers State Bank of Bucklin, Kansas"
2206842,VERGAS BCORP INC,60674,1,Vergas State Bank
3681905,COMMERCE FINANCIAL CORP,60644,1,Commerce Bank Texas
1427734,PEOPLES BANCSHARES GAMBIER INC,60436,1,The Peoples Bank
4452401,2012 WATERFORD COML&SVG BK SHAREHOLDERS VOTING TR,60021,1,The Waterford Commercial and Savings Bank
CERT:8672,The Blue Grass Valley Bank,59931,1,The Blue Grass Valley Bank
CERT:29399,GN Bank,59783,1,GN Bank
5962635,PRODUCER BCORP INC,58749,1,Producer Bank of Texas
1065266,CLARK BANCSHARES INC,58450,1,Bank of Clarks
CERT:12139,Ford County State Bank,58444,1,Ford County State Bank
CERT:15778,Grant County Bank,58383,1,Grant County Bank
4195285,GLAASS FINANCIAL LLC,58272,1,Generations Bank
4848237,KIMBLE COUNTY BANCSHARES INC,58203,1,First State Bank
1055593,CLINTON BANCSHARES INC,58165,1,First Bank and Trust Company
1843576,KRAUSE FINANCIAL INC,58149,1,First Financial Bank in Winnebago
CERT:22355,"Pinnacle Bank, Inc.",57889,1,"Pinnacle Bank, Inc."
1023145,CITY BANCSHARES INC,57652,1,The City State Bank
6054443,KANSAS INVESTORS BANCSHARES,57626,1,The Farmers State Bank of Blue Mound
1134724,ADINO CO THE,57523,1,Sunrise Bank Dakota
1894998,CROWELL BANCSHARES INC,57480,1,Crowell State Bank
2199083,FIRST BROWNSTOWN BCORP INC,57408,1,The First National Bank of Brownstown
1249280,COOPER LAKE FINANCIAL CORP,57308,1,The First National Bank in Cooper
CERT:59330,Fortuna Bank,57262,1,Fortuna Bank
CERT:12758,"Farmers State Bank, Allen, Oklahoma",57223,1,"Farmers State Bank, Allen, Oklahoma"
2033440,FAIRMOUNT BANKING CO,57020,1,The Fairmount State Bank
CERT:33013,Asian Pacific National Bank,56924,1,Asian Pacific National Bank
1128451,CARLSON BANKSHARES INC,56917,1,United Minnesota Bank
1123728,ARLCO INC,56697,1,Arlington State Bank
1053142,C L C ENTERPRISES INC,56468,1,Commercial Bank
5381601,GROVE BCORP INC,56408,1,Grove Bank
2293093,COMMUNITY FIRST BANCSHARES INC,56321,1,"Community First Bank, National Association"
CERT:30358,First Savings and Loan Association,55875,1,First Savings and Loan Association
4099365,LIBERTY FEDERAL BCORP MHC,55743,1,Liberty Bank
CERT:29379,Sidney Federal Savings and Loan Association,55559,1,Sidney Federal Savings and Loan Association
3088643,FIRST COMMUNITY BANCSHARES,55539,1,"First Community Bank, Xenia-Flora"
CERT:4222,The First Farmers National Bank of Waurika,55522,1,The First Farmers National Bank of Waurika
CERT:11527,"The First State Bank of Pond Creek, Oklahoma",55471,1,"The First State Bank of Pond Creek, Oklahoma"
2791571,SWEDISH-AMERICAN BANCSHARES,55470,1,Swedish-American State Bank
1103234,GROOM BANCSHARES INC,55132,1,State National Bank
5690367,CNB HOLDINGS INC,55120,1,Community National Bank in Monmouth
3044630,SSB HOLDINGS INC,55102,1,The Security State Bank
3013793,FIRST DOZIER BANCSHARES INC,54837,1,Dozier Bank
CERT:27847,The Pioneer Savings Bank,54677,1,The Pioneer Savings Bank
4516255,CHIEF IOWA INVESTMENT CORP,54596,1,Montezuma State Bank
1250419,ASHTON BANCSHARES INC,54529,1,Ashton State Bank
1071614,UNION BCORP INC,54524,1,The Union Banking Company
1472006,GREELEY BANCSHARES INC,54409,1,Bank of Greeley
3147353,REYNOLDS TEAGUE THURMAN FINL,54179,1,The First National Bank of Moody
CERT:29061,"Tarboro Savings Bank, SSB",54057,1,"Tarboro Savings Bank, SSB"
CERT:29430,Compass Savings Bank,53523,1,Compass Savings Bank
1137257,GRANGER BANCSHARES INC,53472,1,The Granger National Bank
5454279,KATZ BCORP LLC,53079,1,Camp Grove State Bank
CERT:30395,Tecumseh Federal Bank,53076,1,Tecumseh Federal Bank
1128321,WAKEFIELD BCORP INC,52648,1,The First National Bank of Wakefield
2638582,MORGANTOWN BANCSHARES INC,52591,1,"Citizens Bank of Morgantown, Inc."
CERT:21807,Lovelady State Bank,52503,1,Lovelady State Bank
CERT:59377,Echelon Bank,52158,1,Echelon Bank
1096390,HUTSONVILLE BANC CORP,51998,1,Farmers & Merchants Bank of Hutsonville
2782609,CENTON BCORP INC,51968,1,Richton Bank & Trust Company
CERT:314,The Mer Rouge State Bank,51815,1,The Mer Rouge State Bank
1249020,TSB BCORP INC,51658,1,Talbot State Bank
CERT:9120,Rolette State Bank,51500,1,Rolette State Bank
1099252,CLARENDON HOLDING CO,51276,1,The Merchants & Planters Bank
1099225,FARMERS&MERCHANTS BANCSHARES,51214,1,FMB Bank
CERT:8681,Lamont Bank of St. John,51124,1,Lamont Bank of St. John
1140248,BRIGHTON BCORP INC,51038,1,Brighton Bank
CERT:17375,The State Exchange Bank,50858,1,The State Exchange Bank
CERT:30447,Rayne Building and Loan Association,50820,1,Rayne Building and Loan Association
1144077,SANDQUIST CORP,50793,1,Peoples Bank of Deer Lodge
1491708,BLAIRSTOWN BCORP INC,50750,1,Benton County State Bank
CERT:10187,The Northern State Bank of Gonvick,50574,1,The Northern State Bank of Gonvick
2992426,COWBOY STATE BCORP INC,50259,1,Cowboy State Bank
2126669,DONLEY COUNTY BANCSHARES INC,49651,1,The Donley County State Bank
1079236,REPTON SUPPLY CO INC,49594,1,Bank of Brewton
2128896,PEOPLES FINANCIAL CORP,49505,1,Peoples State Bank of Colfax
1201596,BANKERS EQUITY CORP,49179,1,Palo Savings Bank
1492992,BUCKLEY BCORP INC,49020,1,Buckley State Bank
CERT:10982,Security State Bank of Oklee,48774,1,Security State Bank of Oklee
1050730,PRAGUE CO,48460,1,Bank of Prague
2259268,UNITED BANCSHARES INC,48411,1,United Bank of Philadelphia
CERT:10571,Farmers and Merchants State Bank of Alpha,47394,1,Farmers and Merchants State Bank of Alpha
CERT:6156,Farmers State Bank,47355,1,Farmers State Bank
CERT:5196,The First National Bank of McIntosh,47021,1,The First National Bank of McIntosh
1132793,LAKE PARK BANCSHARES INC,46999,1,State Bank of Lake Park
6010430,LINDSEY FAMILY TRUST,46964,1,The Trust Bank
2684589,FIRSTAND CO,46759,1,First State Bank
1136371,GRANT COUNTY BCORP INC,46656,1,Grant County State Bank
3613540,TAUNTON BANCSHARES INC,46634,1,State Bank of Taunton
1122132,BELLINGHAM CORP THE,46358,1,State Bank of Bellingham
CERT:29627,Second Federal Savings and Loan Association of Philadelphia,46255,1,Second Federal Savings and Loan Association of Philadelphia
3685220,TG BANCSHARES INC,45904,1,Table Grove State Bank
CERT:9752,Marshall County State Bank,45406,1,Marshall County State Bank
CERT:30176,Home Savings Bank of Wapakoneta,45324,1,Home Savings Bank of Wapakoneta
CERT:4122,1st Bank in Hominy,45270,1,1st Bank in Hominy
CERT:34619,ITS Bank,45190,1,ITS Bank
CERT:33183,Sound Banking Company,45181,1,Sound Banking Company
CERT:59358,Gala Bank,44907,1,Gala Bank
1881699,SOUTHWESTERN WI BANCSHARES INC,44854,1,Highland State Bank
CERT:59381,Portrait Bank,44695,1,Portrait Bank
CERT:4652,NINNESCAH VALLEY BANK,44591,1,NINNESCAH VALLEY BANK
CERT:59379,Cornerstone Community Bank,44491,1,Cornerstone Community Bank
1126073,WELCOME BANCSHARES INC,44282,1,Welcome State Bank
CERT:22430,Washita State Bank,44269,1,Washita State Bank
CERT:15098,Union State Bank,44252,1,Union State Bank
CERT:59362,Solutions Plus Bank,43850,1,Solutions Plus Bank
CERT:29774,Carrollton Federal Bank,43610,1,Carrollton Federal Bank
CERT:8946,Kindred State Bank,43308,1,Kindred State Bank
5951291,UIR ACCEPTANCE CORP,43006,1,Community Bank of Easton
CERT:27897,"Black Mountain Savings Bank, SSB",42995,1,"Black Mountain Savings Bank, SSB"
2155212,ROBERT LEE BANCSHARES INC,42881,1,Robert Lee State Bank
1989643,PHILLIPS HOLDINGS INC,42802,1,Farmers State Bank
CERT:30065,"Peoples Community Bank SB of Monticello, Indiana",42721,1,"Peoples Community Bank SB of Monticello, Indiana"
1416475,UNION BCORP,42615,1,Defiance State Bank
CERT:35602,Country Trust Bank,42296,1,Country Trust Bank
CERT:30067,Cornerstone Bank,42039,1,Cornerstone Bank
1107456,BANC SAN JACINTO CNTY BANCSHARES,41951,1,"The Bank of San Jacinto County, Coldspring, Texas"
CERT:27841,Citizens Federal Savings and Loan Association,41864,1,Citizens Federal Savings and Loan Association
CERT:29449,North Side Federal Savings and Loan Association of Chicago,41818,1,North Side Federal Savings and Loan Association of Chicago
5840210,VISTA HOLDING CO,41719,1,Ventura National Bank & Trust
CERT:57031,Champion Bank,41706,1,Champion Bank
CERT:17551,Community State Bank,41402,1,Community State Bank
CERT:31409,First Federal Savings and Loan Association,41325,1,First Federal Savings and Loan Association
CERT:6084,The Farmers State Bank of Turton,41223,1,The Farmers State Bank of Turton
CERT:28663,The Brookville Building and Savings Association,41172,1,The Brookville Building and Savings Association
5399576,FSB HOLDINGS INC,40939,1,Fairview State Banking Company
2598118,CENTURY BANCSHARES INC,40617,1,State Bank of Schaller
CERT:31774,Home Federal Savings and Loan Association,40459,1,Home Federal Savings and Loan Association
1133138,MCHUGH INVESTMENT CO,40278,1,Corn Growers State Bank
2795140,VAN ORIN BCORP INC,40045,1,First State Bank of Van Orin
CERT:33855,Credit First National Association,39766,1,Credit First National Association
1067206,SELKO BANCO INC,39676,1,Bank of Mead
5530605,ABILENE HOLDCO INC,39554,1,Avana Bank
3834729,KINGSTREE BANCSHARES M H C,39329,1,Kingstree Federal Savings and Loan Association
CERT:59360,Houston Bank & Trust,38547,1,Houston Bank & Trust
2359328,DAKOTAH BANKSHARES INC,38486,1,"Peoples State Bank, Fairmount, N. D."
CERT:29059,Tucumcari Federal Savings and Loan Association,38386,1,Tucumcari Federal Savings and Loan Association
1060690,CEDAR POINT BANCSHARES INC,38073,1,Cottonwood Valley Bank
1142952,FIRST NATL AGENCY SAINT JAMES,37882,1,The First National Bank at St. James
CERT:10077,Farmers State Bank of Emden,37772,1,Farmers State Bank of Emden
CERT:13582,State Bank of Nauvoo,37724,1,State Bank of Nauvoo
CERT:10200,State Bank of Jeffers,37083,1,State Bank of Jeffers
CERT:29582,Pee Dee Federal Savings Bank,37051,1,Pee Dee Federal Savings Bank
1125003,HOFFMAN BANCSHARES INC,36884,1,Farmers State Bank of Hoffman
1201756,JEMS INC,36679,1,Farmers State Bank
CERT:13696,Nebraska State Bank,36596,1,Nebraska State Bank
CERT:13926,"The State Bank of Canton, Canton, Kansas",36584,1,"The State Bank of Canton, Canton, Kansas"
CERT:4494,The First National Bank of Primghar,36340,1,The First National Bank of Primghar
5164626,CBC FINANCIAL INC,36211,1,Citizens Bank of Chatsworth
1127856,SCOTLAND HOLDING CO,36044,1,The Farmers and Merchants State Bank
5975167,MAGNOLIA BCORP INC,35922,1,Mutual Savings and Loan Association
2131373,FORT RIDGELY NATL BCORP INC,35649,1,The First National Bank of Fairfax
1052949,CARLETON AGENCY INC,35554,1,Citizens State Bank
2857552,MARION BANCSHARES INC,35410,1,The Marion National Bank
3108439,COMMERCIAL BCORP,35408,1,Farmers State Bank
3584006,TRI-COUNTY HOLDINGS INC,34697,1,The First State Bank of Dongola
CERT:15762,First American Bank,34290,1,First American Bank
CERT:57470,Members Trust Company,34263,1,Members Trust Company
CERT:5232,The First National Bank of Proctor,33993,1,The First National Bank of Proctor
CERT:399,First Summit Bank,33759,1,First Summit Bank
CERT:18094,Marquette Farmers State Bank of Marquette,33592,1,Marquette Farmers State Bank of Marquette
CERT:33656,Metropolitan Bank and Trust Company,31987,1,Metropolitan Bank and Trust Company
CERT:31266,"Jackson Savings Bank, SSB",31872,1,"Jackson Savings Bank, SSB"
5454345,AGCOM HOLDINGS INC,31745,1,Maxwell State Bank
CERT:22549,First Progressive Bank,31605,1,First Progressive Bank
1142868,MORRISTOWN HOLDING CO,31521,1,Lake Country Community Bank
CERT:9406,Bank of Cattaraugus,30989,1,Bank of Cattaraugus
CERT:16585,Vermont State Bank,30974,1,Vermont State Bank
CERT:59365,Generations Community Bank,30901,1,Generations Community Bank
5946167,ONE AMERICA BCORP INC,30840,1,The Hopeton State Bank
2561167,FLEMING COMMUNITY AGENCY INC,30682,1,The First National Bank of Fleming
2294634,ST PETER BANCSHARES INC,30118,1,First State Bank of St. Peter
CERT:26755,"Minnesota First Credit and Savings, Incorporated",29891,1,"Minnesota First Credit and Savings, Incorporated"
CERT:18937,St. Martin National Bank,29380,1,St. Martin National Bank
1204720,TIGERTON BCORP INC,29258,1,First National Bank in Tigerton
4795863,CB EDINBURG HOLDINGS INC,28955,1,Citizens Bank of Edinburg
1055605,VICI BCORP,28851,1,Bank of Vici
CERT:3985,The First National Bank of Frederick,28844,1,The First National Bank of Frederick
1134863,EASTON BANCSHARES INC,28367,1,State Bank of Easton
1245246,RANDALL BANCSHARES INC,28197,1,Andes State Bank
CERT:29857,"The Liberty Savings Association, FSA",28166,1,"The Liberty Savings Association, FSA"
CERT:30152,Milford Building and Loan Association,28089,1,Milford Building and Loan Association
1140846,LOWDEN BANCSHARES INC,27845,1,American Trust and Savings Bank
CERT:35075,The Philadelphia Trust Company,27694,1,The Philadelphia Trust Company
3530218,GULFPORT BANCSHARES OF DE INC,27645,1,Brazos National Bank
CERT:15853,The Farmers State Bank,26601,1,The Farmers State Bank
CERT:5999,First State Bank in Temple,26356,1,First State Bank in Temple
CERT:29490,First Federal Savings & Loan Association of Ravenswood,26278,1,First Federal Savings & Loan Association of Ravenswood
CERT:10840,Campus State Bank,26224,1,Campus State Bank
CERT:3303,The First National Bank of Lipan,25944,1,The First National Bank of Lipan
CERT:31723,"Home Savings Bank, FSB",25738,1,"Home Savings Bank, FSB"
CERT:16516,Nebraska State Bank,25432,1,Nebraska State Bank
CERT:3600,The First National Bank of Assumption,25167,1,The First National Bank of Assumption
2366652,BAXTER BANCSHARES INC,25152,1,The Baxter State Bank
CERT:17825,Boelus State Bank,24362,1,Boelus State Bank
1118836,HART BANCSHARES INC,24146,1,Hart County Bank and Trust Company
CERT:14820,The Citizens National Bank of Hammond,23897,1,The Citizens National Bank of Hammond
1124622,SWANVILLE BANCSHARES INC,23804,1,First State Bank of Swanville
1059519,FIRST HOWARD BANKSHARES INC,23489,1,The Peoples State Bank
2266873,VICTORY BANCSHARES INC,23402,1,The Mt. Victory State Bank
CERT:12425,The Dickinson County Bank,23370,1,The Dickinson County Bank
CERT:16281,First City Bank,22994,1,First City Bank
CERT:12086,Sainte Marie State Bank,22956,1,Sainte Marie State Bank
CERT:19105,Peoples Bank of Macon,22697,1,Peoples Bank of Macon
CERT:4144,Farmers and Merchants Bank,22022,1,Farmers and Merchants Bank
CERT:10872,Chesterfield State Bank,21654,1,Chesterfield State Bank
CERT:57160,National Advisors Trust Company,21588,1,National Advisors Trust Company
CERT:31345,"Hertford Savings Bank, SSB",20682,1,"Hertford Savings Bank, SSB"
CERT:28480,Columbia Savings and Loan Association,20558,1,Columbia Savings and Loan Association
CERT:12284,Farmers & Merchants Bank,20539,1,Farmers & Merchants Bank
CERT:13902,Farmers State Bank of Medora,20369,1,Farmers State Bank of Medora
CERT:17632,The Farmers State Bank,19520,1,The Farmers State Bank
2847665,STEINAUER BCORP,19046,1,The Bank of Steinauer
CERT:11716,Hartsburg State Bank,18124,1,Hartsburg State Bank
CERT:30031,Huntingdon Savings Bank,17893,1,Huntingdon Savings Bank
1130717,DYSART BANCSHARES INC,16536,1,Dysart State Bank
CERT:57109,Everence Trust Company,16159,1,Everence Trust Company
CERT:34478,Cedar Hill National Bank,15981,1,Cedar Hill National Bank
1840883,YOUNG AMERICANS EDUCATION FOUNDATION,15527,1,Young Americans Bank
CERT:34799,Thrivent Trust Company,15466,1,Thrivent Trust Company
4625595,MAIN STREET BANCSHARES INC,15101,1,Grand Rivers Community Bank
CERT:17138,Peoples State Bank,13910,1,Peoples State Bank
CERT:35510,Davidson Trust Co.,13207,1,Davidson Trust Co.
5787744,WSB FINANCIAL INC,13026,1,The Walton State Bank
CERT:16583,State Bank of Burrton,9316,1,State Bank of Burrton
CERT:29966,The Equitable Savings and Loan Company,8593,1,The Equitable Savings and Loan Company
CERT:13986,"Transact Bank, National Association",6475,1,"Transact Bank, National Association"
CERT:34331,DSRM National Bank,4418,1,DSRM National Bank
CERT:33652,Bank of China,0,1,Bank of China
CERT:59364,Nola Bank,0,1,Nola Bank
CERT:59385,Private Bank & Trust,0,1,Private Bank & Trust
CERT:90709,Banco Cooperativo de Puerto Rico,0,1,Banco Cooperativo de Puerto Rico
CERT:90846,French-American Banking Corporation (NYIC),0,1,French-American Banking Corporation (NYIC)
