product,sub_product,issue,sub_issue,rows,first_seen,last_seen
Bank account or service,(CD) Certificate of deposit,"Account opening, closing, or management",,2489,2012-03-01,2017-04-22
Bank account or service,(CD) Certificate of deposit,Deposits and withdrawals,,774,2012-03-02,2017-04-21
Bank account or service,(CD) Certificate of deposit,"Making/receiving payments, sending money",,125,2012-03-06,2017-04-05
Bank account or service,(CD) Certificate of deposit,Problems caused by my funds being low,,22,2012-03-22,2017-01-28
Bank account or service,(CD) Certificate of deposit,Using a debit or ATM card,,6,2012-10-26,2016-05-20
Bank account or service,Cashing a check without an account,"Account opening, closing, or management",,168,2012-03-01,2017-04-12
Bank account or service,Cashing a check without an account,Deposits and withdrawals,,269,2012-03-20,2017-04-05
Bank account or service,Cashing a check without an account,"Making/receiving payments, sending money",,160,2012-03-15,2017-04-18
Bank account or service,Cashing a check without an account,Problems caused by my funds being low,,11,2012-08-08,2016-10-06
Bank account or service,Cashing a check without an account,Using a debit or ATM card,,17,2012-06-05,2017-02-15
Bank account or service,Checking account,"Account opening, closing, or management",,22260,2012-03-01,2017-04-21
Bank account or service,Checking account,Deposits and withdrawals,,17176,2012-03-01,2017-04-21
Bank account or service,Checking account,"Making/receiving payments, sending money",,4086,2012-03-01,2017-04-21
Bank account or service,Checking account,Problems caused by my funds being low,,10737,2012-03-01,2017-04-21
Bank account or service,Checking account,Using a debit or ATM card,,4782,2012-03-01,2017-04-22
Bank account or service,Other bank product/service,"Account opening, closing, or management",,10005,2012-03-01,2017-04-21
Bank account or service,Other bank product/service,Deposits and withdrawals,,2972,2012-03-04,2017-04-21
Bank account or service,Other bank product/service,"Making/receiving payments, sending money",,2816,2012-03-01,2017-04-21
Bank account or service,Other bank product/service,Problems caused by my funds being low,,836,2012-03-06,2017-04-21
Bank account or service,Other bank product/service,Using a debit or ATM card,,1193,2012-03-12,2017-04-21
Bank account or service,Savings account,"Account opening, closing, or management",,3037,2012-03-01,2017-04-21
Bank account or service,Savings account,Deposits and withdrawals,,1659,2012-03-01,2017-04-19
Bank account or service,Savings account,"Making/receiving payments, sending money",,214,2012-03-07,2017-04-17
Bank account or service,Savings account,Problems caused by my funds being low,,238,2012-03-01,2017-04-19
Bank account or service,Savings account,Using a debit or ATM card,,146,2012-03-01,2017-04-19
Checking or savings account,,,,5,2024-03-13,2024-05-11
Checking or savings account,,Credit monitoring or identity theft protection services,Billing dispute for services,1,2021-04-23,2021-04-23
Checking or savings account,,Credit monitoring or identity theft protection services,Received unwanted marketing or advertising,1,2020-07-03,2020-07-03
Checking or savings account,,Getting a line of credit,,2,2018-06-21,2019-07-11
Checking or savings account,,Improper use of your report,Credit inquiries on your report that you don't recognize,4,2018-04-24,2022-08-23
Checking or savings account,,Improper use of your report,Reporting company used your report improperly,6,2019-03-11,2022-09-07
Checking or savings account,,Incorrect information on your report,Account information incorrect,14,2017-12-18,2022-01-28
Checking or savings account,,Incorrect information on your report,Account status incorrect,26,2017-05-21,2022-09-12
Checking or savings account,,Incorrect information on your report,Information belongs to someone else,22,2017-07-10,2022-08-04
Checking or savings account,,Incorrect information on your report,Personal information incorrect,4,2018-10-18,2022-08-16
Checking or savings account,,Problem with a credit reporting company's investigation into an existing problem,Difficulty submitting a dispute or getting information about a dispute over the phone,1,2018-07-25,2018-07-25
Checking or savings account,,Problem with a credit reporting company's investigation into an existing problem,Investigation took more than 30 days,1,2019-01-08,2019-01-08
Checking or savings account,,Problem with a credit reporting company's investigation into an existing problem,Problem with personal statement of dispute,2,2018-12-10,2021-04-15
Checking or savings account,,Problem with a credit reporting company's investigation into an existing problem,Their investigation did not fix an error on your report,4,2017-08-31,2021-01-29
Checking or savings account,,Problem with a credit reporting company's investigation into an existing problem,Was not notified of investigation status or results,3,2018-08-21,2021-10-21
Checking or savings account,,Problem with credit report or credit score,Incorrect information on your report,1,2020-11-09,2020-11-09
Checking or savings account,,Problem with fraud alerts or security freezes,,1,2017-10-30,2017-10-30
Checking or savings account,,Unable to get your credit report or credit score,Other problem getting your report or credit score,1,2022-08-10,2022-08-10
Checking or savings account,CD (Certificate of Deposit),Closing an account,Can't close your account,666,2017-04-26,2026-09-16
Checking or savings account,CD (Certificate of Deposit),Closing an account,Company closed your account,187,2017-05-17,2026-09-02
Checking or savings account,CD (Certificate of Deposit),Closing an account,Fees charged for closing account,342,2017-04-28,2026-09-12
Checking or savings account,CD (Certificate of Deposit),Closing an account,Funds not received from closed account,831,2017-05-01,2026-09-13
Checking or savings account,CD (Certificate of Deposit),Credit monitoring or identity theft protection services,Billing dispute for services,2,2017-09-06,2023-05-30
Checking or savings account,CD (Certificate of Deposit),Credit monitoring or identity theft protection services,Problem canceling credit monitoring or identify theft protection service,1,2026-02-05,2026-02-05
Checking or savings account,CD (Certificate of Deposit),Credit monitoring or identity theft protection services,Problem with product or service terms changing,1,2024-10-22,2024-10-22
Checking or savings account,CD (Certificate of Deposit),Improper use of your report,Reporting company used your report improperly,2,2024-11-26,2025-04-12
Checking or savings account,CD (Certificate of Deposit),Incorrect information on your report,Account information incorrect,4,2020-09-05,2026-07-01
Checking or savings account,CD (Certificate of Deposit),Incorrect information on your report,Account status incorrect,3,2024-02-01,2026-01-28
Checking or savings account,CD (Certificate of Deposit),Incorrect information on your report,Information belongs to someone else,1,2025-06-04,2025-06-04
Checking or savings account,CD (Certificate of Deposit),Incorrect information on your report,Old information reappears or never goes away,1,2024-09-28,2024-09-28
Checking or savings account,CD (Certificate of Deposit),Managing an account,,1,2021-01-05,2021-01-05
Checking or savings account,CD (Certificate of Deposit),Managing an account,Banking errors,1077,2017-04-25,2026-09-14
Checking or savings account,CD (Certificate of Deposit),Managing an account,Deposits or withdrawals,1562,2017-04-24,2026-09-17
Checking or savings account,CD (Certificate of Deposit),Managing an account,Funds not handled or disbursed as instructed,1192,2017-04-24,2026-09-24
Checking or savings account,CD (Certificate of Deposit),Managing an account,Problem accessing account,571,2017-04-24,2026-09-14
Checking or savings account,CD (Certificate of Deposit),Managing an account,Problem with fees or penalties,383,2017-04-25,2026-09-15
Checking or savings account,CD (Certificate of Deposit),Managing an account,Problem with renewal,445,2017-04-27,2026-09-22
Checking or savings account,CD (Certificate of Deposit),Opening an account,Account opened as a result of fraud,26,2018-01-31,2023-07-28
Checking or savings account,CD (Certificate of Deposit),Opening an account,Account opened without my consent or knowledge,52,2023-09-05,2026-07-20
Checking or savings account,CD (Certificate of Deposit),Opening an account,Confusing or missing disclosures,104,2017-05-09,2026-09-04
Checking or savings account,CD (Certificate of Deposit),Opening an account,Didn't receive terms that were advertised,218,2017-04-27,2026-09-16
Checking or savings account,CD (Certificate of Deposit),Opening an account,Unable to open an account,274,2017-04-28,2026-09-12
Checking or savings account,CD (Certificate of Deposit),Problem with a company's investigation into an existing problem,Difficulty submitting a dispute or getting information about a dispute over the phone,1,2025-04-09,2025-04-09
Checking or savings account,CD (Certificate of Deposit),Problem with a company's investigation into an existing problem,Investigation took more than 30 days,2,2024-09-11,2026-01-02
Checking or savings account,CD (Certificate of Deposit),Problem with a company's investigation into an existing problem,Problem with personal statement of dispute,1,2024-10-02,2024-10-02
Checking or savings account,CD (Certificate of Deposit),Problem with a company's investigation into an existing problem,Their investigation did not fix an error on your report,4,2024-10-28,2026-03-06
Checking or savings account,CD (Certificate of Deposit),Problem with a credit reporting company's investigation into an existing problem,Investigation took more than 30 days,1,2023-01-04,2023-01-04
Checking or savings account,CD (Certificate of Deposit),Problem with fraud alerts or security freezes,,7,2017-05-10,2026-07-29
Checking or savings account,CD (Certificate of Deposit),Unable to get your credit report or credit score,Other problem getting your report or credit score,1,2021-12-07,2021-12-07
Checking or savings account,CD (Certificate of Deposit),Unable to get your credit report or credit score,Problem getting your free annual credit report,1,2025-09-11,2025-09-11
Checking or savings account,Checking account,Closing an account,Can't close your account,6142,2017-04-24,2026-09-23
Checking or savings account,Checking account,Closing an account,Company closed your account,19260,2017-04-24,2026-09-24
Checking or savings account,Checking account,Closing an account,Fees charged for closing account,1040,2017-04-24,2026-09-22
Checking or savings account,Checking account,Closing an account,Funds not received from closed account,12643,2017-04-24,2026-09-22
Checking or savings account,Checking account,Credit monitoring or identity theft protection services,Billing dispute for services,40,2017-05-25,2026-07-28
Checking or savings account,Checking account,Credit monitoring or identity theft protection services,Didn't receive services that were advertised,19,2019-03-19,2026-03-24
Checking or savings account,Checking account,Credit monitoring or identity theft protection services,Problem canceling credit monitoring or identify theft protection service,35,2017-11-20,2026-09-12
Checking or savings account,Checking account,Credit monitoring or identity theft protection services,Problem with product or service terms changing,8,2019-02-28,2026-06-15
Checking or savings account,Checking account,Credit monitoring or identity theft protection services,Received unwanted marketing or advertising,8,2019-01-15,2026-06-12
Checking or savings account,Checking account,Improper use of your report,Credit inquiries on your report that you don't recognize,63,2017-04-30,2026-08-22
Checking or savings account,Checking account,Improper use of your report,Received unsolicited financial product or insurance offers after opting out,10,2018-02-03,2025-10-27
Checking or savings account,Checking account,Improper use of your report,Report provided to employer without your written authorization,3,2018-01-08,2023-07-06
Checking or savings account,Checking account,Improper use of your report,Reporting company used your report improperly,130,2017-04-24,2026-09-15
Checking or savings account,Checking account,Incorrect information on your report,Account information incorrect,191,2017-06-05,2026-09-08
Checking or savings account,Checking account,Incorrect information on your report,Account status incorrect,247,2017-05-20,2026-09-15
Checking or savings account,Checking account,Incorrect information on your report,Information belongs to someone else,356,2017-05-19,2026-09-16
Checking or savings account,Checking account,Incorrect information on your report,Information is missing that should be on the report,13,2018-03-12,2026-08-25
Checking or savings account,Checking account,Incorrect information on your report,Old information reappears or never goes away,29,2017-12-14,2026-06-19
Checking or savings account,Checking account,Incorrect information on your report,Personal information incorrect,33,2018-02-25,2026-06-03
Checking or savings account,Checking account,Incorrect information on your report,Public record information inaccurate,22,2017-06-06,2025-10-20
Checking or savings account,Checking account,Managing an account,,4,2020-11-19,2021-02-12
Checking or savings account,Checking account,Managing an account,Banking errors,15964,2017-04-24,2026-09-24
Checking or savings account,Checking account,Managing an account,Cashing a check,5733,2017-04-24,2026-09-21
Checking or savings account,Checking account,Managing an account,Deposits and withdrawals,68677,2017-04-21,2026-09-28
Checking or savings account,Checking account,Managing an account,Fee problem,7999,2017-04-24,2026-09-19
Checking or savings account,Checking account,Managing an account,Funds not handled or disbursed as instructed,18043,2017-04-24,2026-09-25
Checking or savings account,Checking account,Managing an account,Problem accessing account,12726,2017-04-21,2026-09-28
Checking or savings account,Checking account,Managing an account,Problem making or receiving payments,11160,2017-04-25,2026-09-24
Checking or savings account,Checking account,Managing an account,Problem using a debit or ATM card,45844,2017-04-24,2026-09-28
Checking or savings account,Checking account,Opening an account,Account opened as a result of fraud,5560,2017-04-26,2023-08-24
Checking or savings account,Checking account,Opening an account,Account opened without my consent or knowledge,5643,2023-08-23,2026-09-18
Checking or savings account,Checking account,Opening an account,Confusing or missing disclosures,1088,2017-04-25,2026-09-14
Checking or savings account,Checking account,Opening an account,Didn't receive terms that were advertised,7600,2017-04-25,2026-09-22
Checking or savings account,Checking account,Opening an account,Unable to open an account,9276,2017-04-24,2026-09-25
Checking or savings account,Checking account,Problem caused by your funds being low,Bounced checks or returned payments,1770,2017-04-28,2026-09-22
Checking or savings account,Checking account,Problem caused by your funds being low,Late or other fees,1512,2017-04-25,2026-09-21
Checking or savings account,Checking account,Problem caused by your funds being low,Non-sufficient funds and associated fees,4705,2017-04-27,2026-09-23
Checking or savings account,Checking account,Problem caused by your funds being low,Overdrafts and overdraft fees,20415,2017-04-24,2026-09-28
Checking or savings account,Checking account,Problem with a company's investigation into an existing problem,Difficulty submitting a dispute or getting information about a dispute over the phone,58,2023-10-26,2026-08-17
Checking or savings account,Checking account,Problem with a company's investigation into an existing problem,Investigation took more than 30 days,30,2023-08-28,2026-08-28
Checking or savings account,Checking account,Problem with a company's investigation into an existing problem,Problem with personal statement of dispute,63,2023-09-05,2026-09-08
Checking or savings account,Checking account,Problem with a company's investigation into an existing problem,Their investigation did not fix an error on your report,193,2023-09-07,2026-09-19
Checking or savings account,Checking account,Problem with a company's investigation into an existing problem,Was not notified of investigation status or results,41,2023-11-16,2026-08-21
Checking or savings account,Checking account,Problem with a credit reporting company's investigation into an existing problem,Difficulty submitting a dispute or getting information about a dispute over the phone,13,2017-12-20,2023-07-08
Checking or savings account,Checking account,Problem with a credit reporting company's investigation into an existing problem,Investigation took more than 30 days,7,2019-11-10,2023-05-15
Checking or savings account,Checking account,Problem with a credit reporting company's investigation into an existing problem,Problem with personal statement of dispute,9,2017-05-26,2023-05-05
Checking or savings account,Checking account,Problem with a credit reporting company's investigation into an existing problem,Their investigation did not fix an error on your report,25,2017-07-25,2023-08-13
Checking or savings account,Checking account,Problem with a credit reporting company's investigation into an existing problem,Was not notified of investigation status or results,11,2017-08-09,2023-06-20
Checking or savings account,Checking account,Problem with a lender or other company charging your account,Can't stop withdrawals from your account,2403,2017-04-25,2026-09-24
Checking or savings account,Checking account,Problem with a lender or other company charging your account,Money was taken from your account on the wrong day or for the wrong amount,4505,2017-04-26,2026-09-25
Checking or savings account,Checking account,Problem with a lender or other company charging your account,Transaction was not authorized,32148,2017-04-24,2026-09-28
Checking or savings account,Checking account,Problem with credit report or credit score,Incorrect information on your report,1,2021-04-28,2021-04-28
Checking or savings account,Checking account,Problem with fraud alerts or security freezes,,176,2017-07-31,2026-09-14
Checking or savings account,Checking account,Unable to get your credit report or credit score,Other problem getting your report or credit score,21,2017-07-06,2026-04-25
Checking or savings account,Checking account,Unable to get your credit report or credit score,Problem getting your free annual credit report,7,2019-02-20,2026-05-03
Checking or savings account,Credit reporting,Improper use of your report,Reporting company used your report improperly,1,2024-07-17,2024-07-17
Checking or savings account,Other banking product or service,Closing an account,Can't close your account,1308,2017-04-26,2026-09-23
Checking or savings account,Other banking product or service,Closing an account,Company closed your account,1909,2017-04-28,2026-09-21
Checking or savings account,Other banking product or service,Closing an account,Fees charged for closing account,215,2017-05-08,2026-09-11
Checking or savings account,Other banking product or service,Closing an account,Funds not received from closed account,1335,2017-04-25,2026-09-25
Checking or savings account,Other banking product or service,Credit monitoring or identity theft protection services,Billing dispute for services,8,2018-01-03,2025-01-20
Checking or savings account,Other banking product or service,Credit monitoring or identity theft protection services,Didn't receive services that were advertised,6,2017-06-20,2026-08-18
Checking or savings account,Other banking product or service,Credit monitoring or identity theft protection services,Problem canceling credit monitoring or identify theft protection service,9,2022-12-02,2026-03-18
Checking or savings account,Other banking product or service,Credit monitoring or identity theft protection services,Problem with product or service terms changing,3,2022-03-27,2024-07-22
Checking or savings account,Other banking product or service,Credit monitoring or identity theft protection services,Received unwanted marketing or advertising,5,2021-11-17,2025-12-11
Checking or savings account,Other banking product or service,Improper use of your report,Credit inquiries on your report that you don't recognize,61,2017-08-07,2026-05-19
Checking or savings account,Other banking product or service,Improper use of your report,Received unsolicited financial product or insurance offers after opting out,7,2017-11-17,2026-05-21
Checking or savings account,Other banking product or service,Improper use of your report,Report provided to employer without your written authorization,1,2025-09-25,2025-09-25
Checking or savings account,Other banking product or service,Improper use of your report,Reporting company used your report improperly,53,2017-07-12,2026-09-16
Checking or savings account,Other banking product or service,Incorrect information on your report,Account information incorrect,83,2017-05-25,2026-09-09
Checking or savings account,Other banking product or service,Incorrect information on your report,Account status incorrect,79,2017-05-24,2026-09-22
Checking or savings account,Other banking product or service,Incorrect information on your report,Information belongs to someone else,93,2017-05-04,2026-08-15
Checking or savings account,Other banking product or service,Incorrect information on your report,Information is missing that should be on the report,7,2018-08-24,2024-11-06
Checking or savings account,Other banking product or service,Incorrect information on your report,Old information reappears or never goes away,10,2018-06-06,2025-06-10
Checking or savings account,Other banking product or service,Incorrect information on your report,Personal information incorrect,15,2018-01-11,2026-01-15
Checking or savings account,Other banking product or service,Incorrect information on your report,Public record information inaccurate,3,2019-07-19,2025-09-03
Checking or savings account,Other banking product or service,Managing an account,Banking errors,3177,2017-04-24,2026-09-22
Checking or savings account,Other banking product or service,Managing an account,Cashing a check,821,2017-04-26,2026-09-20
Checking or savings account,Other banking product or service,Managing an account,Deposits and withdrawals,6945,2017-04-25,2026-09-24
Checking or savings account,Other banking product or service,Managing an account,Fee problem,776,2017-04-26,2026-09-10
Checking or savings account,Other banking product or service,Managing an account,Funds not handled or disbursed as instructed,4233,2017-04-25,2026-09-26
Checking or savings account,Other banking product or service,Managing an account,Problem accessing account,3289,2017-04-25,2026-09-23
Checking or savings account,Other banking product or service,Managing an account,Problem making or receiving payments,2180,2017-04-25,2026-09-24
Checking or savings account,Other banking product or service,Managing an account,Problem using a debit or ATM card,2152,2017-04-25,2026-09-18
Checking or savings account,Other banking product or service,Opening an account,Account opened as a result of fraud,695,2017-04-21,2023-08-23
Checking or savings account,Other banking product or service,Opening an account,Account opened without my consent or knowledge,568,2023-08-29,2026-09-25
Checking or savings account,Other banking product or service,Opening an account,Confusing or missing disclosures,309,2017-05-05,2026-09-02
Checking or savings account,Other banking product or service,Opening an account,Didn't receive terms that were advertised,675,2017-04-28,2026-09-14
Checking or savings account,Other banking product or service,Opening an account,Unable to open an account,1138,2017-04-30,2026-09-20
Checking or savings account,Other banking product or service,Problem caused by your funds being low,Bounced checks or returned payments,125,2017-06-23,2026-09-15
Checking or savings account,Other banking product or service,Problem caused by your funds being low,Late or other fees,179,2017-06-13,2026-09-24
Checking or savings account,Other banking product or service,Problem caused by your funds being low,Non-sufficient funds and associated fees,311,2017-04-27,2026-09-22
Checking or savings account,Other banking product or service,Problem caused by your funds being low,Overdrafts and overdraft fees,654,2017-04-27,2026-09-20
Checking or savings account,Other banking product or service,Problem with a company's investigation into an existing problem,Difficulty submitting a dispute or getting information about a dispute over the phone,15,2023-11-17,2026-08-11
Checking or savings account,Other banking product or service,Problem with a company's investigation into an existing problem,Investigation took more than 30 days,5,2023-09-22,2026-05-01
Checking or savings account,Other banking product or service,Problem with a company's investigation into an existing problem,Problem with personal statement of dispute,9,2024-02-24,2026-03-26
Checking or savings account,Other banking product or service,Problem with a company's investigation into an existing problem,Their investigation did not fix an error on your report,42,2023-11-02,2026-09-23
Checking or savings account,Other banking product or service,Problem with a company's investigation into an existing problem,Was not notified of investigation status or results,10,2023-09-22,2026-06-13
Checking or savings account,Other banking product or service,Problem with a credit reporting company's investigation into an existing problem,Investigation took more than 30 days,28,2017-07-19,2023-06-07
Checking or savings account,Other banking product or service,Problem with a lender or other company charging your account,Can't stop withdrawals from your account,306,2017-05-10,2026-09-19
Checking or savings account,Other banking product or service,Problem with a lender or other company charging your account,Money was taken from your account on the wrong day or for the wrong amount,566,2017-05-16,2026-09-21
Checking or savings account,Other banking product or service,Problem with a lender or other company charging your account,Transaction was not authorized,2837,2017-04-24,2026-09-25
Checking or savings account,Other banking product or service,Problem with fraud alerts or security freezes,,30,2019-08-21,2026-03-26
Checking or savings account,Other banking product or service,Unable to get your credit report or credit score,Other problem getting your report or credit score,16,2017-08-14,2026-07-01
Checking or savings account,Other banking product or service,Unable to get your credit report or credit score,Problem getting your free annual credit report,1,2020-05-12,2020-05-12
Checking or savings account,Savings account,Closing an account,Can't close your account,1482,2017-05-22,2026-09-23
Checking or savings account,Savings account,Closing an account,Company closed your account,1538,2017-04-25,2026-09-18
Checking or savings account,Savings account,Closing an account,Fees charged for closing account,155,2017-04-27,2026-09-04
Checking or savings account,Savings account,Closing an account,Funds not received from closed account,2253,2017-04-26,2026-09-24
Checking or savings account,Savings account,Credit monitoring or identity theft protection services,Billing dispute for services,5,2021-01-26,2025-01-25
Checking or savings account,Savings account,Credit monitoring or identity theft protection services,Didn't receive services that were advertised,2,2023-02-02,2023-06-01
Checking or savings account,Savings account,Credit monitoring or identity theft protection services,Received unwanted marketing or advertising,3,2024-05-13,2026-08-20
Checking or savings account,Savings account,Improper use of your report,Credit inquiries on your report that you don't recognize,7,2017-10-16,2024-06-07
Checking or savings account,Savings account,Improper use of your report,Report provided to employer without your written authorization,1,2024-08-08,2024-08-08
Checking or savings account,Savings account,Improper use of your report,Reporting company used your report improperly,5,2017-08-11,2026-06-05
Checking or savings account,Savings account,Incorrect information on your report,Account information incorrect,4,2022-03-28,2026-07-21
Checking or savings account,Savings account,Incorrect information on your report,Account status incorrect,16,2018-01-24,2026-08-05
Checking or savings account,Savings account,Incorrect information on your report,Information belongs to someone else,12,2020-02-25,2026-05-19
Checking or savings account,Savings account,Incorrect information on your report,Old information reappears or never goes away,2,2020-03-30,2024-07-20
Checking or savings account,Savings account,Incorrect information on your report,Personal information incorrect,1,2025-07-30,2025-07-30
Checking or savings account,Savings account,Managing an account,Banking errors,3310,2017-04-28,2026-09-23
Checking or savings account,Savings account,Managing an account,Cashing a check,185,2017-08-02,2026-09-03
Checking or savings account,Savings account,Managing an account,Deposits and withdrawals,7932,2017-04-24,2026-09-26
Checking or savings account,Savings account,Managing an account,Fee problem,722,2017-04-27,2026-09-22
Checking or savings account,Savings account,Managing an account,Funds not handled or disbursed as instructed,2445,2017-05-02,2026-09-22
Checking or savings account,Savings account,Managing an account,Problem accessing account,2050,2017-04-26,2026-09-23
Checking or savings account,Savings account,Managing an account,Problem making or receiving payments,670,2017-04-28,2026-09-19
Checking or savings account,Savings account,Managing an account,Problem using a debit or ATM card,1031,2017-04-26,2026-09-23
Checking or savings account,Savings account,Opening an account,Account opened as a result of fraud,392,2017-04-29,2023-08-22
Checking or savings account,Savings account,Opening an account,Account opened without my consent or knowledge,400,2023-08-27,2026-09-18
Checking or savings account,Savings account,Opening an account,Confusing or missing disclosures,246,2017-04-24,2026-09-14
Checking or savings account,Savings account,Opening an account,Didn't receive terms that were advertised,1453,2017-04-24,2026-09-22
Checking or savings account,Savings account,Opening an account,Unable to open an account,825,2017-05-13,2026-09-10
Checking or savings account,Savings account,Problem caused by your funds being low,Bounced checks or returned payments,66,2017-08-25,2026-08-06
Checking or savings account,Savings account,Problem caused by your funds being low,Late or other fees,215,2017-04-25,2026-09-10
Checking or savings account,Savings account,Problem caused by your funds being low,Non-sufficient funds and associated fees,319,2017-05-14,2026-09-15
Checking or savings account,Savings account,Problem caused by your funds being low,Overdrafts and overdraft fees,227,2017-07-28,2026-09-14
Checking or savings account,Savings account,Problem with a company's investigation into an existing problem,Difficulty submitting a dispute or getting information about a dispute over the phone,4,2024-06-20,2026-06-28
Checking or savings account,Savings account,Problem with a company's investigation into an existing problem,Investigation took more than 30 days,5,2023-12-11,2026-08-21
Checking or savings account,Savings account,Problem with a company's investigation into an existing problem,Problem with personal statement of dispute,1,2026-04-13,2026-04-13
Checking or savings account,Savings account,Problem with a company's investigation into an existing problem,Their investigation did not fix an error on your report,7,2023-09-18,2026-08-02
Checking or savings account,Savings account,Problem with a company's investigation into an existing problem,Was not notified of investigation status or results,5,2023-11-07,2026-07-16
Checking or savings account,Savings account,Problem with a credit reporting company's investigation into an existing problem,Problem with personal statement of dispute,1,2022-07-21,2022-07-21
Checking or savings account,Savings account,Problem with a credit reporting company's investigation into an existing problem,Their investigation did not fix an error on your report,3,2019-09-13,2021-08-16
Checking or savings account,Savings account,Problem with a lender or other company charging your account,Can't stop withdrawals from your account,151,2017-07-08,2026-09-12
Checking or savings account,Savings account,Problem with a lender or other company charging your account,Money was taken from your account on the wrong day or for the wrong amount,211,2017-06-02,2026-09-15
Checking or savings account,Savings account,Problem with a lender or other company charging your account,Transaction was not authorized,1551,2017-04-26,2026-09-24
Checking or savings account,Savings account,Problem with fraud alerts or security freezes,,11,2022-08-29,2025-03-03
Checking or savings account,Savings account,Unable to get your credit report or credit score,Other problem getting your report or credit score,2,2020-07-08,2023-07-26
Checking or savings account,Savings account,Unable to get your credit report or credit score,Problem getting your free annual credit report,2,2023-10-21,2026-05-20
Consumer Loan,Installment loan,Managing the loan or lease,,4066,2012-03-05,2017-04-21
Consumer Loan,Installment loan,Problems when you are unable to pay,,2510,2012-03-19,2017-04-20
Consumer Loan,Installment loan,Shopping for a line of credit,,1,2015-10-13,2015-10-13
Consumer Loan,Installment loan,Shopping for a loan or lease,,591,2012-03-14,2017-04-21
Consumer Loan,Installment loan,Taking out the loan or lease,,1503,2012-03-12,2017-04-21
Consumer Loan,Pawn loan,Applied for loan/did not receive money,,14,2014-09-09,2017-04-21
Consumer Loan,Pawn loan,Can't contact lender,,14,2014-10-14,2017-01-26
Consumer Loan,Pawn loan,Can't stop charges to bank account,,2,2016-06-28,2017-01-27
Consumer Loan,Pawn loan,Charged bank acct wrong day or amt,,4,2014-11-19,2016-10-26
Consumer Loan,Pawn loan,Charged fees or interest I didn't expect,,30,2014-08-07,2017-03-16
Consumer Loan,Pawn loan,Lender damaged or destroyed property,,3,2014-10-17,2017-03-14
Consumer Loan,Pawn loan,Lender sold the property,,7,2014-09-17,2016-09-30
Consumer Loan,Pawn loan,Payment to acct not credited,,14,2014-07-26,2017-03-17
Consumer Loan,Pawn loan,Received a loan I didn't apply for,,6,2014-10-18,2016-10-13
Consumer Loan,Personal line of credit,Account terms and changes,,484,2012-03-06,2017-04-19
Consumer Loan,Personal line of credit,Managing the line of credit,,806,2012-03-01,2017-04-14
Consumer Loan,Personal line of credit,Problems when you are unable to pay,,233,2012-03-01,2017-04-05
Consumer Loan,Personal line of credit,Shopping for a line of credit,,301,2012-03-12,2017-04-12
Consumer Loan,Title loan,Applied for loan/did not receive money,,24,2014-09-23,2017-02-26
Consumer Loan,Title loan,Can't contact lender,,76,2014-07-30,2017-04-11
Consumer Loan,Title loan,Can't stop charges to bank account,,10,2014-07-22,2017-02-24
Consumer Loan,Title loan,Charged bank acct wrong day or amt,,6,2015-05-28,2017-03-08
Consumer Loan,Title loan,Charged fees or interest I didn't expect,,262,2014-07-22,2017-04-17
Consumer Loan,Title loan,Lender damaged or destroyed vehicle,,8,2014-09-12,2017-03-30
Consumer Loan,Title loan,Lender repossessed or sold the vehicle,,79,2014-07-21,2017-04-20
Consumer Loan,Title loan,Payment to acct not credited,,65,2014-07-24,2017-04-18
Consumer Loan,Title loan,Received a loan I didn't apply for,,17,2014-10-17,2017-04-06
Consumer Loan,Vehicle lease,Managing the loan or lease,,1660,2012-03-02,2017-04-21
Consumer Loan,Vehicle lease,Problems when you are unable to pay,,371,2012-03-23,2017-04-12
Consumer Loan,Vehicle lease,Shopping for a loan or lease,,178,2012-04-23,2017-04-04
Consumer Loan,Vehicle lease,Taking out the loan or lease,,445,2012-03-05,2017-04-21
Consumer Loan,Vehicle loan,Managing the loan or lease,,9531,2012-03-01,2017-04-21
Consumer Loan,Vehicle loan,Problems when you are unable to pay,,4559,2012-03-01,2017-04-21
Consumer Loan,Vehicle loan,Shopping for a loan or lease,,1259,2012-03-14,2017-04-20
Consumer Loan,Vehicle loan,Taking out the loan or lease,,2420,2012-03-01,2017-04-21
Credit card,,APR or interest rate,,5506,2011-12-01,2017-04-21
Credit card,,Advertising and marketing,,2926,2011-12-01,2017-04-21
Credit card,,Application processing delay,,540,2011-12-01,2017-04-20
Credit card,,Arbitration,,348,2011-12-06,2017-04-17
Credit card,,Balance transfer,,1117,2011-12-01,2017-04-20
Credit card,,Balance transfer fee,,221,2011-12-02,2017-04-19
Credit card,,Bankruptcy,,448,2011-12-01,2017-04-14
Credit card,,Billing disputes,,15136,2011-12-01,2017-04-21
Credit card,,Billing statement,,2619,2011-12-01,2017-04-21
Credit card,,Cash advance,,245,2011-12-14,2017-04-05
Credit card,,Cash advance fee,,196,2011-12-01,2017-04-06
Credit card,,Closing/Cancelling account,,6389,2011-12-02,2017-04-21
Credit card,,Collection debt dispute,,901,2011-12-01,2013-07-01
Credit card,,Collection practices,,1001,2011-12-02,2013-07-02
Credit card,,Convenience checks,,149,2011-12-09,2017-04-15
Credit card,,Credit card protection / Debt protection,,2728,2011-12-01,2017-04-21
Credit card,,Credit determination,,3057,2011-12-01,2017-04-21
Credit card,,Credit line increase/decrease,,2185,2011-12-01,2017-04-21
Credit card,,Credit reporting,,1696,2011-12-01,2013-04-24
Credit card,,Customer service / Customer relations,,3504,2011-12-01,2017-04-20
Credit card,,Delinquent account,,3218,2011-12-02,2017-04-22
Credit card,,Forbearance / Workout plans,,556,2011-12-02,2017-04-17
Credit card,,Identity theft / Fraud / Embezzlement,,8480,2011-12-01,2017-04-21
Credit card,,Late fee,,3639,2011-12-01,2017-04-21
Credit card,,Other,,9350,2011-12-01,2017-04-22
Credit card,,Other fee,,2198,2011-12-01,2017-04-21
Credit card,,Overlimit fee,,215,2011-12-01,2017-04-07
Credit card,,Payoff process,,2315,2011-12-01,2017-04-21
Credit card,,Privacy,,489,2011-12-05,2017-04-10
Credit card,,Rewards,,2916,2011-12-01,2017-04-21
Credit card,,Sale of account,,344,2011-12-05,2017-04-19
Credit card,,Transaction issue,,2700,2011-12-01,2017-04-21
Credit card,,Unsolicited issuance of credit card,,1853,2011-12-01,2017-04-20
Credit card,General-purpose credit card or charge card,"Advertising and marketing, including promotional offers",Confusing or misleading advertising about the credit card,3308,2023-08-25,2026-09-25
Credit card,General-purpose credit card or charge card,"Advertising and marketing, including promotional offers",Didn't receive advertised or promotional terms,4953,2023-08-25,2026-09-25
Credit card,General-purpose credit card or charge card,Closing your account,Can't close your account,3108,2023-08-26,2026-09-24
Credit card,General-purpose credit card or charge card,Closing your account,Company closed your account,10931,2023-08-25,2026-09-25
Credit card,General-purpose credit card or charge card,Credit monitoring or identity theft protection services,Billing dispute for services,220,2023-09-10,2026-09-05
Credit card,General-purpose credit card or charge card,Credit monitoring or identity theft protection services,Didn't receive services that were advertised,52,2023-08-30,2026-09-02
Credit card,General-purpose credit card or charge card,Credit monitoring or identity theft protection services,Problem canceling credit monitoring or identify theft protection service,140,2023-09-08,2026-09-18
Credit card,General-purpose credit card or charge card,Credit monitoring or identity theft protection services,Problem with product or service terms changing,34,2023-08-28,2026-07-30
Credit card,General-purpose credit card or charge card,Credit monitoring or identity theft protection services,Received unwanted marketing or advertising,19,2023-10-30,2026-08-05
Credit card,General-purpose credit card or charge card,Fees or interest,Charged too much interest,4837,2023-08-25,2026-09-26
Credit card,General-purpose credit card or charge card,Fees or interest,Problem with fees,10659,2023-08-17,2026-09-25
Credit card,General-purpose credit card or charge card,Fees or interest,Unexpected increase in interest rate,1608,2023-08-27,2026-09-28
Credit card,General-purpose credit card or charge card,Getting a credit card,Application denied,5999,2023-08-25,2026-09-25
Credit card,General-purpose credit card or charge card,Getting a credit card,Card opened without my consent or knowledge,18613,2023-08-25,2026-09-28
Credit card,General-purpose credit card or charge card,Getting a credit card,Delay in processing application,1157,2023-08-26,2026-09-28
Credit card,General-purpose credit card or charge card,Getting a credit card,Problem getting a working replacement card,938,2023-08-25,2026-09-18
Credit card,General-purpose credit card or charge card,Getting a credit card,Sent card you never applied for,1288,2023-08-25,2026-09-16
Credit card,General-purpose credit card or charge card,Improper use of your report,Credit inquiries on your report that you don't recognize,752,2023-08-26,2026-09-15
Credit card,General-purpose credit card or charge card,Improper use of your report,Received unsolicited financial product or insurance offers after opting out,22,2024-03-04,2026-06-11
Credit card,General-purpose credit card or charge card,Improper use of your report,Report provided to employer without your written authorization,21,2023-11-02,2026-06-04
Credit card,General-purpose credit card or charge card,Improper use of your report,Reporting company used your report improperly,1217,2023-08-25,2026-09-19
Credit card,General-purpose credit card or charge card,Incorrect information on your report,Account information incorrect,3387,2023-08-26,2026-09-24
Credit card,General-purpose credit card or charge card,Incorrect information on your report,Account status incorrect,23546,2023-08-25,2026-09-21
Credit card,General-purpose credit card or charge card,Incorrect information on your report,Information belongs to someone else,3144,2023-08-25,2026-09-21
Credit card,General-purpose credit card or charge card,Incorrect information on your report,Information is missing that should be on the report,205,2023-08-31,2026-09-11
Credit card,General-purpose credit card or charge card,Incorrect information on your report,Old information reappears or never goes away,335,2023-09-05,2026-09-19
Credit card,General-purpose credit card or charge card,Incorrect information on your report,Personal information incorrect,199,2023-08-30,2026-09-07
Credit card,General-purpose credit card or charge card,Incorrect information on your report,Public record information inaccurate,162,2023-08-28,2026-09-22
Credit card,General-purpose credit card or charge card,"Other features, terms, or problems",Add-on products and services,549,2023-08-31,2026-09-23
Credit card,General-purpose credit card or charge card,"Other features, terms, or problems",Credit card company forcing arbitration,293,2023-08-25,2026-09-21
Credit card,General-purpose credit card or charge card,"Other features, terms, or problems",Other problem,11247,2023-08-25,2026-09-25
Credit card,General-purpose credit card or charge card,"Other features, terms, or problems",Privacy issues,1448,2023-08-25,2026-09-24
Credit card,General-purpose credit card or charge card,"Other features, terms, or problems",Problem with balance transfer,1636,2023-08-26,2026-09-23
Credit card,General-purpose credit card or charge card,"Other features, terms, or problems",Problem with cash advances,259,2023-08-25,2026-09-20
Credit card,General-purpose credit card or charge card,"Other features, terms, or problems",Problem with convenience check,83,2023-09-20,2026-09-05
Credit card,General-purpose credit card or charge card,"Other features, terms, or problems",Problem with customer service,2404,2023-08-25,2026-09-24
Credit card,General-purpose credit card or charge card,"Other features, terms, or problems",Problem with rewards from credit card,5827,2023-08-25,2026-09-24
Credit card,General-purpose credit card or charge card,Problem when making payments,Problem during payment process,9799,2023-08-24,2026-09-24
Credit card,General-purpose credit card or charge card,Problem when making payments,You never received your bill or did not know a payment was due,1299,2023-08-27,2026-09-18
Credit card,General-purpose credit card or charge card,Problem with a company's investigation into an existing problem,Difficulty submitting a dispute or getting information about a dispute over the phone,419,2023-08-26,2026-09-16
Credit card,General-purpose credit card or charge card,Problem with a company's investigation into an existing problem,Investigation took more than 30 days,211,2023-08-25,2026-09-08
Credit card,General-purpose credit card or charge card,Problem with a company's investigation into an existing problem,Problem with personal statement of dispute,526,2023-08-30,2026-09-17
Credit card,General-purpose credit card or charge card,Problem with a company's investigation into an existing problem,Their investigation did not fix an error on your report,4318,2023-08-25,2026-09-24
Credit card,General-purpose credit card or charge card,Problem with a company's investigation into an existing problem,Was not notified of investigation status or results,20226,2023-08-25,2026-09-21
Credit card,General-purpose credit card or charge card,Problem with a purchase shown on your statement,Card was charged for something you did not purchase with the card,12316,2023-08-25,2026-09-25
Credit card,General-purpose credit card or charge card,Problem with a purchase shown on your statement,Credit card company isn't resolving a dispute about a purchase on your statement,42958,2023-08-24,2026-09-27
Credit card,General-purpose credit card or charge card,Problem with a purchase shown on your statement,Overcharged for something you did purchase with the card,1466,2023-08-26,2026-09-19
Credit card,General-purpose credit card or charge card,Problem with fraud alerts or security freezes,,207,2023-09-05,2026-09-17
Credit card,General-purpose credit card or charge card,Struggling to pay your bill,Credit card company won't work with you while you're going through financial hardship,2530,2023-08-28,2026-09-28
Credit card,General-purpose credit card or charge card,Struggling to pay your bill,Filed for bankruptcy,131,2023-08-28,2026-09-01
Credit card,General-purpose credit card or charge card,Struggling to pay your bill,Problem lowering your monthly payments,226,2023-08-28,2026-09-25
Credit card,General-purpose credit card or charge card,Trouble using your card,Account sold or transferred to another company,145,2023-09-03,2026-09-09
Credit card,General-purpose credit card or charge card,Trouble using your card,Can't use card to make purchases,5403,2023-08-25,2026-09-25
Credit card,General-purpose credit card or charge card,Trouble using your card,Credit card company won't increase or decrease your credit limit,2295,2023-08-26,2026-09-23
Credit card,General-purpose credit card or charge card,Unable to get your credit report or credit score,Other problem getting your report or credit score,96,2023-11-02,2026-09-03
Credit card,General-purpose credit card or charge card,Unable to get your credit report or credit score,Problem getting your free annual credit report,3,2024-02-05,2025-03-18
Credit card,Store credit card,"Advertising and marketing, including promotional offers",Confusing or misleading advertising about the credit card,956,2023-08-26,2026-09-17
Credit card,Store credit card,"Advertising and marketing, including promotional offers",Didn't receive advertised or promotional terms,572,2023-08-25,2026-09-22
Credit card,Store credit card,Closing your account,Can't close your account,533,2023-08-25,2026-09-22
Credit card,Store credit card,Closing your account,Company closed your account,1790,2023-08-25,2026-09-23
Credit card,Store credit card,Credit monitoring or identity theft protection services,Billing dispute for services,37,2023-09-08,2026-09-11
Credit card,Store credit card,Credit monitoring or identity theft protection services,Didn't receive services that were advertised,12,2023-12-22,2026-07-09
Credit card,Store credit card,Credit monitoring or identity theft protection services,Problem canceling credit monitoring or identify theft protection service,30,2023-08-25,2026-07-10
Credit card,Store credit card,Credit monitoring or identity theft protection services,Problem with product or service terms changing,18,2023-09-19,2025-12-20
Credit card,Store credit card,Credit monitoring or identity theft protection services,Received unwanted marketing or advertising,4,2024-02-16,2026-07-16
Credit card,Store credit card,Fees or interest,Charged too much interest,1884,2023-08-28,2026-09-17
Credit card,Store credit card,Fees or interest,Problem with fees,3482,2023-08-26,2026-09-21
Credit card,Store credit card,Fees or interest,Unexpected increase in interest rate,693,2023-08-28,2026-09-17
Credit card,Store credit card,Getting a credit card,Application denied,468,2023-08-25,2026-09-14
Credit card,Store credit card,Getting a credit card,Card opened without my consent or knowledge,2882,2023-08-24,2026-09-23
Credit card,Store credit card,Getting a credit card,Delay in processing application,90,2023-09-27,2026-08-25
Credit card,Store credit card,Getting a credit card,Problem getting a working replacement card,110,2023-09-13,2026-08-17
Credit card,Store credit card,Getting a credit card,Sent card you never applied for,182,2023-08-29,2026-09-17
Credit card,Store credit card,Improper use of your report,Credit inquiries on your report that you don't recognize,116,2023-09-07,2026-09-14
Credit card,Store credit card,Improper use of your report,Received unsolicited financial product or insurance offers after opting out,2,2023-09-10,2026-03-26
Credit card,Store credit card,Improper use of your report,Report provided to employer without your written authorization,2,2024-04-29,2026-01-21
Credit card,Store credit card,Improper use of your report,Reporting company used your report improperly,197,2023-08-27,2026-07-22
Credit card,Store credit card,Incorrect information on your report,Account information incorrect,534,2023-09-06,2026-09-26
Credit card,Store credit card,Incorrect information on your report,Account status incorrect,614,2023-09-03,2026-09-09
Credit card,Store credit card,Incorrect information on your report,Information belongs to someone else,328,2023-08-28,2026-09-16
Credit card,Store credit card,Incorrect information on your report,Information is missing that should be on the report,37,2023-12-24,2026-08-10
Credit card,Store credit card,Incorrect information on your report,Old information reappears or never goes away,84,2023-09-04,2026-09-14
Credit card,Store credit card,Incorrect information on your report,Personal information incorrect,26,2024-01-08,2026-09-09
Credit card,Store credit card,Incorrect information on your report,Public record information inaccurate,19,2023-09-04,2026-09-09
Credit card,Store credit card,"Other features, terms, or problems",Add-on products and services,71,2023-09-12,2026-09-16
Credit card,Store credit card,"Other features, terms, or problems",Credit card company forcing arbitration,30,2023-09-19,2026-06-23
Credit card,Store credit card,"Other features, terms, or problems",Other problem,1493,2023-08-25,2026-09-21
Credit card,Store credit card,"Other features, terms, or problems",Privacy issues,199,2023-08-28,2026-09-17
Credit card,Store credit card,"Other features, terms, or problems",Problem with balance transfer,49,2023-11-14,2026-09-09
Credit card,Store credit card,"Other features, terms, or problems",Problem with cash advances,5,2023-12-18,2026-04-28
Credit card,Store credit card,"Other features, terms, or problems",Problem with convenience check,9,2024-04-08,2026-09-14
Credit card,Store credit card,"Other features, terms, or problems",Problem with customer service,278,2023-08-27,2026-09-15
Credit card,Store credit card,"Other features, terms, or problems",Problem with rewards from credit card,178,2023-08-28,2026-09-11
Credit card,Store credit card,Problem when making payments,Problem during payment process,1962,2023-08-25,2026-09-27
Credit card,Store credit card,Problem when making payments,You never received your bill or did not know a payment was due,494,2023-08-28,2026-09-21
Credit card,Store credit card,Problem with a company's investigation into an existing problem,Difficulty submitting a dispute or getting information about a dispute over the phone,110,2023-09-12,2026-08-24
Credit card,Store credit card,Problem with a company's investigation into an existing problem,Investigation took more than 30 days,39,2024-01-01,2026-08-13
Credit card,Store credit card,Problem with a company's investigation into an existing problem,Problem with personal statement of dispute,130,2023-09-05,2026-09-10
Credit card,Store credit card,Problem with a company's investigation into an existing problem,Their investigation did not fix an error on your report,530,2023-08-25,2026-09-23
Credit card,Store credit card,Problem with a company's investigation into an existing problem,Was not notified of investigation status or results,81,2023-09-01,2026-09-18
Credit card,Store credit card,Problem with a purchase shown on your statement,Card was charged for something you did not purchase with the card,1431,2023-08-25,2026-09-21
Credit card,Store credit card,Problem with a purchase shown on your statement,Credit card company isn't resolving a dispute about a purchase on your statement,4061,2023-08-25,2026-09-24
Credit card,Store credit card,Problem with a purchase shown on your statement,Overcharged for something you did purchase with the card,223,2023-08-27,2026-09-15
Credit card,Store credit card,Problem with fraud alerts or security freezes,,34,2023-09-05,2026-08-21
Credit card,Store credit card,Struggling to pay your bill,Credit card company won't work with you while you're going through financial hardship,336,2023-08-27,2026-09-16
Credit card,Store credit card,Struggling to pay your bill,Filed for bankruptcy,22,2023-09-04,2026-08-11
Credit card,Store credit card,Struggling to pay your bill,Problem lowering your monthly payments,47,2023-10-26,2026-09-16
Credit card,Store credit card,Trouble using your card,Account sold or transferred to another company,26,2023-10-20,2026-08-21
Credit card,Store credit card,Trouble using your card,Can't use card to make purchases,534,2023-08-25,2026-09-20
Credit card,Store credit card,Trouble using your card,Credit card company won't increase or decrease your credit limit,343,2023-08-25,2026-09-22
Credit card,Store credit card,Unable to get your credit report or credit score,Other problem getting your report or credit score,21,2023-09-07,2026-07-23
Credit card or prepaid card,,"Managing, opening, or closing your mobile wallet account",,3,2021-03-24,2021-04-01
Credit card or prepaid card,General-purpose credit card or charge card,"Advertising and marketing, including promotional offers",Confusing or misleading advertising about the credit card,3176,2017-04-24,2023-08-24
Credit card or prepaid card,General-purpose credit card or charge card,"Advertising and marketing, including promotional offers",Didn't receive advertised or promotional terms,5158,2017-04-24,2023-08-24
Credit card or prepaid card,General-purpose credit card or charge card,Closing your account,Can't close your account,3045,2017-04-26,2023-08-24
Credit card or prepaid card,General-purpose credit card or charge card,Closing your account,Company closed your account,8441,2017-04-24,2023-08-24
Credit card or prepaid card,General-purpose credit card or charge card,Credit monitoring or identity theft protection services,Billing dispute for services,151,2017-08-01,2023-08-23
Credit card or prepaid card,General-purpose credit card or charge card,Credit monitoring or identity theft protection services,Didn't receive services that were advertised,23,2018-02-01,2023-08-24
Credit card or prepaid card,General-purpose credit card or charge card,Credit monitoring or identity theft protection services,Problem canceling credit monitoring or identify theft protection service,30,2017-09-24,2023-07-26
Credit card or prepaid card,General-purpose credit card or charge card,Credit monitoring or identity theft protection services,Problem with product or service terms changing,32,2017-08-17,2023-05-13
Credit card or prepaid card,General-purpose credit card or charge card,Credit monitoring or identity theft protection services,Received unwanted marketing or advertising,15,2019-06-27,2023-08-05
Credit card or prepaid card,General-purpose credit card or charge card,Fees or interest,Charged too much interest,3939,2017-04-24,2023-08-24
Credit card or prepaid card,General-purpose credit card or charge card,Fees or interest,Problem with fees,10131,2017-04-24,2023-08-24
Credit card or prepaid card,General-purpose credit card or charge card,Fees or interest,Unexpected increase in interest rate,1591,2017-04-27,2023-08-24
Credit card or prepaid card,General-purpose credit card or charge card,Getting a credit card,Application denied,5753,2017-04-24,2023-08-24
Credit card or prepaid card,General-purpose credit card or charge card,Getting a credit card,Card opened as result of identity theft or fraud,9904,2017-04-24,2023-08-24
Credit card or prepaid card,General-purpose credit card or charge card,Getting a credit card,Delay in processing application,1072,2017-05-01,2023-08-24
Credit card or prepaid card,General-purpose credit card or charge card,Getting a credit card,Problem getting a working replacement card,788,2017-05-04,2023-08-24
Credit card or prepaid card,General-purpose credit card or charge card,Getting a credit card,Sent card you never applied for,2013,2017-04-24,2023-08-24
Credit card or prepaid card,General-purpose credit card or charge card,Improper use of your report,Credit inquiries on your report that you don't recognize,500,2017-04-27,2023-08-15
Credit card or prepaid card,General-purpose credit card or charge card,Improper use of your report,Received unsolicited financial product or insurance offers after opting out,16,2018-02-14,2023-02-18
Credit card or prepaid card,General-purpose credit card or charge card,Improper use of your report,Report provided to employer without your written authorization,10,2017-10-21,2023-08-21
Credit card or prepaid card,General-purpose credit card or charge card,Improper use of your report,Reporting company used your report improperly,688,2017-05-18,2023-08-23
Credit card or prepaid card,General-purpose credit card or charge card,Incorrect information on your report,Account information incorrect,2054,2017-04-24,2023-08-24
Credit card or prepaid card,General-purpose credit card or charge card,Incorrect information on your report,Account status incorrect,1985,2017-04-25,2023-08-23
Credit card or prepaid card,General-purpose credit card or charge card,Incorrect information on your report,Incorrect information on your report,1,2017-10-23,2017-10-23
Credit card or prepaid card,General-purpose credit card or charge card,Incorrect information on your report,Information belongs to someone else,1450,2017-04-24,2023-08-24
Credit card or prepaid card,General-purpose credit card or charge card,Incorrect information on your report,Information is missing that should be on the report,168,2017-06-07,2023-08-18
Credit card or prepaid card,General-purpose credit card or charge card,Incorrect information on your report,Old information reappears or never goes away,208,2017-05-01,2023-07-28
Credit card or prepaid card,General-purpose credit card or charge card,Incorrect information on your report,Personal information incorrect,81,2017-05-15,2023-08-19
Credit card or prepaid card,General-purpose credit card or charge card,Incorrect information on your report,Public record information inaccurate,43,2017-07-14,2023-08-21
Credit card or prepaid card,General-purpose credit card or charge card,"Other features, terms, or problems",,1,2017-06-12,2017-06-12
Credit card or prepaid card,General-purpose credit card or charge card,"Other features, terms, or problems",Add-on products and services,614,2017-05-01,2023-08-24
Credit card or prepaid card,General-purpose credit card or charge card,"Other features, terms, or problems",Credit card company forcing arbitration,185,2017-05-11,2023-08-23
Credit card or prepaid card,General-purpose credit card or charge card,"Other features, terms, or problems",Other problem,8956,2017-04-24,2023-08-24
Credit card or prepaid card,General-purpose credit card or charge card,"Other features, terms, or problems",Privacy issues,1036,2017-05-04,2023-08-24
Credit card or prepaid card,General-purpose credit card or charge card,"Other features, terms, or problems",Problem with balance transfer,1496,2017-04-26,2023-08-23
Credit card or prepaid card,General-purpose credit card or charge card,"Other features, terms, or problems",Problem with cash advances,266,2017-04-24,2023-08-10
Credit card or prepaid card,General-purpose credit card or charge card,"Other features, terms, or problems",Problem with convenience check,111,2017-06-14,2023-08-04
Credit card or prepaid card,General-purpose credit card or charge card,"Other features, terms, or problems",Problem with customer service,2193,2017-04-24,2023-08-24
Credit card or prepaid card,General-purpose credit card or charge card,"Other features, terms, or problems",Problem with rewards from credit card,5141,2017-04-24,2023-08-23
Credit card or prepaid card,General-purpose credit card or charge card,Problem when making payments,,1,2020-12-16,2020-12-16
Credit card or prepaid card,General-purpose credit card or charge card,Problem when making payments,Problem during payment process,11825,2017-04-24,2023-08-24
Credit card or prepaid card,General-purpose credit card or charge card,Problem when making payments,You never received your bill or did not know a payment was due,2142,2017-04-24,2023-08-24
Credit card or prepaid card,General-purpose credit card or charge card,Problem with a credit reporting company's investigation into an existing problem,Difficulty submitting a dispute or getting information about a dispute over the phone,182,2017-05-10,2023-08-10
Credit card or prepaid card,General-purpose credit card or charge card,Problem with a credit reporting company's investigation into an existing problem,Investigation took more than 30 days,110,2017-05-22,2023-08-08
Credit card or prepaid card,General-purpose credit card or charge card,Problem with a credit reporting company's investigation into an existing problem,Problem with personal statement of dispute,216,2017-04-24,2023-08-16
Credit card or prepaid card,General-purpose credit card or charge card,Problem with a credit reporting company's investigation into an existing problem,Their investigation did not fix an error on your report,1734,2017-04-26,2023-08-24
Credit card or prepaid card,General-purpose credit card or charge card,Problem with a credit reporting company's investigation into an existing problem,Was not notified of investigation status or results,4480,2017-05-23,2023-08-24
Credit card or prepaid card,General-purpose credit card or charge card,Problem with a purchase shown on your statement,Card was charged for something you did not purchase with the card,13306,2017-04-24,2023-08-24
Credit card or prepaid card,General-purpose credit card or charge card,Problem with a purchase shown on your statement,Credit card company isn't resolving a dispute about a purchase on your statement,31297,2017-04-24,2023-08-25
Credit card or prepaid card,General-purpose credit card or charge card,Problem with a purchase shown on your statement,Overcharged for something you did purchase with the card,1182,2017-05-05,2023-08-24
Credit card or prepaid card,General-purpose credit card or charge card,Problem with credit report or credit score,,1,2018-04-18,2018-04-18
Credit card or prepaid card,General-purpose credit card or charge card,Problem with credit report or credit score,Incorrect information on your report,5,2021-01-21,2021-04-29
Credit card or prepaid card,General-purpose credit card or charge card,Problem with credit report or credit score,Problem with a credit reporting company's investigation into an existing problem,1,2021-05-25,2021-05-25
Credit card or prepaid card,General-purpose credit card or charge card,Problem with fraud alerts or security freezes,,80,2017-06-21,2023-08-17
Credit card or prepaid card,General-purpose credit card or charge card,Struggling to pay your bill,Credit card company won't work with you while you're going through financial hardship,2715,2017-04-24,2023-08-24
Credit card or prepaid card,General-purpose credit card or charge card,Struggling to pay your bill,Filed for bankruptcy,87,2017-05-17,2023-07-27
Credit card or prepaid card,General-purpose credit card or charge card,Struggling to pay your bill,Problem lowering your monthly payments,200,2017-05-08,2023-08-14
Credit card or prepaid card,General-purpose credit card or charge card,Trouble using your card,Account sold or transferred to another company,99,2017-05-04,2023-08-01
Credit card or prepaid card,General-purpose credit card or charge card,Trouble using your card,Can't use card to make purchases,4350,2017-04-24,2023-08-24
Credit card or prepaid card,General-purpose credit card or charge card,Trouble using your card,Credit card company won't increase or decrease your credit limit,2300,2017-04-25,2023-08-24
Credit card or prepaid card,General-purpose credit card or charge card,Unable to get your credit report or credit score,Other problem getting your report or credit score,94,2017-04-25,2023-08-08
Credit card or prepaid card,General-purpose credit card or charge card,Unable to get your credit report or credit score,Problem getting your free annual credit report,5,2017-08-17,2022-12-05
Credit card or prepaid card,General-purpose prepaid card,Advertising,Changes in terms from what was offered or advertised,70,2017-04-25,2023-08-18
Credit card or prepaid card,General-purpose prepaid card,Advertising,Confusing or misleading advertising about the card,193,2017-05-25,2023-07-27
Credit card or prepaid card,General-purpose prepaid card,Problem getting a card or closing an account,Don't want a card provided by your employer or the government,128,2017-06-11,2023-08-22
Credit card or prepaid card,General-purpose prepaid card,Problem getting a card or closing an account,Trouble closing card,798,2017-04-30,2023-08-24
Credit card or prepaid card,General-purpose prepaid card,Problem getting a card or closing an account,Trouble getting a working replacement card,226,2017-04-27,2023-08-23
Credit card or prepaid card,General-purpose prepaid card,Problem getting a card or closing an account,"Trouble getting, activating, or registering a card",530,2017-04-30,2023-08-24
Credit card or prepaid card,General-purpose prepaid card,Problem with a purchase or transfer,Card company isn't resolving a dispute about a purchase or transfer,1661,2017-05-02,2023-08-24
Credit card or prepaid card,General-purpose prepaid card,Problem with a purchase or transfer,Charged for a purchase or transfer you did not make with the card,976,2017-04-25,2023-08-21
Credit card or prepaid card,General-purpose prepaid card,Problem with a purchase or transfer,Overcharged for a purchase or transfer you did make with the card,73,2017-05-26,2023-08-15
Credit card or prepaid card,General-purpose prepaid card,Problem with overdraft,Overdraft charges,56,2017-08-03,2023-07-13
Credit card or prepaid card,General-purpose prepaid card,Problem with overdraft,"Was signed up for overdraft on card, but don't want to be",4,2018-01-19,2023-04-22
Credit card or prepaid card,General-purpose prepaid card,Trouble using the card,Problem adding money,100,2017-04-25,2023-08-23
Credit card or prepaid card,General-purpose prepaid card,Trouble using the card,Problem using the card to withdraw money from an ATM,211,2017-05-15,2023-08-24
Credit card or prepaid card,General-purpose prepaid card,Trouble using the card,Problem with a check written from your prepaid card account,16,2018-04-19,2022-11-02
Credit card or prepaid card,General-purpose prepaid card,Trouble using the card,Problem with direct deposit,228,2017-05-09,2023-08-04
Credit card or prepaid card,General-purpose prepaid card,Trouble using the card,Trouble getting information about the card,494,2017-04-25,2023-08-24
Credit card or prepaid card,General-purpose prepaid card,Trouble using the card,Trouble using the card to pay a bill,127,2017-05-05,2023-08-23
Credit card or prepaid card,General-purpose prepaid card,Trouble using the card,Trouble using the card to send money to another person,29,2018-03-28,2023-07-31
Credit card or prepaid card,General-purpose prepaid card,Trouble using the card,Trouble using the card to spend money in a store or online,1265,2017-04-26,2023-08-24
Credit card or prepaid card,General-purpose prepaid card,Unexpected or other fees,,1345,2017-04-30,2023-08-23
Credit card or prepaid card,Gift card,Advertising,Changes in terms from what was offered or advertised,8,2017-12-18,2023-08-05
Credit card or prepaid card,Gift card,Advertising,Confusing or misleading advertising about the card,11,2017-09-27,2023-08-15
Credit card or prepaid card,Gift card,Problem getting a card or closing an account,Trouble closing card,16,2018-02-13,2023-08-01
Credit card or prepaid card,Gift card,Problem getting a card or closing an account,Trouble getting a working replacement card,47,2017-05-22,2023-08-01
Credit card or prepaid card,Gift card,Problem getting a card or closing an account,"Trouble getting, activating, or registering a card",51,2017-05-10,2023-08-18
Credit card or prepaid card,Gift card,Problem with a purchase or transfer,Card company isn't resolving a dispute about a purchase or transfer,144,2017-05-07,2023-08-09
Credit card or prepaid card,Gift card,Problem with a purchase or transfer,Charged for a purchase or transfer you did not make with the card,141,2017-04-26,2023-08-03
Credit card or prepaid card,Gift card,Problem with a purchase or transfer,Overcharged for a purchase or transfer you did make with the card,5,2018-10-02,2021-02-06
Credit card or prepaid card,Gift card,Problem with overdraft,Overdraft charges,1,2021-10-28,2021-10-28
Credit card or prepaid card,Gift card,Problem with overdraft,"Was signed up for overdraft on card, but don't want to be",1,2021-08-18,2021-08-18
Credit card or prepaid card,Gift card,Trouble using the card,Problem adding money,3,2018-10-31,2023-03-21
Credit card or prepaid card,Gift card,Trouble using the card,Problem with direct deposit,1,2018-08-04,2018-08-04
Credit card or prepaid card,Gift card,Trouble using the card,Trouble getting information about the card,70,2017-06-05,2023-08-24
Credit card or prepaid card,Gift card,Trouble using the card,Trouble using the card to pay a bill,9,2018-01-30,2023-08-01
Credit card or prepaid card,Gift card,Trouble using the card,Trouble using the card to send money to another person,3,2020-02-14,2022-05-06
Credit card or prepaid card,Gift card,Trouble using the card,Trouble using the card to spend money in a store or online,378,2017-04-25,2023-08-24
Credit card or prepaid card,Gift card,Unexpected or other fees,,132,2017-04-29,2023-08-17
Credit card or prepaid card,Government benefit card,Advertising,Changes in terms from what was offered or advertised,13,2020-06-20,2023-07-28
Credit card or prepaid card,Government benefit card,Advertising,Confusing or misleading advertising about the card,35,2017-06-20,2023-04-29
Credit card or prepaid card,Government benefit card,Problem getting a card or closing an account,Don't want a card provided by your employer or the government,546,2018-03-21,2023-08-21
Credit card or prepaid card,Government benefit card,Problem getting a card or closing an account,Trouble closing card,364,2017-05-09,2023-08-16
Credit card or prepaid card,Government benefit card,Problem getting a card or closing an account,Trouble getting a working replacement card,482,2017-05-09,2023-08-17
Credit card or prepaid card,Government benefit card,Problem getting a card or closing an account,"Trouble getting, activating, or registering a card",1204,2017-04-27,2023-08-24
Credit card or prepaid card,Government benefit card,Problem with a purchase or transfer,Card company isn't resolving a dispute about a purchase or transfer,1508,2017-04-25,2023-08-24
Credit card or prepaid card,Government benefit card,Problem with a purchase or transfer,Charged for a purchase or transfer you did not make with the card,1401,2017-04-26,2023-08-23
Credit card or prepaid card,Government benefit card,Problem with a purchase or transfer,Overcharged for a purchase or transfer you did make with the card,48,2017-07-12,2023-06-30
Credit card or prepaid card,Government benefit card,Problem with overdraft,Overdraft charges,38,2017-05-02,2023-02-20
Credit card or prepaid card,Government benefit card,Trouble using the card,Problem adding money,30,2018-02-14,2023-08-17
Credit card or prepaid card,Government benefit card,Trouble using the card,Problem using the card to withdraw money from an ATM,463,2017-05-04,2023-08-22
Credit card or prepaid card,Government benefit card,Trouble using the card,Problem with a check written from your prepaid card account,13,2020-05-29,2023-07-20
Credit card or prepaid card,Government benefit card,Trouble using the card,Problem with direct deposit,325,2017-05-11,2023-08-21
Credit card or prepaid card,Government benefit card,Trouble using the card,Trouble getting information about the card,559,2017-05-08,2023-08-23
Credit card or prepaid card,Government benefit card,Trouble using the card,Trouble using the card to pay a bill,190,2017-06-03,2023-08-04
Credit card or prepaid card,Government benefit card,Trouble using the card,Trouble using the card to send money to another person,28,2020-05-15,2023-05-31
Credit card or prepaid card,Government benefit card,Trouble using the card,Trouble using the card to spend money in a store or online,607,2017-06-02,2023-08-14
Credit card or prepaid card,Government benefit card,Unexpected or other fees,,1213,2017-04-28,2023-08-23
Credit card or prepaid card,Payroll card,Advertising,Changes in terms from what was offered or advertised,8,2018-04-28,2023-02-05
Credit card or prepaid card,Payroll card,Advertising,Confusing or misleading advertising about the card,11,2017-09-29,2023-05-31
Credit card or prepaid card,Payroll card,Problem getting a card or closing an account,Don't want a card provided by your employer or the government,21,2019-01-23,2023-08-14
Credit card or prepaid card,Payroll card,Problem getting a card or closing an account,Trouble closing card,51,2017-04-26,2023-08-02
Credit card or prepaid card,Payroll card,Problem getting a card or closing an account,Trouble getting a working replacement card,31,2017-08-09,2023-08-11
Credit card or prepaid card,Payroll card,Problem getting a card or closing an account,"Trouble getting, activating, or registering a card",47,2018-04-05,2023-07-26
Credit card or prepaid card,Payroll card,Problem with a purchase or transfer,Card company isn't resolving a dispute about a purchase or transfer,178,2017-05-30,2023-08-07
Credit card or prepaid card,Payroll card,Problem with a purchase or transfer,Charged for a purchase or transfer you did not make with the card,134,2017-07-06,2023-08-23
Credit card or prepaid card,Payroll card,Problem with a purchase or transfer,Overcharged for a purchase or transfer you did make with the card,4,2020-09-21,2022-06-15
Credit card or prepaid card,Payroll card,Problem with an overdraft,Overdraft charges,7,2019-03-25,2022-04-21
Credit card or prepaid card,Payroll card,Problem with an overdraft,"Was signed up for overdraft on card, but don't want to be",2,2017-07-16,2019-05-18
Credit card or prepaid card,Payroll card,Trouble using the card,Problem adding money,2,2017-05-30,2021-12-16
Credit card or prepaid card,Payroll card,Trouble using the card,Problem using the card to withdraw money from an ATM,54,2017-08-05,2023-08-18
Credit card or prepaid card,Payroll card,Trouble using the card,Problem with a check written from your prepaid card account,5,2017-06-27,2020-12-30
Credit card or prepaid card,Payroll card,Trouble using the card,Problem with direct deposit,57,2017-11-14,2023-08-01
Credit card or prepaid card,Payroll card,Trouble using the card,Trouble getting information about the card,37,2017-08-28,2023-06-15
Credit card or prepaid card,Payroll card,Trouble using the card,Trouble using the card to pay a bill,16,2017-05-08,2023-08-05
Credit card or prepaid card,Payroll card,Trouble using the card,Trouble using the card to send money to another person,4,2019-09-23,2022-09-27
Credit card or prepaid card,Payroll card,Trouble using the card,Trouble using the card to spend money in a store or online,62,2017-06-06,2023-06-18
Credit card or prepaid card,Payroll card,Unexpected or other fees,,186,2017-05-12,2023-08-23
Credit card or prepaid card,Store credit card,"Advertising and marketing, including promotional offers",Confusing or misleading advertising about the credit card,754,2017-04-24,2023-08-22
Credit card or prepaid card,Store credit card,"Advertising and marketing, including promotional offers",Didn't receive advertised or promotional terms,618,2017-05-02,2023-08-21
Credit card or prepaid card,Store credit card,Closing your account,Can't close your account,569,2017-05-06,2023-08-21
Credit card or prepaid card,Store credit card,Closing your account,Company closed your account,1863,2017-04-24,2023-08-24
Credit card or prepaid card,Store credit card,Credit monitoring or identity theft protection services,Billing dispute for services,43,2017-08-15,2023-07-17
Credit card or prepaid card,Store credit card,Credit monitoring or identity theft protection services,Didn't receive services that were advertised,8,2018-05-13,2022-11-17
Credit card or prepaid card,Store credit card,Credit monitoring or identity theft protection services,Problem canceling credit monitoring or identify theft protection service,2,2020-01-15,2020-04-20
Credit card or prepaid card,Store credit card,Credit monitoring or identity theft protection services,Problem with product or service terms changing,7,2018-01-10,2021-12-20
Credit card or prepaid card,Store credit card,Credit monitoring or identity theft protection services,Received unwanted marketing or advertising,2,2017-10-30,2022-12-02
Credit card or prepaid card,Store credit card,Fees or interest,Charged too much interest,1007,2017-04-25,2023-08-24
Credit card or prepaid card,Store credit card,Fees or interest,Problem with fees,3354,2017-04-24,2023-08-23
Credit card or prepaid card,Store credit card,Fees or interest,Unexpected increase in interest rate,391,2017-04-28,2023-08-20
Credit card or prepaid card,Store credit card,Getting a credit card,Application denied,934,2017-04-24,2023-08-08
Credit card or prepaid card,Store credit card,Getting a credit card,Card opened as result of identity theft or fraud,2104,2017-04-25,2023-08-24
Credit card or prepaid card,Store credit card,Getting a credit card,Delay in processing application,144,2017-05-05,2023-08-14
Credit card or prepaid card,Store credit card,Getting a credit card,Problem getting a working replacement card,103,2017-07-07,2023-08-24
Credit card or prepaid card,Store credit card,Getting a credit card,Sent card you never applied for,391,2017-04-30,2023-08-23
Credit card or prepaid card,Store credit card,Improper use of your report,Credit inquiries on your report that you don't recognize,135,2017-06-02,2023-07-25
Credit card or prepaid card,Store credit card,Improper use of your report,Received unsolicited financial product or insurance offers after opting out,4,2020-10-05,2023-08-13
Credit card or prepaid card,Store credit card,Improper use of your report,Report provided to employer without your written authorization,8,2017-07-11,2022-08-30
Credit card or prepaid card,Store credit card,Improper use of your report,Reporting company used your report improperly,126,2017-06-06,2023-08-21
Credit card or prepaid card,Store credit card,Incorrect information on your report,Account information incorrect,583,2017-05-01,2023-08-15
Credit card or prepaid card,Store credit card,Incorrect information on your report,Account status incorrect,457,2017-05-04,2023-08-17
Credit card or prepaid card,Store credit card,Incorrect information on your report,Information belongs to someone else,241,2017-05-06,2023-08-23
Credit card or prepaid card,Store credit card,Incorrect information on your report,Information is missing that should be on the report,50,2017-05-07,2023-07-01
Credit card or prepaid card,Store credit card,Incorrect information on your report,Old information reappears or never goes away,67,2017-08-10,2023-07-06
Credit card or prepaid card,Store credit card,Incorrect information on your report,Personal information incorrect,34,2017-05-25,2023-02-25
Credit card or prepaid card,Store credit card,Incorrect information on your report,Public record information inaccurate,29,2017-12-01,2023-06-14
Credit card or prepaid card,Store credit card,"Other features, terms, or problems",Add-on products and services,155,2017-04-25,2023-06-10
Credit card or prepaid card,Store credit card,"Other features, terms, or problems",Credit card company forcing arbitration,24,2017-08-16,2023-06-18
Credit card or prepaid card,Store credit card,"Other features, terms, or problems",Other problem,1533,2017-04-25,2023-08-23
Credit card or prepaid card,Store credit card,"Other features, terms, or problems",Privacy issues,174,2017-04-27,2023-08-19
Credit card or prepaid card,Store credit card,"Other features, terms, or problems",Problem with balance transfer,40,2017-05-04,2023-07-12
Credit card or prepaid card,Store credit card,"Other features, terms, or problems",Problem with cash advances,5,2018-06-14,2023-01-12
Credit card or prepaid card,Store credit card,"Other features, terms, or problems",Problem with convenience check,1,2018-07-22,2018-07-22
Credit card or prepaid card,Store credit card,"Other features, terms, or problems",Problem with customer service,343,2017-04-29,2023-08-16
Credit card or prepaid card,Store credit card,"Other features, terms, or problems",Problem with rewards from credit card,154,2017-04-24,2023-08-23
Credit card or prepaid card,Store credit card,Problem when making payments,Problem during payment process,2795,2017-04-25,2023-08-23
Credit card or prepaid card,Store credit card,Problem when making payments,You never received your bill or did not know a payment was due,978,2017-04-25,2023-08-13
Credit card or prepaid card,Store credit card,Problem with a credit reporting company's investigation into an existing problem,Difficulty submitting a dispute or getting information about a dispute over the phone,72,2017-04-28,2023-08-07
Credit card or prepaid card,Store credit card,Problem with a credit reporting company's investigation into an existing problem,Investigation took more than 30 days,17,2017-10-03,2023-04-20
Credit card or prepaid card,Store credit card,Problem with a credit reporting company's investigation into an existing problem,Problem with personal statement of dispute,81,2017-05-25,2023-08-22
Credit card or prepaid card,Store credit card,Problem with a credit reporting company's investigation into an existing problem,Their investigation did not fix an error on your report,270,2017-04-26,2023-08-23
Credit card or prepaid card,Store credit card,Problem with a credit reporting company's investigation into an existing problem,Was not notified of investigation status or results,69,2017-05-02,2023-05-24
Credit card or prepaid card,Store credit card,Problem with a purchase shown on your statement,Card was charged for something you did not purchase with the card,1642,2017-04-24,2023-08-23
Credit card or prepaid card,Store credit card,Problem with a purchase shown on your statement,Credit card company isn't resolving a dispute about a purchase on your statement,3424,2017-04-24,2023-08-24
Credit card or prepaid card,Store credit card,Problem with a purchase shown on your statement,Overcharged for something you did purchase with the card,234,2017-05-11,2023-08-16
Credit card or prepaid card,Store credit card,Problem with credit report or credit score,Incorrect information on your report,9,2017-09-07,2021-04-16
Credit card or prepaid card,Store credit card,Problem with fraud alerts or security freezes,,12,2017-04-27,2023-08-07
Credit card or prepaid card,Store credit card,Struggling to pay your bill,Credit card company won't work with you while you're going through financial hardship,630,2017-04-26,2023-08-20
Credit card or prepaid card,Store credit card,Struggling to pay your bill,Filed for bankruptcy,16,2017-05-25,2023-04-23
Credit card or prepaid card,Store credit card,Struggling to pay your bill,Problem lowering your monthly payments,52,2017-07-24,2023-08-14
Credit card or prepaid card,Store credit card,Trouble using your card,Account sold or transferred to another company,22,2017-06-06,2023-07-04
Credit card or prepaid card,Store credit card,Trouble using your card,Can't use card to make purchases,546,2017-04-29,2023-08-24
Credit card or prepaid card,Store credit card,Trouble using your card,Credit card company won't increase or decrease your credit limit,560,2017-04-25,2023-08-24
Credit card or prepaid card,Store credit card,Unable to get your credit report or credit score,Other problem getting your report or credit score,22,2017-08-19,2023-07-31
Credit card or prepaid card,Store credit card,Unable to get your credit report or credit score,Problem getting your free annual credit report,1,2023-04-15,2023-04-15
Credit card or prepaid card,Student prepaid card,Advertising,Confusing or misleading advertising about the card,3,2018-10-26,2023-07-05
Credit card or prepaid card,Student prepaid card,Problem getting a card or closing an account,Trouble closing card,1,2023-05-23,2023-05-23
Credit card or prepaid card,Student prepaid card,Problem getting a card or closing an account,"Trouble getting, activating, or registering a card",3,2021-09-21,2023-03-14
Credit card or prepaid card,Student prepaid card,Problem with a purchase or transfer,Card company isn't resolving a dispute about a purchase or transfer,9,2018-06-25,2023-08-19
Credit card or prepaid card,Student prepaid card,Problem with a purchase or transfer,Charged for a purchase or transfer you did not make with the card,3,2020-03-23,2021-06-02
Credit card or prepaid card,Student prepaid card,Trouble using the card,Trouble getting information about the card,3,2020-10-15,2022-03-20
Credit card or prepaid card,Student prepaid card,Trouble using the card,Trouble using the card to pay a bill,1,2018-11-15,2018-11-15
Credit card or prepaid card,Student prepaid card,Trouble using the card,Trouble using the card to spend money in a store or online,2,2020-06-10,2021-01-08
Credit card or prepaid card,Student prepaid card,Unexpected or other fees,,7,2018-08-14,2022-11-19
Credit reporting,,Credit monitoring or identity protection,Account terms and changes,721,2012-10-23,2017-04-21
Credit reporting,,Credit monitoring or identity protection,Billing dispute,881,2012-10-23,2017-04-21
Credit reporting,,Credit monitoring or identity protection,Insurance terms,6,2013-02-19,2017-03-08
Credit reporting,,Credit monitoring or identity protection,Problem cancelling or closing account,489,2012-10-24,2017-04-19
Credit reporting,,Credit monitoring or identity protection,Problem with fraud alerts,2104,2012-10-23,2017-04-21
Credit reporting,,Credit monitoring or identity protection,Receiving unwanted marketing/advertising,223,2012-10-31,2017-04-21
Credit reporting,,Credit reporting company's investigation,Inadequate help over the phone,1777,2012-10-28,2017-04-21
Credit reporting,,Credit reporting company's investigation,Investigation took too long,2781,2012-10-24,2017-04-21
Credit reporting,,Credit reporting company's investigation,No notice of investigation status/result,6418,2012-10-23,2017-04-21
Credit reporting,,Credit reporting company's investigation,Problem with statement of dispute,5907,2012-10-22,2017-04-21
Credit reporting,,Improper use of my credit report,Received marketing offer after opted out,170,2012-10-23,2017-04-10
Credit reporting,,Improper use of my credit report,Report improperly shared by CRC,5242,2012-10-24,2017-04-21
Credit reporting,,Improper use of my credit report,Report shared with employer w/o consent,167,2012-10-30,2017-04-03
Credit reporting,,Incorrect information on credit report,Account status,37055,2012-10-22,2017-04-22
Credit reporting,,Incorrect information on credit report,Account terms,10995,2012-10-22,2017-04-22
Credit reporting,,Incorrect information on credit report,Information is not mine,32383,2012-10-22,2017-04-21
Credit reporting,,Incorrect information on credit report,Personal information,7529,2012-10-23,2017-04-21
Credit reporting,,Incorrect information on credit report,Public record,8875,2012-10-22,2017-04-21
Credit reporting,,Incorrect information on credit report,Reinserted previously deleted info,5844,2012-10-23,2017-04-21
Credit reporting,,Unable to get credit report/credit score,Problem getting my free annual report,6469,2012-10-22,2017-04-21
Credit reporting,,Unable to get credit report/credit score,Problem getting report or credit score,4390,2012-10-22,2017-04-20
Credit reporting or other personal consumer reports,Credit reporting,,,1,2024-04-26,2024-04-26
Credit reporting or other personal consumer reports,Credit reporting,"Advertising and marketing, including promotional offers",Confusing or misleading advertising about the credit card,1,2023-09-19,2023-09-19
Credit reporting or other personal consumer reports,Credit reporting,Credit monitoring or identity theft protection services,Billing dispute for services,4152,2023-08-25,2026-09-27
Credit reporting or other personal consumer reports,Credit reporting,Credit monitoring or identity theft protection services,Didn't receive services that were advertised,7925,2023-08-26,2026-09-25
Credit reporting or other personal consumer reports,Credit reporting,Credit monitoring or identity theft protection services,Problem canceling credit monitoring or identify theft protection service,11912,2023-08-25,2026-09-28
Credit reporting or other personal consumer reports,Credit reporting,Credit monitoring or identity theft protection services,Problem with product or service terms changing,1574,2023-08-25,2026-09-27
Credit reporting or other personal consumer reports,Credit reporting,Credit monitoring or identity theft protection services,Received unwanted marketing or advertising,608,2023-08-28,2026-09-22
Credit reporting or other personal consumer reports,Credit reporting,Dealing with your lender or servicer,Received bad information about your loan,4,2025-02-10,2025-03-01
Credit reporting or other personal consumer reports,Credit reporting,Getting a credit card,Card opened without my consent or knowledge,2,2023-12-26,2023-12-26
Credit reporting or other personal consumer reports,Credit reporting,Getting a loan,,2,2024-12-19,2024-12-19
Credit reporting or other personal consumer reports,Credit reporting,Improper use of your report,Credit inquiries on your report that you don't recognize,688358,2023-08-25,2026-09-28
Credit reporting or other personal consumer reports,Credit reporting,Improper use of your report,Received unsolicited financial product or insurance offers after opting out,3128,2023-08-25,2026-09-25
Credit reporting or other personal consumer reports,Credit reporting,Improper use of your report,Report provided to employer without your written authorization,9318,2023-08-25,2026-09-25
Credit reporting or other personal consumer reports,Credit reporting,Improper use of your report,Reporting company used your report improperly,2214600,2023-08-25,2026-09-28
Credit reporting or other personal consumer reports,Credit reporting,Incorrect information on your report,Account information incorrect,1299796,2023-08-25,2026-09-28
Credit reporting or other personal consumer reports,Credit reporting,Incorrect information on your report,Account status incorrect,658563,2023-08-24,2026-09-28
Credit reporting or other personal consumer reports,Credit reporting,Incorrect information on your report,Information belongs to someone else,4659364,2023-08-25,2026-09-29
Credit reporting or other personal consumer reports,Credit reporting,Incorrect information on your report,Information is missing that should be on the report,76386,2023-08-25,2026-09-28
Credit reporting or other personal consumer reports,Credit reporting,Incorrect information on your report,Old information reappears or never goes away,42293,2023-08-25,2026-09-28
Credit reporting or other personal consumer reports,Credit reporting,Incorrect information on your report,Personal information incorrect,288926,2023-08-25,2026-09-28
Credit reporting or other personal consumer reports,Credit reporting,Incorrect information on your report,Public record information inaccurate,53063,2023-08-25,2026-09-28
Credit reporting or other personal consumer reports,Credit reporting,Managing an account,Problem accessing account,1,2025-01-06,2025-01-06
Credit reporting or other personal consumer reports,Credit reporting,"Other features, terms, or problems",Other problem,1,2024-11-27,2024-11-27
Credit reporting or other personal consumer reports,Credit reporting,Problem with a company's investigation into an existing problem,Difficulty submitting a dispute or getting information about a dispute over the phone,45996,2023-08-25,2026-09-28
Credit reporting or other personal consumer reports,Credit reporting,Problem with a company's investigation into an existing problem,Investigation took more than 30 days,889240,2023-08-25,2026-09-28
Credit reporting or other personal consumer reports,Credit reporting,Problem with a company's investigation into an existing problem,Problem with personal statement of dispute,40436,2023-08-25,2026-09-28
Credit reporting or other personal consumer reports,Credit reporting,Problem with a company's investigation into an existing problem,Their investigation did not fix an error on your report,1245142,2023-08-25,2026-09-28
Credit reporting or other personal consumer reports,Credit reporting,Problem with a company's investigation into an existing problem,Was not notified of investigation status or results,111559,2023-08-25,2026-09-28
Credit reporting or other personal consumer reports,Credit reporting,Problem with a credit reporting company's investigation into an existing problem,Their investigation did not fix an error on your report,1,2023-08-25,2023-08-25
Credit reporting or other personal consumer reports,Credit reporting,Problem with a purchase shown on your statement,Card was charged for something you did not purchase with the card,1,2025-02-11,2025-02-11
Credit reporting or other personal consumer reports,Credit reporting,Problem with a purchase shown on your statement,Credit card company isn't resolving a dispute about a purchase on your statement,1,2023-11-17,2023-11-17
Credit reporting or other personal consumer reports,Credit reporting,Problem with fraud alerts or security freezes,,40855,2023-08-25,2026-09-28
Credit reporting or other personal consumer reports,Credit reporting,Problems at the end of the loan or lease,Problem with paying off the loan,2,2024-03-21,2024-03-21
Credit reporting or other personal consumer reports,Credit reporting,Problems at the end of the loan or lease,Unable to receive car title or other problem after the loan is paid off,2,2025-01-28,2025-01-28
Credit reporting or other personal consumer reports,Credit reporting,Struggling to repay your loan,"Problem with forgiveness, cancellation, or discharge",1,2025-02-26,2025-02-26
Credit reporting or other personal consumer reports,Credit reporting,Unable to get your credit report or credit score,Other problem getting your report or credit score,33227,2023-08-25,2026-09-28
Credit reporting or other personal consumer reports,Credit reporting,Unable to get your credit report or credit score,Problem getting your free annual credit report,6489,2023-08-25,2026-09-27
Credit reporting or other personal consumer reports,Other personal consumer report,Identity theft protection or other monitoring services,Billing dispute for services,272,2023-08-25,2026-09-22
Credit reporting or other personal consumer reports,Other personal consumer report,Identity theft protection or other monitoring services,Didn't receive services that were advertised,283,2023-08-27,2026-09-22
Credit reporting or other personal consumer reports,Other personal consumer report,Identity theft protection or other monitoring services,Problem canceling credit monitoring or identify theft protection service,558,2023-08-26,2026-09-19
Credit reporting or other personal consumer reports,Other personal consumer report,Identity theft protection or other monitoring services,Problem with product or service terms changing,197,2023-08-27,2026-09-13
Credit reporting or other personal consumer reports,Other personal consumer report,Identity theft protection or other monitoring services,Received unwanted marketing or advertising,159,2023-08-28,2026-09-04
Credit reporting or other personal consumer reports,Other personal consumer report,Improper use of your report,Received unsolicited financial product or insurance offers after opting out,225,2023-09-01,2026-09-17
Credit reporting or other personal consumer reports,Other personal consumer report,Improper use of your report,Report provided to employer without your written authorization,465,2023-09-01,2026-09-07
Credit reporting or other personal consumer reports,Other personal consumer report,Improper use of your report,Reporting company used your report improperly,11365,2023-08-25,2026-09-28
Credit reporting or other personal consumer reports,Other personal consumer report,Incorrect information on your report,Information belongs to someone else,9424,2023-08-26,2026-09-28
Credit reporting or other personal consumer reports,Other personal consumer report,Incorrect information on your report,Information is incorrect,6742,2023-08-25,2026-09-28
Credit reporting or other personal consumer reports,Other personal consumer report,Incorrect information on your report,Information that should be on the report is missing,855,2023-08-25,2026-09-24
Credit reporting or other personal consumer reports,Other personal consumer report,Incorrect information on your report,Old information reappears or never goes away,788,2023-08-26,2026-09-25
Credit reporting or other personal consumer reports,Other personal consumer report,Incorrect information on your report,Personal information incorrect,4770,2023-08-25,2026-09-27
Credit reporting or other personal consumer reports,Other personal consumer report,Incorrect information on your report,Public record information inaccurate,2559,2023-08-25,2026-09-24
Credit reporting or other personal consumer reports,Other personal consumer report,Problem with a company's investigation into an existing issue,Difficulty submitting a dispute or getting information about a dispute over the phone,886,2023-08-25,2026-09-25
Credit reporting or other personal consumer reports,Other personal consumer report,Problem with a company's investigation into an existing issue,Investigation took more than 30 days,1019,2023-08-25,2026-09-28
Credit reporting or other personal consumer reports,Other personal consumer report,Problem with a company's investigation into an existing issue,Problem with personal statement of dispute,959,2023-08-27,2026-09-25
Credit reporting or other personal consumer reports,Other personal consumer report,Problem with a company's investigation into an existing issue,Their investigation did not fix an error on your report,4956,2023-08-25,2026-09-28
Credit reporting or other personal consumer reports,Other personal consumer report,Problem with a company's investigation into an existing issue,Was not notified of investigation status or results,544,2023-09-06,2026-09-25
"Credit reporting, credit repair services, or other personal consumer reports",Conventional home mortgage,Struggling to pay mortgage,,1,2018-05-22,2018-05-22
"Credit reporting, credit repair services, or other personal consumer reports",Credit repair services,Confusing or misleading advertising or marketing,,735,2017-04-26,2023-08-24
"Credit reporting, credit repair services, or other personal consumer reports",Credit repair services,Confusing or missing disclosures,,569,2017-04-29,2023-08-18
"Credit reporting, credit repair services, or other personal consumer reports",Credit repair services,Excessive fees,,232,2017-05-11,2023-08-22
"Credit reporting, credit repair services, or other personal consumer reports",Credit repair services,Fraud or scam,,2231,2017-04-26,2023-08-24
"Credit reporting, credit repair services, or other personal consumer reports",Credit repair services,Problem with customer service,,814,2017-04-24,2023-08-24
"Credit reporting, credit repair services, or other personal consumer reports",Credit repair services,Unexpected or other fees,,483,2017-04-29,2023-08-22
"Credit reporting, credit repair services, or other personal consumer reports",Credit reporting,Closing an account,Company closed your account,2,2022-10-11,2022-10-11
"Credit reporting, credit repair services, or other personal consumer reports",Credit reporting,Closing on a mortgage,,2,2017-11-07,2017-11-07
"Credit reporting, credit repair services, or other personal consumer reports",Credit reporting,Closing your account,Can't close your account,1,2021-03-31,2021-03-31
"Credit reporting, credit repair services, or other personal consumer reports",Credit reporting,Credit monitoring or identity theft protection services,Billing dispute for services,4223,2017-04-24,2023-08-24
"Credit reporting, credit repair services, or other personal consumer reports",Credit reporting,Credit monitoring or identity theft protection services,Didn't receive services that were advertised,1473,2017-04-28,2023-08-24
"Credit reporting, credit repair services, or other personal consumer reports",Credit reporting,Credit monitoring or identity theft protection services,Problem canceling credit monitoring or identify theft protection service,4650,2017-04-25,2023-08-24
"Credit reporting, credit repair services, or other personal consumer reports",Credit reporting,Credit monitoring or identity theft protection services,Problem with product or service terms changing,1200,2017-04-26,2023-08-24
"Credit reporting, credit repair services, or other personal consumer reports",Credit reporting,Credit monitoring or identity theft protection services,Received unwanted marketing or advertising,629,2017-04-24,2023-08-23
"Credit reporting, credit repair services, or other personal consumer reports",Credit reporting,Dealing with your lender or servicer,Received bad information about your loan,2,2018-12-30,2021-10-25
"Credit reporting, credit repair services, or other personal consumer reports",Credit reporting,Fees or interest,Problem with fees,1,2021-05-29,2021-05-29
"Credit reporting, credit repair services, or other personal consumer reports",Credit reporting,Getting a credit card,Application denied,1,2021-04-16,2021-04-16
"Credit reporting, credit repair services, or other personal consumer reports",Credit reporting,Getting a credit card,Card opened as result of identity theft or fraud,6,2017-08-18,2023-08-24
"Credit reporting, credit repair services, or other personal consumer reports",Credit reporting,Getting a credit card,Sent card you never applied for,3,2022-03-18,2022-11-07
"Credit reporting, credit repair services, or other personal consumer reports",Credit reporting,Getting a line of credit,,1,2021-01-26,2021-01-26
"Credit reporting, credit repair services, or other personal consumer reports",Credit reporting,Getting a loan,,4,2022-02-28,2023-01-19
"Credit reporting, credit repair services, or other personal consumer reports",Credit reporting,Getting a loan or lease,Credit denial,3,2019-05-14,2019-05-14
"Credit reporting, credit repair services, or other personal consumer reports",Credit reporting,Getting a loan or lease,Fraudulent loan,4,2021-07-19,2022-01-05
"Credit reporting, credit repair services, or other personal consumer reports",Credit reporting,Getting the loan,,1,2020-05-21,2020-05-21
"Credit reporting, credit repair services, or other personal consumer reports",Credit reporting,Improper use of your report,,1,2021-04-29,2021-04-29
"Credit reporting, credit repair services, or other personal consumer reports",Credit reporting,Improper use of your report,Credit inquiries on your report that you don't recognize,165342,2017-04-24,2023-08-25
"Credit reporting, credit repair services, or other personal consumer reports",Credit reporting,Improper use of your report,Received unsolicited financial product or insurance offers after opting out,1048,2017-04-24,2023-08-22
"Credit reporting, credit repair services, or other personal consumer reports",Credit reporting,Improper use of your report,Report provided to employer without your written authorization,1749,2017-04-24,2023-08-24
"Credit reporting, credit repair services, or other personal consumer reports",Credit reporting,Improper use of your report,Reporting company used your report improperly,338434,2017-04-24,2023-08-25
"Credit reporting, credit repair services, or other personal consumer reports",Credit reporting,Incorrect information on your report,,2,2017-06-30,2019-02-12
"Credit reporting, credit repair services, or other personal consumer reports",Credit reporting,Incorrect information on your report,Account information incorrect,110649,2017-04-24,2023-08-24
"Credit reporting, credit repair services, or other personal consumer reports",Credit reporting,Incorrect information on your report,Account status incorrect,108492,2017-04-24,2023-08-24
"Credit reporting, credit repair services, or other personal consumer reports",Credit reporting,Incorrect information on your report,Information belongs to someone else,671555,2017-04-24,2023-08-25
"Credit reporting, credit repair services, or other personal consumer reports",Credit reporting,Incorrect information on your report,Information is missing that should be on the report,12149,2017-04-24,2023-08-24
"Credit reporting, credit repair services, or other personal consumer reports",Credit reporting,Incorrect information on your report,Old information reappears or never goes away,21964,2017-04-24,2023-08-24
"Credit reporting, credit repair services, or other personal consumer reports",Credit reporting,Incorrect information on your report,Personal information incorrect,61233,2017-04-24,2023-08-24
"Credit reporting, credit repair services, or other personal consumer reports",Credit reporting,Incorrect information on your report,Public record information inaccurate,19937,2017-04-24,2023-08-25
"Credit reporting, credit repair services, or other personal consumer reports",Credit reporting,"Other features, terms, or problems",Other problem,1,2023-06-26,2023-06-26
"Credit reporting, credit repair services, or other personal consumer reports",Credit reporting,"Other features, terms, or problems",Privacy issues,2,2023-06-25,2023-06-25
"Credit reporting, credit repair services, or other personal consumer reports",Credit reporting,Problem when making payments,Problem during payment process,1,2017-11-30,2017-11-30
"Credit reporting, credit repair services, or other personal consumer reports",Credit reporting,Problem with a credit reporting company's investigation into an existing problem,Difficulty submitting a dispute or getting information about a dispute over the phone,19628,2017-04-24,2023-08-24
"Credit reporting, credit repair services, or other personal consumer reports",Credit reporting,Problem with a credit reporting company's investigation into an existing problem,Investigation took more than 30 days,129109,2017-04-24,2023-08-25
"Credit reporting, credit repair services, or other personal consumer reports",Credit reporting,Problem with a credit reporting company's investigation into an existing problem,Problem with personal statement of dispute,10820,2017-04-24,2023-08-24
"Credit reporting, credit repair services, or other personal consumer reports",Credit reporting,Problem with a credit reporting company's investigation into an existing problem,Their investigation did not fix an error on your report,328301,2017-04-24,2023-08-25
"Credit reporting, credit repair services, or other personal consumer reports",Credit reporting,Problem with a credit reporting company's investigation into an existing problem,Was not notified of investigation status or results,89660,2017-04-24,2023-08-24
"Credit reporting, credit repair services, or other personal consumer reports",Credit reporting,Problem with fraud alerts or security freezes,,15094,2017-04-25,2023-08-24
"Credit reporting, credit repair services, or other personal consumer reports",Credit reporting,Problem with the payoff process at the end of the loan,,1,2018-04-17,2018-04-17
"Credit reporting, credit repair services, or other personal consumer reports",Credit reporting,Problems at the end of the loan or lease,Problem with paying off the loan,1,2021-02-26,2021-02-26
"Credit reporting, credit repair services, or other personal consumer reports",Credit reporting,Struggling to pay your loan,Denied request to lower payments,1,2023-02-06,2023-02-06
"Credit reporting, credit repair services, or other personal consumer reports",Credit reporting,Trouble during payment process,,2,2022-05-19,2023-02-23
"Credit reporting, credit repair services, or other personal consumer reports",Credit reporting,Trouble using your card,Can't use card to make purchases,1,2022-02-28,2022-02-28
"Credit reporting, credit repair services, or other personal consumer reports",Credit reporting,Unable to get your credit report or credit score,Other problem getting your report or credit score,17658,2017-04-25,2023-08-24
"Credit reporting, credit repair services, or other personal consumer reports",Credit reporting,Unable to get your credit report or credit score,Problem getting your free annual credit report,7606,2017-04-24,2023-08-24
"Credit reporting, credit repair services, or other personal consumer reports",Other personal consumer report,Identity theft protection or other monitoring services,Billing dispute for services,150,2017-06-10,2023-08-08
"Credit reporting, credit repair services, or other personal consumer reports",Other personal consumer report,Identity theft protection or other monitoring services,Didn't receive services that were advertised,263,2017-05-17,2023-08-21
"Credit reporting, credit repair services, or other personal consumer reports",Other personal consumer report,Identity theft protection or other monitoring services,Problem canceling credit monitoring or identify theft protection service,297,2017-04-24,2023-08-24
"Credit reporting, credit repair services, or other personal consumer reports",Other personal consumer report,Identity theft protection or other monitoring services,Problem with product or service terms changing,172,2017-04-26,2023-08-22
"Credit reporting, credit repair services, or other personal consumer reports",Other personal consumer report,Identity theft protection or other monitoring services,Received unwanted marketing or advertising,128,2017-05-11,2023-08-09
"Credit reporting, credit repair services, or other personal consumer reports",Other personal consumer report,Improper use of your report,Received unsolicited financial product or insurance offers after opting out,212,2017-05-18,2023-08-23
"Credit reporting, credit repair services, or other personal consumer reports",Other personal consumer report,Improper use of your report,Report provided to employer without your written authorization,253,2017-05-04,2023-08-22
"Credit reporting, credit repair services, or other personal consumer reports",Other personal consumer report,Improper use of your report,Reporting company used your report improperly,3298,2017-04-25,2023-08-24
"Credit reporting, credit repair services, or other personal consumer reports",Other personal consumer report,Incorrect information on your report,Information belongs to someone else,2097,2017-05-01,2023-08-24
"Credit reporting, credit repair services, or other personal consumer reports",Other personal consumer report,Incorrect information on your report,Information is incorrect,1795,2017-04-28,2023-08-24
"Credit reporting, credit repair services, or other personal consumer reports",Other personal consumer report,Incorrect information on your report,Information that should be on the report is missing,674,2017-05-13,2023-08-23
"Credit reporting, credit repair services, or other personal consumer reports",Other personal consumer report,Incorrect information on your report,Old information reappears or never goes away,467,2017-05-29,2023-08-24
"Credit reporting, credit repair services, or other personal consumer reports",Other personal consumer report,Incorrect information on your report,Personal information incorrect,1640,2017-04-28,2023-08-24
"Credit reporting, credit repair services, or other personal consumer reports",Other personal consumer report,Incorrect information on your report,Public record information inaccurate,1932,2017-05-02,2023-08-24
"Credit reporting, credit repair services, or other personal consumer reports",Other personal consumer report,Problem with a company's investigation into an existing issue,Difficulty submitting a dispute or getting information about a dispute over the phone,562,2017-04-24,2023-08-23
"Credit reporting, credit repair services, or other personal consumer reports",Other personal consumer report,Problem with a company's investigation into an existing issue,Investigation took more than 30 days,267,2017-04-26,2023-08-03
"Credit reporting, credit repair services, or other personal consumer reports",Other personal consumer report,Problem with a company's investigation into an existing issue,Problem with personal statement of dispute,380,2017-04-25,2023-08-23
"Credit reporting, credit repair services, or other personal consumer reports",Other personal consumer report,Problem with a company's investigation into an existing issue,Their investigation did not fix an error on your report,1109,2017-04-24,2023-08-24
"Credit reporting, credit repair services, or other personal consumer reports",Other personal consumer report,Problem with a company's investigation into an existing issue,Was not notified of investigation status or results,362,2017-05-01,2023-08-22
Debt collection,Auto,Communication tactics,Called after sent written cease of comm,56,2013-08-26,2017-03-21
Debt collection,Auto,Communication tactics,Called outside of 8am-9pm,45,2013-08-01,2017-01-24
Debt collection,Auto,Communication tactics,Frequent or repeated calls,567,2013-07-12,2017-04-19
Debt collection,Auto,Communication tactics,Threatened to take legal action,127,2013-08-02,2017-04-20
Debt collection,Auto,Communication tactics,Used obscene/profane/abusive language,79,2013-08-03,2017-04-05
Debt collection,Auto,Cont'd attempts collect debt not owed,Debt is not mine,556,2013-07-22,2017-04-21
Debt collection,Auto,Cont'd attempts collect debt not owed,Debt resulted from identity theft,75,2013-09-11,2017-04-07
Debt collection,Auto,Cont'd attempts collect debt not owed,Debt was discharged in bankruptcy,95,2013-07-12,2017-04-07
Debt collection,Auto,Cont'd attempts collect debt not owed,Debt was paid,476,2013-07-10,2017-04-20
Debt collection,Auto,Disclosure verification of debt,Not disclosed as an attempt to collect,33,2013-08-05,2017-04-07
Debt collection,Auto,Disclosure verification of debt,Not given enough info to verify debt,428,2013-07-23,2017-04-20
Debt collection,Auto,Disclosure verification of debt,Right to dispute notice not received,166,2013-07-13,2017-04-21
Debt collection,Auto,False statements or representation,Attempted to collect wrong amount,304,2013-08-01,2017-04-21
Debt collection,Auto,False statements or representation,Impersonated an attorney or official,26,2013-12-17,2017-04-07
Debt collection,Auto,False statements or representation,Indicated committed crime not paying,16,2014-04-23,2017-04-04
Debt collection,Auto,False statements or representation,Indicated shouldn't respond to lawsuit,8,2013-07-16,2017-01-04
Debt collection,Auto,Improper contact or sharing of info,Contacted employer after asked not to,66,2013-08-05,2017-04-10
Debt collection,Auto,Improper contact or sharing of info,Contacted me after I asked not to,87,2013-08-18,2017-04-12
Debt collection,Auto,Improper contact or sharing of info,Contacted me instead of my attorney,5,2014-10-25,2016-09-14
Debt collection,Auto,Improper contact or sharing of info,Talked to a third party about my debt,195,2013-07-24,2017-04-21
Debt collection,Auto,Taking/threatening an illegal action,Attempted to/Collected exempt funds,34,2013-08-27,2017-03-22
Debt collection,Auto,Taking/threatening an illegal action,Seized/Attempted to seize property,97,2013-08-07,2017-04-19
Debt collection,Auto,Taking/threatening an illegal action,Sued w/o proper notification of suit,52,2013-08-08,2017-03-01
Debt collection,Auto,Taking/threatening an illegal action,Sued where didn't live/sign for debt,12,2013-08-23,2017-04-12
Debt collection,Auto,Taking/threatening an illegal action,Threatened arrest/jail if do not pay,37,2013-10-01,2017-04-20
Debt collection,Auto,Taking/threatening an illegal action,Threatened to sue on too old debt,106,2013-08-12,2017-04-20
Debt collection,Auto debt,Attempts to collect debt not owed,Debt is not yours,4989,2017-04-24,2026-09-28
Debt collection,Auto debt,Attempts to collect debt not owed,Debt was already discharged in bankruptcy and is no longer owed,1050,2017-05-12,2026-09-15
Debt collection,Auto debt,Attempts to collect debt not owed,Debt was paid,3344,2017-05-01,2026-09-26
Debt collection,Auto debt,Attempts to collect debt not owed,Debt was result of identity theft,5613,2017-05-03,2026-09-28
Debt collection,Auto debt,Communication tactics,Called before 8am or after 9pm,143,2017-04-28,2026-09-11
Debt collection,Auto debt,Communication tactics,Contacted before 8am or after 9pm,3,2023-09-12,2024-04-01
Debt collection,Auto debt,Communication tactics,Frequent or repeated calls,1492,2017-04-24,2026-09-22
Debt collection,Auto debt,Communication tactics,Frequent or repeated messages,4,2023-11-03,2024-04-05
Debt collection,Auto debt,Communication tactics,"Used obscene, profane, or other abusive language",293,2017-05-02,2026-09-12
Debt collection,Auto debt,Communication tactics,"You told them to stop contacting you, but they keep trying",699,2017-04-24,2026-09-16
Debt collection,Auto debt,Electronic communications,Contacted before 8am or after 9pm,26,2023-09-28,2026-08-28
Debt collection,Auto debt,Electronic communications,Frequent or repeated messages,169,2023-08-30,2026-08-31
Debt collection,Auto debt,Electronic communications,"Used obscene, profane, or other abusive language",15,2023-10-24,2026-01-08
Debt collection,Auto debt,Electronic communications,"You told them to stop contacting you, but they keep trying",79,2023-08-28,2026-09-22
Debt collection,Auto debt,False statements or representation,Attempted to collect wrong amount,3568,2017-04-26,2026-09-28
Debt collection,Auto debt,False statements or representation,"Impersonated attorney, law enforcement, or government official",254,2017-05-18,2026-09-16
Debt collection,Auto debt,False statements or representation,Indicated you were committing crime by not paying debt,170,2017-05-06,2026-08-17
Debt collection,Auto debt,False statements or representation,Told you not to respond to a lawsuit they filed against you,76,2017-07-01,2026-08-25
Debt collection,Auto debt,Threatened to contact someone or share information improperly,Contacted you after you asked them to stop,141,2017-06-08,2026-07-29
Debt collection,Auto debt,Threatened to contact someone or share information improperly,Contacted you instead of your attorney,10,2021-03-17,2025-07-27
Debt collection,Auto debt,Threatened to contact someone or share information improperly,Contacted your employer,136,2017-04-26,2026-08-16
Debt collection,Auto debt,Threatened to contact someone or share information improperly,Talked to a third-party about your debt,371,2017-05-03,2026-09-26
Debt collection,Auto debt,Took or threatened to take negative or legal action,Collected or attempted to collect exempt funds,160,2017-07-12,2026-09-10
Debt collection,Auto debt,Took or threatened to take negative or legal action,Seized or attempted to seize your property,1276,2017-05-03,2026-09-23
Debt collection,Auto debt,Took or threatened to take negative or legal action,Sued you in a state where you do not live or did not sign for the debt,85,2017-07-13,2026-09-01
Debt collection,Auto debt,Took or threatened to take negative or legal action,Sued you without properly notifying you of lawsuit,393,2017-05-31,2026-09-07
Debt collection,Auto debt,Took or threatened to take negative or legal action,Threatened or suggested your credit would be damaged,1525,2017-04-24,2026-09-22
Debt collection,Auto debt,Took or threatened to take negative or legal action,Threatened to arrest you or take you to jail if you do not pay,118,2017-05-05,2026-09-16
Debt collection,Auto debt,Took or threatened to take negative or legal action,Threatened to sue you for very old debt,631,2017-04-24,2026-09-24
Debt collection,Auto debt,Took or threatened to take negative or legal action,Threatened to turn you in to immigration or deport you,5,2019-01-23,2025-08-03
Debt collection,Auto debt,Written notification about debt,Didn't receive enough information to verify debt,3628,2017-04-24,2026-09-24
Debt collection,Auto debt,Written notification about debt,Didn't receive notice of right to dispute,2051,2017-04-28,2026-09-21
Debt collection,Auto debt,Written notification about debt,Notification didn't disclose it was an attempt to collect a debt,251,2017-05-15,2026-09-18
Debt collection,Credit card,Communication tactics,Called after sent written cease of comm,451,2013-07-23,2017-04-19
Debt collection,Credit card,Communication tactics,Called outside of 8am-9pm,209,2013-07-16,2017-04-13
Debt collection,Credit card,Communication tactics,Frequent or repeated calls,3329,2013-07-11,2017-04-21
Debt collection,Credit card,Communication tactics,Threatened to take legal action,1203,2013-07-12,2017-04-21
Debt collection,Credit card,Communication tactics,Used obscene/profane/abusive language,307,2013-07-10,2017-04-14
Debt collection,Credit card,Cont'd attempts collect debt not owed,Debt is not mine,4409,2013-07-10,2017-04-21
Debt collection,Credit card,Cont'd attempts collect debt not owed,Debt resulted from identity theft,1211,2013-07-18,2017-04-21
Debt collection,Credit card,Cont'd attempts collect debt not owed,Debt was discharged in bankruptcy,559,2013-07-17,2017-04-17
Debt collection,Credit card,Cont'd attempts collect debt not owed,Debt was paid,3163,2013-07-10,2017-04-20
Debt collection,Credit card,Disclosure verification of debt,Not disclosed as an attempt to collect,270,2013-08-05,2017-04-20
Debt collection,Credit card,Disclosure verification of debt,Not given enough info to verify debt,4176,2013-07-10,2017-04-21
Debt collection,Credit card,Disclosure verification of debt,Right to dispute notice not received,1134,2013-07-10,2017-04-18
Debt collection,Credit card,False statements or representation,Attempted to collect wrong amount,2080,2013-07-10,2017-04-21
Debt collection,Credit card,False statements or representation,Impersonated an attorney or official,317,2013-07-10,2017-04-14
Debt collection,Credit card,False statements or representation,Indicated committed crime not paying,194,2013-07-26,2017-04-10
Debt collection,Credit card,False statements or representation,Indicated shouldn't respond to lawsuit,139,2013-07-10,2017-04-11
Debt collection,Credit card,Improper contact or sharing of info,Contacted employer after asked not to,454,2013-07-18,2017-04-21
Debt collection,Credit card,Improper contact or sharing of info,Contacted me after I asked not to,590,2013-07-16,2017-04-17
Debt collection,Credit card,Improper contact or sharing of info,Contacted me instead of my attorney,69,2013-07-10,2017-01-26
Debt collection,Credit card,Improper contact or sharing of info,Talked to a third party about my debt,1246,2013-07-10,2017-04-21
Debt collection,Credit card,Taking/threatening an illegal action,Attempted to/Collected exempt funds,315,2013-07-10,2017-04-21
Debt collection,Credit card,Taking/threatening an illegal action,Seized/Attempted to seize property,336,2013-07-11,2017-04-19
Debt collection,Credit card,Taking/threatening an illegal action,Sued w/o proper notification of suit,724,2013-07-10,2017-04-21
Debt collection,Credit card,Taking/threatening an illegal action,Sued where didn't live/sign for debt,187,2013-08-07,2017-04-14
Debt collection,Credit card,Taking/threatening an illegal action,Threatened arrest/jail if do not pay,246,2013-07-22,2017-04-17
Debt collection,Credit card,Taking/threatening an illegal action,Threatened to sue on too old debt,1308,2013-07-17,2017-04-21
Debt collection,Credit card debt,Attempts to collect debt not owed,Debt is not yours,34415,2017-04-24,2026-09-28
Debt collection,Credit card debt,Attempts to collect debt not owed,Debt was already discharged in bankruptcy and is no longer owed,3806,2017-04-24,2026-09-22
Debt collection,Credit card debt,Attempts to collect debt not owed,Debt was paid,11720,2017-04-24,2026-09-23
Debt collection,Credit card debt,Attempts to collect debt not owed,Debt was result of identity theft,39133,2017-04-25,2026-09-27
Debt collection,Credit card debt,Communication tactics,,1,2021-05-05,2021-05-05
Debt collection,Credit card debt,Communication tactics,Called before 8am or after 9pm,755,2017-04-27,2026-09-21
Debt collection,Credit card debt,Communication tactics,Frequent or repeated calls,8790,2017-04-24,2026-09-18
Debt collection,Credit card debt,Communication tactics,"Used obscene, profane, or other abusive language",1359,2017-05-04,2026-09-21
Debt collection,Credit card debt,Communication tactics,"You told them to stop contacting you, but they keep trying",4249,2017-04-24,2026-09-25
Debt collection,Credit card debt,Electronic communications,Contacted before 8am or after 9pm,183,2023-08-25,2026-09-08
Debt collection,Credit card debt,Electronic communications,Frequent or repeated messages,1731,2023-08-28,2026-09-23
Debt collection,Credit card debt,Electronic communications,"Used obscene, profane, or other abusive language",53,2023-09-16,2026-06-29
Debt collection,Credit card debt,Electronic communications,"You told them to stop contacting you, but they keep trying",802,2023-08-28,2026-09-22
Debt collection,Credit card debt,False statements or representation,Attempted to collect wrong amount,14005,2017-04-24,2026-09-25
Debt collection,Credit card debt,False statements or representation,"Impersonated attorney, law enforcement, or government official",1589,2017-04-25,2026-09-25
Debt collection,Credit card debt,False statements or representation,Indicated you were committing crime by not paying debt,674,2017-05-05,2026-09-24
Debt collection,Credit card debt,False statements or representation,Told you not to respond to a lawsuit they filed against you,523,2017-04-24,2026-09-23
Debt collection,Credit card debt,Threatened to contact someone or share information improperly,Contacted you after you asked them to stop,815,2017-04-29,2026-09-14
Debt collection,Credit card debt,Threatened to contact someone or share information improperly,Contacted you instead of your attorney,51,2017-11-28,2026-09-09
Debt collection,Credit card debt,Threatened to contact someone or share information improperly,Contacted your employer,654,2017-04-26,2026-09-23
Debt collection,Credit card debt,Threatened to contact someone or share information improperly,Talked to a third-party about your debt,2508,2017-04-24,2026-09-25
Debt collection,Credit card debt,Took or threatened to take negative or legal action,Collected or attempted to collect exempt funds,1391,2017-04-24,2026-09-19
Debt collection,Credit card debt,Took or threatened to take negative or legal action,Seized or attempted to seize your property,1069,2017-04-28,2026-09-14
Debt collection,Credit card debt,Took or threatened to take negative or legal action,Sued you in a state where you do not live or did not sign for the debt,662,2017-04-24,2026-09-12
Debt collection,Credit card debt,Took or threatened to take negative or legal action,Sued you without properly notifying you of lawsuit,4274,2017-04-25,2026-09-20
Debt collection,Credit card debt,Took or threatened to take negative or legal action,Threatened or suggested your credit would be damaged,6509,2017-04-27,2026-09-24
Debt collection,Credit card debt,Took or threatened to take negative or legal action,Threatened to arrest you or take you to jail if you do not pay,734,2017-04-27,2026-09-22
Debt collection,Credit card debt,Took or threatened to take negative or legal action,Threatened to sue you for very old debt,5247,2017-04-25,2026-09-28
Debt collection,Credit card debt,Took or threatened to take negative or legal action,Threatened to turn you in to immigration or deport you,19,2019-08-06,2026-06-29
Debt collection,Credit card debt,Written notification about debt,Didn't receive enough information to verify debt,22328,2017-04-24,2026-09-26
Debt collection,Credit card debt,Written notification about debt,Didn't receive notice of right to dispute,10571,2017-04-24,2026-09-24
Debt collection,Credit card debt,Written notification about debt,Notification didn't disclose it was an attempt to collect a debt,1044,2017-04-25,2026-09-20
Debt collection,Federal student loan,Communication tactics,Called after sent written cease of comm,43,2013-08-13,2017-04-01
Debt collection,Federal student loan,Communication tactics,Called outside of 8am-9pm,13,2013-11-08,2017-02-09
Debt collection,Federal student loan,Communication tactics,Frequent or repeated calls,467,2013-07-19,2017-04-17
Debt collection,Federal student loan,Communication tactics,Threatened to take legal action,101,2013-07-12,2017-03-08
Debt collection,Federal student loan,Communication tactics,Used obscene/profane/abusive language,30,2013-08-27,2017-04-12
Debt collection,Federal student loan,Cont'd attempts collect debt not owed,Debt is not mine,289,2013-07-22,2017-04-20
Debt collection,Federal student loan,Cont'd attempts collect debt not owed,Debt resulted from identity theft,37,2013-07-30,2017-03-13
Debt collection,Federal student loan,Cont'd attempts collect debt not owed,Debt was discharged in bankruptcy,33,2013-09-10,2017-04-16
Debt collection,Federal student loan,Cont'd attempts collect debt not owed,Debt was paid,218,2013-07-10,2017-04-20
Debt collection,Federal student loan,Disclosure verification of debt,Not disclosed as an attempt to collect,34,2013-11-13,2017-04-12
Debt collection,Federal student loan,Disclosure verification of debt,Not given enough info to verify debt,277,2013-07-25,2017-04-21
Debt collection,Federal student loan,Disclosure verification of debt,Right to dispute notice not received,134,2013-08-07,2017-04-19
Debt collection,Federal student loan,False statements or representation,Attempted to collect wrong amount,250,2013-07-11,2017-04-20
Debt collection,Federal student loan,False statements or representation,Impersonated an attorney or official,37,2013-12-24,2017-04-10
Debt collection,Federal student loan,False statements or representation,Indicated committed crime not paying,15,2013-10-22,2017-02-24
Debt collection,Federal student loan,False statements or representation,Indicated shouldn't respond to lawsuit,11,2014-02-14,2016-10-11
Debt collection,Federal student loan,Improper contact or sharing of info,Contacted employer after asked not to,142,2013-07-11,2017-03-25
Debt collection,Federal student loan,Improper contact or sharing of info,Contacted me after I asked not to,66,2013-07-24,2017-03-15
Debt collection,Federal student loan,Improper contact or sharing of info,Contacted me instead of my attorney,5,2014-01-25,2016-05-05
Debt collection,Federal student loan,Improper contact or sharing of info,Talked to a third party about my debt,141,2013-07-15,2017-04-17
Debt collection,Federal student loan,Taking/threatening an illegal action,Attempted to/Collected exempt funds,57,2013-07-30,2017-02-25
Debt collection,Federal student loan,Taking/threatening an illegal action,Seized/Attempted to seize property,25,2013-07-18,2017-03-23
Debt collection,Federal student loan,Taking/threatening an illegal action,Sued w/o proper notification of suit,20,2013-10-24,2017-02-23
Debt collection,Federal student loan,Taking/threatening an illegal action,Sued where didn't live/sign for debt,2,2013-11-21,2014-07-18
Debt collection,Federal student loan,Taking/threatening an illegal action,Threatened arrest/jail if do not pay,10,2014-01-26,2017-02-21
Debt collection,Federal student loan,Taking/threatening an illegal action,Threatened to sue on too old debt,16,2013-07-31,2017-03-14
Debt collection,Federal student loan debt,Attempts to collect debt not owed,Debt is not yours,942,2017-04-25,2026-09-18
Debt collection,Federal student loan debt,Attempts to collect debt not owed,Debt was already discharged in bankruptcy and is no longer owed,209,2017-05-24,2026-08-16
Debt collection,Federal student loan debt,Attempts to collect debt not owed,Debt was paid,628,2017-04-25,2026-09-16
Debt collection,Federal student loan debt,Attempts to collect debt not owed,Debt was result of identity theft,751,2017-05-30,2026-09-18
Debt collection,Federal student loan debt,Communication tactics,Called before 8am or after 9pm,26,2017-04-27,2026-03-02
Debt collection,Federal student loan debt,Communication tactics,Frequent or repeated calls,325,2017-04-24,2026-09-22
Debt collection,Federal student loan debt,Communication tactics,"Used obscene, profane, or other abusive language",60,2017-05-08,2026-02-25
Debt collection,Federal student loan debt,Communication tactics,"You told them to stop contacting you, but they keep trying",145,2017-05-02,2026-08-14
Debt collection,Federal student loan debt,Electronic communications,Contacted before 8am or after 9pm,10,2023-11-17,2026-08-21
Debt collection,Federal student loan debt,Electronic communications,Frequent or repeated messages,49,2023-10-31,2026-09-19
Debt collection,Federal student loan debt,Electronic communications,"Used obscene, profane, or other abusive language",6,2024-05-22,2025-09-25
Debt collection,Federal student loan debt,Electronic communications,"You told them to stop contacting you, but they keep trying",11,2023-11-27,2026-05-07
Debt collection,Federal student loan debt,False statements or representation,Attempted to collect wrong amount,780,2017-04-24,2026-09-22
Debt collection,Federal student loan debt,False statements or representation,"Impersonated attorney, law enforcement, or government official",157,2017-05-12,2026-06-03
Debt collection,Federal student loan debt,False statements or representation,Indicated you were committing crime by not paying debt,34,2017-05-18,2026-08-13
Debt collection,Federal student loan debt,False statements or representation,Told you not to respond to a lawsuit they filed against you,9,2017-04-25,2025-06-24
Debt collection,Federal student loan debt,Threatened to contact someone or share information improperly,Contacted you after you asked them to stop,27,2017-07-23,2026-06-23
Debt collection,Federal student loan debt,Threatened to contact someone or share information improperly,Contacted your employer,82,2017-04-25,2026-04-28
Debt collection,Federal student loan debt,Threatened to contact someone or share information improperly,Talked to a third-party about your debt,109,2017-04-28,2026-06-24
Debt collection,Federal student loan debt,Took or threatened to take negative or legal action,Collected or attempted to collect exempt funds,68,2017-06-10,2026-07-30
Debt collection,Federal student loan debt,Took or threatened to take negative or legal action,Seized or attempted to seize your property,50,2017-05-01,2026-07-16
Debt collection,Federal student loan debt,Took or threatened to take negative or legal action,Sued you in a state where you do not live or did not sign for the debt,9,2017-11-02,2025-01-24
Debt collection,Federal student loan debt,Took or threatened to take negative or legal action,Sued you without properly notifying you of lawsuit,13,2017-05-16,2026-05-27
Debt collection,Federal student loan debt,Took or threatened to take negative or legal action,Threatened or suggested your credit would be damaged,271,2017-04-24,2026-09-18
Debt collection,Federal student loan debt,Took or threatened to take negative or legal action,Threatened to arrest you or take you to jail if you do not pay,10,2018-01-16,2026-08-30
Debt collection,Federal student loan debt,Took or threatened to take negative or legal action,Threatened to sue you for very old debt,46,2017-08-14,2026-07-11
Debt collection,Federal student loan debt,Written notification about debt,Didn't receive enough information to verify debt,773,2017-04-26,2026-09-11
Debt collection,Federal student loan debt,Written notification about debt,Didn't receive notice of right to dispute,382,2017-04-24,2026-09-08
Debt collection,Federal student loan debt,Written notification about debt,Notification didn't disclose it was an attempt to collect a debt,80,2017-06-29,2026-09-16
Debt collection,I do not know,Attempts to collect debt not owed,Debt is not yours,145500,2017-04-24,2026-09-28
Debt collection,I do not know,Attempts to collect debt not owed,Debt was already discharged in bankruptcy and is no longer owed,2640,2017-05-02,2026-09-28
Debt collection,I do not know,Attempts to collect debt not owed,Debt was paid,5391,2017-04-24,2026-09-25
Debt collection,I do not know,Attempts to collect debt not owed,Debt was result of identity theft,50578,2017-04-24,2026-09-28
Debt collection,I do not know,Communication tactics,Called after sent written cease of comm,274,2013-07-18,2017-04-18
Debt collection,I do not know,Communication tactics,Called before 8am or after 9pm,650,2017-04-27,2026-09-23
Debt collection,I do not know,Communication tactics,Called outside of 8am-9pm,248,2013-09-14,2017-04-19
Debt collection,I do not know,Communication tactics,Frequent or repeated calls,12432,2013-07-11,2026-09-25
Debt collection,I do not know,Communication tactics,Threatened to take legal action,744,2013-07-12,2017-04-21
Debt collection,I do not know,Communication tactics,"Used obscene, profane, or other abusive language",1114,2017-04-25,2026-09-17
Debt collection,I do not know,Communication tactics,Used obscene/profane/abusive language,230,2013-07-17,2017-04-21
Debt collection,I do not know,Communication tactics,"You told them to stop contacting you, but they keep trying",5784,2017-04-24,2026-09-25
Debt collection,I do not know,Cont'd attempts collect debt not owed,Debt is not mine,12121,2013-07-10,2017-04-21
Debt collection,I do not know,Cont'd attempts collect debt not owed,Debt resulted from identity theft,945,2013-07-11,2017-04-21
Debt collection,I do not know,Cont'd attempts collect debt not owed,Debt was discharged in bankruptcy,203,2013-07-18,2017-04-20
Debt collection,I do not know,Cont'd attempts collect debt not owed,Debt was paid,639,2013-07-14,2017-04-21
Debt collection,I do not know,Disclosure verification of debt,Not disclosed as an attempt to collect,347,2013-07-23,2017-04-07
Debt collection,I do not know,Disclosure verification of debt,Not given enough info to verify debt,4156,2013-07-11,2017-04-21
Debt collection,I do not know,Disclosure verification of debt,Right to dispute notice not received,1013,2013-07-10,2017-04-21
Debt collection,I do not know,Electronic communications,Contacted before 8am or after 9pm,209,2023-09-01,2026-09-18
Debt collection,I do not know,Electronic communications,Frequent or repeated messages,1813,2023-08-28,2026-09-28
Debt collection,I do not know,Electronic communications,"Used obscene, profane, or other abusive language",49,2023-09-26,2026-07-02
Debt collection,I do not know,Electronic communications,"You told them to stop contacting you, but they keep trying",931,2023-08-28,2026-09-26
Debt collection,I do not know,False statements or representation,Attempted to collect wrong amount,51643,2013-07-18,2026-09-28
Debt collection,I do not know,False statements or representation,Impersonated an attorney or official,345,2013-08-13,2017-04-21
Debt collection,I do not know,False statements or representation,"Impersonated attorney, law enforcement, or government official",2213,2017-04-25,2026-09-17
Debt collection,I do not know,False statements or representation,Indicated committed crime not paying,180,2013-07-10,2017-04-12
Debt collection,I do not know,False statements or representation,Indicated shouldn't respond to lawsuit,35,2014-01-13,2017-04-06
Debt collection,I do not know,False statements or representation,Indicated you were committing crime by not paying debt,1192,2017-04-28,2026-09-20
Debt collection,I do not know,False statements or representation,Told you not to respond to a lawsuit they filed against you,244,2017-06-28,2026-08-14
Debt collection,I do not know,Improper contact or sharing of info,Contacted employer after asked not to,560,2013-08-09,2017-04-21
Debt collection,I do not know,Improper contact or sharing of info,Contacted me after I asked not to,753,2013-07-19,2017-04-20
Debt collection,I do not know,Improper contact or sharing of info,Contacted me instead of my attorney,32,2013-10-18,2017-04-15
Debt collection,I do not know,Improper contact or sharing of info,Talked to a third party about my debt,898,2013-07-20,2017-04-20
Debt collection,I do not know,Taking/threatening an illegal action,Attempted to/Collected exempt funds,70,2013-08-23,2017-04-20
Debt collection,I do not know,Taking/threatening an illegal action,Seized/Attempted to seize property,127,2013-07-18,2017-04-13
Debt collection,I do not know,Taking/threatening an illegal action,Sued w/o proper notification of suit,181,2013-08-21,2017-04-06
Debt collection,I do not know,Taking/threatening an illegal action,Sued where didn't live/sign for debt,68,2013-07-15,2017-04-08
Debt collection,I do not know,Taking/threatening an illegal action,Threatened arrest/jail if do not pay,563,2013-08-10,2017-04-18
Debt collection,I do not know,Taking/threatening an illegal action,Threatened to sue on too old debt,336,2013-07-17,2017-04-20
Debt collection,I do not know,Threatened to contact someone or share information improperly,Contacted you after you asked them to stop,831,2017-04-28,2026-09-11
Debt collection,I do not know,Threatened to contact someone or share information improperly,Contacted you instead of your attorney,39,2018-03-02,2026-06-19
Debt collection,I do not know,Threatened to contact someone or share information improperly,Contacted your employer,605,2017-04-24,2026-09-22
Debt collection,I do not know,Threatened to contact someone or share information improperly,Talked to a third-party about your debt,1532,2017-05-01,2026-09-23
Debt collection,I do not know,Took or threatened to take negative or legal action,Collected or attempted to collect exempt funds,524,2017-06-05,2026-09-23
Debt collection,I do not know,Took or threatened to take negative or legal action,Seized or attempted to seize your property,709,2017-04-26,2026-09-16
Debt collection,I do not know,Took or threatened to take negative or legal action,Sued you in a state where you do not live or did not sign for the debt,365,2017-04-24,2026-08-29
Debt collection,I do not know,Took or threatened to take negative or legal action,Sued you without properly notifying you of lawsuit,1368,2017-04-26,2026-09-26
Debt collection,I do not know,Took or threatened to take negative or legal action,Threatened or suggested your credit would be damaged,90499,2017-04-24,2026-09-28
Debt collection,I do not know,Took or threatened to take negative or legal action,Threatened to arrest you or take you to jail if you do not pay,970,2017-04-27,2026-09-16
Debt collection,I do not know,Took or threatened to take negative or legal action,Threatened to sue you for very old debt,1898,2017-04-26,2026-09-24
Debt collection,I do not know,Took or threatened to take negative or legal action,Threatened to turn you in to immigration or deport you,151,2018-06-16,2026-09-21
Debt collection,I do not know,Written notification about debt,Didn't receive enough information to verify debt,45962,2017-04-24,2026-09-28
Debt collection,I do not know,Written notification about debt,Didn't receive notice of right to dispute,13927,2017-04-25,2026-09-27
Debt collection,I do not know,Written notification about debt,Notification didn't disclose it was an attempt to collect a debt,28117,2017-04-27,2026-09-22
Debt collection,Medical,Communication tactics,Called after sent written cease of comm,168,2013-08-12,2017-04-19
Debt collection,Medical,Communication tactics,Called outside of 8am-9pm,88,2013-07-27,2017-04-14
Debt collection,Medical,Communication tactics,Frequent or repeated calls,1092,2013-07-16,2017-04-21
Debt collection,Medical,Communication tactics,Threatened to take legal action,485,2013-07-16,2017-04-20
Debt collection,Medical,Communication tactics,Used obscene/profane/abusive language,390,2013-07-23,2017-04-20
Debt collection,Medical,Cont'd attempts collect debt not owed,Debt is not mine,5039,2013-07-10,2017-04-21
Debt collection,Medical,Cont'd attempts collect debt not owed,Debt resulted from identity theft,522,2013-07-19,2017-04-20
Debt collection,Medical,Cont'd attempts collect debt not owed,Debt was discharged in bankruptcy,265,2013-08-20,2017-04-14
Debt collection,Medical,Cont'd attempts collect debt not owed,Debt was paid,4369,2013-07-10,2017-04-21
Debt collection,Medical,Disclosure verification of debt,Not disclosed as an attempt to collect,440,2013-07-22,2017-04-17
Debt collection,Medical,Disclosure verification of debt,Not given enough info to verify debt,3295,2013-07-11,2017-04-21
Debt collection,Medical,Disclosure verification of debt,Right to dispute notice not received,1704,2013-07-12,2017-04-21
Debt collection,Medical,False statements or representation,Attempted to collect wrong amount,1524,2013-07-10,2017-04-21
Debt collection,Medical,False statements or representation,Impersonated an attorney or official,65,2013-09-09,2017-04-11
Debt collection,Medical,False statements or representation,Indicated committed crime not paying,107,2013-07-27,2017-04-02
Debt collection,Medical,False statements or representation,Indicated shouldn't respond to lawsuit,39,2013-11-02,2017-03-30
Debt collection,Medical,Improper contact or sharing of info,Contacted employer after asked not to,164,2013-07-17,2017-04-09
Debt collection,Medical,Improper contact or sharing of info,Contacted me after I asked not to,223,2013-09-20,2017-04-19
Debt collection,Medical,Improper contact or sharing of info,Contacted me instead of my attorney,35,2013-09-30,2017-03-20
Debt collection,Medical,Improper contact or sharing of info,Talked to a third party about my debt,703,2013-08-10,2017-04-21
Debt collection,Medical,Taking/threatening an illegal action,Attempted to/Collected exempt funds,86,2013-08-13,2017-04-21
Debt collection,Medical,Taking/threatening an illegal action,Seized/Attempted to seize property,47,2013-09-08,2017-03-29
Debt collection,Medical,Taking/threatening an illegal action,Sued w/o proper notification of suit,93,2013-07-12,2017-03-30
Debt collection,Medical,Taking/threatening an illegal action,Sued where didn't live/sign for debt,28,2013-12-27,2017-04-19
Debt collection,Medical,Taking/threatening an illegal action,Threatened arrest/jail if do not pay,68,2013-10-22,2017-03-31
Debt collection,Medical,Taking/threatening an illegal action,Threatened to sue on too old debt,104,2014-01-23,2017-04-21
Debt collection,Medical debt,Attempts to collect debt not owed,Debt is not yours,19846,2017-04-24,2026-09-28
Debt collection,Medical debt,Attempts to collect debt not owed,Debt was already discharged in bankruptcy and is no longer owed,974,2017-04-24,2026-09-26
Debt collection,Medical debt,Attempts to collect debt not owed,Debt was paid,10745,2017-04-24,2026-09-27
Debt collection,Medical debt,Attempts to collect debt not owed,Debt was result of identity theft,5068,2017-04-26,2026-09-24
Debt collection,Medical debt,Communication tactics,Called before 8am or after 9pm,198,2017-04-29,2026-09-16
Debt collection,Medical debt,Communication tactics,Frequent or repeated calls,2417,2017-04-24,2026-09-22
Debt collection,Medical debt,Communication tactics,"Used obscene, profane, or other abusive language",787,2017-05-09,2026-09-11
Debt collection,Medical debt,Communication tactics,"You told them to stop contacting you, but they keep trying",1698,2017-04-25,2026-09-23
Debt collection,Medical debt,Electronic communications,Contacted before 8am or after 9pm,61,2023-11-01,2026-09-10
Debt collection,Medical debt,Electronic communications,Frequent or repeated messages,403,2023-08-28,2026-09-16
Debt collection,Medical debt,Electronic communications,"Used obscene, profane, or other abusive language",33,2023-12-27,2026-09-01
Debt collection,Medical debt,Electronic communications,"You told them to stop contacting you, but they keep trying",229,2023-09-01,2026-09-28
Debt collection,Medical debt,False statements or representation,Attempted to collect wrong amount,6669,2017-04-24,2026-09-26
Debt collection,Medical debt,False statements or representation,"Impersonated attorney, law enforcement, or government official",399,2017-04-26,2026-09-25
Debt collection,Medical debt,False statements or representation,Indicated you were committing crime by not paying debt,202,2017-04-26,2026-08-09
Debt collection,Medical debt,False statements or representation,Told you not to respond to a lawsuit they filed against you,79,2017-05-31,2026-09-08
Debt collection,Medical debt,Threatened to contact someone or share information improperly,Contacted you after you asked them to stop,280,2017-04-24,2026-09-11
Debt collection,Medical debt,Threatened to contact someone or share information improperly,Contacted you instead of your attorney,28,2017-06-16,2026-01-09
Debt collection,Medical debt,Threatened to contact someone or share information improperly,Contacted your employer,199,2017-05-02,2026-08-21
Debt collection,Medical debt,Threatened to contact someone or share information improperly,Talked to a third-party about your debt,799,2017-04-24,2026-09-24
Debt collection,Medical debt,Took or threatened to take negative or legal action,Collected or attempted to collect exempt funds,198,2017-06-12,2026-07-07
Debt collection,Medical debt,Took or threatened to take negative or legal action,Seized or attempted to seize your property,100,2017-04-24,2026-09-03
Debt collection,Medical debt,Took or threatened to take negative or legal action,Sued you in a state where you do not live or did not sign for the debt,57,2017-05-12,2025-10-31
Debt collection,Medical debt,Took or threatened to take negative or legal action,Sued you without properly notifying you of lawsuit,321,2017-05-11,2026-09-23
Debt collection,Medical debt,Took or threatened to take negative or legal action,Threatened or suggested your credit would be damaged,4208,2017-04-24,2026-09-28
Debt collection,Medical debt,Took or threatened to take negative or legal action,Threatened to arrest you or take you to jail if you do not pay,117,2017-04-27,2026-08-08
Debt collection,Medical debt,Took or threatened to take negative or legal action,Threatened to sue you for very old debt,558,2017-04-26,2026-09-16
Debt collection,Medical debt,Took or threatened to take negative or legal action,Threatened to turn you in to immigration or deport you,7,2019-04-24,2025-10-10
Debt collection,Medical debt,Written notification about debt,Didn't receive enough information to verify debt,13531,2017-04-24,2026-09-28
Debt collection,Medical debt,Written notification about debt,Didn't receive notice of right to dispute,6847,2017-04-24,2026-09-27
Debt collection,Medical debt,Written notification about debt,Notification didn't disclose it was an attempt to collect a debt,806,2017-04-24,2026-09-16
Debt collection,Mortgage,Communication tactics,Called after sent written cease of comm,69,2013-07-15,2017-04-17
Debt collection,Mortgage,Communication tactics,Called outside of 8am-9pm,38,2013-10-07,2017-01-27
Debt collection,Mortgage,Communication tactics,Frequent or repeated calls,464,2013-07-10,2017-04-14
Debt collection,Mortgage,Communication tactics,Threatened to take legal action,126,2013-07-19,2017-04-02
Debt collection,Mortgage,Communication tactics,Used obscene/profane/abusive language,30,2013-07-24,2016-09-19
Debt collection,Mortgage,Cont'd attempts collect debt not owed,Debt is not mine,565,2013-07-11,2017-04-21
Debt collection,Mortgage,Cont'd attempts collect debt not owed,Debt resulted from identity theft,58,2013-08-26,2017-03-22
Debt collection,Mortgage,Cont'd attempts collect debt not owed,Debt was discharged in bankruptcy,398,2013-07-12,2017-04-20
Debt collection,Mortgage,Cont'd attempts collect debt not owed,Debt was paid,499,2013-07-10,2017-04-13
Debt collection,Mortgage,Disclosure verification of debt,Not disclosed as an attempt to collect,46,2013-08-06,2017-04-17
Debt collection,Mortgage,Disclosure verification of debt,Not given enough info to verify debt,1311,2013-07-11,2017-04-19
Debt collection,Mortgage,Disclosure verification of debt,Right to dispute notice not received,119,2013-08-02,2017-04-07
Debt collection,Mortgage,False statements or representation,Attempted to collect wrong amount,380,2013-07-15,2017-04-21
Debt collection,Mortgage,False statements or representation,Impersonated an attorney or official,28,2014-01-29,2017-02-27
Debt collection,Mortgage,False statements or representation,Indicated committed crime not paying,19,2013-12-07,2017-04-16
Debt collection,Mortgage,False statements or representation,Indicated shouldn't respond to lawsuit,17,2013-07-20,2017-03-06
Debt collection,Mortgage,Improper contact or sharing of info,Contacted employer after asked not to,20,2013-09-04,2017-01-12
Debt collection,Mortgage,Improper contact or sharing of info,Contacted me after I asked not to,87,2013-07-25,2017-03-27
Debt collection,Mortgage,Improper contact or sharing of info,Contacted me instead of my attorney,16,2013-07-10,2017-01-25
Debt collection,Mortgage,Improper contact or sharing of info,Talked to a third party about my debt,118,2013-07-15,2017-03-28
Debt collection,Mortgage,Taking/threatening an illegal action,Attempted to/Collected exempt funds,23,2013-07-10,2017-04-06
Debt collection,Mortgage,Taking/threatening an illegal action,Seized/Attempted to seize property,303,2013-07-12,2017-04-14
Debt collection,Mortgage,Taking/threatening an illegal action,Sued w/o proper notification of suit,20,2013-11-11,2017-04-20
Debt collection,Mortgage,Taking/threatening an illegal action,Sued where didn't live/sign for debt,11,2013-09-04,2016-08-22
Debt collection,Mortgage,Taking/threatening an illegal action,Threatened arrest/jail if do not pay,7,2013-07-15,2017-01-09
Debt collection,Mortgage,Taking/threatening an illegal action,Threatened to sue on too old debt,35,2013-11-12,2017-03-28
Debt collection,Mortgage debt,Attempts to collect debt not owed,Debt is not yours,1014,2017-04-25,2026-09-02
Debt collection,Mortgage debt,Attempts to collect debt not owed,Debt was already discharged in bankruptcy and is no longer owed,648,2017-04-24,2026-08-28
Debt collection,Mortgage debt,Attempts to collect debt not owed,Debt was paid,1108,2017-04-25,2026-09-17
Debt collection,Mortgage debt,Attempts to collect debt not owed,Debt was result of identity theft,624,2017-05-02,2026-09-27
Debt collection,Mortgage debt,Communication tactics,Called before 8am or after 9pm,23,2017-06-28,2024-02-24
Debt collection,Mortgage debt,Communication tactics,Frequent or repeated calls,236,2017-04-26,2026-08-29
Debt collection,Mortgage debt,Communication tactics,"Used obscene, profane, or other abusive language",55,2017-05-04,2026-07-14
Debt collection,Mortgage debt,Communication tactics,"You told them to stop contacting you, but they keep trying",127,2017-05-02,2026-09-21
Debt collection,Mortgage debt,Electronic communications,Frequent or repeated messages,8,2023-10-15,2026-01-08
Debt collection,Mortgage debt,Electronic communications,"Used obscene, profane, or other abusive language",1,2024-10-22,2024-10-22
Debt collection,Mortgage debt,Electronic communications,"You told them to stop contacting you, but they keep trying",8,2025-01-01,2026-03-03
Debt collection,Mortgage debt,False statements or representation,Attempted to collect wrong amount,1204,2017-04-24,2026-09-12
Debt collection,Mortgage debt,False statements or representation,"Impersonated attorney, law enforcement, or government official",137,2017-05-17,2026-09-02
Debt collection,Mortgage debt,False statements or representation,Indicated you were committing crime by not paying debt,44,2017-04-28,2026-08-01
Debt collection,Mortgage debt,False statements or representation,Told you not to respond to a lawsuit they filed against you,27,2017-05-27,2026-08-26
Debt collection,Mortgage debt,Threatened to contact someone or share information improperly,Contacted you after you asked them to stop,21,2017-05-19,2026-08-22
Debt collection,Mortgage debt,Threatened to contact someone or share information improperly,Contacted you instead of your attorney,2,2018-08-26,2018-08-26
Debt collection,Mortgage debt,Threatened to contact someone or share information improperly,Contacted your employer,1,2019-06-14,2019-06-14
Debt collection,Mortgage debt,Threatened to contact someone or share information improperly,Talked to a third-party about your debt,59,2017-06-02,2026-07-21
Debt collection,Mortgage debt,Took or threatened to take negative or legal action,Collected or attempted to collect exempt funds,26,2017-06-14,2026-07-06
Debt collection,Mortgage debt,Took or threatened to take negative or legal action,Seized or attempted to seize your property,1103,2017-04-25,2026-09-07
Debt collection,Mortgage debt,Took or threatened to take negative or legal action,Sued you in a state where you do not live or did not sign for the debt,13,2017-05-31,2025-06-11
Debt collection,Mortgage debt,Took or threatened to take negative or legal action,Sued you without properly notifying you of lawsuit,76,2017-04-26,2026-06-24
Debt collection,Mortgage debt,Took or threatened to take negative or legal action,Threatened or suggested your credit would be damaged,246,2017-04-26,2026-08-15
Debt collection,Mortgage debt,Took or threatened to take negative or legal action,Threatened to arrest you or take you to jail if you do not pay,15,2017-07-13,2026-02-21
Debt collection,Mortgage debt,Took or threatened to take negative or legal action,Threatened to sue you for very old debt,116,2017-06-02,2026-05-08
Debt collection,Mortgage debt,Written notification about debt,Didn't receive enough information to verify debt,1287,2017-04-24,2026-09-23
Debt collection,Mortgage debt,Written notification about debt,Didn't receive notice of right to dispute,280,2017-05-03,2026-09-16
Debt collection,Mortgage debt,Written notification about debt,Notification didn't disclose it was an attempt to collect a debt,62,2017-07-12,2026-04-14
Debt collection,Non-federal student loan,Communication tactics,Called after sent written cease of comm,81,2013-08-14,2017-04-18
Debt collection,Non-federal student loan,Communication tactics,Called outside of 8am-9pm,33,2013-07-30,2017-03-17
Debt collection,Non-federal student loan,Communication tactics,Frequent or repeated calls,536,2013-07-10,2017-04-21
Debt collection,Non-federal student loan,Communication tactics,Threatened to take legal action,122,2013-07-18,2017-04-05
Debt collection,Non-federal student loan,Communication tactics,Used obscene/profane/abusive language,66,2013-09-04,2017-03-09
Debt collection,Non-federal student loan,Cont'd attempts collect debt not owed,Debt is not mine,324,2013-07-17,2017-04-20
Debt collection,Non-federal student loan,Cont'd attempts collect debt not owed,Debt resulted from identity theft,44,2013-12-06,2017-02-28
Debt collection,Non-federal student loan,Cont'd attempts collect debt not owed,Debt was discharged in bankruptcy,102,2013-07-14,2017-04-07
Debt collection,Non-federal student loan,Cont'd attempts collect debt not owed,Debt was paid,224,2013-07-11,2017-04-13
Debt collection,Non-federal student loan,Disclosure verification of debt,Not disclosed as an attempt to collect,38,2013-08-24,2017-02-07
Debt collection,Non-federal student loan,Disclosure verification of debt,Not given enough info to verify debt,334,2013-07-15,2017-04-19
Debt collection,Non-federal student loan,Disclosure verification of debt,Right to dispute notice not received,121,2013-07-17,2017-03-29
Debt collection,Non-federal student loan,False statements or representation,Attempted to collect wrong amount,258,2013-07-16,2017-04-12
Debt collection,Non-federal student loan,False statements or representation,Impersonated an attorney or official,31,2013-09-24,2017-03-23
Debt collection,Non-federal student loan,False statements or representation,Indicated committed crime not paying,16,2014-04-04,2017-03-28
Debt collection,Non-federal student loan,False statements or representation,Indicated shouldn't respond to lawsuit,8,2014-05-07,2016-09-30
Debt collection,Non-federal student loan,Improper contact or sharing of info,Contacted employer after asked not to,99,2013-08-14,2017-04-21
Debt collection,Non-federal student loan,Improper contact or sharing of info,Contacted me after I asked not to,78,2013-07-30,2017-04-13
Debt collection,Non-federal student loan,Improper contact or sharing of info,Contacted me instead of my attorney,6,2013-12-23,2017-01-08
Debt collection,Non-federal student loan,Improper contact or sharing of info,Talked to a third party about my debt,180,2013-07-17,2017-03-13
Debt collection,Non-federal student loan,Taking/threatening an illegal action,Attempted to/Collected exempt funds,44,2013-08-01,2017-04-14
Debt collection,Non-federal student loan,Taking/threatening an illegal action,Seized/Attempted to seize property,31,2013-08-01,2017-03-10
Debt collection,Non-federal student loan,Taking/threatening an illegal action,Sued w/o proper notification of suit,30,2013-12-03,2017-03-16
Debt collection,Non-federal student loan,Taking/threatening an illegal action,Sued where didn't live/sign for debt,9,2014-02-19,2016-11-25
Debt collection,Non-federal student loan,Taking/threatening an illegal action,Threatened arrest/jail if do not pay,18,2013-10-25,2017-02-18
Debt collection,Non-federal student loan,Taking/threatening an illegal action,Threatened to sue on too old debt,45,2013-10-29,2017-04-17
Debt collection,"Other (i.e. phone, health club, etc.)",Communication tactics,Called after sent written cease of comm,445,2013-07-17,2017-04-17
Debt collection,"Other (i.e. phone, health club, etc.)",Communication tactics,Called outside of 8am-9pm,177,2013-07-17,2017-04-11
Debt collection,"Other (i.e. phone, health club, etc.)",Communication tactics,Frequent or repeated calls,2894,2013-07-10,2017-04-21
Debt collection,"Other (i.e. phone, health club, etc.)",Communication tactics,Threatened to take legal action,977,2013-07-11,2017-04-21
Debt collection,"Other (i.e. phone, health club, etc.)",Communication tactics,Used obscene/profane/abusive language,557,2013-07-12,2017-04-20
Debt collection,"Other (i.e. phone, health club, etc.)",Cont'd attempts collect debt not owed,Debt is not mine,12523,2013-07-10,2017-04-21
Debt collection,"Other (i.e. phone, health club, etc.)",Cont'd attempts collect debt not owed,Debt resulted from identity theft,1865,2013-07-17,2017-04-21
Debt collection,"Other (i.e. phone, health club, etc.)",Cont'd attempts collect debt not owed,Debt was discharged in bankruptcy,656,2013-07-10,2017-04-19
Debt collection,"Other (i.e. phone, health club, etc.)",Cont'd attempts collect debt not owed,Debt was paid,6385,2013-07-10,2017-04-21
Debt collection,"Other (i.e. phone, health club, etc.)",Disclosure verification of debt,Not disclosed as an attempt to collect,534,2013-07-16,2017-04-21
Debt collection,"Other (i.e. phone, health club, etc.)",Disclosure verification of debt,Not given enough info to verify debt,7417,2013-07-11,2017-04-21
Debt collection,"Other (i.e. phone, health club, etc.)",Disclosure verification of debt,Right to dispute notice not received,2582,2013-07-12,2017-04-21
Debt collection,"Other (i.e. phone, health club, etc.)",False statements or representation,Attempted to collect wrong amount,3394,2013-07-10,2017-04-20
Debt collection,"Other (i.e. phone, health club, etc.)",False statements or representation,Impersonated an attorney or official,248,2013-07-10,2017-04-12
Debt collection,"Other (i.e. phone, health club, etc.)",False statements or representation,Indicated committed crime not paying,265,2013-07-29,2017-04-18
Debt collection,"Other (i.e. phone, health club, etc.)",False statements or representation,Indicated shouldn't respond to lawsuit,71,2013-11-26,2017-04-11
Debt collection,"Other (i.e. phone, health club, etc.)",Improper contact or sharing of info,Contacted employer after asked not to,342,2013-07-23,2017-04-20
Debt collection,"Other (i.e. phone, health club, etc.)",Improper contact or sharing of info,Contacted me after I asked not to,509,2013-07-14,2017-04-21
Debt collection,"Other (i.e. phone, health club, etc.)",Improper contact or sharing of info,Contacted me instead of my attorney,65,2013-09-27,2017-04-04
Debt collection,"Other (i.e. phone, health club, etc.)",Improper contact or sharing of info,Talked to a third party about my debt,1143,2013-07-10,2017-04-21
Debt collection,"Other (i.e. phone, health club, etc.)",Taking/threatening an illegal action,Attempted to/Collected exempt funds,221,2013-07-11,2017-04-12
Debt collection,"Other (i.e. phone, health club, etc.)",Taking/threatening an illegal action,Seized/Attempted to seize property,163,2013-07-17,2017-04-03
Debt collection,"Other (i.e. phone, health club, etc.)",Taking/threatening an illegal action,Sued w/o proper notification of suit,172,2013-07-17,2017-04-10
Debt collection,"Other (i.e. phone, health club, etc.)",Taking/threatening an illegal action,Sued where didn't live/sign for debt,66,2013-08-09,2017-04-15
Debt collection,"Other (i.e. phone, health club, etc.)",Taking/threatening an illegal action,Threatened arrest/jail if do not pay,318,2013-07-12,2017-04-17
Debt collection,"Other (i.e. phone, health club, etc.)",Taking/threatening an illegal action,Threatened to sue on too old debt,447,2013-07-23,2017-04-21
Debt collection,Other debt,Attempts to collect debt not owed,Debt is not yours,46584,2017-04-24,2026-09-28
Debt collection,Other debt,Attempts to collect debt not owed,Debt was already discharged in bankruptcy and is no longer owed,2346,2017-04-25,2026-09-25
Debt collection,Other debt,Attempts to collect debt not owed,Debt was paid,15966,2017-04-24,2026-09-25
Debt collection,Other debt,Attempts to collect debt not owed,Debt was result of identity theft,30851,2017-04-24,2026-09-28
Debt collection,Other debt,Communication tactics,Called before 8am or after 9pm,370,2017-05-04,2026-09-18
Debt collection,Other debt,Communication tactics,Frequent or repeated calls,4052,2017-04-24,2026-09-25
Debt collection,Other debt,Communication tactics,"Used obscene, profane, or other abusive language",1497,2017-04-24,2026-09-17
Debt collection,Other debt,Communication tactics,"You told them to stop contacting you, but they keep trying",3011,2017-04-24,2026-09-22
Debt collection,Other debt,Electronic communications,Contacted before 8am or after 9pm,100,2023-09-10,2026-09-08
Debt collection,Other debt,Electronic communications,Frequent or repeated messages,768,2023-08-25,2026-09-23
Debt collection,Other debt,Electronic communications,"Used obscene, profane, or other abusive language",45,2023-09-06,2026-07-23
Debt collection,Other debt,Electronic communications,"You told them to stop contacting you, but they keep trying",381,2023-08-26,2026-09-22
Debt collection,Other debt,False statements or representation,Attempted to collect wrong amount,12788,2017-04-24,2026-09-28
Debt collection,Other debt,False statements or representation,"Impersonated attorney, law enforcement, or government official",928,2017-04-26,2026-09-24
Debt collection,Other debt,False statements or representation,Indicated you were committing crime by not paying debt,768,2017-05-01,2026-09-24
Debt collection,Other debt,False statements or representation,Told you not to respond to a lawsuit they filed against you,157,2017-06-12,2026-09-02
Debt collection,Other debt,Threatened to contact someone or share information improperly,Contacted you after you asked them to stop,537,2017-05-17,2026-09-25
Debt collection,Other debt,Threatened to contact someone or share information improperly,Contacted you instead of your attorney,40,2017-08-31,2026-03-18
Debt collection,Other debt,Threatened to contact someone or share information improperly,Contacted your employer,316,2017-04-24,2026-09-18
Debt collection,Other debt,Threatened to contact someone or share information improperly,Talked to a third-party about your debt,1308,2017-04-24,2026-09-24
Debt collection,Other debt,Took or threatened to take negative or legal action,Collected or attempted to collect exempt funds,476,2017-05-02,2026-09-23
Debt collection,Other debt,Took or threatened to take negative or legal action,Seized or attempted to seize your property,782,2017-04-25,2026-09-26
Debt collection,Other debt,Took or threatened to take negative or legal action,Sued you in a state where you do not live or did not sign for the debt,184,2017-05-09,2026-09-03
Debt collection,Other debt,Took or threatened to take negative or legal action,Sued you without properly notifying you of lawsuit,717,2017-04-25,2026-09-09
Debt collection,Other debt,Took or threatened to take negative or legal action,Threatened or suggested your credit would be damaged,7589,2017-04-24,2026-09-23
Debt collection,Other debt,Took or threatened to take negative or legal action,Threatened to arrest you or take you to jail if you do not pay,808,2017-05-08,2026-09-22
Debt collection,Other debt,Took or threatened to take negative or legal action,Threatened to sue you for very old debt,1515,2017-04-24,2026-09-20
Debt collection,Other debt,Took or threatened to take negative or legal action,Threatened to turn you in to immigration or deport you,79,2017-09-22,2026-08-31
Debt collection,Other debt,Written notification about debt,Didn't receive enough information to verify debt,22595,2017-04-24,2026-09-27
Debt collection,Other debt,Written notification about debt,Didn't receive notice of right to dispute,9861,2017-04-24,2026-09-27
Debt collection,Other debt,Written notification about debt,Notification didn't disclose it was an attempt to collect a debt,32177,2017-05-03,2026-09-25
Debt collection,Payday loan,Communication tactics,Called after sent written cease of comm,265,2013-11-13,2017-04-21
Debt collection,Payday loan,Communication tactics,Called outside of 8am-9pm,61,2013-11-12,2017-03-30
Debt collection,Payday loan,Communication tactics,Frequent or repeated calls,953,2013-11-04,2017-04-20
Debt collection,Payday loan,Communication tactics,Threatened to take legal action,784,2013-11-04,2017-04-20
Debt collection,Payday loan,Communication tactics,Used obscene/profane/abusive language,143,2013-11-03,2017-04-15
Debt collection,Payday loan,Cont'd attempts collect debt not owed,Debt is not mine,803,2013-11-04,2017-04-20
Debt collection,Payday loan,Cont'd attempts collect debt not owed,Debt resulted from identity theft,142,2013-11-21,2017-04-21
Debt collection,Payday loan,Cont'd attempts collect debt not owed,Debt was discharged in bankruptcy,99,2013-12-11,2017-04-13
Debt collection,Payday loan,Cont'd attempts collect debt not owed,Debt was paid,609,2013-10-30,2017-04-20
Debt collection,Payday loan,Disclosure verification of debt,Not disclosed as an attempt to collect,55,2013-11-06,2017-04-19
Debt collection,Payday loan,Disclosure verification of debt,Not given enough info to verify debt,363,2013-12-03,2017-04-21
Debt collection,Payday loan,Disclosure verification of debt,Right to dispute notice not received,201,2013-11-08,2017-04-21
Debt collection,Payday loan,False statements or representation,Attempted to collect wrong amount,197,2013-10-31,2017-03-31
Debt collection,Payday loan,False statements or representation,Impersonated an attorney or official,187,2013-11-21,2017-04-21
Debt collection,Payday loan,False statements or representation,Indicated committed crime not paying,200,2013-11-08,2017-04-03
Debt collection,Payday loan,False statements or representation,Indicated shouldn't respond to lawsuit,17,2014-01-06,2016-09-11
Debt collection,Payday loan,Improper contact or sharing of info,Contacted employer after asked not to,345,2013-11-11,2017-04-20
Debt collection,Payday loan,Improper contact or sharing of info,Contacted me after I asked not to,174,2013-11-05,2017-04-18
Debt collection,Payday loan,Improper contact or sharing of info,Contacted me instead of my attorney,7,2014-01-17,2017-02-11
Debt collection,Payday loan,Improper contact or sharing of info,Talked to a third party about my debt,413,2013-10-30,2017-04-06
Debt collection,Payday loan,Taking/threatening an illegal action,Attempted to/Collected exempt funds,53,2013-11-25,2017-04-14
Debt collection,Payday loan,Taking/threatening an illegal action,Seized/Attempted to seize property,30,2013-11-20,2017-02-09
Debt collection,Payday loan,Taking/threatening an illegal action,Sued w/o proper notification of suit,95,2013-11-09,2017-04-19
Debt collection,Payday loan,Taking/threatening an illegal action,Sued where didn't live/sign for debt,18,2014-03-24,2016-12-21
Debt collection,Payday loan,Taking/threatening an illegal action,Threatened arrest/jail if do not pay,986,2013-10-31,2017-04-20
Debt collection,Payday loan,Taking/threatening an illegal action,Threatened to sue on too old debt,293,2013-11-05,2017-04-21
Debt collection,Payday loan debt,Attempts to collect debt not owed,Debt is not yours,2212,2017-04-24,2026-09-23
Debt collection,Payday loan debt,Attempts to collect debt not owed,Debt was already discharged in bankruptcy and is no longer owed,345,2017-04-27,2026-09-18
Debt collection,Payday loan debt,Attempts to collect debt not owed,Debt was paid,1177,2017-04-24,2026-09-10
Debt collection,Payday loan debt,Attempts to collect debt not owed,Debt was result of identity theft,1672,2017-04-24,2026-09-17
Debt collection,Payday loan debt,Communication tactics,Called before 8am or after 9pm,89,2017-04-25,2026-08-08
Debt collection,Payday loan debt,Communication tactics,Frequent or repeated calls,1212,2017-04-25,2026-09-25
Debt collection,Payday loan debt,Communication tactics,"Used obscene, profane, or other abusive language",363,2017-04-24,2026-09-23
Debt collection,Payday loan debt,Communication tactics,"You told them to stop contacting you, but they keep trying",631,2017-04-25,2026-09-23
Debt collection,Payday loan debt,Electronic communications,Contacted before 8am or after 9pm,24,2023-09-05,2026-08-29
Debt collection,Payday loan debt,Electronic communications,Frequent or repeated messages,237,2023-09-07,2026-09-17
Debt collection,Payday loan debt,Electronic communications,"Used obscene, profane, or other abusive language",17,2024-01-06,2026-08-04
Debt collection,Payday loan debt,Electronic communications,"You told them to stop contacting you, but they keep trying",97,2023-09-03,2026-09-22
Debt collection,Payday loan debt,False statements or representation,Attempted to collect wrong amount,1210,2017-04-26,2026-09-18
Debt collection,Payday loan debt,False statements or representation,"Impersonated attorney, law enforcement, or government official",371,2017-04-26,2026-08-31
Debt collection,Payday loan debt,False statements or representation,Indicated you were committing crime by not paying debt,183,2017-05-03,2026-08-03
Debt collection,Payday loan debt,False statements or representation,Told you not to respond to a lawsuit they filed against you,60,2017-05-10,2026-09-14
Debt collection,Payday loan debt,Threatened to contact someone or share information improperly,Contacted you after you asked them to stop,153,2017-05-17,2026-08-18
Debt collection,Payday loan debt,Threatened to contact someone or share information improperly,Contacted you instead of your attorney,17,2017-08-29,2026-08-08
Debt collection,Payday loan debt,Threatened to contact someone or share information improperly,Contacted your employer,395,2017-04-26,2026-09-02
Debt collection,Payday loan debt,Threatened to contact someone or share information improperly,Talked to a third-party about your debt,679,2017-05-09,2026-09-17
Debt collection,Payday loan debt,Took or threatened to take negative or legal action,Collected or attempted to collect exempt funds,117,2017-07-10,2026-06-03
Debt collection,Payday loan debt,Took or threatened to take negative or legal action,Seized or attempted to seize your property,104,2017-06-13,2026-07-06
Debt collection,Payday loan debt,Took or threatened to take negative or legal action,Sued you in a state where you do not live or did not sign for the debt,55,2017-09-29,2026-08-14
Debt collection,Payday loan debt,Took or threatened to take negative or legal action,Sued you without properly notifying you of lawsuit,293,2017-04-27,2026-09-11
Debt collection,Payday loan debt,Took or threatened to take negative or legal action,Threatened or suggested your credit would be damaged,829,2017-04-24,2026-09-24
Debt collection,Payday loan debt,Took or threatened to take negative or legal action,Threatened to arrest you or take you to jail if you do not pay,672,2017-04-25,2026-09-07
Debt collection,Payday loan debt,Took or threatened to take negative or legal action,Threatened to sue you for very old debt,952,2017-04-25,2026-09-13
Debt collection,Payday loan debt,Took or threatened to take negative or legal action,Threatened to turn you in to immigration or deport you,2,2022-04-26,2026-07-22
Debt collection,Payday loan debt,Written notification about debt,Didn't receive enough information to verify debt,1387,2017-04-24,2026-09-25
Debt collection,Payday loan debt,Written notification about debt,Didn't receive notice of right to dispute,1018,2017-05-07,2026-09-23
Debt collection,Payday loan debt,Written notification about debt,Notification didn't disclose it was an attempt to collect a debt,105,2017-08-28,2026-09-10
Debt collection,Private student loan debt,Attempts to collect debt not owed,Debt is not yours,935,2017-04-27,2026-09-11
Debt collection,Private student loan debt,Attempts to collect debt not owed,Debt was already discharged in bankruptcy and is no longer owed,296,2017-04-26,2026-08-11
Debt collection,Private student loan debt,Attempts to collect debt not owed,Debt was paid,496,2017-04-25,2026-09-16
Debt collection,Private student loan debt,Attempts to collect debt not owed,Debt was result of identity theft,432,2017-04-29,2026-09-15
Debt collection,Private student loan debt,Communication tactics,Called before 8am or after 9pm,38,2017-06-20,2026-06-23
Debt collection,Private student loan debt,Communication tactics,Frequent or repeated calls,517,2017-04-25,2026-09-16
Debt collection,Private student loan debt,Communication tactics,"Used obscene, profane, or other abusive language",121,2017-09-13,2026-06-14
Debt collection,Private student loan debt,Communication tactics,"You told them to stop contacting you, but they keep trying",272,2017-04-25,2026-09-08
Debt collection,Private student loan debt,Electronic communications,Contacted before 8am or after 9pm,2,2026-02-20,2026-03-25
Debt collection,Private student loan debt,Electronic communications,Frequent or repeated messages,35,2023-10-14,2026-08-07
Debt collection,Private student loan debt,Electronic communications,"Used obscene, profane, or other abusive language",2,2025-09-12,2026-04-15
Debt collection,Private student loan debt,Electronic communications,"You told them to stop contacting you, but they keep trying",20,2023-11-06,2026-09-10
Debt collection,Private student loan debt,False statements or representation,Attempted to collect wrong amount,653,2017-05-01,2026-09-21
Debt collection,Private student loan debt,False statements or representation,"Impersonated attorney, law enforcement, or government official",66,2017-04-28,2026-08-04
Debt collection,Private student loan debt,False statements or representation,Indicated you were committing crime by not paying debt,38,2017-06-14,2026-07-20
Debt collection,Private student loan debt,False statements or representation,Told you not to respond to a lawsuit they filed against you,17,2017-07-19,2026-01-14
Debt collection,Private student loan debt,Threatened to contact someone or share information improperly,Contacted you after you asked them to stop,44,2017-05-03,2026-04-14
Debt collection,Private student loan debt,Threatened to contact someone or share information improperly,Contacted you instead of your attorney,7,2017-10-12,2025-06-09
Debt collection,Private student loan debt,Threatened to contact someone or share information improperly,Contacted your employer,71,2017-04-27,2026-01-28
Debt collection,Private student loan debt,Threatened to contact someone or share information improperly,Talked to a third-party about your debt,164,2017-05-03,2026-09-12
Debt collection,Private student loan debt,Took or threatened to take negative or legal action,Collected or attempted to collect exempt funds,27,2017-06-01,2026-03-31
Debt collection,Private student loan debt,Took or threatened to take negative or legal action,Seized or attempted to seize your property,58,2017-05-02,2026-07-13
Debt collection,Private student loan debt,Took or threatened to take negative or legal action,Sued you in a state where you do not live or did not sign for the debt,14,2017-06-22,2025-04-22
Debt collection,Private student loan debt,Took or threatened to take negative or legal action,Sued you without properly notifying you of lawsuit,114,2017-05-31,2026-06-10
Debt collection,Private student loan debt,Took or threatened to take negative or legal action,Threatened or suggested your credit would be damaged,300,2017-04-28,2026-09-05
Debt collection,Private student loan debt,Took or threatened to take negative or legal action,Threatened to arrest you or take you to jail if you do not pay,13,2018-01-18,2026-07-24
Debt collection,Private student loan debt,Took or threatened to take negative or legal action,Threatened to sue you for very old debt,190,2017-04-28,2026-07-31
Debt collection,Private student loan debt,Took or threatened to take negative or legal action,Threatened to turn you in to immigration or deport you,1,2025-11-03,2025-11-03
Debt collection,Private student loan debt,Written notification about debt,Didn't receive enough information to verify debt,764,2017-05-02,2026-09-16
Debt collection,Private student loan debt,Written notification about debt,Didn't receive notice of right to dispute,383,2017-04-25,2026-09-11
Debt collection,Private student loan debt,Written notification about debt,Notification didn't disclose it was an attempt to collect a debt,65,2017-06-04,2026-09-26
Debt collection,Rental debt,Attempts to collect debt not owed,Debt is not yours,8267,2023-08-25,2026-09-25
Debt collection,Rental debt,Attempts to collect debt not owed,Debt was already discharged in bankruptcy and is no longer owed,330,2023-09-04,2026-09-17
Debt collection,Rental debt,Attempts to collect debt not owed,Debt was paid,2374,2023-08-28,2026-09-22
Debt collection,Rental debt,Attempts to collect debt not owed,Debt was result of identity theft,3036,2023-08-25,2026-09-17
Debt collection,Rental debt,Communication tactics,Called before 8am or after 9pm,53,2023-08-31,2026-09-10
Debt collection,Rental debt,Communication tactics,Frequent or repeated calls,462,2023-09-07,2026-09-23
Debt collection,Rental debt,Communication tactics,"Used obscene, profane, or other abusive language",465,2023-08-28,2026-09-12
Debt collection,Rental debt,Communication tactics,"You told them to stop contacting you, but they keep trying",322,2023-08-31,2026-09-18
Debt collection,Rental debt,Electronic communications,Contacted before 8am or after 9pm,30,2024-01-14,2026-08-25
Debt collection,Rental debt,Electronic communications,Frequent or repeated messages,247,2023-08-25,2026-09-06
Debt collection,Rental debt,Electronic communications,"Used obscene, profane, or other abusive language",30,2023-11-21,2026-08-11
Debt collection,Rental debt,Electronic communications,"You told them to stop contacting you, but they keep trying",141,2023-09-03,2026-09-04
Debt collection,Rental debt,False statements or representation,Attempted to collect wrong amount,5628,2023-08-25,2026-09-23
Debt collection,Rental debt,False statements or representation,"Impersonated attorney, law enforcement, or government official",189,2023-08-26,2026-09-06
Debt collection,Rental debt,False statements or representation,Indicated you were committing crime by not paying debt,128,2023-09-04,2026-08-31
Debt collection,Rental debt,False statements or representation,Told you not to respond to a lawsuit they filed against you,50,2023-09-01,2026-09-09
Debt collection,Rental debt,Threatened to contact someone or share information improperly,Contacted you after you asked them to stop,98,2023-08-25,2026-08-24
Debt collection,Rental debt,Threatened to contact someone or share information improperly,Contacted you instead of your attorney,7,2023-09-15,2026-08-12
Debt collection,Rental debt,Threatened to contact someone or share information improperly,Contacted your employer,49,2023-09-14,2026-08-25
Debt collection,Rental debt,Threatened to contact someone or share information improperly,Talked to a third-party about your debt,176,2023-08-25,2026-09-03
Debt collection,Rental debt,Took or threatened to take negative or legal action,Collected or attempted to collect exempt funds,54,2023-10-13,2026-09-08
Debt collection,Rental debt,Took or threatened to take negative or legal action,Seized or attempted to seize your property,57,2023-08-25,2026-09-10
Debt collection,Rental debt,Took or threatened to take negative or legal action,Sued you in a state where you do not live or did not sign for the debt,28,2023-09-22,2026-09-19
Debt collection,Rental debt,Took or threatened to take negative or legal action,Sued you without properly notifying you of lawsuit,84,2023-08-26,2026-07-13
Debt collection,Rental debt,Took or threatened to take negative or legal action,Threatened or suggested your credit would be damaged,1792,2023-08-25,2026-09-22
Debt collection,Rental debt,Took or threatened to take negative or legal action,Threatened to arrest you or take you to jail if you do not pay,50,2023-11-08,2026-07-31
Debt collection,Rental debt,Took or threatened to take negative or legal action,Threatened to sue you for very old debt,101,2023-08-25,2026-09-21
Debt collection,Rental debt,Took or threatened to take negative or legal action,Threatened to turn you in to immigration or deport you,5,2024-04-29,2026-01-30
Debt collection,Rental debt,Written notification about debt,Didn't receive enough information to verify debt,3461,2023-08-25,2026-09-24
Debt collection,Rental debt,Written notification about debt,Didn't receive notice of right to dispute,2047,2023-08-25,2026-09-23
Debt collection,Rental debt,Written notification about debt,Notification didn't disclose it was an attempt to collect a debt,221,2023-08-25,2026-08-31
Debt collection,Telecommunications debt,Attempts to collect debt not owed,Debt is not yours,10347,2023-08-25,2026-09-28
Debt collection,Telecommunications debt,Attempts to collect debt not owed,Debt was already discharged in bankruptcy and is no longer owed,338,2023-08-27,2026-09-24
Debt collection,Telecommunications debt,Attempts to collect debt not owed,Debt was paid,2501,2023-08-25,2026-09-28
Debt collection,Telecommunications debt,Attempts to collect debt not owed,Debt was result of identity theft,5079,2023-08-25,2026-09-28
Debt collection,Telecommunications debt,Communication tactics,Called before 8am or after 9pm,86,2023-11-07,2026-09-27
Debt collection,Telecommunications debt,Communication tactics,Frequent or repeated calls,657,2023-08-25,2026-09-25
Debt collection,Telecommunications debt,Communication tactics,"Used obscene, profane, or other abusive language",102,2023-08-25,2026-09-17
Debt collection,Telecommunications debt,Communication tactics,"You told them to stop contacting you, but they keep trying",410,2023-08-28,2026-09-16
Debt collection,Telecommunications debt,Electronic communications,Contacted before 8am or after 9pm,80,2023-11-07,2026-09-11
Debt collection,Telecommunications debt,Electronic communications,Frequent or repeated messages,747,2023-09-29,2026-09-22
Debt collection,Telecommunications debt,Electronic communications,"Used obscene, profane, or other abusive language",23,2023-09-07,2026-08-25
Debt collection,Telecommunications debt,Electronic communications,"You told them to stop contacting you, but they keep trying",341,2023-08-30,2026-09-24
Debt collection,Telecommunications debt,False statements or representation,Attempted to collect wrong amount,2407,2023-08-25,2026-09-27
Debt collection,Telecommunications debt,False statements or representation,"Impersonated attorney, law enforcement, or government official",101,2023-09-11,2026-09-19
Debt collection,Telecommunications debt,False statements or representation,Indicated you were committing crime by not paying debt,80,2023-09-08,2026-08-18
Debt collection,Telecommunications debt,False statements or representation,Told you not to respond to a lawsuit they filed against you,21,2024-05-13,2026-03-12
Debt collection,Telecommunications debt,Threatened to contact someone or share information improperly,Contacted you after you asked them to stop,111,2023-08-25,2026-09-14
Debt collection,Telecommunications debt,Threatened to contact someone or share information improperly,Contacted you instead of your attorney,3,2024-07-26,2026-07-28
Debt collection,Telecommunications debt,Threatened to contact someone or share information improperly,Contacted your employer,16,2024-02-15,2026-08-31
Debt collection,Telecommunications debt,Threatened to contact someone or share information improperly,Talked to a third-party about your debt,184,2023-09-07,2026-09-15
Debt collection,Telecommunications debt,Took or threatened to take negative or legal action,Collected or attempted to collect exempt funds,47,2023-08-27,2026-08-11
Debt collection,Telecommunications debt,Took or threatened to take negative or legal action,Seized or attempted to seize your property,12,2023-09-26,2026-08-05
Debt collection,Telecommunications debt,Took or threatened to take negative or legal action,Sued you in a state where you do not live or did not sign for the debt,23,2023-09-20,2026-07-09
Debt collection,Telecommunications debt,Took or threatened to take negative or legal action,Sued you without properly notifying you of lawsuit,24,2024-04-29,2026-07-18
Debt collection,Telecommunications debt,Took or threatened to take negative or legal action,Threatened or suggested your credit would be damaged,1435,2023-08-29,2026-09-28
Debt collection,Telecommunications debt,Took or threatened to take negative or legal action,Threatened to arrest you or take you to jail if you do not pay,52,2023-11-17,2026-09-21
Debt collection,Telecommunications debt,Took or threatened to take negative or legal action,Threatened to sue you for very old debt,127,2023-10-13,2026-09-15
Debt collection,Telecommunications debt,Took or threatened to take negative or legal action,Threatened to turn you in to immigration or deport you,1,2025-04-08,2025-04-08
Debt collection,Telecommunications debt,Written notification about debt,Didn't receive enough information to verify debt,3284,2023-08-25,2026-09-26
Debt collection,Telecommunications debt,Written notification about debt,Didn't receive notice of right to dispute,2741,2023-08-25,2026-09-27
Debt collection,Telecommunications debt,Written notification about debt,Notification didn't disclose it was an attempt to collect a debt,233,2023-09-28,2026-09-09
Debt or credit management,Credit repair services,Charged upfront or unexpected fees,,838,2023-08-29,2026-09-21
Debt or credit management,Credit repair services,Confusing or misleading advertising or marketing,,541,2023-08-26,2026-09-15
Debt or credit management,Credit repair services,Confusing or missing disclosures,,1295,2023-08-25,2026-09-23
Debt or credit management,Credit repair services,Didn't provide services promised,,1100,2023-08-26,2026-09-26
Debt or credit management,Credit repair services,Problem with customer service,,562,2023-08-25,2026-09-15
Debt or credit management,Debt settlement,Charged upfront or unexpected fees,,769,2023-08-29,2026-09-22
Debt or credit management,Debt settlement,Confusing or misleading advertising or marketing,,546,2023-08-28,2026-09-24
Debt or credit management,Debt settlement,Confusing or missing disclosures,,828,2023-08-29,2026-09-14
Debt or credit management,Debt settlement,Didn't provide services promised,,1529,2023-08-27,2026-09-23
Debt or credit management,Debt settlement,Problem with customer service,,785,2023-09-07,2026-09-22
Debt or credit management,Debt settlement,Unauthorized withdrawals or charges,,1062,2023-08-29,2026-09-27
Debt or credit management,Mortgage modification or foreclosure avoidance,Charged upfront or unexpected fees,,51,2023-08-28,2026-09-11
Debt or credit management,Mortgage modification or foreclosure avoidance,Confusing or misleading advertising or marketing,,34,2023-08-28,2026-09-13
Debt or credit management,Mortgage modification or foreclosure avoidance,Confusing or missing disclosures,,80,2023-08-26,2026-09-11
Debt or credit management,Mortgage modification or foreclosure avoidance,Didn't provide services promised,,103,2023-08-26,2026-09-13
Debt or credit management,Mortgage modification or foreclosure avoidance,Problem with customer service,,79,2023-09-22,2026-08-12
Debt or credit management,Mortgage modification or foreclosure avoidance,Unauthorized withdrawals or charges,,43,2023-08-28,2026-07-08
Debt or credit management,Student loan debt relief,Charged upfront or unexpected fees,,14,2023-10-10,2026-08-10
Debt or credit management,Student loan debt relief,Confusing or misleading advertising or marketing,,51,2023-08-31,2026-09-06
Debt or credit management,Student loan debt relief,Confusing or missing disclosures,,24,2023-09-02,2026-08-12
Debt or credit management,Student loan debt relief,Didn't provide services promised,,33,2023-10-12,2026-07-22
Debt or credit management,Student loan debt relief,Unauthorized withdrawals or charges,,28,2024-01-03,2026-06-12
"Money transfer, virtual currency, or money service",Check cashing service,Confusing or misleading advertising or marketing,,94,2017-08-21,2026-09-15
"Money transfer, virtual currency, or money service",Check cashing service,Confusing or missing disclosures,,174,2017-06-09,2026-09-24
"Money transfer, virtual currency, or money service",Check cashing service,Fraud or scam,,972,2017-04-25,2026-09-23
"Money transfer, virtual currency, or money service",Check cashing service,Problem with customer service,,842,2017-05-11,2026-09-17
"Money transfer, virtual currency, or money service",Check cashing service,Unexpected or other fees,,208,2017-04-25,2026-09-12
"Money transfer, virtual currency, or money service",Debt settlement,Confusing or misleading advertising or marketing,,102,2017-05-19,2023-07-28
"Money transfer, virtual currency, or money service",Debt settlement,Confusing or missing disclosures,,78,2017-05-16,2023-08-23
"Money transfer, virtual currency, or money service",Debt settlement,Fraud or scam,,459,2017-04-26,2023-08-24
"Money transfer, virtual currency, or money service",Debt settlement,Problem with customer service,,198,2017-04-26,2023-08-02
"Money transfer, virtual currency, or money service",Debt settlement,Unexpected or other fees,,109,2017-05-03,2023-08-02
"Money transfer, virtual currency, or money service",Domestic (US) money transfer,Confusing or missing disclosures,,1163,2017-05-02,2026-09-22
"Money transfer, virtual currency, or money service",Domestic (US) money transfer,Fraud or scam,,15374,2017-04-25,2026-09-27
"Money transfer, virtual currency, or money service",Domestic (US) money transfer,Money was not available when promised,,5014,2017-04-24,2026-09-25
"Money transfer, virtual currency, or money service",Domestic (US) money transfer,Other service problem,,2780,2017-04-26,2026-09-18
"Money transfer, virtual currency, or money service",Domestic (US) money transfer,Other transaction problem,,59947,2017-04-24,2026-09-27
"Money transfer, virtual currency, or money service",Domestic (US) money transfer,Unexpected or other fees,,517,2017-05-02,2026-09-24
"Money transfer, virtual currency, or money service",Domestic (US) money transfer,Wrong amount charged or received,,791,2017-04-24,2026-09-26
"Money transfer, virtual currency, or money service",Foreign currency exchange,Confusing or misleading advertising or marketing,,51,2017-06-04,2026-09-12
"Money transfer, virtual currency, or money service",Foreign currency exchange,Confusing or missing disclosures,,98,2018-01-14,2026-09-13
"Money transfer, virtual currency, or money service",Foreign currency exchange,Fraud or scam,,610,2017-05-21,2026-09-14
"Money transfer, virtual currency, or money service",Foreign currency exchange,Incorrect exchange rate,,173,2017-04-26,2026-09-09
"Money transfer, virtual currency, or money service",Foreign currency exchange,Problem with customer service,,344,2017-04-29,2026-09-21
"Money transfer, virtual currency, or money service",Foreign currency exchange,Unexpected or other fees,,118,2017-05-17,2026-08-14
"Money transfer, virtual currency, or money service",International money transfer,Confusing or missing disclosures,,423,2017-05-10,2026-09-04
"Money transfer, virtual currency, or money service",International money transfer,Fraud or scam,,3411,2017-04-25,2026-09-22
"Money transfer, virtual currency, or money service",International money transfer,Money was not available when promised,,3870,2017-04-25,2026-09-26
"Money transfer, virtual currency, or money service",International money transfer,Other service problem,,646,2017-04-29,2026-09-15
"Money transfer, virtual currency, or money service",International money transfer,Other transaction problem,,5502,2017-04-25,2026-09-22
"Money transfer, virtual currency, or money service",International money transfer,Unexpected or other fees,,290,2017-05-01,2026-09-05
"Money transfer, virtual currency, or money service",International money transfer,Wrong amount charged or received,,537,2017-04-27,2026-09-22
"Money transfer, virtual currency, or money service",Mobile or digital wallet,Confusing or misleading advertising or marketing,,799,2017-04-24,2026-09-17
"Money transfer, virtual currency, or money service",Mobile or digital wallet,Confusing or missing disclosures,,1642,2017-05-29,2026-09-23
"Money transfer, virtual currency, or money service",Mobile or digital wallet,Fraud or scam,,17498,2017-04-24,2026-09-26
"Money transfer, virtual currency, or money service",Mobile or digital wallet,"Managing, opening, or closing your mobile wallet account",,12363,2017-04-24,2026-09-25
"Money transfer, virtual currency, or money service",Mobile or digital wallet,"Overdraft, savings, or rewards features",,259,2017-05-05,2026-09-13
"Money transfer, virtual currency, or money service",Mobile or digital wallet,Problem adding money,,1084,2017-05-01,2026-09-19
"Money transfer, virtual currency, or money service",Mobile or digital wallet,Trouble accessing funds in your mobile or digital wallet,,7835,2023-08-25,2026-09-26
"Money transfer, virtual currency, or money service",Mobile or digital wallet,Unauthorized transactions or other transaction problem,,18332,2017-04-24,2026-09-27
"Money transfer, virtual currency, or money service",Mobile or digital wallet,Unexpected or other fees,,951,2017-04-24,2026-09-13
"Money transfer, virtual currency, or money service",Money order,Confusing or misleading advertising or marketing,,17,2018-11-01,2023-03-31
"Money transfer, virtual currency, or money service",Money order,Confusing or missing disclosures,,33,2017-06-01,2023-04-28
"Money transfer, virtual currency, or money service",Money order,Fraud or scam,,199,2017-05-05,2023-08-14
"Money transfer, virtual currency, or money service",Money order,Lost or stolen money order,,282,2017-05-16,2023-08-16
"Money transfer, virtual currency, or money service",Money order,Problem with customer service,,196,2017-05-02,2023-08-14
"Money transfer, virtual currency, or money service",Money order,Unexpected or other fees,,49,2017-05-03,2023-08-05
"Money transfer, virtual currency, or money service","Money order, traveler's check or cashier's check",Confusing or misleading advertising or marketing,,61,2023-11-03,2026-08-19
"Money transfer, virtual currency, or money service","Money order, traveler's check or cashier's check",Confusing or missing disclosures,,124,2023-09-01,2026-09-15
"Money transfer, virtual currency, or money service","Money order, traveler's check or cashier's check",Fraud or scam,,808,2023-08-28,2026-09-25
"Money transfer, virtual currency, or money service","Money order, traveler's check or cashier's check",Lost or stolen money order,,696,2023-08-26,2026-09-20
"Money transfer, virtual currency, or money service","Money order, traveler's check or cashier's check",Problem with customer service,,766,2023-08-31,2026-09-23
"Money transfer, virtual currency, or money service","Money order, traveler's check or cashier's check",Unexpected or other fees,,150,2023-08-25,2026-09-13
"Money transfer, virtual currency, or money service",Refund anticipation check,Confusing or misleading advertising or marketing,,30,2018-06-02,2023-08-17
"Money transfer, virtual currency, or money service",Refund anticipation check,Confusing or missing disclosures,,33,2017-05-04,2023-08-20
"Money transfer, virtual currency, or money service",Refund anticipation check,Fraud or scam,,201,2017-05-13,2023-08-24
"Money transfer, virtual currency, or money service",Refund anticipation check,Lost or stolen check,,174,2017-06-03,2023-08-15
"Money transfer, virtual currency, or money service",Refund anticipation check,Problem with customer service,,161,2017-09-06,2023-08-15
"Money transfer, virtual currency, or money service",Refund anticipation check,Unexpected or other fees,,28,2017-05-22,2023-07-05
"Money transfer, virtual currency, or money service",Traveler's check or cashier's check,Confusing or misleading advertising or marketing,,29,2017-07-16,2023-08-17
"Money transfer, virtual currency, or money service",Traveler's check or cashier's check,Confusing or missing disclosures,,67,2017-09-11,2023-08-02
"Money transfer, virtual currency, or money service",Traveler's check or cashier's check,Fraud or scam,,358,2017-04-27,2023-08-21
"Money transfer, virtual currency, or money service",Traveler's check or cashier's check,Lost or stolen check,,253,2017-05-01,2023-08-16
"Money transfer, virtual currency, or money service",Traveler's check or cashier's check,Problem with customer service,,256,2017-05-01,2023-08-15
"Money transfer, virtual currency, or money service",Traveler's check or cashier's check,Unexpected or other fees,,20,2017-06-05,2023-08-23
"Money transfer, virtual currency, or money service",Virtual currency,Confusing or missing disclosures,,769,2017-04-29,2026-09-17
"Money transfer, virtual currency, or money service",Virtual currency,Fraud or scam,,7558,2017-04-26,2026-09-27
"Money transfer, virtual currency, or money service",Virtual currency,Money was not available when promised,,3993,2017-04-29,2026-09-23
"Money transfer, virtual currency, or money service",Virtual currency,Other service problem,,2375,2017-05-04,2026-09-15
"Money transfer, virtual currency, or money service",Virtual currency,Other transaction problem,,6393,2017-04-30,2026-09-28
"Money transfer, virtual currency, or money service",Virtual currency,Unexpected or other fees,,333,2017-05-18,2026-09-19
"Money transfer, virtual currency, or money service",Virtual currency,Wrong amount charged or received,,525,2017-06-25,2026-09-25
Money transfers,Domestic (US) money transfer,Fraud or scam,,1030,2013-04-05,2017-04-21
Money transfers,Domestic (US) money transfer,Incorrect/missing disclosures or info,,92,2013-06-21,2017-04-21
Money transfers,Domestic (US) money transfer,Money was not available when promised,,373,2013-04-08,2017-04-21
Money transfers,Domestic (US) money transfer,Other service issues,,254,2013-04-09,2017-04-20
Money transfers,Domestic (US) money transfer,Other transaction issues,,765,2013-04-04,2017-04-20
Money transfers,Domestic (US) money transfer,Wrong amount charged or received,,70,2013-06-05,2017-03-01
Money transfers,International money transfer,Fraud or scam,,863,2013-04-05,2017-04-20
Money transfers,International money transfer,Incorrect/missing disclosures or info,,110,2013-04-24,2017-03-20
Money transfers,International money transfer,Money was not available when promised,,624,2013-04-11,2017-04-20
Money transfers,International money transfer,Other service issues,,252,2013-07-02,2017-04-17
Money transfers,International money transfer,Other transaction issues,,722,2013-04-04,2017-04-18
Money transfers,International money transfer,Wrong amount charged or received,,199,2013-04-10,2017-04-19
Mortgage,Conventional adjustable mortgage (ARM),"Application, originator, mortgage broker",,1421,2011-12-02,2017-04-20
Mortgage,Conventional adjustable mortgage (ARM),Credit decision / Underwriting,,581,2011-12-08,2017-04-20
Mortgage,Conventional adjustable mortgage (ARM),"Loan modification,collection,foreclosure",,14791,2011-12-01,2017-04-21
Mortgage,Conventional adjustable mortgage (ARM),"Loan servicing, payments, escrow account",,7581,2011-12-01,2017-04-21
Mortgage,Conventional adjustable mortgage (ARM),Other,,44,2012-01-04,2017-04-18
Mortgage,Conventional adjustable mortgage (ARM),Settlement process and costs,,962,2011-12-09,2017-04-21
Mortgage,Conventional fixed mortgage,"Application, originator, mortgage broker",,6886,2011-12-01,2017-04-22
Mortgage,Conventional fixed mortgage,Credit decision / Underwriting,,2221,2011-12-08,2017-04-21
Mortgage,Conventional fixed mortgage,"Loan modification,collection,foreclosure",,28325,2011-12-01,2017-04-21
Mortgage,Conventional fixed mortgage,"Loan servicing, payments, escrow account",,29716,2011-12-01,2017-04-21
Mortgage,Conventional fixed mortgage,Other,,107,2011-12-29,2017-03-20
Mortgage,Conventional fixed mortgage,Settlement process and costs,,3338,2011-12-01,2017-04-21
Mortgage,Conventional home mortgage,Applying for a mortgage or refinancing an existing mortgage,,12116,2017-04-24,2023-08-24
Mortgage,Conventional home mortgage,Applying for a mortgage or refinancing an existing mortgage,Application denials,690,2023-08-25,2026-09-18
Mortgage,Conventional home mortgage,Applying for a mortgage or refinancing an existing mortgage,Changes in loan terms during the application process,400,2023-08-27,2026-09-17
Mortgage,Conventional home mortgage,Applying for a mortgage or refinancing an existing mortgage,Confusing or misleading advertising or marketing,474,2023-08-26,2026-09-18
Mortgage,Conventional home mortgage,Applying for a mortgage or refinancing an existing mortgage,Delays in the application process,538,2023-08-29,2026-09-26
Mortgage,Conventional home mortgage,Applying for a mortgage or refinancing an existing mortgage,Fees or costs during the application process,258,2023-08-28,2026-09-20
Mortgage,Conventional home mortgage,Applying for a mortgage or refinancing an existing mortgage,Loan estimate or other related disclosures,246,2023-08-30,2026-09-09
Mortgage,Conventional home mortgage,Applying for a mortgage or refinancing an existing mortgage,Negative impact of inaccurate appraisal,112,2023-08-28,2026-09-03
Mortgage,Conventional home mortgage,Applying for a mortgage or refinancing an existing mortgage,Trying to communicate with the company to fix an issue with the application process,837,2023-08-28,2026-09-22
Mortgage,Conventional home mortgage,Closing on a mortgage,,7187,2017-04-24,2023-08-24
Mortgage,Conventional home mortgage,Closing on a mortgage,Changes in loan terms during or after closing,515,2023-08-26,2026-09-16
Mortgage,Conventional home mortgage,Closing on a mortgage,Closing disclosure or other related disclosures,606,2023-08-29,2026-09-12
Mortgage,Conventional home mortgage,Closing on a mortgage,Delays with the closing process,463,2023-08-26,2026-09-18
Mortgage,Conventional home mortgage,Closing on a mortgage,Fees or costs after closing,331,2023-08-26,2026-09-18
Mortgage,Conventional home mortgage,Closing on a mortgage,Setting up an escrow account for taxes and insurance,75,2023-09-26,2026-09-16
Mortgage,Conventional home mortgage,Closing on a mortgage,Trying to communicate with the company to fix an issue with the loan closing,703,2023-09-06,2026-09-10
Mortgage,Conventional home mortgage,Credit monitoring or identity theft protection services,Billing dispute for services,53,2017-04-27,2026-05-07
Mortgage,Conventional home mortgage,Credit monitoring or identity theft protection services,Didn't receive services that were advertised,8,2020-02-19,2026-08-14
Mortgage,Conventional home mortgage,Credit monitoring or identity theft protection services,Problem canceling credit monitoring or identify theft protection service,13,2018-04-18,2026-05-15
Mortgage,Conventional home mortgage,Credit monitoring or identity theft protection services,Problem with product or service terms changing,17,2018-01-18,2026-05-04
Mortgage,Conventional home mortgage,Credit monitoring or identity theft protection services,Received unwanted marketing or advertising,13,2018-09-11,2025-09-17
Mortgage,Conventional home mortgage,Improper use of your report,Credit inquiries on your report that you don't recognize,146,2017-07-03,2026-08-31
Mortgage,Conventional home mortgage,Improper use of your report,Received unsolicited financial product or insurance offers after opting out,14,2017-10-05,2026-07-02
Mortgage,Conventional home mortgage,Improper use of your report,Report provided to employer without your written authorization,10,2017-07-25,2026-03-19
Mortgage,Conventional home mortgage,Improper use of your report,Reporting company used your report improperly,211,2017-06-14,2026-09-01
Mortgage,Conventional home mortgage,Incorrect information on your report,Account information incorrect,926,2017-04-24,2026-09-18
Mortgage,Conventional home mortgage,Incorrect information on your report,Account status incorrect,1689,2017-04-24,2026-09-17
Mortgage,Conventional home mortgage,Incorrect information on your report,Information belongs to someone else,211,2017-05-29,2026-09-12
Mortgage,Conventional home mortgage,Incorrect information on your report,Information is missing that should be on the report,223,2017-05-01,2026-09-03
Mortgage,Conventional home mortgage,Incorrect information on your report,Old information reappears or never goes away,70,2017-04-27,2026-05-18
Mortgage,Conventional home mortgage,Incorrect information on your report,Personal information incorrect,29,2018-05-18,2026-08-04
Mortgage,Conventional home mortgage,Incorrect information on your report,Public record information inaccurate,108,2017-04-28,2026-08-25
Mortgage,Conventional home mortgage,Problem with a company's investigation into an existing problem,Difficulty submitting a dispute or getting information about a dispute over the phone,91,2023-08-25,2026-09-16
Mortgage,Conventional home mortgage,Problem with a company's investigation into an existing problem,Investigation took more than 30 days,37,2023-08-28,2026-09-10
Mortgage,Conventional home mortgage,Problem with a company's investigation into an existing problem,Problem with personal statement of dispute,126,2023-09-29,2026-09-11
Mortgage,Conventional home mortgage,Problem with a company's investigation into an existing problem,Their investigation did not fix an error on your report,405,2023-09-01,2026-09-24
Mortgage,Conventional home mortgage,Problem with a company's investigation into an existing problem,Was not notified of investigation status or results,38,2023-11-21,2026-08-17
Mortgage,Conventional home mortgage,Problem with a credit reporting company's investigation into an existing problem,Investigation took more than 30 days,638,2017-04-25,2023-08-20
Mortgage,Conventional home mortgage,Problem with credit report or credit score,Incorrect information on your report,3,2020-12-17,2021-05-13
Mortgage,Conventional home mortgage,Problem with credit report or credit score,Problem with a credit reporting company's investigation into an existing problem,1,2021-03-18,2021-03-18
Mortgage,Conventional home mortgage,Problem with credit report or credit score,Problem with fraud alerts or security freezes,1,2021-04-01,2021-04-01
Mortgage,Conventional home mortgage,Problem with fraud alerts or security freezes,,29,2017-05-18,2026-04-10
Mortgage,Conventional home mortgage,Struggling to pay mortgage,,25902,2017-04-21,2023-08-24
Mortgage,Conventional home mortgage,Struggling to pay mortgage,"An existing modification, forbearance plan, short sale, or other loss mitigation relief",1402,2023-08-11,2026-09-22
Mortgage,Conventional home mortgage,Struggling to pay mortgage,"Applying for or obtaining a modification, forbearance plan, short sale, or deed-in-lieu",2199,2023-08-21,2026-09-24
Mortgage,Conventional home mortgage,Struggling to pay mortgage,Foreclosure,2543,2023-08-21,2026-09-17
Mortgage,Conventional home mortgage,Struggling to pay mortgage,"Trying to communicate with the company to fix an issue related to modification, forbearance, short sale, deed-in-lieu, bankruptcy, or foreclosure",4067,2023-08-25,2026-09-28
Mortgage,Conventional home mortgage,Trouble during payment process,,46858,2017-04-21,2023-08-25
Mortgage,Conventional home mortgage,Trouble during payment process,"Escrow, taxes, or insurance",8810,2023-08-25,2026-09-24
Mortgage,Conventional home mortgage,Trouble during payment process,Fees charged,1316,2023-08-29,2026-09-25
Mortgage,Conventional home mortgage,Trouble during payment process,Interest rate,223,2023-08-16,2026-09-15
Mortgage,Conventional home mortgage,Trouble during payment process,Lien release,297,2023-08-31,2026-09-18
Mortgage,Conventional home mortgage,Trouble during payment process,Loan sold or transferred to another company,1391,2023-08-25,2026-09-20
Mortgage,Conventional home mortgage,Trouble during payment process,Paying off the loan,1049,2023-08-22,2026-09-18
Mortgage,Conventional home mortgage,Trouble during payment process,Payment process,4914,2023-08-15,2026-09-26
Mortgage,Conventional home mortgage,Trouble during payment process,Private mortgage insurance (PMI),1359,2023-08-25,2026-09-18
Mortgage,Conventional home mortgage,Trouble during payment process,Trying to communicate with the company to fix an issue while managing or servicing your loan,6116,2023-08-25,2026-09-20
Mortgage,Conventional home mortgage,Unable to get your credit report or credit score,Other problem getting your report or credit score,69,2017-04-30,2026-07-13
Mortgage,Conventional home mortgage,Unable to get your credit report or credit score,Problem getting your free annual credit report,4,2018-07-02,2026-05-07
Mortgage,FHA mortgage,"Application, originator, mortgage broker",,2140,2011-12-03,2017-04-21
Mortgage,FHA mortgage,Applying for a mortgage or refinancing an existing mortgage,,2941,2017-04-24,2023-08-23
Mortgage,FHA mortgage,Applying for a mortgage or refinancing an existing mortgage,Application denials,273,2023-08-25,2026-09-22
Mortgage,FHA mortgage,Applying for a mortgage or refinancing an existing mortgage,Changes in loan terms during the application process,156,2023-08-28,2026-09-11
Mortgage,FHA mortgage,Applying for a mortgage or refinancing an existing mortgage,Confusing or misleading advertising or marketing,189,2023-09-01,2026-09-18
Mortgage,FHA mortgage,Applying for a mortgage or refinancing an existing mortgage,Delays in the application process,243,2023-08-29,2026-09-10
Mortgage,FHA mortgage,Applying for a mortgage or refinancing an existing mortgage,Fees or costs during the application process,99,2023-09-01,2026-09-20
Mortgage,FHA mortgage,Applying for a mortgage or refinancing an existing mortgage,Loan estimate or other related disclosures,96,2023-08-29,2026-09-10
Mortgage,FHA mortgage,Applying for a mortgage or refinancing an existing mortgage,Negative impact of inaccurate appraisal,71,2023-10-23,2026-08-21
Mortgage,FHA mortgage,Applying for a mortgage or refinancing an existing mortgage,Trying to communicate with the company to fix an issue with the application process,316,2023-08-28,2026-09-14
Mortgage,FHA mortgage,Closing on a mortgage,,2020,2017-04-24,2023-08-24
Mortgage,FHA mortgage,Closing on a mortgage,Changes in loan terms during or after closing,228,2023-08-28,2026-09-10
Mortgage,FHA mortgage,Closing on a mortgage,Closing disclosure or other related disclosures,323,2023-08-29,2026-09-16
Mortgage,FHA mortgage,Closing on a mortgage,Delays with the closing process,227,2023-08-30,2026-09-10
Mortgage,FHA mortgage,Closing on a mortgage,Fees or costs after closing,125,2023-08-25,2026-09-01
Mortgage,FHA mortgage,Closing on a mortgage,Setting up an escrow account for taxes and insurance,25,2023-10-23,2026-09-09
Mortgage,FHA mortgage,Closing on a mortgage,Trying to communicate with the company to fix an issue with the loan closing,259,2023-09-01,2026-09-28
Mortgage,FHA mortgage,Credit decision / Underwriting,,807,2011-12-13,2017-04-21
Mortgage,FHA mortgage,Credit monitoring or identity theft protection services,Billing dispute for services,33,2018-04-08,2026-06-13
Mortgage,FHA mortgage,Credit monitoring or identity theft protection services,Didn't receive services that were advertised,3,2022-10-27,2026-01-25
Mortgage,FHA mortgage,Credit monitoring or identity theft protection services,Problem canceling credit monitoring or identify theft protection service,5,2017-05-05,2025-09-23
Mortgage,FHA mortgage,Credit monitoring or identity theft protection services,Problem with product or service terms changing,11,2020-05-15,2026-08-11
Mortgage,FHA mortgage,Credit monitoring or identity theft protection services,Received unwanted marketing or advertising,5,2023-05-01,2026-08-09
Mortgage,FHA mortgage,Improper use of your report,Credit inquiries on your report that you don't recognize,27,2017-06-24,2026-07-10
Mortgage,FHA mortgage,Improper use of your report,Received unsolicited financial product or insurance offers after opting out,2,2020-07-21,2023-09-13
Mortgage,FHA mortgage,Improper use of your report,Report provided to employer without your written authorization,2,2019-07-02,2023-12-01
Mortgage,FHA mortgage,Improper use of your report,Reporting company used your report improperly,103,2017-08-25,2026-08-15
Mortgage,FHA mortgage,Incorrect information on your report,Account information incorrect,403,2017-04-24,2026-09-17
Mortgage,FHA mortgage,Incorrect information on your report,Account status incorrect,789,2017-04-26,2026-09-17
Mortgage,FHA mortgage,Incorrect information on your report,Information belongs to someone else,46,2017-05-17,2026-06-10
Mortgage,FHA mortgage,Incorrect information on your report,Information is missing that should be on the report,84,2017-05-09,2026-09-11
Mortgage,FHA mortgage,Incorrect information on your report,Old information reappears or never goes away,31,2017-07-13,2026-09-07
Mortgage,FHA mortgage,Incorrect information on your report,Personal information incorrect,4,2017-08-03,2026-08-31
Mortgage,FHA mortgage,Incorrect information on your report,Public record information inaccurate,56,2017-05-16,2026-07-19
Mortgage,FHA mortgage,"Loan modification,collection,foreclosure",,11779,2011-12-01,2017-04-21
Mortgage,FHA mortgage,"Loan servicing, payments, escrow account",,8512,2011-12-01,2017-04-22
Mortgage,FHA mortgage,Other,,38,2012-05-03,2017-03-30
Mortgage,FHA mortgage,Problem with a company's investigation into an existing problem,Difficulty submitting a dispute or getting information about a dispute over the phone,33,2023-12-29,2026-07-28
Mortgage,FHA mortgage,Problem with a company's investigation into an existing problem,Investigation took more than 30 days,12,2024-01-27,2026-07-21
Mortgage,FHA mortgage,Problem with a company's investigation into an existing problem,Problem with personal statement of dispute,57,2023-10-11,2026-09-15
Mortgage,FHA mortgage,Problem with a company's investigation into an existing problem,Their investigation did not fix an error on your report,182,2023-10-18,2026-09-15
Mortgage,FHA mortgage,Problem with a company's investigation into an existing problem,Was not notified of investigation status or results,17,2023-09-19,2026-09-08
Mortgage,FHA mortgage,Problem with a credit reporting company's investigation into an existing problem,Difficulty submitting a dispute or getting information about a dispute over the phone,32,2017-05-15,2023-05-17
Mortgage,FHA mortgage,Problem with a credit reporting company's investigation into an existing problem,Investigation took more than 30 days,16,2017-04-24,2023-08-16
Mortgage,FHA mortgage,Problem with a credit reporting company's investigation into an existing problem,Problem with personal statement of dispute,46,2017-07-21,2023-08-22
Mortgage,FHA mortgage,Problem with a credit reporting company's investigation into an existing problem,Their investigation did not fix an error on your report,177,2017-04-26,2023-08-07
Mortgage,FHA mortgage,Problem with a credit reporting company's investigation into an existing problem,Was not notified of investigation status or results,34,2017-07-21,2022-05-27
Mortgage,FHA mortgage,Problem with credit report or credit score,Incorrect information on your report,1,2021-05-07,2021-05-07
Mortgage,FHA mortgage,Problem with fraud alerts or security freezes,,12,2018-10-03,2026-07-24
Mortgage,FHA mortgage,Settlement process and costs,,1375,2011-12-11,2017-04-21
Mortgage,FHA mortgage,Struggling to pay mortgage,,8131,2017-04-24,2023-08-24
Mortgage,FHA mortgage,Struggling to pay mortgage,"An existing modification, forbearance plan, short sale, or other loss mitigation relief",977,2023-08-26,2026-09-21
Mortgage,FHA mortgage,Struggling to pay mortgage,"Applying for or obtaining a modification, forbearance plan, short sale, or deed-in-lieu",1218,2023-09-01,2026-09-18
Mortgage,FHA mortgage,Struggling to pay mortgage,Foreclosure,833,2023-08-26,2026-09-18
Mortgage,FHA mortgage,Struggling to pay mortgage,"Trying to communicate with the company to fix an issue related to modification, forbearance, short sale, deed-in-lieu, bankruptcy, or foreclosure",2400,2023-08-25,2026-09-22
Mortgage,FHA mortgage,Trouble during payment process,,9654,2017-04-24,2023-08-24
Mortgage,FHA mortgage,Trouble during payment process,"Escrow, taxes, or insurance",1960,2023-08-25,2026-09-25
Mortgage,FHA mortgage,Trouble during payment process,Fees charged,303,2023-09-02,2026-09-16
Mortgage,FHA mortgage,Trouble during payment process,Interest rate,32,2023-09-11,2026-08-24
Mortgage,FHA mortgage,Trouble during payment process,Lien release,107,2023-09-15,2026-08-24
Mortgage,FHA mortgage,Trouble during payment process,Loan sold or transferred to another company,407,2023-08-25,2026-09-21
Mortgage,FHA mortgage,Trouble during payment process,Paying off the loan,230,2023-08-28,2026-09-15
Mortgage,FHA mortgage,Trouble during payment process,Payment process,1500,2023-08-25,2026-09-22
Mortgage,FHA mortgage,Trouble during payment process,Private mortgage insurance (PMI),170,2023-08-25,2026-09-10
Mortgage,FHA mortgage,Trouble during payment process,Trying to communicate with the company to fix an issue while managing or servicing your loan,1729,2023-08-25,2026-09-25
Mortgage,FHA mortgage,Unable to get your credit report or credit score,Other problem getting your report or credit score,40,2017-05-23,2026-07-20
Mortgage,FHA mortgage,Unable to get your credit report or credit score,Problem getting your free annual credit report,1,2025-08-27,2025-08-27
Mortgage,Home equity loan or line of credit,"Application, originator, mortgage broker",,1351,2011-12-07,2017-04-21
Mortgage,Home equity loan or line of credit,Credit decision / Underwriting,,674,2011-12-08,2017-04-21
Mortgage,Home equity loan or line of credit,"Loan modification,collection,foreclosure",,3725,2011-12-01,2017-04-21
Mortgage,Home equity loan or line of credit,"Loan servicing, payments, escrow account",,5207,2011-12-01,2017-04-21
Mortgage,Home equity loan or line of credit,Other,,16,2012-11-04,2016-12-07
Mortgage,Home equity loan or line of credit,Settlement process and costs,,649,2011-12-12,2017-04-18
Mortgage,Home equity loan or line of credit (HELOC),Applying for a mortgage or refinancing an existing mortgage,,1903,2017-04-24,2023-08-24
Mortgage,Home equity loan or line of credit (HELOC),Applying for a mortgage or refinancing an existing mortgage,Application denials,331,2023-08-25,2026-09-21
Mortgage,Home equity loan or line of credit (HELOC),Applying for a mortgage or refinancing an existing mortgage,Changes in loan terms during the application process,143,2023-09-05,2026-09-10
Mortgage,Home equity loan or line of credit (HELOC),Applying for a mortgage or refinancing an existing mortgage,Confusing or misleading advertising or marketing,166,2023-09-01,2026-09-10
Mortgage,Home equity loan or line of credit (HELOC),Applying for a mortgage or refinancing an existing mortgage,Delays in the application process,141,2023-08-25,2026-09-13
Mortgage,Home equity loan or line of credit (HELOC),Applying for a mortgage or refinancing an existing mortgage,Fees or costs during the application process,62,2023-09-25,2026-09-17
Mortgage,Home equity loan or line of credit (HELOC),Applying for a mortgage or refinancing an existing mortgage,Loan estimate or other related disclosures,53,2023-08-30,2026-09-17
Mortgage,Home equity loan or line of credit (HELOC),Applying for a mortgage or refinancing an existing mortgage,Negative impact of inaccurate appraisal,44,2023-11-07,2026-09-14
Mortgage,Home equity loan or line of credit (HELOC),Applying for a mortgage or refinancing an existing mortgage,Trying to communicate with the company to fix an issue with the application process,260,2023-09-01,2026-09-22
Mortgage,Home equity loan or line of credit (HELOC),Closing on a mortgage,,982,2017-04-24,2023-08-23
Mortgage,Home equity loan or line of credit (HELOC),Closing on a mortgage,Changes in loan terms during or after closing,67,2023-10-01,2026-09-19
Mortgage,Home equity loan or line of credit (HELOC),Closing on a mortgage,Closing disclosure or other related disclosures,73,2023-09-16,2026-09-15
Mortgage,Home equity loan or line of credit (HELOC),Closing on a mortgage,Delays with the closing process,102,2023-09-21,2026-09-15
Mortgage,Home equity loan or line of credit (HELOC),Closing on a mortgage,Fees or costs after closing,41,2023-08-28,2026-08-28
Mortgage,Home equity loan or line of credit (HELOC),Closing on a mortgage,Setting up an escrow account for taxes and insurance,3,2024-02-15,2026-03-12
Mortgage,Home equity loan or line of credit (HELOC),Closing on a mortgage,Trying to communicate with the company to fix an issue with the loan closing,165,2023-08-25,2026-09-19
Mortgage,Home equity loan or line of credit (HELOC),Credit monitoring or identity theft protection services,Billing dispute for services,5,2017-08-14,2026-02-04
Mortgage,Home equity loan or line of credit (HELOC),Credit monitoring or identity theft protection services,Problem canceling credit monitoring or identify theft protection service,1,2024-10-22,2024-10-22
Mortgage,Home equity loan or line of credit (HELOC),Credit monitoring or identity theft protection services,Problem with product or service terms changing,4,2023-12-01,2026-08-14
Mortgage,Home equity loan or line of credit (HELOC),Credit monitoring or identity theft protection services,Received unwanted marketing or advertising,2,2021-12-31,2022-07-18
Mortgage,Home equity loan or line of credit (HELOC),Improper use of your report,Credit inquiries on your report that you don't recognize,23,2017-05-26,2025-10-03
Mortgage,Home equity loan or line of credit (HELOC),Improper use of your report,Received unsolicited financial product or insurance offers after opting out,7,2021-11-05,2026-06-18
Mortgage,Home equity loan or line of credit (HELOC),Improper use of your report,Reporting company used your report improperly,32,2017-12-19,2026-08-07
Mortgage,Home equity loan or line of credit (HELOC),Incorrect information on your report,Account information incorrect,87,2017-05-05,2026-08-28
Mortgage,Home equity loan or line of credit (HELOC),Incorrect information on your report,Account status incorrect,206,2017-05-30,2026-09-09
Mortgage,Home equity loan or line of credit (HELOC),Incorrect information on your report,Information belongs to someone else,45,2017-05-30,2026-08-06
Mortgage,Home equity loan or line of credit (HELOC),Incorrect information on your report,Information is missing that should be on the report,11,2017-11-30,2026-04-11
Mortgage,Home equity loan or line of credit (HELOC),Incorrect information on your report,Old information reappears or never goes away,19,2017-05-03,2026-03-17
Mortgage,Home equity loan or line of credit (HELOC),Incorrect information on your report,Personal information incorrect,6,2017-07-14,2025-06-25
Mortgage,Home equity loan or line of credit (HELOC),Incorrect information on your report,Public record information inaccurate,22,2017-07-31,2026-07-11
Mortgage,Home equity loan or line of credit (HELOC),Problem with a company's investigation into an existing problem,Difficulty submitting a dispute or getting information about a dispute over the phone,15,2023-09-15,2026-09-11
Mortgage,Home equity loan or line of credit (HELOC),Problem with a company's investigation into an existing problem,Investigation took more than 30 days,5,2023-09-06,2026-08-11
Mortgage,Home equity loan or line of credit (HELOC),Problem with a company's investigation into an existing problem,Problem with personal statement of dispute,23,2024-02-11,2026-09-03
Mortgage,Home equity loan or line of credit (HELOC),Problem with a company's investigation into an existing problem,Their investigation did not fix an error on your report,43,2023-09-19,2026-08-12
Mortgage,Home equity loan or line of credit (HELOC),Problem with a company's investigation into an existing problem,Was not notified of investigation status or results,16,2023-11-15,2026-07-06
Mortgage,Home equity loan or line of credit (HELOC),Problem with a credit reporting company's investigation into an existing problem,Investigation took more than 30 days,55,2017-07-27,2023-08-16
Mortgage,Home equity loan or line of credit (HELOC),Problem with credit report or credit score,Incorrect information on your report,1,2020-12-29,2020-12-29
Mortgage,Home equity loan or line of credit (HELOC),Problem with fraud alerts or security freezes,,12,2018-03-03,2026-06-19
Mortgage,Home equity loan or line of credit (HELOC),Struggling to pay mortgage,,1768,2017-04-24,2023-08-24
Mortgage,Home equity loan or line of credit (HELOC),Struggling to pay mortgage,"An existing modification, forbearance plan, short sale, or other loss mitigation relief",70,2023-09-08,2026-09-12
Mortgage,Home equity loan or line of credit (HELOC),Struggling to pay mortgage,"Applying for or obtaining a modification, forbearance plan, short sale, or deed-in-lieu",162,2023-09-06,2026-09-11
Mortgage,Home equity loan or line of credit (HELOC),Struggling to pay mortgage,Foreclosure,277,2023-08-30,2026-09-15
Mortgage,Home equity loan or line of credit (HELOC),Struggling to pay mortgage,"Trying to communicate with the company to fix an issue related to modification, forbearance, short sale, deed-in-lieu, bankruptcy, or foreclosure",417,2023-08-31,2026-09-17
Mortgage,Home equity loan or line of credit (HELOC),Trouble during payment process,,4135,2017-04-24,2023-08-23
Mortgage,Home equity loan or line of credit (HELOC),Trouble during payment process,"Escrow, taxes, or insurance",183,2023-08-25,2026-09-16
Mortgage,Home equity loan or line of credit (HELOC),Trouble during payment process,Fees charged,168,2023-09-11,2026-09-18
Mortgage,Home equity loan or line of credit (HELOC),Trouble during payment process,Interest rate,114,2023-08-25,2026-09-11
Mortgage,Home equity loan or line of credit (HELOC),Trouble during payment process,Lien release,110,2023-09-07,2026-09-03
Mortgage,Home equity loan or line of credit (HELOC),Trouble during payment process,Loan sold or transferred to another company,174,2023-08-25,2026-09-08
Mortgage,Home equity loan or line of credit (HELOC),Trouble during payment process,Paying off the loan,234,2023-08-29,2026-09-10
Mortgage,Home equity loan or line of credit (HELOC),Trouble during payment process,Payment process,706,2023-08-29,2026-09-18
Mortgage,Home equity loan or line of credit (HELOC),Trouble during payment process,Private mortgage insurance (PMI),6,2023-11-17,2026-05-23
Mortgage,Home equity loan or line of credit (HELOC),Trouble during payment process,Trying to communicate with the company to fix an issue while managing or servicing your loan,932,2023-08-15,2026-09-24
Mortgage,Home equity loan or line of credit (HELOC),Unable to get your credit report or credit score,Other problem getting your report or credit score,9,2017-11-18,2026-08-24
Mortgage,Home equity loan or line of credit (HELOC),Unable to get your credit report or credit score,Problem getting your free annual credit report,2,2022-09-07,2026-07-13
Mortgage,Manufactured home loan,Applying for a mortgage or refinancing an existing mortgage,Application denials,17,2023-08-31,2026-06-20
Mortgage,Manufactured home loan,Applying for a mortgage or refinancing an existing mortgage,Changes in loan terms during the application process,8,2024-06-04,2026-04-16
Mortgage,Manufactured home loan,Applying for a mortgage or refinancing an existing mortgage,Confusing or misleading advertising or marketing,16,2024-07-16,2026-08-16
Mortgage,Manufactured home loan,Applying for a mortgage or refinancing an existing mortgage,Delays in the application process,14,2024-04-24,2026-08-11
Mortgage,Manufactured home loan,Applying for a mortgage or refinancing an existing mortgage,Fees or costs during the application process,7,2024-05-04,2026-09-24
Mortgage,Manufactured home loan,Applying for a mortgage or refinancing an existing mortgage,Loan estimate or other related disclosures,6,2024-11-26,2026-07-17
Mortgage,Manufactured home loan,Applying for a mortgage or refinancing an existing mortgage,Negative impact of inaccurate appraisal,2,2024-08-07,2026-08-26
Mortgage,Manufactured home loan,Applying for a mortgage or refinancing an existing mortgage,Trying to communicate with the company to fix an issue with the application process,13,2023-12-28,2026-09-09
Mortgage,Manufactured home loan,Closing on a mortgage,Changes in loan terms during or after closing,31,2023-12-04,2026-08-27
Mortgage,Manufactured home loan,Closing on a mortgage,Closing disclosure or other related disclosures,39,2024-04-17,2026-08-31
Mortgage,Manufactured home loan,Closing on a mortgage,Delays with the closing process,10,2023-09-08,2026-08-01
Mortgage,Manufactured home loan,Closing on a mortgage,Fees or costs after closing,11,2025-06-19,2026-07-17
Mortgage,Manufactured home loan,Closing on a mortgage,Trying to communicate with the company to fix an issue with the loan closing,42,2023-09-28,2026-09-15
Mortgage,Manufactured home loan,Credit monitoring or identity theft protection services,Received unwanted marketing or advertising,1,2024-10-21,2024-10-21
Mortgage,Manufactured home loan,Improper use of your report,Reporting company used your report improperly,5,2024-01-04,2026-03-12
Mortgage,Manufactured home loan,Incorrect information on your report,Account information incorrect,7,2024-02-13,2026-06-18
Mortgage,Manufactured home loan,Incorrect information on your report,Account status incorrect,10,2024-07-18,2026-08-08
Mortgage,Manufactured home loan,Incorrect information on your report,Information belongs to someone else,2,2025-04-01,2025-05-28
Mortgage,Manufactured home loan,Incorrect information on your report,Information is missing that should be on the report,1,2024-03-11,2024-03-11
Mortgage,Manufactured home loan,Incorrect information on your report,Old information reappears or never goes away,2,2025-03-07,2026-04-21
Mortgage,Manufactured home loan,Problem with a company's investigation into an existing problem,Difficulty submitting a dispute or getting information about a dispute over the phone,2,2024-06-30,2025-10-28
Mortgage,Manufactured home loan,Problem with a company's investigation into an existing problem,Problem with personal statement of dispute,2,2025-09-24,2026-08-17
Mortgage,Manufactured home loan,Problem with a company's investigation into an existing problem,Their investigation did not fix an error on your report,4,2025-04-27,2026-06-05
Mortgage,Manufactured home loan,Problem with fraud alerts or security freezes,,1,2024-04-21,2024-04-21
Mortgage,Manufactured home loan,Struggling to pay mortgage,"An existing modification, forbearance plan, short sale, or other loss mitigation relief",16,2024-06-04,2026-09-15
Mortgage,Manufactured home loan,Struggling to pay mortgage,"Applying for or obtaining a modification, forbearance plan, short sale, or deed-in-lieu",40,2023-09-05,2026-09-11
Mortgage,Manufactured home loan,Struggling to pay mortgage,Foreclosure,65,2023-09-20,2026-09-18
Mortgage,Manufactured home loan,Struggling to pay mortgage,"Trying to communicate with the company to fix an issue related to modification, forbearance, short sale, deed-in-lieu, bankruptcy, or foreclosure",147,2023-09-08,2026-09-13
Mortgage,Manufactured home loan,Trouble during payment process,"Escrow, taxes, or insurance",85,2023-09-12,2026-09-21
Mortgage,Manufactured home loan,Trouble during payment process,Fees charged,11,2024-11-19,2026-09-05
Mortgage,Manufactured home loan,Trouble during payment process,Interest rate,8,2023-10-12,2026-08-31
Mortgage,Manufactured home loan,Trouble during payment process,Lien release,26,2023-10-25,2026-09-09
Mortgage,Manufactured home loan,Trouble during payment process,Loan sold or transferred to another company,18,2023-09-07,2026-06-05
Mortgage,Manufactured home loan,Trouble during payment process,Paying off the loan,37,2023-09-29,2026-09-26
Mortgage,Manufactured home loan,Trouble during payment process,Payment process,43,2023-09-01,2026-09-04
Mortgage,Manufactured home loan,Trouble during payment process,Private mortgage insurance (PMI),4,2024-09-17,2026-07-02
Mortgage,Manufactured home loan,Trouble during payment process,Trying to communicate with the company to fix an issue while managing or servicing your loan,98,2023-08-29,2026-09-21
Mortgage,Manufactured home loan,Unable to get your credit report or credit score,Other problem getting your report or credit score,1,2025-12-22,2025-12-22
Mortgage,Other mortgage,"Application, originator, mortgage broker",,4291,2011-12-01,2017-04-21
Mortgage,Other mortgage,Credit decision / Underwriting,,1071,2011-12-02,2017-04-20
Mortgage,Other mortgage,"Loan modification,collection,foreclosure",,50675,2011-12-01,2017-04-21
Mortgage,Other mortgage,"Loan servicing, payments, escrow account",,23317,2011-12-01,2017-04-21
Mortgage,Other mortgage,Other,,5203,2011-12-21,2017-04-21
Mortgage,Other mortgage,Settlement process and costs,,2055,2011-12-01,2017-04-20
Mortgage,Other type of mortgage,Applying for a mortgage or refinancing an existing mortgage,,1740,2017-04-28,2023-08-24
Mortgage,Other type of mortgage,Applying for a mortgage or refinancing an existing mortgage,Application denials,80,2023-09-05,2026-09-10
Mortgage,Other type of mortgage,Applying for a mortgage or refinancing an existing mortgage,Changes in loan terms during the application process,35,2023-10-02,2026-09-03
Mortgage,Other type of mortgage,Applying for a mortgage or refinancing an existing mortgage,Confusing or misleading advertising or marketing,74,2023-08-31,2026-09-15
Mortgage,Other type of mortgage,Applying for a mortgage or refinancing an existing mortgage,Delays in the application process,45,2023-09-11,2026-09-16
Mortgage,Other type of mortgage,Applying for a mortgage or refinancing an existing mortgage,Fees or costs during the application process,23,2023-09-18,2026-04-27
Mortgage,Other type of mortgage,Applying for a mortgage or refinancing an existing mortgage,Loan estimate or other related disclosures,19,2023-09-12,2026-09-13
Mortgage,Other type of mortgage,Applying for a mortgage or refinancing an existing mortgage,Negative impact of inaccurate appraisal,16,2023-12-27,2026-03-17
Mortgage,Other type of mortgage,Applying for a mortgage or refinancing an existing mortgage,Trying to communicate with the company to fix an issue with the application process,107,2023-08-30,2026-09-10
Mortgage,Other type of mortgage,Closing on a mortgage,,1517,2017-04-24,2023-08-22
Mortgage,Other type of mortgage,Closing on a mortgage,Changes in loan terms during or after closing,67,2023-09-05,2026-08-18
Mortgage,Other type of mortgage,Closing on a mortgage,Closing disclosure or other related disclosures,84,2023-09-14,2026-09-02
Mortgage,Other type of mortgage,Closing on a mortgage,Delays with the closing process,61,2023-09-05,2026-09-11
Mortgage,Other type of mortgage,Closing on a mortgage,Fees or costs after closing,32,2023-09-20,2026-07-21
Mortgage,Other type of mortgage,Closing on a mortgage,Setting up an escrow account for taxes and insurance,4,2023-10-09,2025-07-09
Mortgage,Other type of mortgage,Closing on a mortgage,Trying to communicate with the company to fix an issue with the loan closing,93,2023-10-07,2026-09-10
Mortgage,Other type of mortgage,Credit monitoring or identity theft protection services,Billing dispute for services,4,2021-05-05,2023-10-31
Mortgage,Other type of mortgage,Credit monitoring or identity theft protection services,Didn't receive services that were advertised,3,2017-08-27,2025-11-29
Mortgage,Other type of mortgage,Credit monitoring or identity theft protection services,Problem canceling credit monitoring or identify theft protection service,1,2026-03-16,2026-03-16
Mortgage,Other type of mortgage,Credit monitoring or identity theft protection services,Problem with product or service terms changing,3,2018-06-01,2025-06-18
Mortgage,Other type of mortgage,Credit monitoring or identity theft protection services,Received unwanted marketing or advertising,4,2019-03-21,2025-02-07
Mortgage,Other type of mortgage,Improper use of your report,Credit inquiries on your report that you don't recognize,38,2017-06-21,2026-09-08
Mortgage,Other type of mortgage,Improper use of your report,Received unsolicited financial product or insurance offers after opting out,8,2018-03-27,2023-09-13
Mortgage,Other type of mortgage,Improper use of your report,Report provided to employer without your written authorization,1,2025-03-19,2025-03-19
Mortgage,Other type of mortgage,Improper use of your report,Reporting company used your report improperly,38,2017-06-24,2026-07-08
Mortgage,Other type of mortgage,Incorrect information on your report,Account information incorrect,92,2017-04-27,2026-08-26
Mortgage,Other type of mortgage,Incorrect information on your report,Account status incorrect,147,2017-04-28,2026-08-13
Mortgage,Other type of mortgage,Incorrect information on your report,Information belongs to someone else,84,2017-05-03,2026-08-19
Mortgage,Other type of mortgage,Incorrect information on your report,Information is missing that should be on the report,22,2017-05-04,2025-12-16
Mortgage,Other type of mortgage,Incorrect information on your report,Old information reappears or never goes away,9,2017-05-18,2021-04-05
Mortgage,Other type of mortgage,Incorrect information on your report,Personal information incorrect,2,2022-07-02,2025-12-07
Mortgage,Other type of mortgage,Incorrect information on your report,Public record information inaccurate,34,2017-06-29,2026-04-13
Mortgage,Other type of mortgage,Problem with a company's investigation into an existing problem,Difficulty submitting a dispute or getting information about a dispute over the phone,12,2023-10-11,2026-04-24
Mortgage,Other type of mortgage,Problem with a company's investigation into an existing problem,Investigation took more than 30 days,3,2024-11-02,2025-07-21
Mortgage,Other type of mortgage,Problem with a company's investigation into an existing problem,Problem with personal statement of dispute,7,2024-01-09,2026-06-24
Mortgage,Other type of mortgage,Problem with a company's investigation into an existing problem,Their investigation did not fix an error on your report,21,2023-09-14,2026-07-21
Mortgage,Other type of mortgage,Problem with a company's investigation into an existing problem,Was not notified of investigation status or results,2,2024-11-10,2025-05-24
Mortgage,Other type of mortgage,Problem with a credit reporting company's investigation into an existing problem,Difficulty submitting a dispute or getting information about a dispute over the phone,7,2017-08-07,2021-06-19
Mortgage,Other type of mortgage,Problem with a credit reporting company's investigation into an existing problem,Investigation took more than 30 days,3,2020-08-07,2022-04-05
Mortgage,Other type of mortgage,Problem with a credit reporting company's investigation into an existing problem,Problem with personal statement of dispute,7,2017-07-25,2022-03-21
Mortgage,Other type of mortgage,Problem with a credit reporting company's investigation into an existing problem,Their investigation did not fix an error on your report,17,2017-07-17,2023-02-17
Mortgage,Other type of mortgage,Problem with a credit reporting company's investigation into an existing problem,Was not notified of investigation status or results,1,2022-02-08,2022-02-08
Mortgage,Other type of mortgage,Problem with fraud alerts or security freezes,,14,2020-10-02,2026-07-01
Mortgage,Other type of mortgage,Struggling to pay mortgage,,5267,2017-04-21,2023-08-24
Mortgage,Other type of mortgage,Struggling to pay mortgage,"An existing modification, forbearance plan, short sale, or other loss mitigation relief",70,2023-09-14,2026-08-27
Mortgage,Other type of mortgage,Struggling to pay mortgage,"Applying for or obtaining a modification, forbearance plan, short sale, or deed-in-lieu",55,2023-08-31,2026-09-17
Mortgage,Other type of mortgage,Struggling to pay mortgage,Foreclosure,128,2023-08-25,2026-09-04
Mortgage,Other type of mortgage,Struggling to pay mortgage,"Trying to communicate with the company to fix an issue related to modification, forbearance, short sale, deed-in-lieu, bankruptcy, or foreclosure",185,2023-08-29,2026-09-17
Mortgage,Other type of mortgage,Trouble during payment process,,6667,2017-04-21,2023-08-24
Mortgage,Other type of mortgage,Trouble during payment process,"Escrow, taxes, or insurance",166,2023-08-25,2026-09-11
Mortgage,Other type of mortgage,Trouble during payment process,Fees charged,72,2023-09-14,2026-09-12
Mortgage,Other type of mortgage,Trouble during payment process,Interest rate,27,2023-12-22,2026-07-01
Mortgage,Other type of mortgage,Trouble during payment process,Lien release,51,2023-09-12,2026-08-27
Mortgage,Other type of mortgage,Trouble during payment process,Loan sold or transferred to another company,65,2023-09-05,2026-08-18
Mortgage,Other type of mortgage,Trouble during payment process,Paying off the loan,110,2023-08-30,2026-09-14
Mortgage,Other type of mortgage,Trouble during payment process,Payment process,134,2023-09-08,2026-09-18
Mortgage,Other type of mortgage,Trouble during payment process,Private mortgage insurance (PMI),5,2023-09-09,2026-03-01
Mortgage,Other type of mortgage,Trouble during payment process,Trying to communicate with the company to fix an issue while managing or servicing your loan,333,2023-09-19,2026-09-14
Mortgage,Other type of mortgage,Unable to get your credit report or credit score,Other problem getting your report or credit score,11,2017-05-05,2026-09-03
Mortgage,Reverse mortgage,"Application, originator, mortgage broker",,310,2011-12-07,2017-04-20
Mortgage,Reverse mortgage,Applying for a mortgage or refinancing an existing mortgage,,346,2017-04-26,2023-08-23
Mortgage,Reverse mortgage,Applying for a mortgage or refinancing an existing mortgage,Application denials,15,2024-01-02,2025-11-06
Mortgage,Reverse mortgage,Applying for a mortgage or refinancing an existing mortgage,Changes in loan terms during the application process,11,2024-04-08,2026-05-30
Mortgage,Reverse mortgage,Applying for a mortgage or refinancing an existing mortgage,Confusing or misleading advertising or marketing,23,2023-09-01,2026-08-27
Mortgage,Reverse mortgage,Applying for a mortgage or refinancing an existing mortgage,Delays in the application process,10,2023-09-02,2026-08-15
Mortgage,Reverse mortgage,Applying for a mortgage or refinancing an existing mortgage,Fees or costs during the application process,5,2024-12-20,2026-03-31
Mortgage,Reverse mortgage,Applying for a mortgage or refinancing an existing mortgage,Loan estimate or other related disclosures,9,2024-06-27,2026-06-26
Mortgage,Reverse mortgage,Applying for a mortgage or refinancing an existing mortgage,Negative impact of inaccurate appraisal,7,2024-04-03,2026-08-14
Mortgage,Reverse mortgage,Applying for a mortgage or refinancing an existing mortgage,Trying to communicate with the company to fix an issue with the application process,46,2023-09-03,2026-08-03
Mortgage,Reverse mortgage,Closing on a mortgage,,349,2017-04-24,2023-08-17
Mortgage,Reverse mortgage,Closing on a mortgage,Changes in loan terms during or after closing,20,2023-08-28,2026-07-22
Mortgage,Reverse mortgage,Closing on a mortgage,Closing disclosure or other related disclosures,33,2023-08-28,2026-09-01
Mortgage,Reverse mortgage,Closing on a mortgage,Delays with the closing process,12,2023-09-11,2026-03-11
Mortgage,Reverse mortgage,Closing on a mortgage,Fees or costs after closing,23,2023-09-19,2026-08-19
Mortgage,Reverse mortgage,Closing on a mortgage,Setting up an escrow account for taxes and insurance,3,2024-01-05,2025-06-02
Mortgage,Reverse mortgage,Closing on a mortgage,Trying to communicate with the company to fix an issue with the loan closing,57,2023-10-02,2026-09-04
Mortgage,Reverse mortgage,Credit decision / Underwriting,,46,2012-03-22,2017-03-30
Mortgage,Reverse mortgage,Credit monitoring or identity theft protection services,Problem canceling credit monitoring or identify theft protection service,1,2025-08-11,2025-08-11
Mortgage,Reverse mortgage,Credit monitoring or identity theft protection services,Received unwanted marketing or advertising,1,2018-02-10,2018-02-10
Mortgage,Reverse mortgage,Improper use of your report,Received unsolicited financial product or insurance offers after opting out,1,2024-04-13,2024-04-13
Mortgage,Reverse mortgage,Improper use of your report,Reporting company used your report improperly,1,2019-10-29,2019-10-29
Mortgage,Reverse mortgage,Incorrect information on your report,Account information incorrect,2,2019-04-10,2025-10-16
Mortgage,Reverse mortgage,Incorrect information on your report,Account status incorrect,4,2019-08-23,2026-09-15
Mortgage,Reverse mortgage,Incorrect information on your report,Information belongs to someone else,5,2022-09-27,2025-05-09
Mortgage,Reverse mortgage,Incorrect information on your report,Information is missing that should be on the report,1,2022-04-12,2022-04-12
Mortgage,Reverse mortgage,Incorrect information on your report,Public record information inaccurate,2,2021-11-23,2026-06-20
Mortgage,Reverse mortgage,"Loan modification,collection,foreclosure",,839,2011-12-30,2017-04-21
Mortgage,Reverse mortgage,"Loan servicing, payments, escrow account",,733,2011-12-01,2017-04-21
Mortgage,Reverse mortgage,Other,,10,2013-11-07,2017-04-10
Mortgage,Reverse mortgage,Problem with a company's investigation into an existing problem,Difficulty submitting a dispute or getting information about a dispute over the phone,2,2023-09-20,2026-08-21
Mortgage,Reverse mortgage,Problem with a company's investigation into an existing problem,Problem with personal statement of dispute,1,2025-10-02,2025-10-02
Mortgage,Reverse mortgage,Problem with a company's investigation into an existing problem,Their investigation did not fix an error on your report,2,2024-04-10,2026-01-14
Mortgage,Reverse mortgage,Problem with a company's investigation into an existing problem,Was not notified of investigation status or results,3,2024-07-01,2026-05-07
Mortgage,Reverse mortgage,Problem with a credit reporting company's investigation into an existing problem,Difficulty submitting a dispute or getting information about a dispute over the phone,2,2018-05-05,2023-02-22
Mortgage,Reverse mortgage,Problem with a credit reporting company's investigation into an existing problem,Investigation took more than 30 days,1,2022-05-11,2022-05-11
Mortgage,Reverse mortgage,Settlement process and costs,,179,2012-02-24,2017-04-17
Mortgage,Reverse mortgage,Struggling to pay mortgage,,525,2017-04-25,2023-08-24
Mortgage,Reverse mortgage,Struggling to pay mortgage,"An existing modification, forbearance plan, short sale, or other loss mitigation relief",20,2023-08-28,2026-08-30
Mortgage,Reverse mortgage,Struggling to pay mortgage,"Applying for or obtaining a modification, forbearance plan, short sale, or deed-in-lieu",19,2023-10-12,2026-09-18
Mortgage,Reverse mortgage,Struggling to pay mortgage,Foreclosure,144,2023-09-01,2026-08-19
Mortgage,Reverse mortgage,Struggling to pay mortgage,"Trying to communicate with the company to fix an issue related to modification, forbearance, short sale, deed-in-lieu, bankruptcy, or foreclosure",131,2023-08-25,2026-09-21
Mortgage,Reverse mortgage,Trouble during payment process,,1065,2017-04-24,2023-08-24
Mortgage,Reverse mortgage,Trouble during payment process,"Escrow, taxes, or insurance",46,2023-09-15,2026-09-08
Mortgage,Reverse mortgage,Trouble during payment process,Fees charged,21,2023-10-06,2026-03-19
Mortgage,Reverse mortgage,Trouble during payment process,Interest rate,7,2024-04-29,2026-04-08
Mortgage,Reverse mortgage,Trouble during payment process,Lien release,15,2023-08-28,2026-06-29
Mortgage,Reverse mortgage,Trouble during payment process,Loan sold or transferred to another company,14,2024-08-26,2026-08-01
Mortgage,Reverse mortgage,Trouble during payment process,Paying off the loan,59,2023-08-28,2026-09-05
Mortgage,Reverse mortgage,Trouble during payment process,Payment process,30,2023-09-01,2026-09-10
Mortgage,Reverse mortgage,Trouble during payment process,Private mortgage insurance (PMI),4,2024-07-01,2026-08-09
Mortgage,Reverse mortgage,Trouble during payment process,Trying to communicate with the company to fix an issue while managing or servicing your loan,191,2023-08-28,2026-09-11
Mortgage,Reverse mortgage,Unable to get your credit report or credit score,Other problem getting your report or credit score,3,2021-03-01,2022-04-06
Mortgage,Second mortgage,"Application, originator, mortgage broker",,32,2012-01-05,2014-08-07
Mortgage,Second mortgage,Credit decision / Underwriting,,8,2012-12-19,2014-05-13
Mortgage,Second mortgage,"Loan modification,collection,foreclosure",,369,2012-01-04,2014-07-10
Mortgage,Second mortgage,"Loan servicing, payments, escrow account",,234,2011-12-16,2014-08-29
Mortgage,Second mortgage,Other,,2,2014-06-11,2016-03-10
Mortgage,Second mortgage,Settlement process and costs,,17,2012-04-13,2014-06-26
Mortgage,USDA mortgage,Applying for a mortgage or refinancing an existing mortgage,Application denials,23,2023-12-17,2026-09-14
Mortgage,USDA mortgage,Applying for a mortgage or refinancing an existing mortgage,Changes in loan terms during the application process,5,2023-12-28,2025-12-28
Mortgage,USDA mortgage,Applying for a mortgage or refinancing an existing mortgage,Confusing or misleading advertising or marketing,4,2024-06-14,2026-03-30
Mortgage,USDA mortgage,Applying for a mortgage or refinancing an existing mortgage,Delays in the application process,5,2023-12-04,2026-04-13
Mortgage,USDA mortgage,Applying for a mortgage or refinancing an existing mortgage,Fees or costs during the application process,1,2024-01-02,2024-01-02
Mortgage,USDA mortgage,Applying for a mortgage or refinancing an existing mortgage,Negative impact of inaccurate appraisal,4,2023-12-25,2026-08-25
Mortgage,USDA mortgage,Applying for a mortgage or refinancing an existing mortgage,Trying to communicate with the company to fix an issue with the application process,10,2023-08-29,2025-07-25
Mortgage,USDA mortgage,Closing on a mortgage,Changes in loan terms during or after closing,9,2023-10-02,2026-07-01
Mortgage,USDA mortgage,Closing on a mortgage,Closing disclosure or other related disclosures,15,2023-12-01,2026-06-29
Mortgage,USDA mortgage,Closing on a mortgage,Delays with the closing process,5,2025-05-14,2026-06-16
Mortgage,USDA mortgage,Closing on a mortgage,Fees or costs after closing,3,2023-10-06,2026-04-13
Mortgage,USDA mortgage,Closing on a mortgage,Trying to communicate with the company to fix an issue with the loan closing,6,2025-03-17,2026-07-29
Mortgage,USDA mortgage,Credit monitoring or identity theft protection services,Problem canceling credit monitoring or identify theft protection service,1,2025-04-21,2025-04-21
Mortgage,USDA mortgage,Improper use of your report,Credit inquiries on your report that you don't recognize,1,2024-03-03,2024-03-03
Mortgage,USDA mortgage,Improper use of your report,Reporting company used your report improperly,1,2024-09-24,2024-09-24
Mortgage,USDA mortgage,Incorrect information on your report,Account information incorrect,5,2025-03-28,2026-07-26
Mortgage,USDA mortgage,Incorrect information on your report,Account status incorrect,11,2023-09-21,2026-09-02
Mortgage,USDA mortgage,Incorrect information on your report,Information is missing that should be on the report,1,2024-09-09,2024-09-09
Mortgage,USDA mortgage,Incorrect information on your report,Old information reappears or never goes away,2,2025-03-11,2026-04-09
Mortgage,USDA mortgage,Incorrect information on your report,Personal information incorrect,1,2025-05-30,2025-05-30
Mortgage,USDA mortgage,Problem with a company's investigation into an existing problem,Difficulty submitting a dispute or getting information about a dispute over the phone,2,2024-02-01,2025-11-20
Mortgage,USDA mortgage,Problem with a company's investigation into an existing problem,Problem with personal statement of dispute,1,2024-09-30,2024-09-30
Mortgage,USDA mortgage,Problem with a company's investigation into an existing problem,Their investigation did not fix an error on your report,5,2023-10-10,2025-12-22
Mortgage,USDA mortgage,Struggling to pay mortgage,"An existing modification, forbearance plan, short sale, or other loss mitigation relief",56,2023-08-29,2026-09-02
Mortgage,USDA mortgage,Struggling to pay mortgage,"Applying for or obtaining a modification, forbearance plan, short sale, or deed-in-lieu",107,2023-09-22,2026-09-12
Mortgage,USDA mortgage,Struggling to pay mortgage,Foreclosure,57,2023-09-08,2026-08-03
Mortgage,USDA mortgage,Struggling to pay mortgage,"Trying to communicate with the company to fix an issue related to modification, forbearance, short sale, deed-in-lieu, bankruptcy, or foreclosure",181,2023-09-07,2026-09-16
Mortgage,USDA mortgage,Trouble during payment process,"Escrow, taxes, or insurance",88,2023-09-10,2026-09-02
Mortgage,USDA mortgage,Trouble during payment process,Fees charged,7,2023-11-09,2025-12-29
Mortgage,USDA mortgage,Trouble during payment process,Lien release,2,2026-06-04,2026-08-26
Mortgage,USDA mortgage,Trouble during payment process,Loan sold or transferred to another company,19,2024-07-23,2026-08-18
Mortgage,USDA mortgage,Trouble during payment process,Paying off the loan,7,2023-09-25,2026-06-25
Mortgage,USDA mortgage,Trouble during payment process,Payment process,61,2023-09-08,2026-09-15
Mortgage,USDA mortgage,Trouble during payment process,Private mortgage insurance (PMI),3,2023-10-10,2024-06-05
Mortgage,USDA mortgage,Trouble during payment process,Trying to communicate with the company to fix an issue while managing or servicing your loan,75,2023-08-29,2026-09-14
Mortgage,VA mortgage,"Application, originator, mortgage broker",,785,2011-12-14,2017-04-21
Mortgage,VA mortgage,Applying for a mortgage or refinancing an existing mortgage,,1872,2017-04-24,2023-08-21
Mortgage,VA mortgage,Applying for a mortgage or refinancing an existing mortgage,Application denials,142,2023-09-01,2026-09-01
Mortgage,VA mortgage,Applying for a mortgage or refinancing an existing mortgage,Changes in loan terms during the application process,95,2023-09-17,2026-08-28
Mortgage,VA mortgage,Applying for a mortgage or refinancing an existing mortgage,Confusing or misleading advertising or marketing,188,2023-09-01,2026-09-15
Mortgage,VA mortgage,Applying for a mortgage or refinancing an existing mortgage,Delays in the application process,231,2023-08-31,2026-09-22
Mortgage,VA mortgage,Applying for a mortgage or refinancing an existing mortgage,Fees or costs during the application process,68,2023-08-31,2026-09-18
Mortgage,VA mortgage,Applying for a mortgage or refinancing an existing mortgage,Loan estimate or other related disclosures,66,2023-09-12,2026-09-01
Mortgage,VA mortgage,Applying for a mortgage or refinancing an existing mortgage,Negative impact of inaccurate appraisal,16,2023-12-15,2026-09-05
Mortgage,VA mortgage,Applying for a mortgage or refinancing an existing mortgage,Trying to communicate with the company to fix an issue with the application process,228,2023-08-29,2026-09-18
Mortgage,VA mortgage,Closing on a mortgage,,1094,2017-04-24,2023-08-24
Mortgage,VA mortgage,Closing on a mortgage,Changes in loan terms during or after closing,128,2023-08-29,2026-09-17
Mortgage,VA mortgage,Closing on a mortgage,Closing disclosure or other related disclosures,230,2023-08-28,2026-09-15
Mortgage,VA mortgage,Closing on a mortgage,Delays with the closing process,259,2023-08-29,2026-09-14
Mortgage,VA mortgage,Closing on a mortgage,Fees or costs after closing,78,2023-08-31,2026-09-14
Mortgage,VA mortgage,Closing on a mortgage,Setting up an escrow account for taxes and insurance,27,2023-09-12,2026-07-01
Mortgage,VA mortgage,Closing on a mortgage,Trying to communicate with the company to fix an issue with the loan closing,208,2023-08-31,2026-09-16
Mortgage,VA mortgage,Credit decision / Underwriting,,241,2011-12-05,2017-04-20
Mortgage,VA mortgage,Credit monitoring or identity theft protection services,Billing dispute for services,12,2019-10-11,2026-05-29
Mortgage,VA mortgage,Credit monitoring or identity theft protection services,Didn't receive services that were advertised,1,2025-11-30,2025-11-30
Mortgage,VA mortgage,Credit monitoring or identity theft protection services,Received unwanted marketing or advertising,3,2018-03-09,2025-04-11
Mortgage,VA mortgage,Improper use of your report,Credit inquiries on your report that you don't recognize,9,2017-06-07,2026-02-02
Mortgage,VA mortgage,Improper use of your report,Received unsolicited financial product or insurance offers after opting out,5,2021-07-30,2025-12-03
Mortgage,VA mortgage,Improper use of your report,Report provided to employer without your written authorization,4,2022-04-14,2022-04-14
Mortgage,VA mortgage,Improper use of your report,Reporting company used your report improperly,38,2018-01-08,2026-08-06
Mortgage,VA mortgage,Incorrect information on your report,Account information incorrect,142,2017-05-02,2026-09-12
Mortgage,VA mortgage,Incorrect information on your report,Account status incorrect,276,2017-05-30,2026-09-13
Mortgage,VA mortgage,Incorrect information on your report,Information belongs to someone else,14,2017-06-16,2026-07-07
Mortgage,VA mortgage,Incorrect information on your report,Information is missing that should be on the report,27,2018-01-25,2026-09-12
Mortgage,VA mortgage,Incorrect information on your report,Old information reappears or never goes away,7,2018-01-27,2026-09-09
Mortgage,VA mortgage,Incorrect information on your report,Personal information incorrect,5,2017-10-18,2025-06-04
Mortgage,VA mortgage,Incorrect information on your report,Public record information inaccurate,14,2018-06-11,2026-08-05
Mortgage,VA mortgage,"Loan modification,collection,foreclosure",,1791,2011-12-06,2017-04-21
Mortgage,VA mortgage,"Loan servicing, payments, escrow account",,2009,2011-12-08,2017-04-21
Mortgage,VA mortgage,Other,,6,2012-01-30,2017-01-27
Mortgage,VA mortgage,Problem with a company's investigation into an existing problem,Difficulty submitting a dispute or getting information about a dispute over the phone,7,2023-09-25,2026-01-29
Mortgage,VA mortgage,Problem with a company's investigation into an existing problem,Investigation took more than 30 days,4,2025-07-22,2026-05-06
Mortgage,VA mortgage,Problem with a company's investigation into an existing problem,Problem with personal statement of dispute,34,2023-10-04,2026-09-13
Mortgage,VA mortgage,Problem with a company's investigation into an existing problem,Their investigation did not fix an error on your report,50,2024-01-06,2026-09-11
Mortgage,VA mortgage,Problem with a company's investigation into an existing problem,Was not notified of investigation status or results,10,2024-02-02,2026-07-19
Mortgage,VA mortgage,Problem with a credit reporting company's investigation into an existing problem,Difficulty submitting a dispute or getting information about a dispute over the phone,16,2017-08-04,2022-09-23
Mortgage,VA mortgage,Problem with a credit reporting company's investigation into an existing problem,Investigation took more than 30 days,5,2017-06-08,2022-08-09
Mortgage,VA mortgage,Problem with a credit reporting company's investigation into an existing problem,Problem with personal statement of dispute,15,2017-10-11,2023-06-23
Mortgage,VA mortgage,Problem with a credit reporting company's investigation into an existing problem,Their investigation did not fix an error on your report,47,2017-07-06,2023-08-14
Mortgage,VA mortgage,Problem with a credit reporting company's investigation into an existing problem,Was not notified of investigation status or results,5,2017-06-09,2022-02-11
Mortgage,VA mortgage,Problem with credit report or credit score,Incorrect information on your report,1,2021-01-28,2021-01-28
Mortgage,VA mortgage,Problem with credit report or credit score,Problem with a credit reporting company's investigation into an existing problem,1,2021-02-10,2021-02-10
Mortgage,VA mortgage,Problem with fraud alerts or security freezes,,5,2020-09-14,2025-12-06
Mortgage,VA mortgage,Settlement process and costs,,359,2012-01-26,2017-04-20
Mortgage,VA mortgage,Struggling to pay mortgage,,2165,2017-04-24,2023-08-24
Mortgage,VA mortgage,Struggling to pay mortgage,"An existing modification, forbearance plan, short sale, or other loss mitigation relief",327,2023-09-06,2026-09-12
Mortgage,VA mortgage,Struggling to pay mortgage,"Applying for or obtaining a modification, forbearance plan, short sale, or deed-in-lieu",467,2023-08-29,2026-09-17
Mortgage,VA mortgage,Struggling to pay mortgage,Foreclosure,235,2023-08-28,2026-09-18
Mortgage,VA mortgage,Struggling to pay mortgage,"Trying to communicate with the company to fix an issue related to modification, forbearance, short sale, deed-in-lieu, bankruptcy, or foreclosure",876,2023-08-24,2026-09-14
Mortgage,VA mortgage,Trouble during payment process,,4738,2017-04-24,2023-08-24
Mortgage,VA mortgage,Trouble during payment process,"Escrow, taxes, or insurance",1554,2023-08-26,2026-09-25
Mortgage,VA mortgage,Trouble during payment process,Fees charged,145,2023-08-30,2026-08-15
Mortgage,VA mortgage,Trouble during payment process,Interest rate,95,2023-10-24,2026-07-12
Mortgage,VA mortgage,Trouble during payment process,Lien release,28,2024-02-04,2026-09-04
Mortgage,VA mortgage,Trouble during payment process,Loan sold or transferred to another company,235,2023-08-29,2026-09-13
Mortgage,VA mortgage,Trouble during payment process,Paying off the loan,103,2023-11-01,2026-08-20
Mortgage,VA mortgage,Trouble during payment process,Payment process,791,2023-08-23,2026-09-18
Mortgage,VA mortgage,Trouble during payment process,Private mortgage insurance (PMI),13,2023-09-26,2026-07-15
Mortgage,VA mortgage,Trouble during payment process,Trying to communicate with the company to fix an issue while managing or servicing your loan,1003,2023-08-26,2026-09-21
Mortgage,VA mortgage,Unable to get your credit report or credit score,Other problem getting your report or credit score,10,2018-01-27,2026-08-10
Other financial service,Check cashing,Advertising and marketing,,4,2014-09-04,2016-09-26
Other financial service,Check cashing,Customer service/Customer relations,,118,2014-07-21,2017-04-21
Other financial service,Check cashing,Disclosures,,16,2014-10-25,2017-03-17
Other financial service,Check cashing,Excessive fees,,17,2014-08-26,2017-01-31
Other financial service,Check cashing,Fraud or scam,,85,2014-07-25,2017-04-17
Other financial service,Check cashing,Unexpected/Other fees,,26,2015-01-26,2017-01-23
Other financial service,Credit repair,Advertising and marketing,,8,2015-03-13,2017-04-13
Other financial service,Credit repair,Customer service/Customer relations,,25,2014-08-04,2017-03-21
Other financial service,Credit repair,Disclosures,,6,2014-10-20,2017-04-21
Other financial service,Credit repair,Excessive fees,,10,2014-08-25,2016-12-14
Other financial service,Credit repair,Fraud or scam,,36,2014-08-05,2017-04-05
Other financial service,Credit repair,Unexpected/Other fees,,17,2014-09-17,2017-04-04
Other financial service,Debt settlement,Advertising and marketing,,13,2014-11-10,2017-03-21
Other financial service,Debt settlement,Customer service/Customer relations,,58,2014-07-21,2017-03-07
Other financial service,Debt settlement,Disclosures,,18,2015-03-04,2017-04-08
Other financial service,Debt settlement,Excessive fees,,46,2014-09-03,2017-04-18
Other financial service,Debt settlement,Fraud or scam,,166,2014-07-28,2017-04-21
Other financial service,Debt settlement,Unexpected/Other fees,,30,2014-11-13,2017-04-05
Other financial service,Foreign currency exchange,Advertising and marketing,,2,2016-03-21,2017-01-23
Other financial service,Foreign currency exchange,Customer service/Customer relations,,8,2015-05-29,2017-04-04
Other financial service,Foreign currency exchange,Disclosures,,2,2015-05-29,2015-07-21
Other financial service,Foreign currency exchange,Excessive fees,,5,2015-06-16,2016-02-17
Other financial service,Foreign currency exchange,Fraud or scam,,14,2014-09-30,2016-11-24
Other financial service,Foreign currency exchange,Incorrect exchange rate,,22,2014-08-11,2016-11-10
Other financial service,Foreign currency exchange,Unexpected/Other fees,,5,2014-08-01,2016-04-23
Other financial service,Money order,Advertising and marketing,,4,2015-03-10,2016-12-13
Other financial service,Money order,Customer service/Customer relations,,29,2014-08-29,2017-04-05
Other financial service,Money order,Disclosures,,2,2014-10-28,2017-02-01
Other financial service,Money order,Excessive fees,,18,2015-07-27,2017-01-06
Other financial service,Money order,Fraud or scam,,26,2014-09-05,2017-04-13
Other financial service,Money order,Lost or stolen money order,,46,2014-07-24,2017-04-17
Other financial service,Money order,Unexpected/Other fees,,18,2015-01-10,2016-12-26
Other financial service,Refund anticipation check,Advertising and marketing,,2,2014-10-16,2016-04-02
Other financial service,Refund anticipation check,Customer service/Customer relations,,20,2014-11-26,2017-03-28
Other financial service,Refund anticipation check,Disclosures,,2,2016-03-17,2016-06-10
Other financial service,Refund anticipation check,Excessive fees,,2,2016-01-25,2016-10-02
Other financial service,Refund anticipation check,Fraud or scam,,26,2014-11-17,2017-03-22
Other financial service,Refund anticipation check,Lost or stolen check,,11,2014-07-19,2016-11-21
Other financial service,Refund anticipation check,Unexpected/Other fees,,5,2014-08-21,2017-03-09
Other financial service,Traveler’s/Cashier’s checks,Customer service/Customer relations,,25,2014-07-23,2017-03-14
Other financial service,Traveler’s/Cashier’s checks,Disclosures,,3,2014-08-11,2017-03-08
Other financial service,Traveler’s/Cashier’s checks,Excessive fees,,1,2016-03-21,2016-03-21
Other financial service,Traveler’s/Cashier’s checks,Fraud or scam,,25,2014-08-12,2017-04-12
Other financial service,Traveler’s/Cashier’s checks,Lost or stolen check,,32,2014-07-24,2017-04-04
Other financial service,Traveler’s/Cashier’s checks,Unexpected/Other fees,,2,2015-05-21,2017-04-11
Payday loan,,Applied for loan/did not receive money,,306,2013-11-07,2017-04-19
Payday loan,,Can't contact lender,,1010,2013-11-07,2017-04-21
Payday loan,,Can't stop charges to bank account,,497,2013-11-08,2017-04-20
Payday loan,,Charged bank acct wrong day or amt,,286,2013-11-07,2017-04-20
Payday loan,,Charged fees or interest I didn't expect,,2458,2013-11-06,2017-04-21
Payday loan,,Payment to acct not credited,,381,2013-11-07,2017-04-19
Payday loan,,Received a loan I didn't apply for,,590,2013-11-08,2017-04-19
"Payday loan, title loan, or personal loan",,Improper use of your report,Credit inquiries on your report that you don't recognize,3,2021-05-24,2021-05-24
"Payday loan, title loan, or personal loan",,Incorrect information on your report,Account information incorrect,10,2021-02-12,2022-04-18
"Payday loan, title loan, or personal loan",,Incorrect information on your report,Account status incorrect,2,2021-10-22,2021-10-22
"Payday loan, title loan, or personal loan",,Incorrect information on your report,Information belongs to someone else,17,2021-07-21,2022-07-15
"Payday loan, title loan, or personal loan",,Problem with a credit reporting company's investigation into an existing problem,Difficulty submitting a dispute or getting information about a dispute over the phone,1,2017-08-14,2017-08-14
"Payday loan, title loan, or personal loan",,Problem with a credit reporting company's investigation into an existing problem,Was not notified of investigation status or results,1,2021-03-22,2021-03-22
"Payday loan, title loan, or personal loan",Installment loan,Charged fees or interest you didn't expect,,3255,2017-04-24,2023-08-24
"Payday loan, title loan, or personal loan",Installment loan,Credit monitoring or identity theft protection services,Billing dispute for services,17,2018-07-11,2023-04-27
"Payday loan, title loan, or personal loan",Installment loan,Credit monitoring or identity theft protection services,Didn't receive services that were advertised,12,2017-05-09,2022-09-16
"Payday loan, title loan, or personal loan",Installment loan,Credit monitoring or identity theft protection services,Problem canceling credit monitoring or identify theft protection service,6,2017-05-17,2022-10-07
"Payday loan, title loan, or personal loan",Installment loan,Credit monitoring or identity theft protection services,Problem with product or service terms changing,3,2020-02-06,2022-01-12
"Payday loan, title loan, or personal loan",Installment loan,Credit monitoring or identity theft protection services,Received unwanted marketing or advertising,4,2019-09-23,2022-06-01
"Payday loan, title loan, or personal loan",Installment loan,Getting the loan,,2320,2017-04-25,2023-08-24
"Payday loan, title loan, or personal loan",Installment loan,Improper use of your report,Credit inquiries on your report that you don't recognize,90,2017-04-24,2023-07-30
"Payday loan, title loan, or personal loan",Installment loan,Improper use of your report,Received unsolicited financial product or insurance offers after opting out,3,2018-01-20,2022-02-07
"Payday loan, title loan, or personal loan",Installment loan,Improper use of your report,Report provided to employer without your written authorization,4,2020-08-31,2023-02-22
"Payday loan, title loan, or personal loan",Installment loan,Improper use of your report,Reporting company used your report improperly,115,2017-06-13,2023-08-23
"Payday loan, title loan, or personal loan",Installment loan,Incorrect information on your report,Account information incorrect,273,2017-05-03,2023-08-20
"Payday loan, title loan, or personal loan",Installment loan,Incorrect information on your report,Account status incorrect,314,2017-05-23,2023-08-20
"Payday loan, title loan, or personal loan",Installment loan,Incorrect information on your report,Information belongs to someone else,263,2017-04-28,2023-08-23
"Payday loan, title loan, or personal loan",Installment loan,Incorrect information on your report,Information is missing that should be on the report,28,2018-10-10,2023-08-10
"Payday loan, title loan, or personal loan",Installment loan,Incorrect information on your report,Old information reappears or never goes away,31,2017-04-29,2023-07-19
"Payday loan, title loan, or personal loan",Installment loan,Incorrect information on your report,Personal information incorrect,12,2017-05-04,2023-03-31
"Payday loan, title loan, or personal loan",Installment loan,Incorrect information on your report,Public record information inaccurate,9,2017-07-13,2023-03-10
"Payday loan, title loan, or personal loan",Installment loan,Problem when making payments,,2635,2017-04-24,2023-08-24
"Payday loan, title loan, or personal loan",Installment loan,Problem with a credit reporting company's investigation into an existing problem,Difficulty submitting a dispute or getting information about a dispute over the phone,27,2017-04-24,2023-08-08
"Payday loan, title loan, or personal loan",Installment loan,Problem with a credit reporting company's investigation into an existing problem,Investigation took more than 30 days,11,2019-03-06,2023-04-10
"Payday loan, title loan, or personal loan",Installment loan,Problem with a credit reporting company's investigation into an existing problem,Problem with personal statement of dispute,23,2018-02-28,2023-03-15
"Payday loan, title loan, or personal loan",Installment loan,Problem with a credit reporting company's investigation into an existing problem,Their investigation did not fix an error on your report,103,2017-05-18,2023-08-22
"Payday loan, title loan, or personal loan",Installment loan,Problem with a credit reporting company's investigation into an existing problem,Was not notified of investigation status or results,67,2017-07-15,2023-05-10
"Payday loan, title loan, or personal loan",Installment loan,Problem with additional add-on products or services,,694,2017-04-24,2023-08-20
"Payday loan, title loan, or personal loan",Installment loan,Problem with fraud alerts or security freezes,,10,2017-07-07,2023-04-25
"Payday loan, title loan, or personal loan",Installment loan,Problem with the payoff process at the end of the loan,,1327,2017-04-24,2023-08-24
"Payday loan, title loan, or personal loan",Installment loan,Struggling to pay your loan,,1746,2017-04-24,2023-08-23
"Payday loan, title loan, or personal loan",Installment loan,Unable to get your credit report or credit score,Other problem getting your report or credit score,14,2017-10-18,2023-06-28
"Payday loan, title loan, or personal loan",Pawn loan,Can't contact lender or servicer,,10,2018-10-27,2023-03-14
"Payday loan, title loan, or personal loan",Pawn loan,Charged fees or interest you didn't expect,,38,2017-07-08,2023-08-19
"Payday loan, title loan, or personal loan",Pawn loan,Incorrect information on your report,Account information incorrect,1,2022-04-21,2022-04-21
"Payday loan, title loan, or personal loan",Pawn loan,Property was damaged or destroyed property,,7,2017-08-24,2023-03-22
"Payday loan, title loan, or personal loan",Pawn loan,Property was sold,,10,2017-05-22,2023-08-05
"Payday loan, title loan, or personal loan",Pawn loan,Received a loan you didn't apply for,,5,2019-09-27,2023-03-24
"Payday loan, title loan, or personal loan",Pawn loan,"Was approved for a loan, but didn't receive the money",,5,2023-04-17,2023-08-15
"Payday loan, title loan, or personal loan",Payday loan,Can't contact lender or servicer,,493,2017-04-24,2023-08-24
"Payday loan, title loan, or personal loan",Payday loan,Can't stop withdrawals from your bank account,,465,2017-05-05,2023-08-24
"Payday loan, title loan, or personal loan",Payday loan,Charged fees or interest you didn't expect,,1857,2017-04-24,2023-08-24
"Payday loan, title loan, or personal loan",Payday loan,Credit monitoring or identity theft protection services,Billing dispute for services,12,2017-07-17,2023-03-06
"Payday loan, title loan, or personal loan",Payday loan,Credit monitoring or identity theft protection services,Didn't receive services that were advertised,2,2018-11-15,2023-03-05
"Payday loan, title loan, or personal loan",Payday loan,Credit monitoring or identity theft protection services,Problem canceling credit monitoring or identify theft protection service,3,2019-07-08,2023-03-06
"Payday loan, title loan, or personal loan",Payday loan,Credit monitoring or identity theft protection services,Problem with product or service terms changing,2,2017-04-27,2018-05-19
"Payday loan, title loan, or personal loan",Payday loan,Credit monitoring or identity theft protection services,Received unwanted marketing or advertising,2,2019-02-13,2019-07-29
"Payday loan, title loan, or personal loan",Payday loan,Improper use of your report,Credit inquiries on your report that you don't recognize,30,2017-06-13,2023-05-16
"Payday loan, title loan, or personal loan",Payday loan,Improper use of your report,Received unsolicited financial product or insurance offers after opting out,2,2019-05-06,2020-09-16
"Payday loan, title loan, or personal loan",Payday loan,Improper use of your report,Report provided to employer without your written authorization,3,2019-11-05,2022-07-28
"Payday loan, title loan, or personal loan",Payday loan,Improper use of your report,Reporting company used your report improperly,54,2017-05-22,2023-08-01
"Payday loan, title loan, or personal loan",Payday loan,Incorrect information on your report,Account information incorrect,96,2017-05-10,2023-08-10
"Payday loan, title loan, or personal loan",Payday loan,Incorrect information on your report,Account status incorrect,71,2017-06-05,2023-08-10
"Payday loan, title loan, or personal loan",Payday loan,Incorrect information on your report,Information belongs to someone else,102,2017-06-15,2023-08-22
"Payday loan, title loan, or personal loan",Payday loan,Incorrect information on your report,Information is missing that should be on the report,6,2017-12-09,2023-03-27
"Payday loan, title loan, or personal loan",Payday loan,Incorrect information on your report,Old information reappears or never goes away,25,2017-11-09,2023-02-06
"Payday loan, title loan, or personal loan",Payday loan,Incorrect information on your report,Personal information incorrect,8,2018-01-17,2022-12-09
"Payday loan, title loan, or personal loan",Payday loan,Incorrect information on your report,Public record information inaccurate,3,2017-10-11,2018-09-05
"Payday loan, title loan, or personal loan",Payday loan,Loan payment wasn't credited to your account,,308,2017-04-27,2023-08-23
"Payday loan, title loan, or personal loan",Payday loan,Money was taken from your bank account on the wrong day or for the wrong amount,,317,2017-05-02,2023-08-23
"Payday loan, title loan, or personal loan",Payday loan,Problem with a credit reporting company's investigation into an existing problem,Investigation took more than 30 days,19,2017-12-08,2023-04-05
"Payday loan, title loan, or personal loan",Payday loan,Problem with a credit reporting company's investigation into an existing problem,Their investigation did not fix an error on your report,60,2017-05-18,2023-07-26
"Payday loan, title loan, or personal loan",Payday loan,Problem with a credit reporting company's investigation into an existing problem,Was not notified of investigation status or results,7,2022-02-18,2023-08-19
"Payday loan, title loan, or personal loan",Payday loan,Problem with fraud alerts or security freezes,,4,2019-08-29,2022-02-12
"Payday loan, title loan, or personal loan",Payday loan,Problem with the payoff process at the end of the loan,,489,2017-05-03,2023-08-20
"Payday loan, title loan, or personal loan",Payday loan,Received a loan you didn't apply for,,745,2017-04-29,2023-08-23
"Payday loan, title loan, or personal loan",Payday loan,Struggling to pay your loan,,1486,2017-04-24,2023-08-24
"Payday loan, title loan, or personal loan",Payday loan,Unable to get your credit report or credit score,Other problem getting your report or credit score,7,2018-01-16,2023-01-21
"Payday loan, title loan, or personal loan",Payday loan,Unable to get your credit report or credit score,Problem getting your free annual credit report,2,2017-08-10,2022-03-02
"Payday loan, title loan, or personal loan",Payday loan,"Was approved for a loan, but didn't receive the money",,283,2017-05-09,2023-08-23
"Payday loan, title loan, or personal loan",Personal line of credit,Charged fees or interest you didn't expect,,1492,2017-04-24,2023-08-24
"Payday loan, title loan, or personal loan",Personal line of credit,Credit limit changed,,195,2017-04-24,2023-08-16
"Payday loan, title loan, or personal loan",Personal line of credit,Credit monitoring or identity theft protection services,Billing dispute for services,23,2017-11-09,2023-07-06
"Payday loan, title loan, or personal loan",Personal line of credit,Credit monitoring or identity theft protection services,Didn't receive services that were advertised,6,2018-04-22,2022-01-28
"Payday loan, title loan, or personal loan",Personal line of credit,Credit monitoring or identity theft protection services,Problem canceling credit monitoring or identify theft protection service,5,2018-07-17,2023-01-25
"Payday loan, title loan, or personal loan",Personal line of credit,Credit monitoring or identity theft protection services,Problem with product or service terms changing,3,2020-09-26,2023-07-28
"Payday loan, title loan, or personal loan",Personal line of credit,Credit monitoring or identity theft protection services,Received unwanted marketing or advertising,3,2017-09-25,2020-11-25
"Payday loan, title loan, or personal loan",Personal line of credit,Getting a line of credit,,1875,2017-04-25,2023-08-24
"Payday loan, title loan, or personal loan",Personal line of credit,Improper use of your report,Credit inquiries on your report that you don't recognize,65,2017-06-26,2023-08-17
"Payday loan, title loan, or personal loan",Personal line of credit,Improper use of your report,Received unsolicited financial product or insurance offers after opting out,7,2017-08-28,2023-06-15
"Payday loan, title loan, or personal loan",Personal line of credit,Improper use of your report,Report provided to employer without your written authorization,3,2018-01-10,2022-12-26
"Payday loan, title loan, or personal loan",Personal line of credit,Improper use of your report,Reporting company used your report improperly,50,2017-04-24,2023-08-22
"Payday loan, title loan, or personal loan",Personal line of credit,Incorrect information on your report,Account information incorrect,135,2017-06-28,2023-08-06
"Payday loan, title loan, or personal loan",Personal line of credit,Incorrect information on your report,Account status incorrect,115,2017-05-06,2023-08-01
"Payday loan, title loan, or personal loan",Personal line of credit,Incorrect information on your report,Information belongs to someone else,178,2017-06-02,2023-08-16
"Payday loan, title loan, or personal loan",Personal line of credit,Incorrect information on your report,Information is missing that should be on the report,9,2018-01-10,2023-07-01
"Payday loan, title loan, or personal loan",Personal line of credit,Incorrect information on your report,Old information reappears or never goes away,14,2019-02-09,2023-06-21
"Payday loan, title loan, or personal loan",Personal line of credit,Incorrect information on your report,Personal information incorrect,8,2019-06-12,2022-10-01
"Payday loan, title loan, or personal loan",Personal line of credit,Incorrect information on your report,Public record information inaccurate,9,2017-06-02,2023-06-27
"Payday loan, title loan, or personal loan",Personal line of credit,Problem when making payments,,1323,2017-05-01,2023-08-24
"Payday loan, title loan, or personal loan",Personal line of credit,Problem with a credit reporting company's investigation into an existing problem,Difficulty submitting a dispute or getting information about a dispute over the phone,16,2017-09-25,2023-06-09
"Payday loan, title loan, or personal loan",Personal line of credit,Problem with a credit reporting company's investigation into an existing problem,Investigation took more than 30 days,4,2017-06-07,2023-02-03
"Payday loan, title loan, or personal loan",Personal line of credit,Problem with a credit reporting company's investigation into an existing problem,Problem with personal statement of dispute,16,2017-12-11,2023-07-10
"Payday loan, title loan, or personal loan",Personal line of credit,Problem with a credit reporting company's investigation into an existing problem,Their investigation did not fix an error on your report,64,2017-10-24,2023-07-13
"Payday loan, title loan, or personal loan",Personal line of credit,Problem with a credit reporting company's investigation into an existing problem,Was not notified of investigation status or results,7,2017-05-17,2023-05-30
"Payday loan, title loan, or personal loan",Personal line of credit,Problem with additional add-on products or services,,392,2017-04-27,2023-08-23
"Payday loan, title loan, or personal loan",Personal line of credit,Problem with cash advance,,170,2017-05-18,2023-08-21
"Payday loan, title loan, or personal loan",Personal line of credit,Problem with credit report or credit score,,1,2017-08-07,2017-08-07
"Payday loan, title loan, or personal loan",Personal line of credit,Problem with fraud alerts or security freezes,,18,2018-01-24,2023-03-16
"Payday loan, title loan, or personal loan",Personal line of credit,Problem with the payoff process at the end of the loan,,634,2017-05-02,2023-08-18
"Payday loan, title loan, or personal loan",Personal line of credit,Struggling to pay your loan,,516,2017-05-04,2023-08-24
"Payday loan, title loan, or personal loan",Personal line of credit,Unable to get your credit report or credit score,Other problem getting your report or credit score,10,2017-08-15,2023-03-15
"Payday loan, title loan, or personal loan",Personal line of credit,Unable to get your credit report or credit score,Problem getting your free annual credit report,1,2022-04-14,2022-04-14
"Payday loan, title loan, or personal loan",Title loan,Can't contact lender or servicer,,231,2017-05-09,2023-08-10
"Payday loan, title loan, or personal loan",Title loan,Can't stop withdrawals from your bank account,,11,2017-06-06,2022-12-15
"Payday loan, title loan, or personal loan",Title loan,Charged fees or interest you didn't expect,,675,2017-05-02,2023-08-17
"Payday loan, title loan, or personal loan",Title loan,Credit monitoring or identity theft protection services,Billing dispute for services,1,2021-12-01,2021-12-01
"Payday loan, title loan, or personal loan",Title loan,Credit monitoring or identity theft protection services,Didn't receive services that were advertised,1,2019-05-06,2019-05-06
"Payday loan, title loan, or personal loan",Title loan,Improper use of your report,Credit inquiries on your report that you don't recognize,4,2017-05-21,2022-09-19
"Payday loan, title loan, or personal loan",Title loan,Improper use of your report,Report provided to employer without your written authorization,2,2022-10-19,2023-03-31
"Payday loan, title loan, or personal loan",Title loan,Improper use of your report,Reporting company used your report improperly,6,2017-08-21,2023-04-18
"Payday loan, title loan, or personal loan",Title loan,Incorrect information on your report,Account information incorrect,21,2017-04-25,2023-06-26
"Payday loan, title loan, or personal loan",Title loan,Incorrect information on your report,Account status incorrect,14,2018-08-31,2023-04-18
"Payday loan, title loan, or personal loan",Title loan,Incorrect information on your report,Information belongs to someone else,2,2022-05-30,2023-04-01
"Payday loan, title loan, or personal loan",Title loan,Incorrect information on your report,Information is missing that should be on the report,4,2017-09-22,2023-06-05
"Payday loan, title loan, or personal loan",Title loan,Incorrect information on your report,Old information reappears or never goes away,3,2019-12-13,2022-07-31
"Payday loan, title loan, or personal loan",Title loan,Incorrect information on your report,Personal information incorrect,2,2019-09-23,2020-06-10
"Payday loan, title loan, or personal loan",Title loan,Loan payment wasn't credited to your account,,157,2017-04-24,2023-08-21
"Payday loan, title loan, or personal loan",Title loan,Money was taken from your bank account on the wrong day or for the wrong amount,,39,2017-10-04,2023-07-07
"Payday loan, title loan, or personal loan",Title loan,Problem with a credit reporting company's investigation into an existing problem,Difficulty submitting a dispute or getting information about a dispute over the phone,2,2017-07-25,2022-12-20
"Payday loan, title loan, or personal loan",Title loan,Problem with a credit reporting company's investigation into an existing problem,Investigation took more than 30 days,1,2022-02-07,2022-02-07
"Payday loan, title loan, or personal loan",Title loan,Problem with a credit reporting company's investigation into an existing problem,Their investigation did not fix an error on your report,6,2019-11-02,2022-02-21
"Payday loan, title loan, or personal loan",Title loan,Problem with a credit reporting company's investigation into an existing problem,Was not notified of investigation status or results,2,2020-12-26,2022-02-09
"Payday loan, title loan, or personal loan",Title loan,Problem with fraud alerts or security freezes,,1,2019-07-30,2019-07-30
"Payday loan, title loan, or personal loan",Title loan,Problem with the payoff process at the end of the loan,,480,2017-04-25,2023-08-24
"Payday loan, title loan, or personal loan",Title loan,Received a loan you didn't apply for,,82,2017-05-24,2023-08-21
"Payday loan, title loan, or personal loan",Title loan,Struggling to pay your loan,,495,2017-04-26,2023-08-24
"Payday loan, title loan, or personal loan",Title loan,Vehicle was damaged or destroyed the vehicle,,102,2017-07-12,2023-08-10
"Payday loan, title loan, or personal loan",Title loan,Vehicle was repossessed or sold the vehicle,,357,2017-05-02,2023-08-22
"Payday loan, title loan, or personal loan",Title loan,"Was approved for a loan, but didn't receive money",,57,2017-05-16,2023-07-13
"Payday loan, title loan, personal loan, or advance loan",Earned wage access,Confusing or misleading advertising or marketing,,38,2023-08-25,2026-09-18
"Payday loan, title loan, personal loan, or advance loan",Earned wage access,Confusing or missing disclosures,,60,2023-09-26,2026-09-25
"Payday loan, title loan, personal loan, or advance loan",Earned wage access,Issues with repayment,,169,2023-09-07,2026-09-10
"Payday loan, title loan, personal loan, or advance loan",Earned wage access,Problems receiving the advance,,72,2023-11-13,2026-09-12
"Payday loan, title loan, personal loan, or advance loan",Earned wage access,Unexpected fees,,58,2023-10-23,2026-09-02
"Payday loan, title loan, personal loan, or advance loan",Installment loan,Charged fees or interest you didn't expect,,5215,2023-08-27,2026-09-25
"Payday loan, title loan, personal loan, or advance loan",Installment loan,Credit monitoring or identity theft protection services,Billing dispute for services,42,2023-09-12,2026-08-17
"Payday loan, title loan, personal loan, or advance loan",Installment loan,Credit monitoring or identity theft protection services,Didn't receive services that were advertised,10,2024-12-04,2026-07-26
"Payday loan, title loan, personal loan, or advance loan",Installment loan,Credit monitoring or identity theft protection services,Problem canceling credit monitoring or identify theft protection service,31,2023-10-24,2026-09-03
"Payday loan, title loan, personal loan, or advance loan",Installment loan,Credit monitoring or identity theft protection services,Problem with product or service terms changing,9,2024-03-02,2026-04-19
"Payday loan, title loan, personal loan, or advance loan",Installment loan,Credit monitoring or identity theft protection services,Received unwanted marketing or advertising,2,2025-08-22,2025-09-28
"Payday loan, title loan, personal loan, or advance loan",Installment loan,Getting the loan,,3411,2023-08-25,2026-09-23
"Payday loan, title loan, personal loan, or advance loan",Installment loan,Improper use of your report,Credit inquiries on your report that you don't recognize,76,2023-11-08,2026-07-22
"Payday loan, title loan, personal loan, or advance loan",Installment loan,Improper use of your report,Received unsolicited financial product or insurance offers after opting out,9,2024-02-24,2026-09-10
"Payday loan, title loan, personal loan, or advance loan",Installment loan,Improper use of your report,Report provided to employer without your written authorization,6,2024-03-29,2026-07-25
"Payday loan, title loan, personal loan, or advance loan",Installment loan,Improper use of your report,Reporting company used your report improperly,190,2023-08-29,2026-09-03
"Payday loan, title loan, personal loan, or advance loan",Installment loan,Incorrect information on your report,Account information incorrect,593,2023-09-05,2026-09-18
"Payday loan, title loan, personal loan, or advance loan",Installment loan,Incorrect information on your report,Account status incorrect,596,2023-09-02,2026-09-19
"Payday loan, title loan, personal loan, or advance loan",Installment loan,Incorrect information on your report,Information belongs to someone else,482,2023-08-28,2026-09-13
"Payday loan, title loan, personal loan, or advance loan",Installment loan,Incorrect information on your report,Information is missing that should be on the report,26,2023-09-08,2026-05-28
"Payday loan, title loan, personal loan, or advance loan",Installment loan,Incorrect information on your report,Old information reappears or never goes away,57,2023-10-20,2026-09-11
"Payday loan, title loan, personal loan, or advance loan",Installment loan,Incorrect information on your report,Personal information incorrect,29,2023-10-12,2026-08-06
"Payday loan, title loan, personal loan, or advance loan",Installment loan,Incorrect information on your report,Public record information inaccurate,10,2024-12-28,2026-05-15
"Payday loan, title loan, personal loan, or advance loan",Installment loan,Problem when making payments,,4681,2023-08-25,2026-09-24
"Payday loan, title loan, personal loan, or advance loan",Installment loan,Problem with a company's investigation into an existing problem,Difficulty submitting a dispute or getting information about a dispute over the phone,94,2023-08-28,2026-09-12
"Payday loan, title loan, personal loan, or advance loan",Installment loan,Problem with a company's investigation into an existing problem,Investigation took more than 30 days,30,2023-09-18,2026-08-21
"Payday loan, title loan, personal loan, or advance loan",Installment loan,Problem with a company's investigation into an existing problem,Problem with personal statement of dispute,118,2023-09-24,2026-09-05
"Payday loan, title loan, personal loan, or advance loan",Installment loan,Problem with a company's investigation into an existing problem,Their investigation did not fix an error on your report,343,2023-08-29,2026-09-23
"Payday loan, title loan, personal loan, or advance loan",Installment loan,Problem with a company's investigation into an existing problem,Was not notified of investigation status or results,61,2023-11-02,2026-09-08
"Payday loan, title loan, personal loan, or advance loan",Installment loan,Problem with additional add-on products or services,,2026,2023-08-28,2026-09-24
"Payday loan, title loan, personal loan, or advance loan",Installment loan,Problem with fraud alerts or security freezes,,34,2023-09-30,2026-08-17
"Payday loan, title loan, personal loan, or advance loan",Installment loan,Problem with the payoff process at the end of the loan,,1671,2023-08-26,2026-09-23
"Payday loan, title loan, personal loan, or advance loan",Installment loan,Struggling to pay your loan,,2006,2023-08-26,2026-09-25
"Payday loan, title loan, personal loan, or advance loan",Installment loan,Unable to get your credit report or credit score,Other problem getting your report or credit score,28,2023-09-08,2026-08-24
"Payday loan, title loan, personal loan, or advance loan",Installment loan,Unable to get your credit report or credit score,Problem getting your free annual credit report,2,2024-11-18,2026-09-01
"Payday loan, title loan, personal loan, or advance loan",Other advances of future income,Confusing or misleading advertising or marketing,,157,2023-09-08,2026-09-19
"Payday loan, title loan, personal loan, or advance loan",Other advances of future income,Confusing or missing disclosures,,146,2023-09-16,2026-09-15
"Payday loan, title loan, personal loan, or advance loan",Other advances of future income,Issues with repayment,,201,2023-08-30,2026-09-18
"Payday loan, title loan, personal loan, or advance loan",Other advances of future income,Problems receiving the advance,,118,2023-09-10,2026-09-21
"Payday loan, title loan, personal loan, or advance loan",Other advances of future income,Unexpected fees,,111,2023-09-01,2026-09-20
"Payday loan, title loan, personal loan, or advance loan",Pawn loan,Can't contact lender or servicer,,12,2023-11-27,2026-04-09
"Payday loan, title loan, personal loan, or advance loan",Pawn loan,Charged fees or interest you didn't expect,,62,2023-08-30,2026-09-14
"Payday loan, title loan, personal loan, or advance loan",Pawn loan,Credit monitoring or identity theft protection services,Problem canceling credit monitoring or identify theft protection service,1,2026-02-26,2026-02-26
"Payday loan, title loan, personal loan, or advance loan",Pawn loan,Credit monitoring or identity theft protection services,Received unwanted marketing or advertising,1,2025-02-10,2025-02-10
"Payday loan, title loan, personal loan, or advance loan",Pawn loan,Improper use of your report,Credit inquiries on your report that you don't recognize,1,2026-06-23,2026-06-23
"Payday loan, title loan, personal loan, or advance loan",Pawn loan,Improper use of your report,Reporting company used your report improperly,1,2023-09-07,2023-09-07
"Payday loan, title loan, personal loan, or advance loan",Pawn loan,Incorrect information on your report,Account information incorrect,1,2024-12-19,2024-12-19
"Payday loan, title loan, personal loan, or advance loan",Pawn loan,Incorrect information on your report,Old information reappears or never goes away,1,2023-12-28,2023-12-28
"Payday loan, title loan, personal loan, or advance loan",Pawn loan,Problem with a company's investigation into an existing problem,Was not notified of investigation status or results,1,2023-08-29,2023-08-29
"Payday loan, title loan, personal loan, or advance loan",Pawn loan,Property was damaged or destroyed property,,6,2025-10-23,2026-02-28
"Payday loan, title loan, personal loan, or advance loan",Pawn loan,Property was sold,,18,2023-12-28,2026-09-03
"Payday loan, title loan, personal loan, or advance loan",Pawn loan,Received a loan you didn't apply for,,10,2024-03-03,2026-08-19
"Payday loan, title loan, personal loan, or advance loan",Pawn loan,Unable to get your credit report or credit score,Other problem getting your report or credit score,2,2025-11-14,2026-05-04
"Payday loan, title loan, personal loan, or advance loan",Pawn loan,"Was approved for a loan, but didn't receive the money",,10,2024-05-14,2026-08-23
"Payday loan, title loan, personal loan, or advance loan",Payday loan,Can't contact lender or servicer,,392,2023-09-04,2026-09-16
"Payday loan, title loan, personal loan, or advance loan",Payday loan,Can't stop withdrawals from your bank account,,607,2023-08-28,2026-09-25
"Payday loan, title loan, personal loan, or advance loan",Payday loan,Charged fees or interest you didn't expect,,1788,2023-08-25,2026-09-26
"Payday loan, title loan, personal loan, or advance loan",Payday loan,Credit monitoring or identity theft protection services,Billing dispute for services,6,2023-10-26,2026-07-07
"Payday loan, title loan, personal loan, or advance loan",Payday loan,Credit monitoring or identity theft protection services,Didn't receive services that were advertised,2,2025-02-16,2025-03-20
"Payday loan, title loan, personal loan, or advance loan",Payday loan,Credit monitoring or identity theft protection services,Problem canceling credit monitoring or identify theft protection service,6,2024-07-05,2026-07-01
"Payday loan, title loan, personal loan, or advance loan",Payday loan,Credit monitoring or identity theft protection services,Problem with product or service terms changing,1,2026-01-08,2026-01-08
"Payday loan, title loan, personal loan, or advance loan",Payday loan,Credit monitoring or identity theft protection services,Received unwanted marketing or advertising,7,2023-09-01,2026-07-16
"Payday loan, title loan, personal loan, or advance loan",Payday loan,Improper use of your report,Credit inquiries on your report that you don't recognize,15,2023-09-18,2026-06-21
"Payday loan, title loan, personal loan, or advance loan",Payday loan,Improper use of your report,Received unsolicited financial product or insurance offers after opting out,5,2024-08-12,2025-07-02
"Payday loan, title loan, personal loan, or advance loan",Payday loan,Improper use of your report,Report provided to employer without your written authorization,4,2024-06-30,2026-01-08
"Payday loan, title loan, personal loan, or advance loan",Payday loan,Improper use of your report,Reporting company used your report improperly,63,2023-09-02,2026-06-20
"Payday loan, title loan, personal loan, or advance loan",Payday loan,Incorrect information on your report,Account information incorrect,73,2023-10-01,2026-08-21
"Payday loan, title loan, personal loan, or advance loan",Payday loan,Incorrect information on your report,Account status incorrect,61,2024-01-07,2026-08-12
"Payday loan, title loan, personal loan, or advance loan",Payday loan,Incorrect information on your report,Information belongs to someone else,44,2023-09-26,2026-09-09
"Payday loan, title loan, personal loan, or advance loan",Payday loan,Incorrect information on your report,Information is missing that should be on the report,6,2024-09-26,2026-04-30
"Payday loan, title loan, personal loan, or advance loan",Payday loan,Incorrect information on your report,Old information reappears or never goes away,16,2024-03-14,2026-09-11
"Payday loan, title loan, personal loan, or advance loan",Payday loan,Incorrect information on your report,Personal information incorrect,4,2024-08-27,2026-07-15
"Payday loan, title loan, personal loan, or advance loan",Payday loan,Incorrect information on your report,Public record information inaccurate,2,2026-03-12,2026-07-07
"Payday loan, title loan, personal loan, or advance loan",Payday loan,Loan payment wasn't credited to your account,,253,2023-08-31,2026-09-28
"Payday loan, title loan, personal loan, or advance loan",Payday loan,Money was taken from your bank account on the wrong day or for the wrong amount,,316,2023-08-31,2026-09-14
"Payday loan, title loan, personal loan, or advance loan",Payday loan,Problem with a company's investigation into an existing problem,Difficulty submitting a dispute or getting information about a dispute over the phone,8,2024-01-10,2026-09-04
"Payday loan, title loan, personal loan, or advance loan",Payday loan,Problem with a company's investigation into an existing problem,Investigation took more than 30 days,4,2024-03-19,2026-08-28
"Payday loan, title loan, personal loan, or advance loan",Payday loan,Problem with a company's investigation into an existing problem,Problem with personal statement of dispute,13,2023-10-17,2026-08-16
"Payday loan, title loan, personal loan, or advance loan",Payday loan,Problem with a company's investigation into an existing problem,Their investigation did not fix an error on your report,31,2023-12-13,2026-08-22
"Payday loan, title loan, personal loan, or advance loan",Payday loan,Problem with a company's investigation into an existing problem,Was not notified of investigation status or results,7,2024-02-13,2026-04-04
"Payday loan, title loan, personal loan, or advance loan",Payday loan,Problem with fraud alerts or security freezes,,19,2023-10-22,2026-05-18
"Payday loan, title loan, personal loan, or advance loan",Payday loan,Problem with the payoff process at the end of the loan,,373,2023-08-28,2026-09-15
"Payday loan, title loan, personal loan, or advance loan",Payday loan,Received a loan you didn't apply for,,586,2023-08-26,2026-09-25
"Payday loan, title loan, personal loan, or advance loan",Payday loan,Struggling to pay your loan,,1068,2023-08-28,2026-09-20
"Payday loan, title loan, personal loan, or advance loan",Payday loan,Unable to get your credit report or credit score,Other problem getting your report or credit score,6,2025-11-05,2026-07-31
"Payday loan, title loan, personal loan, or advance loan",Payday loan,Unable to get your credit report or credit score,Problem getting your free annual credit report,1,2025-01-16,2025-01-16
"Payday loan, title loan, personal loan, or advance loan",Payday loan,"Was approved for a loan, but didn't receive the money",,248,2023-09-06,2026-09-18
"Payday loan, title loan, personal loan, or advance loan",Personal line of credit,Charged fees or interest you didn't expect,,1493,2023-08-25,2026-09-22
"Payday loan, title loan, personal loan, or advance loan",Personal line of credit,Credit limit changed,,94,2023-09-24,2026-09-12
"Payday loan, title loan, personal loan, or advance loan",Personal line of credit,Credit monitoring or identity theft protection services,Billing dispute for services,19,2023-12-22,2026-06-10
"Payday loan, title loan, personal loan, or advance loan",Personal line of credit,Credit monitoring or identity theft protection services,Didn't receive services that were advertised,15,2023-08-28,2026-08-15
"Payday loan, title loan, personal loan, or advance loan",Personal line of credit,Credit monitoring or identity theft protection services,Problem canceling credit monitoring or identify theft protection service,11,2024-01-12,2026-05-23
"Payday loan, title loan, personal loan, or advance loan",Personal line of credit,Credit monitoring or identity theft protection services,Problem with product or service terms changing,4,2024-09-13,2026-08-25
"Payday loan, title loan, personal loan, or advance loan",Personal line of credit,Credit monitoring or identity theft protection services,Received unwanted marketing or advertising,1,2024-06-07,2024-06-07
"Payday loan, title loan, personal loan, or advance loan",Personal line of credit,Getting a line of credit,,1258,2023-08-25,2026-09-23
"Payday loan, title loan, personal loan, or advance loan",Personal line of credit,Improper use of your report,Credit inquiries on your report that you don't recognize,63,2023-09-01,2026-08-22
"Payday loan, title loan, personal loan, or advance loan",Personal line of credit,Improper use of your report,Received unsolicited financial product or insurance offers after opting out,6,2024-03-06,2026-09-04
"Payday loan, title loan, personal loan, or advance loan",Personal line of credit,Improper use of your report,Report provided to employer without your written authorization,3,2025-07-05,2026-05-17
"Payday loan, title loan, personal loan, or advance loan",Personal line of credit,Improper use of your report,Reporting company used your report improperly,77,2023-08-31,2026-09-01
"Payday loan, title loan, personal loan, or advance loan",Personal line of credit,Incorrect information on your report,Account information incorrect,145,2023-08-25,2026-09-24
"Payday loan, title loan, personal loan, or advance loan",Personal line of credit,Incorrect information on your report,Account status incorrect,178,2023-08-25,2026-09-14
"Payday loan, title loan, personal loan, or advance loan",Personal line of credit,Incorrect information on your report,Information belongs to someone else,177,2023-09-06,2026-09-22
"Payday loan, title loan, personal loan, or advance loan",Personal line of credit,Incorrect information on your report,Information is missing that should be on the report,9,2023-08-30,2026-05-09
"Payday loan, title loan, personal loan, or advance loan",Personal line of credit,Incorrect information on your report,Old information reappears or never goes away,25,2024-01-27,2026-07-18
"Payday loan, title loan, personal loan, or advance loan",Personal line of credit,Incorrect information on your report,Personal information incorrect,5,2024-04-08,2026-09-15
"Payday loan, title loan, personal loan, or advance loan",Personal line of credit,Incorrect information on your report,Public record information inaccurate,7,2023-08-28,2026-05-29
"Payday loan, title loan, personal loan, or advance loan",Personal line of credit,Problem when making payments,,682,2023-08-25,2026-09-24
"Payday loan, title loan, personal loan, or advance loan",Personal line of credit,Problem with a company's investigation into an existing problem,Difficulty submitting a dispute or getting information about a dispute over the phone,29,2023-09-30,2026-07-23
"Payday loan, title loan, personal loan, or advance loan",Personal line of credit,Problem with a company's investigation into an existing problem,Investigation took more than 30 days,9,2024-01-08,2026-04-17
"Payday loan, title loan, personal loan, or advance loan",Personal line of credit,Problem with a company's investigation into an existing problem,Problem with personal statement of dispute,26,2024-01-30,2026-09-03
"Payday loan, title loan, personal loan, or advance loan",Personal line of credit,Problem with a company's investigation into an existing problem,Their investigation did not fix an error on your report,107,2023-09-01,2026-09-28
"Payday loan, title loan, personal loan, or advance loan",Personal line of credit,Problem with a company's investigation into an existing problem,Was not notified of investigation status or results,19,2024-09-24,2026-08-21
"Payday loan, title loan, personal loan, or advance loan",Personal line of credit,Problem with additional add-on products or services,,947,2023-08-26,2026-09-20
"Payday loan, title loan, personal loan, or advance loan",Personal line of credit,Problem with cash advance,,142,2023-09-14,2026-09-18
"Payday loan, title loan, personal loan, or advance loan",Personal line of credit,Problem with fraud alerts or security freezes,,21,2024-06-13,2026-08-21
"Payday loan, title loan, personal loan, or advance loan",Personal line of credit,Problem with the payoff process at the end of the loan,,494,2023-08-25,2026-09-17
"Payday loan, title loan, personal loan, or advance loan",Personal line of credit,Struggling to pay your loan,,638,2023-08-27,2026-09-18
"Payday loan, title loan, personal loan, or advance loan",Personal line of credit,Unable to get your credit report or credit score,Other problem getting your report or credit score,19,2023-10-02,2026-08-15
"Payday loan, title loan, personal loan, or advance loan",Tax refund anticipation loan or check,Confusing or misleading advertising or marketing,,21,2023-12-16,2026-06-03
"Payday loan, title loan, personal loan, or advance loan",Tax refund anticipation loan or check,Confusing or missing disclosures,,6,2023-12-13,2026-03-26
"Payday loan, title loan, personal loan, or advance loan",Tax refund anticipation loan or check,Issues with repayment,,4,2025-03-27,2026-05-02
"Payday loan, title loan, personal loan, or advance loan",Tax refund anticipation loan or check,Lost or stolen refund,,14,2024-03-11,2026-09-18
"Payday loan, title loan, personal loan, or advance loan",Tax refund anticipation loan or check,Problem with customer service,,5,2024-12-10,2026-04-17
"Payday loan, title loan, personal loan, or advance loan",Tax refund anticipation loan or check,Problems receiving the advance,,8,2024-01-04,2026-05-31
"Payday loan, title loan, personal loan, or advance loan",Tax refund anticipation loan or check,Unexpected fees,,4,2023-09-15,2026-07-29
"Payday loan, title loan, personal loan, or advance loan",Title loan,Can't contact lender or servicer,,139,2023-09-20,2026-09-16
"Payday loan, title loan, personal loan, or advance loan",Title loan,Can't stop withdrawals from your bank account,,14,2024-02-02,2026-04-10
"Payday loan, title loan, personal loan, or advance loan",Title loan,Charged fees or interest you didn't expect,,682,2023-08-26,2026-09-14
"Payday loan, title loan, personal loan, or advance loan",Title loan,Credit monitoring or identity theft protection services,Billing dispute for services,1,2025-11-13,2025-11-13
"Payday loan, title loan, personal loan, or advance loan",Title loan,Credit monitoring or identity theft protection services,Problem canceling credit monitoring or identify theft protection service,1,2024-03-15,2024-03-15
"Payday loan, title loan, personal loan, or advance loan",Title loan,Improper use of your report,Credit inquiries on your report that you don't recognize,6,2023-11-28,2026-08-01
"Payday loan, title loan, personal loan, or advance loan",Title loan,Improper use of your report,Report provided to employer without your written authorization,1,2024-07-09,2024-07-09
"Payday loan, title loan, personal loan, or advance loan",Title loan,Improper use of your report,Reporting company used your report improperly,14,2023-11-06,2026-01-20
"Payday loan, title loan, personal loan, or advance loan",Title loan,Incorrect information on your report,Account information incorrect,14,2023-10-10,2026-08-31
"Payday loan, title loan, personal loan, or advance loan",Title loan,Incorrect information on your report,Account status incorrect,19,2023-11-02,2026-05-12
"Payday loan, title loan, personal loan, or advance loan",Title loan,Incorrect information on your report,Information belongs to someone else,11,2024-05-13,2026-07-27
"Payday loan, title loan, personal loan, or advance loan",Title loan,Incorrect information on your report,Information is missing that should be on the report,1,2025-02-20,2025-02-20
"Payday loan, title loan, personal loan, or advance loan",Title loan,Incorrect information on your report,Old information reappears or never goes away,6,2023-10-06,2025-10-23
"Payday loan, title loan, personal loan, or advance loan",Title loan,Incorrect information on your report,Personal information incorrect,1,2026-03-17,2026-03-17
"Payday loan, title loan, personal loan, or advance loan",Title loan,Loan payment wasn't credited to your account,,121,2023-09-13,2026-09-17
"Payday loan, title loan, personal loan, or advance loan",Title loan,Money was taken from your bank account on the wrong day or for the wrong amount,,29,2023-10-11,2026-09-02
"Payday loan, title loan, personal loan, or advance loan",Title loan,Problem with a company's investigation into an existing problem,Difficulty submitting a dispute or getting information about a dispute over the phone,2,2024-02-21,2024-11-20
"Payday loan, title loan, personal loan, or advance loan",Title loan,Problem with a company's investigation into an existing problem,Their investigation did not fix an error on your report,6,2025-02-17,2026-03-18
"Payday loan, title loan, personal loan, or advance loan",Title loan,Problem with a company's investigation into an existing problem,Was not notified of investigation status or results,2,2024-04-02,2026-03-21
"Payday loan, title loan, personal loan, or advance loan",Title loan,Problem with the payoff process at the end of the loan,,356,2023-08-25,2026-09-15
"Payday loan, title loan, personal loan, or advance loan",Title loan,Received a loan you didn't apply for,,86,2023-08-26,2026-09-22
"Payday loan, title loan, personal loan, or advance loan",Title loan,Struggling to pay your loan,,445,2023-08-29,2026-09-24
"Payday loan, title loan, personal loan, or advance loan",Title loan,Unable to get your credit report or credit score,Other problem getting your report or credit score,2,2025-06-12,2026-01-21
"Payday loan, title loan, personal loan, or advance loan",Title loan,Vehicle was damaged or destroyed the vehicle,,95,2023-09-07,2026-09-25
"Payday loan, title loan, personal loan, or advance loan",Title loan,Vehicle was repossessed or sold the vehicle,,376,2023-08-29,2026-09-24
"Payday loan, title loan, personal loan, or advance loan",Title loan,"Was approved for a loan, but didn't receive money",,61,2023-08-26,2026-09-01
Prepaid card,Electronic Benefit Transfer / EBT card,Adding money,,2,2015-11-02,2017-01-19
Prepaid card,Electronic Benefit Transfer / EBT card,Fees,,1,2017-01-29,2017-01-29
Prepaid card,Electronic Benefit Transfer / EBT card,Fraud or scam,,3,2015-11-13,2017-04-06
Prepaid card,Electronic Benefit Transfer / EBT card,"Managing, opening, or closing account",,3,2016-01-22,2017-02-15
Prepaid card,Electronic Benefit Transfer / EBT card,Unauthorized transactions/trans. issues,,3,2014-11-06,2016-12-14
Prepaid card,General purpose card,Adding money,,101,2014-07-25,2017-04-11
Prepaid card,General purpose card,"Advertising, marketing or disclosures",,30,2014-08-07,2017-03-17
Prepaid card,General purpose card,Fees,,86,2014-08-20,2017-04-02
Prepaid card,General purpose card,Fraud or scam,,306,2014-07-23,2017-04-21
Prepaid card,General purpose card,"Managing, opening, or closing account",,565,2014-07-24,2017-04-21
Prepaid card,General purpose card,"Overdraft, savings or rewards features",,21,2014-07-21,2017-04-06
Prepaid card,General purpose card,Unauthorized transactions/trans. issues,,643,2014-07-20,2017-04-21
Prepaid card,General-purpose prepaid card,Advertising,Changes in terms from what was offered or advertised,70,2023-09-05,2026-09-14
Prepaid card,General-purpose prepaid card,Advertising,Confusing or misleading advertising about the card,106,2023-08-25,2026-09-17
Prepaid card,General-purpose prepaid card,Problem getting a card or closing an account,Don't want a card provided by your employer or the government,34,2023-08-25,2026-09-16
Prepaid card,General-purpose prepaid card,Problem getting a card or closing an account,Trouble closing card,565,2023-08-29,2026-09-22
Prepaid card,General-purpose prepaid card,Problem getting a card or closing an account,Trouble getting a working replacement card,303,2023-08-25,2026-09-15
Prepaid card,General-purpose prepaid card,Problem getting a card or closing an account,"Trouble getting, activating, or registering a card",578,2023-09-01,2026-09-11
Prepaid card,General-purpose prepaid card,Problem with a purchase or transfer,Card company isn't resolving a dispute about a purchase or transfer,2029,2023-08-26,2026-09-23
Prepaid card,General-purpose prepaid card,Problem with a purchase or transfer,Charged for a purchase or transfer you did not make with the card,732,2023-08-25,2026-09-23
Prepaid card,General-purpose prepaid card,Problem with a purchase or transfer,Overcharged for a purchase or transfer you did make with the card,50,2023-09-15,2026-09-02
Prepaid card,General-purpose prepaid card,Problem with overdraft,Overdraft charges,37,2023-10-22,2026-09-13
Prepaid card,General-purpose prepaid card,Problem with overdraft,"Was signed up for overdraft on card, but don't want to be",3,2024-06-22,2025-12-16
Prepaid card,General-purpose prepaid card,Trouble using the card,Problem adding money,52,2023-08-25,2026-08-31
Prepaid card,General-purpose prepaid card,Trouble using the card,Problem using the card to withdraw money from an ATM,88,2023-09-06,2026-09-10
Prepaid card,General-purpose prepaid card,Trouble using the card,Problem with a check written from your prepaid card account,17,2024-01-27,2026-08-11
Prepaid card,General-purpose prepaid card,Trouble using the card,Problem with direct deposit,51,2023-09-11,2026-08-28
Prepaid card,General-purpose prepaid card,Trouble using the card,Trouble getting information about the card,383,2023-08-25,2026-09-22
Prepaid card,General-purpose prepaid card,Trouble using the card,Trouble using the card to pay a bill,119,2023-09-04,2026-09-17
Prepaid card,General-purpose prepaid card,Trouble using the card,Trouble using the card to send money to another person,57,2023-08-26,2026-09-20
Prepaid card,General-purpose prepaid card,Trouble using the card,Trouble using the card to spend money in a store or online,4467,2023-08-25,2026-09-27
Prepaid card,General-purpose prepaid card,Unexpected or other fees,,991,2023-08-27,2026-09-17
Prepaid card,Gift card,Advertising,Changes in terms from what was offered or advertised,7,2024-02-19,2026-05-29
Prepaid card,Gift card,Advertising,Confusing or misleading advertising about the card,9,2023-09-08,2026-03-10
Prepaid card,Gift card,Problem getting a card or closing an account,Trouble closing card,30,2023-09-15,2026-09-02
Prepaid card,Gift card,Problem getting a card or closing an account,Trouble getting a working replacement card,98,2023-08-29,2026-09-14
Prepaid card,Gift card,Problem getting a card or closing an account,"Trouble getting, activating, or registering a card",74,2023-09-16,2026-09-03
Prepaid card,Gift card,Problem with a purchase or transfer,Card company isn't resolving a dispute about a purchase or transfer,228,2023-08-31,2026-09-25
Prepaid card,Gift card,Problem with a purchase or transfer,Charged for a purchase or transfer you did not make with the card,165,2023-09-23,2026-09-07
Prepaid card,Gift card,Problem with a purchase or transfer,Overcharged for a purchase or transfer you did make with the card,7,2023-12-28,2026-08-31
Prepaid card,Gift card,Problem with overdraft,"Was signed up for overdraft on card, but don't want to be",1,2025-10-06,2025-10-06
Prepaid card,Gift card,Trouble using the card,Problem adding money,4,2024-03-28,2024-07-29
Prepaid card,Gift card,Trouble using the card,Problem using the card to withdraw money from an ATM,1,2024-06-01,2024-06-01
Prepaid card,Gift card,Trouble using the card,Problem with a check written from your prepaid card account,3,2024-03-22,2026-06-16
Prepaid card,Gift card,Trouble using the card,Problem with direct deposit,1,2024-04-19,2024-04-19
Prepaid card,Gift card,Trouble using the card,Trouble getting information about the card,94,2023-08-25,2026-08-27
Prepaid card,Gift card,Trouble using the card,Trouble using the card to pay a bill,21,2024-01-22,2026-08-16
Prepaid card,Gift card,Trouble using the card,Trouble using the card to send money to another person,3,2024-06-17,2025-07-09
Prepaid card,Gift card,Trouble using the card,Trouble using the card to spend money in a store or online,1613,2023-08-28,2026-09-23
Prepaid card,Gift card,Unexpected or other fees,,153,2023-08-26,2026-09-22
Prepaid card,Gift or merchant card,Adding money,,13,2014-09-25,2016-12-06
Prepaid card,Gift or merchant card,"Advertising, marketing or disclosures",,18,2014-07-31,2017-01-09
Prepaid card,Gift or merchant card,Fees,,51,2014-07-21,2017-01-05
Prepaid card,Gift or merchant card,Fraud or scam,,102,2014-07-30,2017-04-18
Prepaid card,Gift or merchant card,"Managing, opening, or closing account",,86,2014-07-25,2017-04-19
Prepaid card,Gift or merchant card,Other,,1,2014-07-26,2014-07-26
Prepaid card,Gift or merchant card,"Overdraft, savings or rewards features",,6,2015-03-27,2016-11-14
Prepaid card,Gift or merchant card,Unauthorized transactions/trans. issues,,125,2014-07-22,2017-04-20
Prepaid card,Government benefit card,Advertising,Changes in terms from what was offered or advertised,17,2023-11-30,2026-06-15
Prepaid card,Government benefit card,Advertising,Confusing or misleading advertising about the card,19,2023-08-29,2026-07-17
Prepaid card,Government benefit card,Problem getting a card or closing an account,Don't want a card provided by your employer or the government,34,2023-09-08,2026-08-05
Prepaid card,Government benefit card,Problem getting a card or closing an account,Trouble closing card,267,2023-08-30,2026-09-16
Prepaid card,Government benefit card,Problem getting a card or closing an account,Trouble getting a working replacement card,230,2023-08-25,2026-09-14
Prepaid card,Government benefit card,Problem getting a card or closing an account,"Trouble getting, activating, or registering a card",510,2023-08-29,2026-09-25
Prepaid card,Government benefit card,Problem with a purchase or transfer,Card company isn't resolving a dispute about a purchase or transfer,1237,2023-08-29,2026-09-25
Prepaid card,Government benefit card,Problem with a purchase or transfer,Charged for a purchase or transfer you did not make with the card,673,2023-08-25,2026-09-14
Prepaid card,Government benefit card,Problem with a purchase or transfer,Overcharged for a purchase or transfer you did make with the card,27,2023-10-02,2026-09-02
Prepaid card,Government benefit card,Problem with overdraft,Overdraft charges,15,2023-09-09,2026-05-01
Prepaid card,Government benefit card,Trouble using the card,Problem adding money,8,2024-05-12,2026-06-14
Prepaid card,Government benefit card,Trouble using the card,Problem using the card to withdraw money from an ATM,264,2023-09-01,2026-09-19
Prepaid card,Government benefit card,Trouble using the card,Problem with a check written from your prepaid card account,20,2023-09-26,2026-08-29
Prepaid card,Government benefit card,Trouble using the card,Problem with direct deposit,208,2023-08-18,2026-09-17
Prepaid card,Government benefit card,Trouble using the card,Trouble getting information about the card,318,2023-09-12,2026-09-14
Prepaid card,Government benefit card,Trouble using the card,Trouble using the card to pay a bill,139,2023-09-20,2026-09-14
Prepaid card,Government benefit card,Trouble using the card,Trouble using the card to send money to another person,21,2023-09-05,2026-04-09
Prepaid card,Government benefit card,Trouble using the card,Trouble using the card to spend money in a store or online,484,2023-09-01,2026-09-15
Prepaid card,Government benefit card,Unexpected or other fees,,781,2023-08-25,2026-09-22
Prepaid card,Government benefit payment card,Adding money,,9,2014-07-24,2017-03-10
Prepaid card,Government benefit payment card,"Advertising, marketing or disclosures",,3,2015-01-28,2015-04-07
Prepaid card,Government benefit payment card,Fees,,17,2014-07-23,2016-10-28
Prepaid card,Government benefit payment card,Fraud or scam,,86,2014-07-21,2017-04-21
Prepaid card,Government benefit payment card,"Managing, opening, or closing account",,95,2014-07-22,2017-04-12
Prepaid card,Government benefit payment card,"Overdraft, savings or rewards features",,3,2015-11-20,2016-06-07
Prepaid card,Government benefit payment card,Unauthorized transactions/trans. issues,,176,2014-07-24,2017-04-18
Prepaid card,ID prepaid card,Adding money,,19,2014-09-12,2017-02-01
Prepaid card,ID prepaid card,"Advertising, marketing or disclosures",,6,2015-02-25,2017-01-30
Prepaid card,ID prepaid card,Fees,,8,2014-10-26,2016-10-18
Prepaid card,ID prepaid card,Fraud or scam,,50,2014-11-11,2017-03-30
Prepaid card,ID prepaid card,"Managing, opening, or closing account",,57,2014-08-18,2017-04-10
Prepaid card,ID prepaid card,"Overdraft, savings or rewards features",,3,2014-12-12,2016-06-21
Prepaid card,ID prepaid card,Unauthorized transactions/trans. issues,,64,2014-10-14,2017-04-21
Prepaid card,Mobile wallet,Adding money,,14,2015-01-07,2017-04-03
Prepaid card,Mobile wallet,"Advertising, marketing or disclosures",,6,2015-09-28,2016-12-23
Prepaid card,Mobile wallet,Fees,,39,2014-07-23,2017-03-14
Prepaid card,Mobile wallet,Fraud or scam,,74,2014-07-30,2017-04-14
Prepaid card,Mobile wallet,"Managing, opening, or closing account",,193,2014-07-24,2017-04-21
Prepaid card,Mobile wallet,"Overdraft, savings or rewards features",,5,2015-02-25,2017-01-07
Prepaid card,Mobile wallet,Unauthorized transactions/trans. issues,,87,2014-07-21,2017-04-19
Prepaid card,Other special purpose card,Adding money,,6,2014-08-06,2017-02-01
Prepaid card,Other special purpose card,"Advertising, marketing or disclosures",,6,2014-09-09,2016-07-22
Prepaid card,Other special purpose card,Fees,,21,2014-11-29,2017-04-05
Prepaid card,Other special purpose card,Fraud or scam,,28,2014-11-17,2017-03-15
Prepaid card,Other special purpose card,"Managing, opening, or closing account",,74,2014-08-08,2017-03-14
Prepaid card,Other special purpose card,"Overdraft, savings or rewards features",,9,2014-10-30,2016-10-28
Prepaid card,Other special purpose card,Unauthorized transactions/trans. issues,,47,2014-09-02,2017-03-17
Prepaid card,Payroll card,Adding money,,34,2015-10-14,2017-02-24
Prepaid card,Payroll card,Advertising,Changes in terms from what was offered or advertised,3,2024-03-14,2024-08-30
Prepaid card,Payroll card,Advertising,Confusing or misleading advertising about the card,11,2023-10-03,2026-01-17
Prepaid card,Payroll card,"Advertising, marketing or disclosures",,7,2015-07-27,2017-04-21
Prepaid card,Payroll card,Fees,,7,2014-08-06,2017-03-29
Prepaid card,Payroll card,Fraud or scam,,74,2015-01-11,2017-04-18
Prepaid card,Payroll card,"Managing, opening, or closing account",,116,2014-07-25,2017-04-17
Prepaid card,Payroll card,"Overdraft, savings or rewards features",,6,2014-11-24,2016-06-21
Prepaid card,Payroll card,Problem getting a card or closing an account,Don't want a card provided by your employer or the government,13,2023-12-29,2026-08-10
Prepaid card,Payroll card,Problem getting a card or closing an account,Trouble closing card,50,2023-09-13,2026-09-24
Prepaid card,Payroll card,Problem getting a card or closing an account,Trouble getting a working replacement card,26,2023-11-03,2026-08-26
Prepaid card,Payroll card,Problem getting a card or closing an account,"Trouble getting, activating, or registering a card",36,2023-10-22,2026-08-31
Prepaid card,Payroll card,Problem with a purchase or transfer,Card company isn't resolving a dispute about a purchase or transfer,306,2023-08-30,2026-09-20
Prepaid card,Payroll card,Problem with a purchase or transfer,Charged for a purchase or transfer you did not make with the card,146,2023-09-14,2026-09-15
Prepaid card,Payroll card,Problem with a purchase or transfer,Overcharged for a purchase or transfer you did make with the card,11,2024-07-07,2026-05-23
Prepaid card,Payroll card,Problem with overdraft,Overdraft charges,14,2023-10-20,2026-07-26
Prepaid card,Payroll card,Problem with overdraft,"Was signed up for overdraft on card, but don't want to be",2,2025-04-05,2025-12-30
Prepaid card,Payroll card,Trouble using the card,Problem adding money,1,2024-07-02,2024-07-02
Prepaid card,Payroll card,Trouble using the card,Problem using the card to withdraw money from an ATM,43,2023-10-12,2026-09-08
Prepaid card,Payroll card,Trouble using the card,Problem with a check written from your prepaid card account,5,2024-04-13,2026-09-08
Prepaid card,Payroll card,Trouble using the card,Problem with direct deposit,37,2023-09-05,2026-07-01
Prepaid card,Payroll card,Trouble using the card,Trouble getting information about the card,36,2023-11-26,2026-08-12
Prepaid card,Payroll card,Trouble using the card,Trouble using the card to pay a bill,8,2023-12-11,2026-06-29
Prepaid card,Payroll card,Trouble using the card,Trouble using the card to send money to another person,3,2023-10-04,2025-08-28
Prepaid card,Payroll card,Trouble using the card,Trouble using the card to spend money in a store or online,68,2023-09-27,2026-09-22
Prepaid card,Payroll card,Unauthorized transactions/trans. issues,,167,2014-08-18,2017-04-15
Prepaid card,Payroll card,Unexpected or other fees,,196,2023-09-12,2026-09-02
Prepaid card,Student prepaid card,Advertising,Confusing or misleading advertising about the card,1,2024-09-28,2024-09-28
Prepaid card,Student prepaid card,Problem getting a card or closing an account,Don't want a card provided by your employer or the government,1,2023-10-13,2023-10-13
Prepaid card,Student prepaid card,Problem getting a card or closing an account,Trouble getting a working replacement card,2,2025-02-25,2025-06-30
Prepaid card,Student prepaid card,Problem getting a card or closing an account,"Trouble getting, activating, or registering a card",4,2023-12-12,2026-01-19
Prepaid card,Student prepaid card,Problem with a purchase or transfer,Card company isn't resolving a dispute about a purchase or transfer,10,2023-10-12,2025-05-07
Prepaid card,Student prepaid card,Problem with a purchase or transfer,Charged for a purchase or transfer you did not make with the card,1,2025-01-23,2025-01-23
Prepaid card,Student prepaid card,Problem with overdraft,"Was signed up for overdraft on card, but don't want to be",1,2026-07-13,2026-07-13
Prepaid card,Student prepaid card,Trouble using the card,Problem with a check written from your prepaid card account,1,2026-06-10,2026-06-10
Prepaid card,Student prepaid card,Trouble using the card,Problem with direct deposit,1,2026-09-08,2026-09-08
Prepaid card,Student prepaid card,Trouble using the card,Trouble using the card to spend money in a store or online,1,2023-10-12,2023-10-12
Prepaid card,Student prepaid card,Unexpected or other fees,,2,2024-04-01,2024-05-15
Prepaid card,Transit card,Adding money,,4,2014-08-10,2016-02-17
Prepaid card,Transit card,"Advertising, marketing or disclosures",,1,2015-06-05,2015-06-05
Prepaid card,Transit card,Fees,,2,2014-09-20,2014-11-17
Prepaid card,Transit card,Fraud or scam,,12,2014-12-04,2017-04-08
Prepaid card,Transit card,"Managing, opening, or closing account",,5,2015-07-31,2016-05-31
Prepaid card,Transit card,Unauthorized transactions/trans. issues,,13,2014-12-01,2017-03-02
Student loan,Federal student loan servicing,Can't repay my loan,Can't decrease my monthly payments,1316,2016-02-26,2017-04-21
Student loan,Federal student loan servicing,Can't repay my loan,Can't get flexible payment options,860,2016-03-01,2017-04-21
Student loan,Federal student loan servicing,Can't repay my loan,Can't temporarily postpone payments,409,2016-02-29,2017-04-21
Student loan,Federal student loan servicing,Credit monitoring or identity theft protection services,Billing dispute for services,153,2017-04-26,2026-09-09
Student loan,Federal student loan servicing,Credit monitoring or identity theft protection services,Didn't receive services that were advertised,47,2018-02-08,2026-07-21
Student loan,Federal student loan servicing,Credit monitoring or identity theft protection services,Problem canceling credit monitoring or identify theft protection service,52,2018-04-18,2026-08-10
Student loan,Federal student loan servicing,Credit monitoring or identity theft protection services,Problem with product or service terms changing,38,2017-10-13,2026-07-13
Student loan,Federal student loan servicing,Credit monitoring or identity theft protection services,Received unwanted marketing or advertising,21,2017-04-24,2026-02-27
Student loan,Federal student loan servicing,Dealing with my lender or servicer,Don't agree with fees charged,1320,2016-02-26,2017-04-21
Student loan,Federal student loan servicing,Dealing with my lender or servicer,Having problems with customer service,1179,2016-02-26,2017-04-21
Student loan,Federal student loan servicing,Dealing with my lender or servicer,Keep getting calls about my loan,303,2016-02-26,2017-04-21
Student loan,Federal student loan servicing,Dealing with my lender or servicer,Need information about my balance/terms,471,2016-02-27,2017-04-21
Student loan,Federal student loan servicing,Dealing with my lender or servicer,Received bad information about my loan,2005,2016-02-25,2017-04-21
Student loan,Federal student loan servicing,Dealing with my lender or servicer,Trouble with how payments are handled,2379,2016-02-27,2017-04-21
Student loan,Federal student loan servicing,Dealing with your lender or servicer,Co-signer,108,2023-09-15,2026-09-02
Student loan,Federal student loan servicing,Dealing with your lender or servicer,Don't agree with the fees charged,3853,2017-04-24,2026-09-18
Student loan,Federal student loan servicing,Dealing with your lender or servicer,Keep getting calls about your loan,667,2017-04-25,2026-09-09
Student loan,Federal student loan servicing,Dealing with your lender or servicer,Need information about your loan balance or loan terms,3889,2017-04-24,2026-09-25
Student loan,Federal student loan servicing,Dealing with your lender or servicer,Problem with customer service,6913,2017-04-24,2026-09-23
Student loan,Federal student loan servicing,Dealing with your lender or servicer,Received bad information about your loan,19108,2017-04-24,2026-09-24
Student loan,Federal student loan servicing,Dealing with your lender or servicer,Trouble with how payments are being handled,17605,2017-04-24,2026-09-22
Student loan,Federal student loan servicing,Getting a loan,,1,2021-05-24,2021-05-24
Student loan,Federal student loan servicing,Getting a loan,Can't qualify for a loan,2,2016-08-10,2016-10-18
Student loan,Federal student loan servicing,Improper use of your report,Credit inquiries on your report that you don't recognize,164,2017-10-03,2026-08-16
Student loan,Federal student loan servicing,Improper use of your report,Received unsolicited financial product or insurance offers after opting out,17,2019-12-30,2026-09-15
Student loan,Federal student loan servicing,Improper use of your report,Report provided to employer without your written authorization,61,2017-11-16,2026-09-07
Student loan,Federal student loan servicing,Improper use of your report,Reporting company used your report improperly,1628,2017-04-29,2026-09-25
Student loan,Federal student loan servicing,Incorrect information on your report,Account information incorrect,2047,2017-05-01,2026-09-20
Student loan,Federal student loan servicing,Incorrect information on your report,Account status incorrect,3236,2017-04-25,2026-09-23
Student loan,Federal student loan servicing,Incorrect information on your report,Information belongs to someone else,691,2017-05-07,2026-09-25
Student loan,Federal student loan servicing,Incorrect information on your report,Information is missing that should be on the report,78,2017-04-28,2026-06-23
Student loan,Federal student loan servicing,Incorrect information on your report,Old information reappears or never goes away,284,2017-04-24,2026-09-22
Student loan,Federal student loan servicing,Incorrect information on your report,Personal information incorrect,96,2017-06-02,2026-09-01
Student loan,Federal student loan servicing,Incorrect information on your report,Public record information inaccurate,43,2017-05-05,2026-08-26
Student loan,Federal student loan servicing,Problem with a company's investigation into an existing problem,Difficulty submitting a dispute or getting information about a dispute over the phone,115,2023-08-29,2026-09-13
Student loan,Federal student loan servicing,Problem with a company's investigation into an existing problem,Investigation took more than 30 days,72,2023-09-25,2026-09-10
Student loan,Federal student loan servicing,Problem with a company's investigation into an existing problem,Problem with personal statement of dispute,210,2023-09-05,2026-09-23
Student loan,Federal student loan servicing,Problem with a company's investigation into an existing problem,Their investigation did not fix an error on your report,744,2023-08-25,2026-09-26
Student loan,Federal student loan servicing,Problem with a company's investigation into an existing problem,Was not notified of investigation status or results,89,2023-08-29,2026-09-14
Student loan,Federal student loan servicing,Problem with a credit reporting company's investigation into an existing problem,Difficulty submitting a dispute or getting information about a dispute over the phone,48,2017-04-25,2023-08-21
Student loan,Federal student loan servicing,Problem with a credit reporting company's investigation into an existing problem,Investigation took more than 30 days,35,2017-06-21,2022-11-22
Student loan,Federal student loan servicing,Problem with a credit reporting company's investigation into an existing problem,Problem with personal statement of dispute,91,2017-05-11,2023-06-20
Student loan,Federal student loan servicing,Problem with a credit reporting company's investigation into an existing problem,Their investigation did not fix an error on your report,569,2017-04-24,2023-08-24
Student loan,Federal student loan servicing,Problem with a credit reporting company's investigation into an existing problem,Was not notified of investigation status or results,39,2017-05-08,2023-03-28
Student loan,Federal student loan servicing,Problem with credit report or credit score,,1,2017-10-18,2017-10-18
Student loan,Federal student loan servicing,Problem with credit report or credit score,Incorrect information on your report,3,2020-12-15,2021-02-08
Student loan,Federal student loan servicing,Problem with credit report or credit score,Problem with a credit reporting company's investigation into an existing problem,2,2021-03-05,2021-05-04
Student loan,Federal student loan servicing,Problem with fraud alerts or security freezes,,138,2017-08-10,2026-09-21
Student loan,Federal student loan servicing,Struggling to repay your loan,Bankruptcy,116,2023-08-30,2026-09-03
Student loan,Federal student loan servicing,Struggling to repay your loan,Can't get other flexible options for repaying your loan,2824,2017-04-24,2026-09-27
Student loan,Federal student loan servicing,Struggling to repay your loan,Can't temporarily delay making payments,1133,2017-04-25,2026-09-22
Student loan,Federal student loan servicing,Struggling to repay your loan,Problem lowering your monthly payments,1735,2017-04-24,2026-09-17
Student loan,Federal student loan servicing,Struggling to repay your loan,"Problem with forgiveness, cancellation, or discharge",5375,2023-08-25,2026-09-28
Student loan,Federal student loan servicing,Struggling to repay your loan,Problem with your payment plan,1896,2023-08-29,2026-09-22
Student loan,Federal student loan servicing,Unable to get your credit report or credit score,Other problem getting your report or credit score,43,2017-10-07,2026-08-16
Student loan,Federal student loan servicing,Unable to get your credit report or credit score,Problem getting your free annual credit report,6,2018-10-11,2026-03-15
Student loan,Non-federal student loan,Can't repay my loan,Can't decrease my monthly payments,2738,2012-08-07,2017-04-21
Student loan,Non-federal student loan,Can't repay my loan,Can't get flexible payment options,2381,2012-03-07,2017-04-21
Student loan,Non-federal student loan,Can't repay my loan,Can't temporarily postpone payments,1021,2012-08-29,2017-04-20
Student loan,Non-federal student loan,Dealing with my lender or servicer,Don't agree with fees charged,1447,2013-12-26,2017-04-21
Student loan,Non-federal student loan,Dealing with my lender or servicer,Having problems with customer service,1624,2012-06-17,2017-04-21
Student loan,Non-federal student loan,Dealing with my lender or servicer,Keep getting calls about my loan,941,2013-02-11,2017-04-21
Student loan,Non-federal student loan,Dealing with my lender or servicer,Need information about my balance/terms,719,2012-03-12,2017-04-21
Student loan,Non-federal student loan,Dealing with my lender or servicer,Received bad information about my loan,1954,2012-09-22,2017-04-21
Student loan,Non-federal student loan,Dealing with my lender or servicer,Trouble with how payments are handled,3278,2012-10-20,2017-04-21
Student loan,Non-federal student loan,Getting a loan,,205,2012-03-05,2014-02-18
Student loan,Non-federal student loan,Getting a loan,Can't qualify for a loan,300,2012-11-27,2017-04-17
Student loan,Non-federal student loan,Getting a loan,Qualify for a better loan than offered,157,2013-12-24,2017-04-11
Student loan,Non-federal student loan,Problems when you are unable to pay,,1697,2012-03-01,2014-05-16
Student loan,Non-federal student loan,Repaying your loan,,3820,2012-03-01,2014-12-16
Student loan,Private student loan,Credit monitoring or identity theft protection services,Billing dispute for services,39,2017-08-22,2026-07-18
Student loan,Private student loan,Credit monitoring or identity theft protection services,Didn't receive services that were advertised,10,2017-12-17,2026-04-01
Student loan,Private student loan,Credit monitoring or identity theft protection services,Problem canceling credit monitoring or identify theft protection service,15,2017-10-08,2026-07-03
Student loan,Private student loan,Credit monitoring or identity theft protection services,Problem with product or service terms changing,16,2017-07-20,2026-06-22
Student loan,Private student loan,Dealing with your lender or servicer,Co-signer,221,2023-08-25,2026-09-02
Student loan,Private student loan,Dealing with your lender or servicer,Don't agree with the fees charged,1654,2017-04-27,2026-09-23
Student loan,Private student loan,Dealing with your lender or servicer,Keep getting calls about your loan,910,2017-04-24,2026-09-15
Student loan,Private student loan,Dealing with your lender or servicer,Need information about your loan balance or loan terms,1165,2017-04-25,2026-09-21
Student loan,Private student loan,Dealing with your lender or servicer,Problem with customer service,1550,2017-04-25,2026-09-23
Student loan,Private student loan,Dealing with your lender or servicer,Received bad information about your loan,4541,2017-04-24,2026-09-23
Student loan,Private student loan,Dealing with your lender or servicer,Trouble with how payments are being handled,3979,2017-04-24,2026-09-18
Student loan,Private student loan,Getting a loan,Changes in terms mid-deal or after closing,51,2023-09-13,2026-09-10
Student loan,Private student loan,Getting a loan,Confusing or misleading advertising,536,2017-04-26,2026-09-13
Student loan,Private student loan,Getting a loan,Denied loan,205,2017-05-19,2026-09-23
Student loan,Private student loan,Getting a loan,Fraudulent loan,495,2017-04-27,2023-08-16
Student loan,Private student loan,Getting a loan,High pressure sales tactics or recruiting,310,2023-09-09,2026-09-25
Student loan,Private student loan,Getting a loan,Issues with financial aid services,49,2023-09-20,2026-09-05
Student loan,Private student loan,Getting a loan,Loan opened without my consent or knowledge,260,2023-08-31,2026-09-12
Student loan,Private student loan,Getting a loan,Problem with signing the paperwork,26,2017-06-14,2026-08-03
Student loan,Private student loan,Getting a loan,Problem with the interest rate,99,2017-04-27,2026-09-12
Student loan,Private student loan,Getting a loan,Qualified for a better loan than the one offered,35,2017-07-09,2026-06-02
Student loan,Private student loan,Improper use of your report,Credit inquiries on your report that you don't recognize,25,2017-04-28,2026-07-11
Student loan,Private student loan,Improper use of your report,Received unsolicited financial product or insurance offers after opting out,3,2020-05-01,2025-09-20
Student loan,Private student loan,Improper use of your report,Report provided to employer without your written authorization,7,2024-03-17,2026-05-06
Student loan,Private student loan,Improper use of your report,Reporting company used your report improperly,194,2017-05-02,2026-09-11
Student loan,Private student loan,Incorrect information on your report,Account information incorrect,406,2017-05-03,2026-09-22
Student loan,Private student loan,Incorrect information on your report,Account status incorrect,630,2017-04-26,2026-09-16
Student loan,Private student loan,Incorrect information on your report,Information belongs to someone else,198,2017-04-25,2026-08-22
Student loan,Private student loan,Incorrect information on your report,Information is missing that should be on the report,17,2020-02-11,2026-06-20
Student loan,Private student loan,Incorrect information on your report,Old information reappears or never goes away,76,2017-05-11,2026-06-01
Student loan,Private student loan,Incorrect information on your report,Personal information incorrect,18,2017-05-02,2026-07-10
Student loan,Private student loan,Incorrect information on your report,Public record information inaccurate,11,2018-07-20,2025-12-27
Student loan,Private student loan,Issue where my lender is my school,"Cannot graduate, receive diploma, or get transcript due to money owed",78,2023-08-31,2026-08-28
Student loan,Private student loan,Issue where my lender is my school,Issues with fees connected to the loan,118,2023-09-01,2026-09-03
Student loan,Private student loan,Issue with income share agreement,Billing or statement issues,35,2023-09-12,2026-09-21
Student loan,Private student loan,Issue with income share agreement,Dealing with provider of income share agreement,74,2023-10-12,2026-09-02
Student loan,Private student loan,Issue with income share agreement,Marketing or disclosure issues,59,2023-08-30,2026-08-11
Student loan,Private student loan,Issue with income share agreement,Payment issues,50,2023-10-28,2026-08-27
Student loan,Private student loan,Problem with a company's investigation into an existing problem,Difficulty submitting a dispute or getting information about a dispute over the phone,31,2023-09-13,2026-09-18
Student loan,Private student loan,Problem with a company's investigation into an existing problem,Investigation took more than 30 days,11,2024-08-04,2026-07-01
Student loan,Private student loan,Problem with a company's investigation into an existing problem,Problem with personal statement of dispute,52,2023-08-26,2026-09-11
Student loan,Private student loan,Problem with a company's investigation into an existing problem,Their investigation did not fix an error on your report,132,2023-08-27,2026-09-16
Student loan,Private student loan,Problem with a company's investigation into an existing problem,Was not notified of investigation status or results,24,2024-01-21,2026-06-07
Student loan,Private student loan,Problem with a credit reporting company's investigation into an existing problem,Investigation took more than 30 days,283,2017-05-26,2023-08-23
Student loan,Private student loan,Problem with fraud alerts or security freezes,,23,2018-11-05,2026-07-11
Student loan,Private student loan,Struggling to repay your loan,Bankruptcy,235,2023-08-25,2026-08-27
Student loan,Private student loan,Struggling to repay your loan,Can't get other flexible options for repaying your loan,3305,2017-04-24,2026-09-17
Student loan,Private student loan,Struggling to repay your loan,Can't temporarily delay making payments,1237,2017-04-24,2026-09-16
Student loan,Private student loan,Struggling to repay your loan,Problem lowering your monthly payments,1954,2017-04-24,2026-09-14
Student loan,Private student loan,Unable to get your credit report or credit score,Other problem getting your report or credit score,11,2018-06-20,2025-07-08
Vehicle loan or lease,Lease,Credit monitoring or identity theft protection services,Billing dispute for services,38,2017-08-03,2026-08-17
Vehicle loan or lease,Lease,Credit monitoring or identity theft protection services,Didn't receive services that were advertised,5,2019-02-19,2025-07-25
Vehicle loan or lease,Lease,Credit monitoring or identity theft protection services,Problem canceling credit monitoring or identify theft protection service,13,2017-10-20,2026-04-14
Vehicle loan or lease,Lease,Credit monitoring or identity theft protection services,Problem with product or service terms changing,7,2021-07-12,2025-10-23
Vehicle loan or lease,Lease,Credit monitoring or identity theft protection services,Received unwanted marketing or advertising,1,2017-11-07,2017-11-07
Vehicle loan or lease,Lease,Getting a loan or lease,Changes in terms mid-deal or after closing,173,2017-04-26,2026-08-22
Vehicle loan or lease,Lease,Getting a loan or lease,Confusing or misleading advertising,70,2017-05-11,2023-08-09
Vehicle loan or lease,Lease,Getting a loan or lease,Confusing or misleading advertising or marketing,136,2023-08-28,2026-09-14
Vehicle loan or lease,Lease,Getting a loan or lease,Credit denial,207,2017-04-26,2026-08-28
Vehicle loan or lease,Lease,Getting a loan or lease,Fraudulent loan,255,2017-04-28,2023-08-24
Vehicle loan or lease,Lease,Getting a loan or lease,High-pressure sales tactics,83,2017-08-18,2026-07-22
Vehicle loan or lease,Lease,Getting a loan or lease,Loan opened without my consent or knowledge,295,2023-09-04,2026-09-25
Vehicle loan or lease,Lease,Getting a loan or lease,Problem with a trade-in,32,2017-07-07,2026-09-14
Vehicle loan or lease,Lease,Getting a loan or lease,Problem with additional add-on products or services purchased with the loan,42,2017-11-07,2026-07-18
Vehicle loan or lease,Lease,Getting a loan or lease,Problem with signing the paperwork,55,2017-11-09,2026-09-08
Vehicle loan or lease,Lease,Improper use of your report,Credit inquiries on your report that you don't recognize,64,2017-07-31,2026-08-26
Vehicle loan or lease,Lease,Improper use of your report,Received unsolicited financial product or insurance offers after opting out,4,2018-12-18,2025-12-01
Vehicle loan or lease,Lease,Improper use of your report,Report provided to employer without your written authorization,2,2021-07-10,2023-11-10
Vehicle loan or lease,Lease,Improper use of your report,Reporting company used your report improperly,94,2018-09-22,2026-09-09
Vehicle loan or lease,Lease,Incorrect information on your report,Account information incorrect,451,2017-06-01,2026-09-23
Vehicle loan or lease,Lease,Incorrect information on your report,Account status incorrect,674,2017-04-26,2026-09-09
Vehicle loan or lease,Lease,Incorrect information on your report,Information belongs to someone else,134,2017-06-01,2026-08-29
Vehicle loan or lease,Lease,Incorrect information on your report,Information is missing that should be on the report,33,2019-02-19,2026-08-06
Vehicle loan or lease,Lease,Incorrect information on your report,Old information reappears or never goes away,60,2017-09-27,2026-07-18
Vehicle loan or lease,Lease,Incorrect information on your report,Personal information incorrect,15,2017-12-05,2026-06-17
Vehicle loan or lease,Lease,Incorrect information on your report,Public record information inaccurate,11,2018-11-08,2025-07-12
Vehicle loan or lease,Lease,Managing the loan or lease,Billing problem,2046,2017-04-25,2026-09-28
Vehicle loan or lease,Lease,Managing the loan or lease,Loan sold or transferred to another company,265,2017-05-12,2026-08-07
Vehicle loan or lease,Lease,Managing the loan or lease,Problem with additional products or services purchased with the loan,564,2017-05-02,2026-09-25
Vehicle loan or lease,Lease,Managing the loan or lease,Problem with fees charged,890,2017-04-27,2026-09-17
Vehicle loan or lease,Lease,Managing the loan or lease,Problem with the interest rate,167,2017-11-22,2026-08-30
Vehicle loan or lease,Lease,Problem with a company's investigation into an existing problem,Difficulty submitting a dispute or getting information about a dispute over the phone,35,2023-08-29,2026-08-17
Vehicle loan or lease,Lease,Problem with a company's investigation into an existing problem,Investigation took more than 30 days,8,2023-09-28,2026-07-30
Vehicle loan or lease,Lease,Problem with a company's investigation into an existing problem,Problem with personal statement of dispute,43,2023-10-10,2026-09-15
Vehicle loan or lease,Lease,Problem with a company's investigation into an existing problem,Their investigation did not fix an error on your report,172,2023-10-25,2026-09-23
Vehicle loan or lease,Lease,Problem with a company's investigation into an existing problem,Was not notified of investigation status or results,21,2023-12-02,2026-08-25
Vehicle loan or lease,Lease,Problem with a credit reporting company's investigation into an existing problem,Difficulty submitting a dispute or getting information about a dispute over the phone,33,2017-07-09,2022-11-17
Vehicle loan or lease,Lease,Problem with a credit reporting company's investigation into an existing problem,Investigation took more than 30 days,8,2018-10-22,2022-03-10
Vehicle loan or lease,Lease,Problem with a credit reporting company's investigation into an existing problem,Problem with personal statement of dispute,54,2017-08-04,2023-08-02
Vehicle loan or lease,Lease,Problem with a credit reporting company's investigation into an existing problem,Their investigation did not fix an error on your report,137,2017-05-16,2023-06-14
Vehicle loan or lease,Lease,Problem with a credit reporting company's investigation into an existing problem,Was not notified of investigation status or results,24,2018-04-21,2023-02-17
Vehicle loan or lease,Lease,Problem with credit report or credit score,Incorrect information on your report,2,2020-12-18,2021-04-15
Vehicle loan or lease,Lease,Problem with fraud alerts or security freezes,,8,2017-10-19,2025-11-28
Vehicle loan or lease,Lease,Problems at the end of the loan or lease,"Excess mileage, damage, or wear fees, or other problem after the lease is finished",1055,2017-04-26,2026-09-22
Vehicle loan or lease,Lease,Problems at the end of the loan or lease,Problem extending the lease,173,2017-05-08,2026-09-25
Vehicle loan or lease,Lease,Problems at the end of the loan or lease,Problem related to refinancing,92,2017-09-21,2026-09-26
Vehicle loan or lease,Lease,Problems at the end of the loan or lease,Problem when attempting to purchase vehicle at the end of the lease,518,2017-05-19,2026-09-16
Vehicle loan or lease,Lease,Problems at the end of the loan or lease,Problem while selling or giving up the vehicle,389,2017-05-27,2026-09-23
Vehicle loan or lease,Lease,Problems at the end of the loan or lease,Problem with paying off the loan,459,2017-05-12,2026-09-21
Vehicle loan or lease,Lease,Problems at the end of the loan or lease,Termination fees or other problem when ending the lease early,899,2017-04-25,2026-09-21
Vehicle loan or lease,Lease,Problems at the end of the loan or lease,Unable to receive car title or other problem after the loan is paid off,1001,2017-04-26,2026-09-21
Vehicle loan or lease,Lease,Repossession,Account reinstatement or redemption after repossession,228,2023-09-12,2026-09-22
Vehicle loan or lease,Lease,Repossession,Company communicating payment assistance or payment extension options,69,2023-09-17,2026-09-20
Vehicle loan or lease,Lease,Repossession,Company explaining amount owed,96,2023-09-14,2026-09-06
Vehicle loan or lease,Lease,Repossession,Damage caused or loss of personal items in vehicle during the actual repossession,141,2023-08-30,2026-09-19
Vehicle loan or lease,Lease,Repossession,Deficiency balance after repossession,177,2023-09-10,2026-09-21
Vehicle loan or lease,Lease,Repossession,Lender trying to repossess or disable the vehicle,188,2023-08-28,2026-09-14
Vehicle loan or lease,Lease,Repossession,Loan balance remaining after the vehicle is repossessed and sold,445,2023-09-03,2026-09-24
Vehicle loan or lease,Lease,Repossession,Notice to repossess,188,2023-09-01,2026-09-22
Vehicle loan or lease,Lease,Repossession,Voluntary repossession,186,2023-09-26,2026-09-05
Vehicle loan or lease,Lease,Struggling to pay your loan,Denied request to lower payments,449,2017-04-27,2026-09-16
Vehicle loan or lease,Lease,Struggling to pay your loan,Lender trying to repossess or disable the vehicle,222,2017-05-05,2023-08-14
Vehicle loan or lease,Lease,Struggling to pay your loan,Loan balance remaining after the vehicle is repossessed and sold,270,2017-05-30,2023-08-24
Vehicle loan or lease,Lease,Struggling to pay your loan,Problem after you declared or threatened to declare bankruptcy,47,2018-05-30,2026-08-28
Vehicle loan or lease,Lease,Unable to get your credit report or credit score,Other problem getting your report or credit score,15,2018-05-11,2026-07-14
Vehicle loan or lease,Loan,Credit monitoring or identity theft protection services,Billing dispute for services,185,2017-07-13,2026-09-09
Vehicle loan or lease,Loan,Credit monitoring or identity theft protection services,Didn't receive services that were advertised,32,2017-12-03,2026-08-23
Vehicle loan or lease,Loan,Credit monitoring or identity theft protection services,Problem canceling credit monitoring or identify theft protection service,47,2017-08-04,2026-08-01
Vehicle loan or lease,Loan,Credit monitoring or identity theft protection services,Problem with product or service terms changing,28,2017-04-25,2026-07-13
Vehicle loan or lease,Loan,Credit monitoring or identity theft protection services,Received unwanted marketing or advertising,7,2020-06-11,2026-09-04
Vehicle loan or lease,Loan,Getting a loan or lease,Changes in terms mid-deal or after closing,1281,2017-04-26,2026-09-17
Vehicle loan or lease,Loan,Getting a loan or lease,Confusing or misleading advertising or marketing,1987,2017-05-08,2026-09-27
Vehicle loan or lease,Loan,Getting a loan or lease,Credit denial,2479,2017-05-02,2026-09-18
Vehicle loan or lease,Loan,Getting a loan or lease,Did not receive car title,100,2023-08-25,2026-09-22
Vehicle loan or lease,Loan,Getting a loan or lease,Fraudulent loan,2818,2017-04-25,2023-08-25
Vehicle loan or lease,Loan,Getting a loan or lease,High-pressure sales tactics,682,2017-05-09,2026-09-23
Vehicle loan or lease,Loan,Getting a loan or lease,Loan opened without my consent or knowledge,1922,2023-08-25,2026-09-26
Vehicle loan or lease,Loan,Getting a loan or lease,Problem with a trade-in,141,2017-04-26,2026-08-17
Vehicle loan or lease,Loan,Getting a loan or lease,Problem with additional add-on products or services purchased with the loan,527,2017-05-08,2026-09-25
Vehicle loan or lease,Loan,Getting a loan or lease,Problem with signing the paperwork,679,2017-05-25,2026-09-23
Vehicle loan or lease,Loan,Improper use of your report,Credit inquiries on your report that you don't recognize,527,2017-05-16,2026-09-24
Vehicle loan or lease,Loan,Improper use of your report,Received unsolicited financial product or insurance offers after opting out,11,2017-10-09,2025-09-24
Vehicle loan or lease,Loan,Improper use of your report,Report provided to employer without your written authorization,37,2017-12-03,2026-07-06
Vehicle loan or lease,Loan,Improper use of your report,Reporting company used your report improperly,834,2017-10-09,2026-09-23
Vehicle loan or lease,Loan,Incorrect information on your report,Account information incorrect,2856,2017-04-24,2026-09-26
Vehicle loan or lease,Loan,Incorrect information on your report,Account status incorrect,3073,2017-04-24,2026-09-23
Vehicle loan or lease,Loan,Incorrect information on your report,Information belongs to someone else,973,2017-05-05,2026-09-25
Vehicle loan or lease,Loan,Incorrect information on your report,Information is missing that should be on the report,275,2017-05-07,2026-09-22
Vehicle loan or lease,Loan,Incorrect information on your report,Old information reappears or never goes away,296,2017-09-06,2026-09-18
Vehicle loan or lease,Loan,Incorrect information on your report,Personal information incorrect,82,2017-05-18,2026-09-17
Vehicle loan or lease,Loan,Incorrect information on your report,Public record information inaccurate,86,2017-05-03,2026-08-13
Vehicle loan or lease,Loan,Managing the loan or lease,Billing problem,14319,2017-04-24,2026-09-26
Vehicle loan or lease,Loan,Managing the loan or lease,Loan sold or transferred to another company,1755,2017-04-27,2026-09-25
Vehicle loan or lease,Loan,Managing the loan or lease,Problem with additional products or services purchased with the loan,4574,2017-04-24,2026-09-26
Vehicle loan or lease,Loan,Managing the loan or lease,Problem with fees charged,4483,2017-04-24,2026-09-28
Vehicle loan or lease,Loan,Managing the loan or lease,Problem with the interest rate,3337,2017-04-28,2026-09-24
Vehicle loan or lease,Loan,Problem with a company's investigation into an existing problem,Difficulty submitting a dispute or getting information about a dispute over the phone,143,2023-08-27,2026-09-11
Vehicle loan or lease,Loan,Problem with a company's investigation into an existing problem,Investigation took more than 30 days,68,2023-10-09,2026-09-14
Vehicle loan or lease,Loan,Problem with a company's investigation into an existing problem,Problem with personal statement of dispute,152,2023-08-25,2026-09-15
Vehicle loan or lease,Loan,Problem with a company's investigation into an existing problem,Their investigation did not fix an error on your report,870,2023-08-26,2026-09-22
Vehicle loan or lease,Loan,Problem with a company's investigation into an existing problem,Was not notified of investigation status or results,105,2023-08-25,2026-09-09
Vehicle loan or lease,Loan,Problem with a credit reporting company's investigation into an existing problem,Investigation took more than 30 days,1563,2017-04-24,2023-08-19
Vehicle loan or lease,Loan,Problem with credit report or credit score,Credit monitoring or identity theft protection services,1,2021-01-26,2021-01-26
Vehicle loan or lease,Loan,Problem with credit report or credit score,Improper use of your report,1,2021-03-08,2021-03-08
Vehicle loan or lease,Loan,Problem with credit report or credit score,Incorrect information on your report,5,2021-02-18,2025-12-16
Vehicle loan or lease,Loan,Problem with fraud alerts or security freezes,,51,2017-10-08,2026-08-20
Vehicle loan or lease,Loan,Problems at the end of the loan or lease,Problem related to refinancing,1269,2017-04-27,2026-09-21
Vehicle loan or lease,Loan,Problems at the end of the loan or lease,Problem while selling or giving up the vehicle,1131,2017-04-26,2026-09-21
Vehicle loan or lease,Loan,Problems at the end of the loan or lease,Problem with paying off the loan,3565,2017-04-24,2026-09-23
Vehicle loan or lease,Loan,Problems at the end of the loan or lease,Unable to receive car title or other problem after the loan is paid off,6496,2017-04-24,2026-09-26
Vehicle loan or lease,Loan,Repossession,Account reinstatement or redemption after repossession,1780,2023-08-26,2026-09-28
Vehicle loan or lease,Loan,Repossession,Company communicating payment assistance or payment extension options,558,2023-08-27,2026-09-19
Vehicle loan or lease,Loan,Repossession,Company explaining amount owed,629,2023-08-25,2026-09-24
Vehicle loan or lease,Loan,Repossession,Damage caused or loss of personal items in vehicle during the actual repossession,904,2023-08-25,2026-09-27
Vehicle loan or lease,Loan,Repossession,Deficiency balance after repossession,1642,2023-08-30,2026-09-26
Vehicle loan or lease,Loan,Repossession,Lender trying to repossess or disable the vehicle,1418,2023-08-25,2026-09-28
Vehicle loan or lease,Loan,Repossession,Loan balance remaining after the vehicle is repossessed and sold,3175,2023-08-25,2026-09-24
Vehicle loan or lease,Loan,Repossession,Notice to repossess,1447,2023-08-28,2026-09-24
Vehicle loan or lease,Loan,Repossession,Voluntary repossession,1393,2023-08-25,2026-09-25
Vehicle loan or lease,Loan,Struggling to pay your loan,Denied request to lower payments,4589,2017-04-24,2026-09-27
Vehicle loan or lease,Loan,Struggling to pay your loan,Lender trying to repossess or disable the vehicle,2491,2017-04-24,2023-08-24
Vehicle loan or lease,Loan,Struggling to pay your loan,Loan balance remaining after the vehicle is repossessed and sold,2497,2017-04-26,2023-08-24
Vehicle loan or lease,Loan,Struggling to pay your loan,Problem after you declared or threatened to declare bankruptcy,472,2017-04-25,2026-09-09
Vehicle loan or lease,Loan,Unable to get your credit report or credit score,Other problem getting your report or credit score,140,2017-05-10,2026-07-31
Vehicle loan or lease,Loan,Unable to get your credit report or credit score,Problem getting your free annual credit report,5,2021-09-14,2024-09-21
Vehicle loan or lease,Title loan,Improper use of your report,Credit inquiries on your report that you don't recognize,1,2019-08-17,2019-08-17
Vehicle loan or lease,Title loan,Improper use of your report,Received unsolicited financial product or insurance offers after opting out,1,2019-07-23,2019-07-23
Vehicle loan or lease,Title loan,Improper use of your report,Report provided to employer without your written authorization,1,2022-08-10,2022-08-10
Vehicle loan or lease,Title loan,Improper use of your report,Reporting company used your report improperly,3,2021-08-03,2022-08-31
Vehicle loan or lease,Title loan,Incorrect information on your report,Account information incorrect,7,2018-04-03,2022-09-19
Vehicle loan or lease,Title loan,Incorrect information on your report,Account status incorrect,14,2018-06-19,2022-05-19
Vehicle loan or lease,Title loan,Incorrect information on your report,Information belongs to someone else,2,2019-01-24,2022-05-12
Vehicle loan or lease,Title loan,Incorrect information on your report,Old information reappears or never goes away,1,2022-04-20,2022-04-20
Vehicle loan or lease,Title loan,Incorrect information on your report,Personal information incorrect,1,2019-01-12,2019-01-12
Vehicle loan or lease,Title loan,Problem with a credit reporting company's investigation into an existing problem,Difficulty submitting a dispute or getting information about a dispute over the phone,2,2020-09-16,2021-01-12
Vehicle loan or lease,Title loan,Problem with a credit reporting company's investigation into an existing problem,Investigation took more than 30 days,1,2017-07-25,2017-07-25
Vehicle loan or lease,Title loan,Problem with a credit reporting company's investigation into an existing problem,Their investigation did not fix an error on your report,10,2018-03-06,2021-11-15
Vehicle loan or lease,Title loan,Problem with a credit reporting company's investigation into an existing problem,Was not notified of investigation status or results,1,2022-08-25,2022-08-25
Vehicle loan or lease,Title loan,Problem with credit report or credit score,,1,2018-11-07,2018-11-07
Virtual currency,Domestic (US) money transfer,Fraud or scam,,4,2015-10-22,2015-10-22
Virtual currency,Domestic (US) money transfer,Money was not available when promised,,1,2015-04-06,2015-04-06
Virtual currency,Domestic (US) money transfer,Other service issues,,8,2015-09-17,2017-02-08
Virtual currency,Domestic (US) money transfer,Other transaction issues,,4,2014-08-15,2017-04-03
Virtual currency,International money transfer,Fraud or scam,,1,2016-03-28,2016-03-28
