value,rows,first_seen,last_seen
AMERICAN EXPRESS COMPANY,60396,2011-12-01,2026-09-27
"BANK OF AMERICA, NATIONAL ASSOCIATION",187449,2011-12-01,2026-09-28
BARCLAYS BANK DELAWARE,28877,2011-12-01,2026-09-28
BB&T CORPORATION,5522,2011-12-01,2020-02-28
BMO BANK NATIONAL ASSOCIATION,7165,2011-12-01,2026-09-24
CAPITAL ONE FINANCIAL CORPORATION,172911,2011-12-01,2026-09-28
"CITIBANK, N.A.",142299,2011-12-01,2026-09-25
"CITIZENS FINANCIAL GROUP, INC.",18239,2011-12-01,2026-09-24
DISCOVER BANK,44503,2011-12-01,2026-03-25
"EVERBANK, NATIONAL ASSOCIATION",1758,2011-12-01,2026-09-23
FIFTH THIRD FINANCIAL CORPORATION,15546,2011-12-01,2026-09-21
"FIRST HAWAIIAN, INC.",331,2011-12-01,2026-08-24
"Flagstar Bank, N.A.",4208,2011-12-01,2022-12-15
HSBC NORTH AMERICA HOLDINGS INC.,12471,2011-12-01,2026-09-25
JPMORGAN CHASE & CO.,176500,2011-12-01,2026-09-24
M&T BANK CORPORATION,10297,2011-12-01,2026-09-21
Ocwen Financial Corporation,38028,2011-12-01,2026-09-28
PNC Bank N.A.,32607,2011-12-01,2026-09-28
REGIONS FINANCIAL CORPORATION,10209,2011-12-01,2026-09-20
"SUNTRUST BANKS, INC.",9634,2011-12-01,2020-02-25
SYNCHRONY FINANCIAL,84179,2011-12-01,2026-09-23
TD BANK US HOLDING COMPANY,37684,2011-12-01,2026-09-17
U.S. BANCORP,49993,2011-12-01,2026-09-21
WELLS FARGO & COMPANY,175447,2011-12-01,2026-09-25
BANCO POPULAR DE PUERTO RICO,1890,2011-12-02,2026-09-13
BANK OF THE WEST,2443,2011-12-02,2023-03-17
"CIT BANK, NATIONAL ASSOCIATION",2185,2011-12-02,2022-06-09
FIRST NATIONAL BANK OF OMAHA,4251,2011-12-02,2026-09-23
KEYCORP,8287,2011-12-02,2026-09-20
NAVY FEDERAL CREDIT UNION,49593,2011-12-02,2026-09-25
UNITED SERVICES AUTOMOBILE ASSOCIATION,19805,2011-12-02,2026-09-14
Pending Company Match,499,2011-12-04,2024-11-18
"BANKUNITED, NATIONAL ASSOCIATION",314,2011-12-05,2026-05-08
"SELECT PORTFOLIO SERVICING, INC.",16509,2011-12-05,2026-09-21
"ARVEST BANK GROUP, INC.",1693,2011-12-06,2026-09-10
Comerica,8603,2011-12-06,2026-08-29
"FIRST CITIZENS BANCSHARES, INC.",1599,2011-12-06,2026-09-14
"BANK OF NEW YORK MELLON CORPORATION, THE",1045,2011-12-08,2026-09-10
"Flagstar Bank, National Association",499,2011-12-08,2019-11-27
PHH Mortgage Services Corporation,2450,2011-12-08,2019-06-28
"Dovenmuehle Mortgage, Inc.",2463,2011-12-09,2026-09-17
NATIONSTAR MORTGAGE LLC,19296,2011-12-09,2018-10-18
STATE LAW GROUP,2,2011-12-09,2014-08-26
U.S. BANK NATIONAL ASSOCIATION - SAN FRANCISCO MAIN BRANCH,907,2011-12-11,2020-02-22
BOK FINANCIAL CORP,834,2011-12-12,2026-09-25
"SANTANDER BANK, NATIONAL ASSOCIATION",4274,2011-12-12,2022-09-23
American Finance House Lariba,3,2011-12-13,2016-02-08
CITY NATIONAL BANK,237,2011-12-13,2026-07-25
"Caliber Home Loans, Inc.",4742,2011-12-13,2024-12-19
"FIRST FINANCIAL SERVICES, INC.",32,2011-12-13,2020-03-05
FIRST HORIZON BANK,1607,2011-12-13,2026-09-25
"Residential Credit Solutions, Inc.",815,2011-12-13,2018-04-12
"Rocket Mortgage, LLC",9232,2011-12-13,2026-09-21
Synovus Bank,4632,2011-12-13,2026-01-16
MORTGAGE INVESTORS CORPORATION,69,2011-12-14,2025-01-11
PENTAGON FEDERAL CREDIT UNION,6480,2011-12-14,2026-09-24
PROVIDENT FUNDING ASSOCIATES,510,2011-12-14,2026-09-17
Guild Holdings Company,807,2011-12-15,2026-09-15
"CMG Financial Services, Inc.",856,2011-12-16,2026-09-24
POPULAR BANK,654,2011-12-16,2022-06-27
WAFD BANK,318,2011-12-16,2026-09-12
AMERISAVE MORTGAGE CORPORATION,1759,2011-12-17,2026-09-15
"Shellpoint Partners, LLC",19717,2011-12-19,2026-09-17
BANCORPSOUTH BANK,229,2011-12-20,2021-12-10
"CHARLES SCHWAB CORPORATION, THE",1438,2011-12-20,2026-09-21
Ditech Financial LLC,14947,2011-12-20,2020-09-24
TCF NATIONAL BANK,2494,2011-12-20,2025-10-31
"NFM, INC",75,2011-12-21,2026-09-02
VIRGINIA HOUSING DEVELOPMENT AUTHORITY,110,2011-12-21,2026-08-29
ZIONS BANCORPORATION,1119,2011-12-21,2026-09-15
BANK OF HAWAII CORPORATION,359,2011-12-22,2026-09-15
"HUNTINGTON NATIONAL BANK, THE - FIRSTMERIT BANK, N.A. BRANCH",365,2011-12-27,2025-02-07
"STATE FARM BANK, FSB",929,2011-12-27,2021-04-07
"CARRINGTON MORTGAGE SERVICES, LLC",7316,2012-01-02,2026-09-15
MORGAN STANLEY & CO. LLC,1247,2012-01-03,2026-09-19
COASTAL STATES MORTGAGE CORPORATION,25,2012-01-04,2013-10-15
FIRSTBANK PUERTO RICO,870,2012-01-05,2026-09-15
Castle and Cookie Mortgage LLC,40,2012-01-06,2026-08-25
"Community Loan Servicing, LLC (formerly known as Bayview Loan Servicing, LLC)",4029,2012-01-06,2026-06-26
"PENNYMAC LOAN SERVICES, LLC.",6480,2012-01-06,2026-09-18
"Prospect Mortgage, LLC",112,2012-01-06,2018-12-06
TRINITY CREDIT SERVICES,2,2012-01-06,2015-05-13
"VANDERBILT MORTGAGE & FINANCE, INC",851,2012-01-06,2026-09-26
"Seterus, Inc.",4486,2012-01-08,2021-03-16
EAST WEST BANK,478,2012-01-09,2026-09-11
HANCOCK WHITNEY BANK,594,2012-01-09,2026-09-03
"LoanCare, LLC",8377,2012-01-09,2026-09-18
VALLEY NATIONAL BANCORP,751,2012-01-10,2026-09-18
AMERICASH,16,2012-01-11,2020-02-17
Aspen Home Mortgage Group,1,2012-01-11,2012-01-11
"HomeTown Lenders, LLC",38,2012-01-11,2024-11-15
"ONEMAIN FINANCIAL HOLDINGS, LLC.",2646,2012-01-11,2019-11-20
Selene Finance LP,1695,2012-01-12,2020-01-09
"HUNTER FINANCIAL GROUP, LLC",5,2012-01-13,2021-06-22
"RABOBANK, NATIONAL ASSOCIATION",105,2012-01-15,2019-10-07
AMERICAN INTERNET MORTGAGE,170,2012-01-17,2026-08-27
SANTANDER BANCORP,165,2012-01-17,2021-01-03
Specialized Loan Servicing Holdings LLC,8770,2012-01-17,2024-07-17
VALLEY ESTATES ESCROW,1,2012-01-17,2012-01-17
"BOGMAN, INC",51,2012-01-18,2024-11-30
"HUNTINGTON NATIONAL BANK, THE",8994,2012-01-18,2026-09-24
"Servis One, Inc., Titusville, PA Branch",1255,2012-01-19,2019-12-05
BBVA FINANCIAL CORPORATION,5180,2012-01-20,2021-08-26
"MORTGAGE CENTER, LC",39,2012-01-20,2026-06-11
Academy Mortgage Corporation,189,2012-01-22,2026-07-02
COMMERCE BANK,1064,2012-01-22,2026-09-16
"Solace Financial, LLC",5,2012-01-24,2015-09-02
GENERATION MORTGAGE COMPANY,61,2012-01-25,2016-11-09
"Home Loan Center, Inc.",477,2012-01-25,2026-09-05
RoundPoint Mortgage Servicing LLC,3043,2012-01-25,2026-09-12
"Reverse Mortgage Solutions, Inc.",545,2012-01-30,2021-09-29
"CONSUMER PROTECTION ASSISTANCE COALITION, INC",10,2012-01-31,2020-02-24
Prime Credit Corporation,5,2012-01-31,2023-08-08
GUARANTEED RATE INC.,826,2012-02-01,2026-09-11
SIERRA PACIFIC MORTGAGE,147,2012-02-01,2026-01-26
INVESTORS BANK,198,2012-02-02,2022-04-05
JLM R.E. INVESTMENTS,1,2012-02-02,2012-02-02
"WEBSTER BANK, NATIONAL ASSOCIATION",1632,2012-02-02,2026-09-08
Arbor Residential Mortgage LLC,336,2012-02-03,2026-05-21
E*TRADE BANK,285,2012-02-03,2022-05-03
Quantum Servicing Corporation,36,2012-02-03,2024-12-10
Brady Distributing Company,1,2012-02-07,2012-02-07
"Real Time Group, Inc.",1194,2012-02-07,2026-09-03
Statebridge Company,827,2012-02-07,2026-09-11
BLUFI LENDING CORPORATION,6,2012-02-08,2014-02-25
REDWOOD MORTGAGE INVESTORS,1,2012-02-08,2012-02-08
"Sortis Financial, Inc.",222,2012-02-13,2019-05-31
"BROKER SOLUTIONS, INC.",968,2012-02-14,2026-09-21
RESOURCE PRO,4,2012-02-14,2022-02-07
DHI Mortgage Company,228,2012-02-15,2026-08-27
"LendUS, LLC",14,2012-02-15,2017-10-23
PLATINUM HOME MORTGAGE CORPORATION,35,2012-02-15,2023-06-11
ASSOCIATED BANC-CORP,916,2012-02-17,2026-09-17
Finance of America Mortgage LLC,195,2012-02-17,2026-09-12
"MORTGAGE AMERICA, INC",7,2012-02-17,2024-01-11
Allen Tate Mortgage Services,8,2012-02-20,2019-07-15
ASTORIA BANK,290,2012-02-22,2017-09-22
LENDER LIVE,123,2012-02-23,2026-02-05
Santander Consumer USA Holdings Inc.,12455,2012-02-27,2022-09-30
"Residential Mortgage Services Holdings, Inc.",17,2012-02-28,2024-12-13
SecurityNational Mortgage Company,54,2012-02-28,2019-08-29
Sentrix Financial Services,9,2012-02-28,2024-05-23
AMERICAN FEDERAL MORTGAGE CORPORATION,8,2012-02-29,2026-03-28
NISSAN MOTOR ACCEPTANCE COMPANY LLC,5452,2012-03-01,2026-09-14
"Navient Solutions, LLC.",43751,2012-03-01,2026-09-27
"Nelnet, Inc.",27927,2012-03-01,2026-09-23
IOWA STUDENT LOAN LIQUIDITY CORPORATION,239,2012-03-02,2026-09-17
"Nationwide Biweekly Administration, Inc.",141,2012-03-03,2020-05-22
TOYOTA MOTOR CREDIT CORPORATION,9378,2012-03-03,2026-09-28
ACCESS GROUP INC.,150,2012-03-05,2026-05-28
ALLY FINANCIAL INC.,30482,2012-03-05,2026-09-28
"LD Holdings Group, LLC",3012,2012-03-05,2026-09-15
MOHELA,29643,2012-03-05,2026-09-25
"PEOPLE'S UNITED BANK, NATIONAL ASSOCIATION",785,2012-03-05,2022-07-22
SLM CORPORATION,6091,2012-03-05,2026-09-23
TFS FINANCIAL CORPORATION,379,2012-03-05,2026-09-13
ACS Education Services,1383,2012-03-06,2026-09-01
AES/PHEAA,16555,2012-03-06,2026-09-18
HIGHER EDUCATION STUDENT ASSISTANCE AUTHORITY (HESAA),318,2012-03-06,2026-06-25
Freedom Mortgage Company,10305,2012-03-07,2026-09-24
Massachusetts Educational Financing Authority,187,2012-03-07,2026-08-05
STANDARD MORTGAGE CORPORATION,103,2012-03-07,2026-09-15
FORD MOTOR CREDIT CO.,3735,2012-03-08,2026-09-19
21ST MORTGAGE CORP.,1118,2012-03-09,2026-09-17
Cognition Financial Corporation,40,2012-03-09,2018-02-01
Franklin Credit Management Corporation,272,2012-03-10,2026-08-07
ALASKA COMMISSION ON POST SECONDARY EDUCATION,40,2012-03-13,2026-08-25
"JKS Mortgage, LLC",1,2012-03-13,2012-03-13
LOAN TO LEARN,118,2012-03-13,2026-08-06
WCDA WYOMING COMMUNITY DEVELOPMENT AUTHORITY,7,2012-03-13,2026-08-19
FRANKLIN AMERICAN MORTGAGE CO.,233,2012-03-14,2018-08-10
"Integrity Solution Services, Inc.",166,2012-03-15,2017-10-20
PRIMARY RESIDENTIAL MORTGAGE,275,2012-03-15,2026-09-08
Podium Mortgage Capital LLC,29,2012-03-15,2021-04-19
JAMES B. NUTTER & COMPANY,126,2012-03-16,2026-02-03
TEXAS HIGHER EDUCATION COORDINATING BOARD,102,2012-03-16,2026-05-05
HYUNDAI CAPITAL AMERICA,8260,2012-03-19,2026-09-23
"National Asset Direct, Inc.",15,2012-03-19,2021-02-21
Lending Solutions Mortgage/ LSI Mortgage,36,2012-03-20,2017-05-25
Mercedes Benz Financial Services,3356,2012-03-21,2026-09-25
UMB FINANCIAL CORPORATION,715,2012-03-21,2026-09-11
FIRSTBANK,291,2012-03-22,2026-05-12
INTERFIRST MORTGAGE COMPANY,62,2012-03-22,2026-04-30
MEMBER MORTGAGE SERVICES,6,2012-03-22,2021-11-17
UNITED PACIFIC BANK,8,2012-03-22,2016-08-11
"CASHCALL, INC.",1245,2012-03-23,2026-09-23
GREAT LAKES,1574,2012-03-25,2019-12-18
"Allied International Credit Corp., (US)",233,2012-03-26,2026-01-07
"FIRST NIAGARA FINANCIAL GROUP, INC.",504,2012-03-26,2017-03-01
NEW YORK STATE HIGHER EDUCATION SERVICES CORPORATION (HESC)—,140,2012-03-26,2025-11-22
"Fink & McGregor Mortgage, LC",1,2012-03-27,2012-03-27
Finance of America Holdings LLC,321,2012-03-28,2026-09-09
Supreme Lending,205,2012-03-28,2026-08-24
KIRKSTON MORTGAGE LENDING LLC,2,2012-03-29,2012-10-15
Finance Authority of Maine,8,2012-03-30,2018-12-06
"RMR FINANCIAL, INC",3,2012-03-30,2013-12-05
Student Loan Finance Corporation,67,2012-03-30,2020-08-15
"Convergent Resources, Inc.",9116,2012-03-31,2026-08-26
GRANITE STATE MANAGEMENT & RESOURCES,134,2012-04-01,2020-06-10
ACRE MORTGAGE,17,2012-04-03,2024-05-09
360 MORTGAGE GROUP LLC,105,2012-04-05,2019-10-30
CREDIT ACCEPTANCE CORPORATION,14425,2012-04-05,2026-09-24
HOMETOWN EQUITY MORTGAGE,4,2012-04-05,2019-05-24
"MCGLONE MORTGAGE COMPANY, INC.",2,2012-04-09,2017-10-17
THIRD FINANCIAL SERVICES CORP,7,2012-04-09,2017-12-21
W.J. BRADLEY MORTGAGE CAPITAL,26,2012-04-09,2019-07-19
AMERICAN HONDA FINANCE CORP,5061,2012-04-10,2026-09-28
Deutsche Bank,167,2012-04-11,2026-07-10
"Fay Servicing, LLC",4023,2012-04-11,2026-09-16
"General Motors Financial Company, Inc.",9723,2012-04-11,2026-09-24
STATE EMPLOYEES’ CREDIT UNION,2101,2012-04-11,2026-09-16
United Student Aid (USA) Funds,220,2012-04-11,2018-12-12
"PLAZA HOME MORTGAGE, INC.",323,2012-04-12,2026-08-11
"PulteGroup, Inc.",178,2012-04-13,2026-08-26
"Panorama Mortgage Group, LLC",73,2012-04-16,2026-05-12
HOME FINANCING CENTER,42,2012-04-17,2026-05-30
MidAmerica Mortgage Inc,209,2012-04-17,2022-07-20
"Stearns Ventures, LLC",371,2012-04-17,2021-06-25
MILLENIUM HOME MORTGAGE LLC,4,2012-04-18,2018-10-28
Mortgage Lenders Investment Trading Corp,103,2012-04-20,2026-07-07
"BMW Financial Services NA, LLC",3335,2012-04-23,2026-09-22
GATEWAY FIRST BANK,300,2012-04-24,2026-08-30
SOUTHERN TRUST MORTGAGE LLC,17,2012-04-25,2024-09-20
STATE STREET BANK AND TRUST COMPANY,52,2012-04-29,2026-05-14
STREETER BROTHERS MORTGAGE CORPORATION,2,2012-05-01,2012-09-11
CLEVELAND HOME TITLE AGENCY,1,2012-05-02,2012-05-02
RUSHMORE LOAN MANAGEMENT SERVICES LLC,3802,2012-05-02,2023-11-08
MORTGAGE COUNSELING CENTER,4,2012-05-03,2015-02-10
ARBOR MORTGAGE,5,2012-05-04,2026-03-30
SN SERVICING CORPORATION,957,2012-05-04,2026-09-16
"Daiyaan, Inc",2,2012-05-05,2022-08-18
FIRST HORIZON BANK - WEST CONGRESS STREET BRANCH,256,2012-05-05,2020-06-25
VW Credit,2611,2012-05-07,2026-09-16
NATIONWIDE ADVANTAGE MORTGAGE COMPANY,90,2012-05-09,2024-03-26
Rapid Mortgage Company,9,2012-05-10,2026-05-12
WHOLESALE CAPITAL CORPORATION,2,2012-05-10,2015-02-14
"COAST PROFESSIONAL, INC.",472,2012-05-13,2026-09-22
EMBRACE HOME LOANS,149,2012-05-14,2026-09-08
First Colony Mortgage Corp.,11,2012-05-14,2025-05-04
ACOPIA CAPITAL GROUP,29,2012-05-15,2026-05-06
CIS DIRECT LENDING,21,2012-05-15,2023-12-08
Chrysalis Holdings LLC,248,2012-05-15,2026-09-15
"Fidelity National Financial, Inc",342,2012-05-15,2026-09-14
"SOUTHPOINT FINANCIAL SERVICES, INC.",13,2012-05-15,2026-05-28
AVANTE,815,2012-05-16,2026-09-18
First Associates Loan Servicing LLC,388,2012-05-16,2020-03-13
"OLD REPUBLIC TITLE HOLDING COMPANY, INC",25,2012-05-16,2026-05-16
Resurgent Capital Services L.P.,72462,2012-05-16,2026-09-25
HOMETRUST MORTGAGE COMPANY,4,2012-05-21,2019-06-26
"Eagle Home Mortgage, LLC",119,2012-05-24,2020-01-17
FIRST REPUBLIC BANK,160,2012-05-24,2023-05-02
"Northern Trust Company, The",135,2012-05-24,2026-06-28
"American Lending Solutions, LLC",5,2012-05-25,2016-01-10
"1ST ALLIANCE LENDING, LLC",23,2012-05-29,2019-10-22
"FIRST CALIFORNIA MORTGAGE CO., INC.",20,2012-05-29,2022-04-28
South Carolina Student Loan Corp,65,2012-05-29,2025-10-08
NVR INC.,215,2012-05-30,2026-09-12
WEICHERT FINANCIAL SERVICES,77,2012-05-30,2026-05-01
"Rochester Home Equity, Inc",10,2012-06-01,2017-09-26
VANDYK MORTGAGE CORPORATION,52,2012-06-01,2026-06-25
Amerivest Mortgages,2,2012-06-03,2020-08-31
"Kramer & Frank, P.C.",138,2012-06-04,2026-09-01
"Weltman, Weinberg & Reis Co., L.P.A.",991,2012-06-04,2026-09-22
"InterLinc Mortgage Services, LLC",23,2012-06-05,2026-03-09
"LYONS MORTGAGE SERVICES, INC.",3,2012-06-05,2020-07-26
"Mountain West Financial, LLC",40,2012-06-07,2024-07-25
"Vanderwey Investments, LLC",1,2012-06-07,2012-06-07
DriveTime,1122,2012-06-08,2026-09-12
Rhode Island Student Loan Authority,44,2012-06-09,2025-07-23
AMERICAN EAGLE MORTGAGE COMPANY,5,2012-06-10,2017-11-01
Fleet Mortgage Corp,1,2012-06-10,2012-06-10
AMERICAN EQUITY MORTGAGE,28,2012-06-11,2024-04-04
"Advance Title & Abstract, Inc.",1,2012-06-11,2012-06-11
Pacific Residential Mortgage,6,2012-06-11,2022-10-03
Quality Loan Service Corporation,325,2012-06-12,2026-07-30
"Cascade Mortgage, Inc.",10,2012-06-13,2020-11-23
MID-ISLAND MORTGAGE CORP.,42,2012-06-13,2026-08-19
Sterling Home Loans Inc,4,2012-06-13,2016-05-12
FCI Lender Services Inc.,488,2012-06-14,2026-09-16
BANKERS MORTGAGE CORPORATION,5,2012-06-15,2026-06-03
College Loan Corporation,30,2012-06-15,2024-06-25
Genesis Lending,513,2012-06-15,2021-09-09
Bank of China USA,20,2012-06-19,2026-04-24
"Consumer Portfolio Services, Inc.",3889,2012-06-20,2026-09-24
Partners for Payment Relief,36,2012-06-20,2026-08-12
Able Mortgage,2,2012-06-21,2017-01-26
"Clifton Mortgage Services, LLC",2,2012-06-21,2017-08-09
SERVICELINK LOSS MITIGATION SERVICES,15,2012-06-21,2020-02-04
"STERLING JEWELERS, INC.",1477,2012-06-21,2025-11-27
WATERSTONE MORTGAGE CORPORATION,68,2012-06-21,2026-08-14
Assent Inc.,12,2012-06-22,2026-02-26
FINANCIAL FREEDOM MORTGAGE INC,2,2012-06-22,2014-09-02
LINCOLN MORTGAGE COMPANY,4,2012-06-22,2021-04-20
EdFinancial Services,9674,2012-06-23,2026-09-23
"Evesham Mortgage, LLC",4,2012-06-23,2020-04-27
UNITED GUARANTY CORPORATION,63,2012-06-25,2020-11-30
"United Shore Financial Services, LLC",2386,2012-06-25,2026-09-18
IVAN BROWN,1,2012-06-26,2012-06-26
"WATERMARK CAPITAL, INC.",54,2012-06-26,2026-02-02
"Neighborhood Housing Services of Richmond, Inc",8,2012-07-03,2026-08-29
"HABITAT FOR HUMANITY INTERNATIONAL, INC.",84,2012-07-05,2026-05-11
"Continental Services Group, Inc. d/b/a ConServe",1903,2012-07-06,2026-09-22
First Midwest Financial,7,2012-07-06,2021-08-18
GENEQUITY MORTGAGE,1,2012-07-06,2012-07-06
Bay Equity LLC,44,2012-07-09,2025-09-07
"Neighborhood Assistance Corporation of America (""NACA"")",149,2012-07-09,2026-09-05
"Galin Mortgage Lending, LLC",1,2012-07-10,2012-07-10
"American Fidelity Mortgage Services, Inc.",2,2012-07-11,2022-06-27
CATHAY BANK,142,2012-07-11,2026-09-16
"Old Dominion Mortgage Co., Inc",4,2012-07-11,2025-07-28
"PRIMELENDING, A PLAINSCAPITAL COMPANY",207,2012-07-11,2020-07-22
AMERICAN FINANCING CORPORATION,62,2012-07-12,2026-08-12
"Alpine Mortgage Services, LLC",2,2012-07-13,2016-12-01
"Consumer Education Services, Inc.",10,2012-07-13,2026-07-21
Prudent Law Group,27,2012-07-13,2015-01-15
"Mesce Associates, Inc.",1,2012-07-16,2012-07-16
TOTAL MORTGAGE SERVICES LLC,50,2012-07-16,2026-07-08
FIRST MORTGAGE CORPORATION,49,2012-07-17,2018-01-26
"WCS LENDING, LLC",6,2012-07-18,2012-11-06
"Gitsit Solutions, LLC.",123,2012-07-20,2026-07-23
UNIVERSAL LENDING CORP.,12,2012-07-20,2026-09-11
AmeriFirst Financial Corporation,54,2012-07-23,2026-08-22
"SUN WEST MORTGAGE COMPANY, INC.",442,2012-07-25,2026-09-03
"RCO Legal, P.S.",18,2012-07-26,2020-02-26
GSF MORTGAGE CORP,42,2012-07-29,2022-12-07
MORTGAGE MASTER SERVICE CORPORATION,1,2012-07-30,2012-07-30
SVI Group Inc.,3,2012-07-31,2017-02-06
CRL Home Loans,1,2012-08-01,2012-08-01
UMPQUA HOLDINGS CORPORATION,401,2012-08-01,2023-03-14
CF Funding,4,2012-08-02,2019-02-05
ST. JAMES MORTGAGE CORP.,1,2012-08-02,2012-08-02
UBS BANK USA,144,2012-08-02,2026-09-14
J Martinez Investments LLC,1,2012-08-03,2012-08-03
"Morris, Hardwick, Schneider, LLC",15,2012-08-03,2017-01-26
"K. HOVNANIAN AMERICAN MORTGAGE, LLC",32,2012-08-04,2026-05-29
Southwest Stage Funding,98,2012-08-05,2026-08-17
Community Home Lending,2,2012-08-06,2017-05-23
"DeWitt Mortgage Services and Property Management, LLC",1,2012-08-06,2012-08-06
Flagship Financial Group,24,2012-08-07,2021-03-13
GUARANTEED HOME MORTGAGE COMPANY,12,2012-08-07,2026-06-30
The Star Financial,7,2012-08-09,2023-04-05
"Investment Management Company, LLC",2,2012-08-10,2015-08-18
"DAS ACQUISITION COMPANY, LLC",42,2012-08-13,2026-06-29
Patriot Mortgage Corporation,4,2012-08-14,2020-11-02
CERTAINTY HOME LOANS LLC,13,2012-08-16,2020-03-31
FIRST MORTGAGE COMPANY,26,2012-08-17,2021-12-28
"Liberty Home Equity Solutions, Inc.",36,2012-08-17,2018-11-19
"Amcap Investments, LLC",40,2012-08-20,2025-09-28
"C & A Mortgage Services of Florence, Inc.",1,2012-08-20,2012-08-20
NATIONS RELIABLE LENDING LLC,39,2012-08-20,2026-04-02
AURORA FINANCIAL GROUP INC,22,2012-08-21,2024-09-18
NATIONWIDE EQUITIES CORP,11,2012-08-22,2026-06-18
"HONOLULU HOMELOANS, INC.",4,2012-08-23,2025-12-28
Old Republic National Title Holding Co.,32,2012-08-23,2026-07-16
Sentry Abstract Co.,1,2012-08-23,2012-08-23
Siwell Inc,96,2012-08-23,2026-08-08
Charlottesville Settlement Company,1,2012-08-24,2012-08-24
Frontier Financial Inc.,2,2012-08-24,2013-11-27
INTERNATIONAL CITY MORTGAGE,19,2012-08-28,2023-09-15
American Financial Network Inc.,258,2012-08-30,2026-09-01
Brandywine Professional Services,2,2012-08-31,2025-10-09
"O.D. REI, Inc",1,2012-09-02,2012-09-02
State Home Mortgage,144,2012-09-02,2026-08-29
"Metropolitan Home Mortgage, Inc.",23,2012-09-04,2020-10-20
NETWORK CAPITAL FUNDING CORP,96,2012-09-04,2025-12-24
"Peoples Home Equity, Inc.",28,2012-09-05,2025-02-03
"Frederick J. Hanna & Associates, P.C. (closed)",218,2012-09-06,2017-04-01
Regional Management Corporation,1720,2012-09-06,2026-09-24
NorthStar Technologies,25,2012-09-07,2024-06-12
"Citywide Mortgage Associates, Inc.",2,2012-09-10,2014-02-13
"Jonsue, LLC",1,2012-09-11,2012-09-11
RMK Financial Corp,16,2012-09-11,2020-03-09
"EMPIRE HOME MORTGAGE, INC.",1,2012-09-13,2012-09-13
Red Rock Mortgage & Lending LLC,2,2012-09-13,2019-06-27
"TAYLOR MORRISON HOME FUNDING, INC.",61,2012-09-13,2026-08-16
"CULLEN/FROST BANKERS, INC.",593,2012-09-14,2026-09-10
"Churchill Holdings, Inc.",29,2012-09-14,2026-05-02
Cornerstone Home Lending Inc.,172,2012-09-15,2022-10-17
RELIANCE FIRST CAPITAL LLC,98,2012-09-15,2026-09-08
YALE MORTGAGE CORPORATION,24,2012-09-17,2022-01-26
AMERICAN PACIFIC MORTGAGE,152,2012-09-18,2026-09-03
"Business Starters, Inc",3,2012-09-20,2025-11-14
LOBEL FINANCIAL CORPORATION,933,2012-09-21,2026-09-24
Suburban Mortgage Company of New Mexico,8,2012-09-21,2024-02-09
1st Midwest Mortgage Corp,2,2012-09-25,2013-03-27
Home Servicing LLC,27,2012-09-26,2017-08-14
"Cornerstone Mortgage, LLC",1,2012-09-27,2012-09-27
"ORG GC GP BUYER, LLC",1258,2012-09-28,2026-06-30
SECURITY FINANCE CORP,2106,2012-09-28,2026-09-11
HEARTLAND PAYMENT SYSTEMS INC,1424,2012-10-02,2026-09-16
MORTGAGE LENDERS OF AMERICA,36,2012-10-03,2020-09-23
"Tebo Financial Services, Inc.",50,2012-10-03,2026-06-09
Market Place Mortgage Corp.,5,2012-10-08,2020-08-04
"PLANET HOME LENDING, LLC",1936,2012-10-10,2026-09-25
HALLMARK HOME MORTGAGE LLC,25,2012-10-11,2026-05-19
"Mortgage Research Center, LLC",672,2012-10-11,2026-09-18
"EQUIFAX, INC.",4796009,2012-10-14,2026-09-28
Experian Information Solutions Inc.,4370440,2012-10-16,2026-09-29
FIRST CHOICE LOAN SERVICES INC.,26,2012-10-17,2020-10-08
K & B Capital Corp,3,2012-10-18,2021-10-23
Residential Finance Corporation (Closed),10,2012-10-18,2013-12-24
"TRANSUNION INTERMEDIATE HOLDINGS, INC.",4986912,2012-10-22,2026-09-28
FIRST HOME MORTGAGE CORPORATION,129,2012-10-23,2026-09-11
"ONE REVERSE MORTGAGE, LLC",41,2012-10-23,2025-03-04
"AMA Advisors, LLC.",462,2012-10-24,2026-09-10
Innovis,1503,2012-10-29,2020-05-27
"Fidelity National Information Services, Inc. (FNIS)",20645,2012-10-31,2026-09-25
First Data Corporation,1202,2012-11-02,2020-03-03
Vista Mortgage Corporation,1,2012-11-02,2012-11-02
AMERICAN ADVISORS GROUP,403,2012-11-03,2024-05-28
"Franklin Mortgage Solutions, LLC",11,2012-11-07,2022-05-18
"General Information Services, Inc",68,2012-11-07,2026-07-07
COLORADO HOUSING AND FINANCE AUTHORITY,152,2012-11-08,2026-08-27
Cash Money LLC,3,2012-11-08,2026-01-28
Mid Valley Financial,2,2012-11-08,2013-03-06
PARAMOUNT RESIDENTIAL MORTGAGE GROUP,284,2012-11-08,2026-08-27
LEXISNEXIS,68172,2012-11-09,2026-09-26
Union Home Mortgage Corp,243,2012-11-09,2026-09-11
CORELOGIC INC,9707,2012-11-10,2026-09-24
BRIDGELOCK CAPITAL,8,2012-11-14,2024-09-05
Integra Holdings Inc.,3,2012-11-14,2021-11-15
Fairway Consumer Discount Company,4,2012-11-15,2026-07-21
NOVA Financial & Investment Corporation,24,2012-11-16,2018-12-21
"Pacific Union Financial, LLC",365,2012-11-17,2019-01-27
"American Financial Resources, Inc.",195,2012-11-19,2026-08-11
LOAN SERVICING GROUP,10,2012-11-19,2022-12-07
MicroBilt / PRBC (formerly CL Verify),2152,2012-11-19,2026-09-15
DEVAL LLC,19,2012-11-20,2019-05-01
"Carbucks of Delaware, Inc",6,2012-11-26,2021-05-27
"AXIA FINANCIAL, LLC",17,2012-11-27,2026-01-21
Colonial Mortgage Service Co. Of America,3,2012-11-27,2021-07-21
Professional Recovery Management,1182,2012-11-27,2026-09-12
Cobalt Mortgage,11,2012-11-28,2022-03-26
MTH LENDING GROUP LP,1,2012-11-28,2012-11-28
Ricart Financial Services,33,2012-11-28,2026-07-22
ASSOCIATED MORTGAGE CORP,7,2012-11-29,2022-07-12
"Byrider Franchising, LLC",1584,2012-11-29,2026-09-22
"NETWORK FUNDING, L.P.",34,2012-12-03,2026-01-16
Georgia Student Finance Authority,311,2012-12-06,2026-09-07
"CORNERSTONE MORTGAGE, INC.",12,2012-12-10,2023-08-22
Consumer Real Estate Finance Co.,35,2012-12-12,2026-09-10
"Lynx Asset Services, LLC",27,2012-12-12,2017-10-13
FIRST ADVANTAGE CORPORATION,1843,2012-12-13,2026-09-13
HOME FINANCE OF AMERICA,15,2012-12-16,2022-02-01
Army and Air Force Exchange Service,2498,2012-12-18,2026-09-15
Cimmaron Escrow Inc.,5,2012-12-19,2018-12-22
"Absolute Mortgage Company, Inc.",4,2012-12-20,2013-05-07
Consumer Financial Services,156,2012-12-20,2026-07-30
"New Southern Loans, Inc",15,2012-12-21,2026-09-17
Harley Davidson Financial Services Inc,892,2012-12-24,2026-09-16
"Openonline, LLC",10,2012-12-24,2026-06-17
Bond Corporation,2,2012-12-26,2026-07-29
ALLIED MORTGAGE GROUP,45,2012-12-27,2026-05-30
"Executive Lending Group, LLC",1,2012-12-27,2012-12-27
"World Wide Land Transfer, Inc.",1,2012-12-27,2012-12-27
PLEASANT VALLEY HOME MORTGAGE,15,2012-12-28,2025-08-27
"WCS FUNDING GROUP, INC.",1,2012-12-28,2012-12-28
MLD MORTGAGE INC,53,2012-12-29,2026-08-25
"Social Finance, Inc.",992,2012-12-30,2022-07-14
Florida Equity Capital,1,2012-12-31,2012-12-31
DIRECT LENDERS LLC,7,2013-01-01,2024-12-16
ONLINE MORTGAGE GROUP,2,2013-01-02,2025-08-26
1st Fidelity Loan Servicing,7,2013-01-03,2025-09-18
Atlantic Mortgage Direct LLC,3,2013-01-03,2024-04-25
"EXPERT GLOBAL SOLUTIONS, INC.",1821,2013-01-03,2019-12-18
"HireRight Solutions, Inc.",468,2013-01-03,2026-09-28
APEX HOME LOANS,2,2013-01-04,2022-06-08
"LENDING COMPANY, INC., THE",5,2013-01-08,2021-05-02
TAMMAC HOLDINGS CORP,25,2013-01-08,2025-07-22
"Westlake Services, LLC",14151,2013-01-08,2026-09-28
Express Aviation,54,2013-01-09,2020-04-29
"American Credit Acceptance, LLC",4067,2013-01-10,2026-09-28
"CFAM Financial Services, LLC",32,2013-01-10,2026-06-16
"Credit Protection Association, L.P.",1049,2013-01-10,2021-09-03
Hamilton National Mortgage Company,4,2013-01-12,2013-07-25
"Atlantis National Services, Inc.",1,2013-01-13,2013-01-13
"Coastal Finance Company, Inc.",16,2013-01-14,2025-11-19
Moritz Partners L.P.,3,2013-01-14,2016-04-03
"Universal Finance, Inc.",9,2013-01-14,2026-05-04
LAND HOME FINANCIAL SERVICES,244,2013-01-15,2026-09-10
"Credit Technology, Inc.",64,2013-01-16,2023-11-18
US WIDE FINANCIAL,5,2013-01-16,2026-07-28
CREDIGY USA CORP.,144,2013-01-17,2025-08-11
"Flat Branch Mortgage, Inc.",34,2013-01-18,2026-06-23
Netspend Corporation,5830,2013-01-18,2026-09-17
US MORTGAGE CORPORATION,23,2013-01-19,2025-09-10
MEGASTAR FINANCIAL CORP,30,2013-01-22,2026-07-09
"Midwest Loan Services, Inc.",132,2013-01-22,2026-09-11
"FIRSTRUST MORTGAGE, INC.",1,2013-01-23,2013-01-23
"Ark-La-Tex Financial Services, LLC",60,2013-01-24,2026-02-17
"SOUND MORTGAGE, INC.",3,2013-01-24,2013-11-01
WESTSTAR MORTGAGE CORPORATION,82,2013-01-24,2026-09-25
BRAZOS LOAN SERVICING,7,2013-01-25,2017-10-21
"ID Analytics, Inc.",8494,2013-01-25,2026-09-23
"MARSH ASSOCIATES, INC.",1,2013-01-28,2013-01-28
FIRST CENTENNIAL MORTGAGE CORP,17,2013-01-29,2023-12-03
"PROFICIO MORTGAGE VENTURES, LLC",33,2013-01-29,2015-12-30
"Live Well Financial, Inc.",45,2013-01-30,2021-10-26
UNITED SECURITY FINANCIAL,37,2013-01-30,2023-10-20
NORTHERN OHIO INVESTMENT COMPANY,18,2013-01-31,2026-04-07
Northland Group Inc,452,2013-01-31,2020-02-27
BAY VALLEY,1,2013-02-01,2013-02-01
"ECMC GROUP, INC.",1310,2013-02-01,2026-09-10
REGENCY MORTGAGE CORP.,2,2013-02-02,2015-01-29
GREENTREE MORTGAGE CO. L.P.,6,2013-02-05,2021-06-28
CountryPlace Acceptance Corporation,91,2013-02-07,2026-07-02
World Omni Financial Corp.,1742,2013-02-07,2026-09-14
Lakeview Mortgage Inc.,2,2013-02-08,2024-12-23
"MORTGAGE UNLIMITED, LLC",5,2013-02-08,2020-09-28
"National Consumer Telecom & Utilities Exchange, Inc.",2103,2013-02-08,2026-09-28
"FAIR COLLECTIONS & OUTSOURCING, INC.",6503,2013-02-09,2026-09-23
"Direct Mortgage Loans, LLC",12,2013-02-11,2026-09-03
"Grassland Financial Services, LLC",2,2013-02-11,2019-03-02
LEADER ONE FINANCIAL CORPORATION,40,2013-02-11,2026-07-18
KBR INC DBA RASH CURTIS & ASSOCIATES,689,2013-02-12,2026-05-27
"Portfolio Recovery Associates, LLC",66502,2013-02-12,2026-09-25
CHERRY CREEK MORTGAGE COMPANY INC.,19,2013-02-14,2020-08-01
Data Mortgage Inc.,407,2013-02-14,2026-09-19
HCFS Healthcare Financial Services of TeamHealth,4075,2013-02-14,2026-09-02
Metro Capital Mortgage Corporation,1,2013-02-14,2013-02-14
"National Credit Systems,Inc.",21622,2013-02-15,2026-09-14
Spiriter LLC,1,2013-02-15,2013-02-15
"Century Credit & Collections, LLC",28,2013-02-20,2025-05-15
"Robert P. Tomasso Mortgage Company, Inc",1,2013-02-20,2013-02-20
Summit Mortgage Corporation,3,2013-02-21,2024-07-29
"Equidata, Inc.",83,2013-02-22,2020-07-29
"AMERIFIRST FINANCIAL, INC.",37,2013-02-25,2026-03-03
"First County Mortgage, LLC",1,2013-02-25,2013-02-25
"GUARDIAN MORTGAGE COMPANY, INC.",7,2013-02-25,2017-01-06
"Ladera Lending, Inc",21,2013-02-25,2025-10-06
Premium Credit Bureau,232,2013-02-25,2026-09-10
Audit & Adjustment Co. Inc.,76,2013-02-26,2026-08-10
US Gold Cards Inc,2,2013-02-26,2013-05-01
Windermere Mortgage Services Series LLC,3,2013-02-26,2017-03-30
1st Maryland Mortgage Corporation,1,2013-02-27,2013-02-27
"Receivables Management Partners, LLC",1876,2013-02-28,2026-09-15
First Mortgage Solutions,10,2013-03-01,2022-09-22
"Merchants and Medical Credit Corporation, Inc.",606,2013-03-03,2026-09-12
1st Franklin Financial Corporation,851,2013-03-04,2026-09-24
ENCORE CAPITAL GROUP INC.,67901,2013-03-04,2026-09-28
RJM ACQUISITION LLC,169,2013-03-04,2015-08-08
"Citizens Savings & Loan Corporation, Chattanooga, TN Branch",40,2013-03-05,2026-08-16
Sterling Infosystems Inc.,563,2013-03-05,2026-08-18
"CONTINENTAL HOME LOANS, INC",15,2013-03-06,2015-01-13
"First Southwestern Financial Services, LLC",12,2013-03-06,2025-11-20
Model Finance Company,47,2013-03-06,2026-07-13
"North State Acceptance, LLC",150,2013-03-06,2026-09-11
"MORTGAGE CAPITAL ASSOCIATES, INC.",16,2013-03-07,2018-05-01
EDvantage LLC,80,2013-03-09,2026-08-17
"First Wholesale Lending, Inc",2,2013-03-12,2016-02-10
ATLANTIC HOME LOANS INC.,10,2013-03-13,2022-08-19
"National Education Servicing, LLC",15,2013-03-14,2017-11-27
Swe Homes LP,33,2013-03-14,2026-08-08
Budget Mortgage Corp.,11,2013-03-15,2021-05-12
Midwest Mortgage Investments LTD,2,2013-03-15,2026-08-19
"REPUBLIC MORTGAGE HOME LOANS, LLC",12,2013-03-19,2019-04-05
Alorica Inc.,1872,2013-03-20,2026-09-27
"Commerce Home Mortgage, Inc",52,2013-03-20,2026-05-01
Doral Capital Corporation,2,2013-03-20,2022-01-25
"Pacific National Lending, Inc.",1,2013-03-23,2013-03-23
Siggi LLC,234,2013-03-23,2023-08-23
Deca Financial Services LLC (Closed),18,2013-03-24,2014-02-27
House Of Finance Corp.,3,2013-03-24,2024-11-07
"CarMax, Inc.",4003,2013-03-25,2026-09-24
GOLDMAN SACHS BANK USA,21293,2013-03-25,2026-09-19
MEDALLION MORTGAGE COMPANY,4,2013-03-25,2021-07-10
Oklahoma Motor Credit Company,27,2013-03-25,2026-08-25
PRESTIGE FINANCIAL SERVICES INC,831,2013-03-25,2023-12-08
"Capital Benefit, Inc.",9,2013-03-26,2025-10-29
Alabama Housing Finance Authority,219,2013-03-28,2026-09-22
"BRAZOS HIGHER EDUCATION AUTHORITY, INC.",14,2013-03-28,2026-05-23
TOLL BROTHERS INC,53,2013-03-28,2026-08-14
"Exeter Finance, LLC.",9609,2013-03-29,2026-09-15
Tulsa Adjustment Bureau,107,2013-03-30,2026-07-11
"Andesite Finance Company, LLC",2,2013-04-01,2013-10-02
"On-Site Manager, Inc.",125,2013-04-01,2018-10-17
"MAS Associates, LLC",6,2013-04-02,2024-08-07
"Paypal Holdings, Inc",42506,2013-04-03,2026-09-22
MONEYGRAM PAYMENT SYSTEMS WORLDWIDE INC,3349,2013-04-04,2026-09-11
"WESTERN UNION COMPANY, THE",4963,2013-04-04,2026-09-26
Mortgage South of Tennessee Inc.,1,2013-04-05,2013-04-05
"Early Warning Services, LLC",36973,2013-04-08,2026-09-21
"Hometown Mortgage Services, Inc.",3,2013-04-09,2026-05-01
AFNI INC.,5032,2013-04-10,2026-09-19
"CGB AGRI FINANCIAL SERVICES, INC.",1,2013-04-10,2013-04-10
CrossCountry Mortgage LLC,1672,2013-04-10,2026-09-13
Trans-Fast Remittance LLC,43,2013-04-11,2020-03-17
Moneydart Global Services Inc.,10,2013-04-16,2020-03-24
AMERICAN SOUTHWEST MORTGAGE CORP.,17,2013-04-17,2017-08-04
TMX Finance LLC,1229,2013-04-17,2024-01-07
"GMFS, LLC",51,2013-04-20,2019-12-19
"Altisource Portfolio Solutions, S.à r.l.",371,2013-04-22,2026-08-03
CIBC BANK USA,14,2013-04-22,2017-09-14
"WALLICK AND VOLK, INC",12,2013-04-22,2025-08-25
GENWORTH FINANCIAL INC.,27,2013-04-25,2026-04-09
FIRST GUARANTY MORTGAGE CORP,79,2013-04-26,2026-03-10
STONEGATE MORTGAGE CORPORATION,158,2013-04-26,2025-08-20
"LTD Financial Services, L.P.",427,2013-05-01,2026-05-06
"Flatonia Investments, LLC",88,2013-05-08,2026-04-02
"Lenderfi, Inc.",18,2013-05-14,2022-05-24
"Securus J Holdings, LLC",284,2013-05-14,2026-09-11
"CAVALRY INVESTMENTS, LLC",6387,2013-05-15,2026-09-18
"ProCollect, Inc.",6318,2013-05-15,2026-09-22
The J. G. Wentworth Company,327,2013-05-20,2026-09-11
"PLM Lender Services, Inc.",13,2013-05-23,2026-06-26
"CALM, Inc.",5,2013-05-28,2021-01-30
Volunteer Mortgage Inc,6,2013-05-28,2026-06-25
Century Financial Group,1,2013-05-29,2013-05-29
Fairway Independent Mortgage Corporation,373,2013-06-03,2026-09-17
"RFNA, LP",1137,2013-06-03,2026-09-14
Regional Trustee Services Corporation,6,2013-06-03,2014-03-18
Signature Bank (NY),48,2013-06-03,2023-02-17
"NuView Financial Services, LLC",1,2013-06-04,2013-06-04
West Virginia Housing Development Fund,8,2013-06-04,2023-06-27
C&F MORTGAGE CORPORATION,22,2013-06-05,2019-09-19
"Dominion Residential Mortgage, LLC, Fairfax, VA Branch",1,2013-06-05,2013-06-05
Federated Mortgage Corp.,3,2013-06-05,2019-11-18
Richard A. Weidel Corporation,6,2013-06-05,2024-11-20
ROSS MORTGAGE CORPORATION,9,2013-06-06,2025-06-20
"The Mortgage Specialists, Inc.",2,2013-06-06,2013-11-05
Ad Astra Recovery Services Inc,1942,2013-06-07,2020-09-09
"CREDIT WORLD SERVICES, INC.",112,2013-06-07,2026-09-25
"RESMAC, INC.",15,2013-06-08,2026-06-17
"Credit Union Mortgage Association, Inc.",32,2013-06-10,2026-09-24
"Oxford Law, LLC",149,2013-06-10,2019-12-23
SENTE MORTGAGE,9,2013-06-11,2026-01-30
Manufacturers Acceptance Corp.,1,2013-06-13,2013-06-13
"National Enterprise Systems, Inc.",955,2013-06-13,2026-09-15
FACTUAL DATA CORP.,304,2013-06-14,2020-05-20
CAC Financial Corp,368,2013-06-17,2026-09-11
FEARON FINANCIAL LLC,46,2013-06-18,2026-05-06
"Credit Bureau of York, Inc.",75,2013-06-19,2026-07-26
"GTL Investments, Inc.",4,2013-06-19,2014-11-19
"Populus Financial Group, Inc. (F/K/A Ace Cash Express)",2139,2013-06-20,2026-09-11
"HAMILTON GROUP FUNDING, INC.",17,2013-06-21,2021-05-10
Village Capital & Investment LLC,877,2013-06-21,2026-09-15
"Heritage Pacific Financial, LLC",2,2013-06-23,2014-09-19
Penn Credit Corporation,2882,2013-06-24,2026-09-25
"Windham Professionals, Inc.",328,2013-06-24,2023-02-07
"Amsher Collection Services, Inc.",5127,2013-06-25,2026-09-04
Movement Mortgage LLC,535,2013-06-25,2026-09-14
ASPIRE FINANCIAL INC.,22,2013-06-26,2022-09-12
"IMPAC MORTGAGE HOLDINGS, INC.",177,2013-06-26,2026-01-09
Security National Automotive Acceptance,111,2013-06-26,2020-12-08
FIRST AMERICAN FINANCIAL CORPORATION,257,2013-06-27,2026-08-26
FIRST CONTINENTAL MORTGAGE LTD,50,2013-06-27,2026-07-06
iFreedom Direct Corporation,22,2013-06-29,2018-10-03
FHC Mortgage,2,2013-07-01,2025-12-11
Swan Financial Corporation,5,2013-07-01,2021-04-21
Diamond Funding Corporation,5,2013-07-02,2024-08-15
"Firstsource Business Process Services, LLC",1474,2013-07-03,2026-09-13
Home Point Financial Corporation,839,2013-07-03,2025-05-30
"Praxis Financial Solutions, Incorporated",54,2013-07-03,2018-12-06
Primary Financial Services L.L.C.,52,2013-07-03,2025-12-07
GOLD STAR MORTGAGE FINANCIAL,30,2013-07-05,2026-04-02
XOOM CORPORATION,294,2013-07-05,2026-06-02
Stratedge Inc,1,2013-07-06,2013-07-06
National Loan Investors LP,6,2013-07-08,2019-01-16
"Dynamic Recovery Solutions, LLC",1785,2013-07-09,2024-05-08
Grant & Weber,787,2013-07-09,2026-09-11
"Phillips & Cohen Associates, Ltd.",382,2013-07-09,2026-09-11
Sonali Exchange Co. Inc,3,2013-07-09,2022-01-25
ASTA FUNDING INC.,205,2013-07-10,2026-05-26
Abbey Mortgage of Ocala Inc.,1,2013-07-10,2013-07-10
"Ascension Point Recovery Services, LLC",174,2013-07-10,2026-08-30
"CMCO Mortgage, LLC",4,2013-07-10,2025-09-16
"Charlottesville Bureau of Credits, Inc",62,2013-07-10,2024-07-28
Commercial Recovery Systems,207,2013-07-10,2021-06-17
"EOS Holdings, Inc.",2843,2013-07-10,2026-09-09
ERC,12420,2013-07-10,2024-02-05
"First Financial Resources, Inc.",258,2013-07-10,2026-09-12
"I.C. System, Inc.",25140,2013-07-10,2026-09-28
LHR Inc.,35,2013-07-10,2021-10-08
"Law Offices Howard Lee Schiff, P.C.",84,2013-07-10,2022-09-12
"Liberty Holdings, LLC",57,2013-07-10,2026-04-24
"Lyons, Doughty & Veldhuis, PC",185,2013-07-10,2026-08-28
"Malcolm S. Gerald and Associates, Inc.",73,2013-07-10,2020-09-28
"Mitchell Rubenstein & Associates, P.C.",32,2013-07-10,2020-01-13
Performant Financial Corporation,682,2013-07-10,2022-01-10
"Sentry Recovery and Collections, Inc.",507,2013-07-10,2026-09-24
"Strategic Alliances, Inc.",621,2013-07-10,2026-09-07
United Portfolio Corp.,10,2013-07-10,2013-08-16
Columbia Recovery Group LLC,70,2013-07-11,2019-06-14
"Credit Systems International, Inc.",2421,2013-07-11,2026-09-24
"Diversified Consultants, Inc.",4937,2013-07-11,2020-05-06
IQOR US INC,1923,2013-07-11,2026-09-10
"Leading Edge Recovery Solutions, LLC",73,2013-07-11,2018-11-14
"Levy & Associates, LLC",207,2013-07-11,2026-08-27
"Lustig, Glaser & Wilson, P.C.",88,2013-07-11,2022-09-25
Marauder Corporation,321,2013-07-11,2026-07-10
"National Credit Adjusters, LLC",11300,2013-07-11,2026-09-28
"ResidentCollect, Inc.",796,2013-07-11,2026-09-13
"Rubin & Yates, LLC",50,2013-07-11,2016-02-25
"Synerprise Consulting Services, Inc.",909,2013-07-11,2026-09-17
"TaxServ, LLC",23,2013-07-11,2026-08-12
"URS Holding, LLC",1056,2013-07-11,2026-09-11
Van Ru Credit Corporation,221,2013-07-11,2025-05-19
"AMCOL Systems, Inc.",698,2013-07-12,2026-08-29
"ARS National Services, Inc.",556,2013-07-12,2026-08-28
"Account Discovery Systems, LLC",140,2013-07-12,2019-01-03
"Arbor Professional Solutions, Inc.",195,2013-07-12,2026-09-11
"Atlantic Credit & Finance, Inc.",256,2013-07-12,2019-12-10
"Commonwealth Financial Systems, Inc.",4135,2013-07-12,2024-11-27
"Fredericksburg Credit Bureau, Inc (Closed)",8,2013-07-12,2016-01-10
Hunt & Henriques,435,2013-07-12,2026-09-15
NCB Management Services Inc.,6982,2013-07-12,2026-09-15
Nicholas Financial Inc.,236,2013-07-12,2025-01-12
"North American Asset Services, LLC",62,2013-07-12,2023-10-13
SQUARETWO FINANCIAL CORPORATION,493,2013-07-12,2025-02-28
"Stellar Recovery, Inc.",1214,2013-07-12,2018-05-03
"Stephens and Michaels Associates, Inc.",78,2013-07-12,2016-09-14
"Suttell, Hammer & White, P.S",312,2013-07-12,2026-09-12
"The CBE Group, Inc.",4785,2013-07-12,2026-09-24
"The CMI Group, Inc.",3090,2013-07-12,2024-10-31
"Trident Asset Management, L.L.C.",1363,2013-07-12,2026-09-14
"Apelles, LLC",210,2013-07-13,2026-09-18
"Medical Data Systems, Inc.",3011,2013-07-13,2026-09-28
"PAID IN FULL, INC.",39,2013-07-13,2026-08-11
Vision Financial Corp.,67,2013-07-13,2022-01-20
Armcon Corp,74,2013-07-14,2026-05-30
"Williams & Fudge, Inc",1547,2013-07-14,2026-09-22
"Alliance One, Inc.",1087,2013-07-15,2026-09-10
R & B Corporation of Virginia,1366,2013-07-15,2026-09-16
"SIMM Associates, Inc.",614,2013-07-15,2026-09-17
"TOWNE MORTGAGE, LLC",6,2013-07-15,2019-05-14
The Minacs Group (USA) Inc.,19,2013-07-15,2014-08-12
"Alliance Collection Agencies, Inc.",228,2013-07-16,2026-09-12
"Automated Collection Services, Inc.",300,2013-07-16,2026-08-21
"BC SERVICES, INC.",275,2013-07-16,2026-09-11
"Bass & Associates, P.C., Attorneys at Law",79,2013-07-16,2026-05-31
"FIDELITY CAPITAL HOLDINGS, INC",589,2013-07-16,2026-09-04
FINEX Group LLC,96,2013-07-16,2026-06-18
LCS FINANCIAL SERVICES CORPORATION,105,2013-07-16,2026-07-21
"R&R Professional Recovery, Inc.",40,2013-07-16,2023-11-13
"Receivables Performance Management, LLC",2449,2013-07-16,2023-02-19
"Selip & Stylianou, LLP",324,2013-07-16,2026-09-23
The Law Offices of Mitchell D. Bluhm & Associates,856,2013-07-16,2026-05-20
"WYNDHAM CAPITAL MORTGAGE, INC.",50,2013-07-16,2023-11-11
ZWICKER & ASSOCIATES,1062,2013-07-16,2026-09-14
Assigned Credit Solutions,16,2013-07-17,2019-11-26
Clarity Services,372,2013-07-17,2020-04-30
"Collection Bureau of Kansas, Inc.",17,2013-07-17,2020-11-22
Collection Consultants of California,297,2013-07-17,2025-05-16
Credit Card Receivables Fund Incorporated,545,2013-07-17,2026-09-08
"EMORY ENTERPRISES, LLC",5,2013-07-17,2018-07-29
Federated Capital Corporation,25,2013-07-17,2019-12-09
"Klima, Peters & Daly, P.A.",247,2013-07-17,2026-09-12
Mid-Michigan Collection Bureau,38,2013-07-17,2022-02-09
"Monarch Recovery Holdings, Inc.",660,2013-07-17,2026-09-26
"NCC Business Services, Inc.",861,2013-07-17,2019-08-29
"Nagle & Zaller, PC",16,2013-07-17,2024-02-11
"National Recoveries, Inc.",149,2013-07-17,2021-09-28
"PMAB,LLC",376,2013-07-17,2022-03-04
"R.M. Galicia, Inc.",996,2013-07-17,2026-09-14
"The Affiliated Group, Inc",66,2013-07-17,2024-08-09
"The Regional Adjustment Bureau, Incorporated",145,2013-07-17,2018-08-10
"VIRTUOSO SOURCING GROUP, LLC.",219,2013-07-17,2026-09-09
"APEX Asset Management, LLC",208,2013-07-18,2026-09-14
Action Collection Service,117,2013-07-18,2026-08-12
Alpha Recovery Corp,245,2013-07-18,2022-10-29
"American Revenue Management, Inc.",28,2013-07-18,2025-05-28
"Diversified Adjustment Service, Inc.",2864,2013-07-18,2026-09-26
"Financial Recovery Services, Inc.",448,2013-07-18,2026-09-21
Focus Holding Company,531,2013-07-18,2019-10-27
Gatestone & Co. International Inc.,259,2013-07-18,2026-09-11
"Henley, Lotterhos & Henley, PLLC",23,2013-07-18,2026-09-14
"Hosto & Buchan, PLLC",21,2013-07-18,2026-01-03
"NEW WORLD COLLECTIONS, INC.",28,2013-07-18,2026-09-17
"Northstar Location Services, LLC",747,2013-07-18,2026-09-17
"Platinum Holdings Group, LLC",451,2013-07-18,2022-12-12
"Rosen & McCarthy, LLP.",1,2013-07-18,2013-07-18
"Accounts Receivable Management, Inc (NJ) (Closed)",77,2013-07-19,2014-12-02
CL Holdings LLC,54524,2013-07-19,2026-09-28
"Capital Management Services, LP",772,2013-07-19,2026-09-23
"Fairway Collections, LLC",36,2013-07-19,2026-08-11
"First American Mitigators, PLLC.",3,2013-07-19,2019-05-04
"GOLD KEY CREDIT, INC.",274,2013-07-19,2021-02-05
"Illinois Collection Service, Inc.",86,2013-07-19,2025-06-30
"JH Portfolio Debt Equities, LLC",869,2013-07-19,2026-08-13
"Pinnacle Credit Services, LLC",1046,2013-07-19,2024-05-26
"Southwest Credit Systems, L.P.",8224,2013-07-19,2026-09-27
"USCB, Inc.",724,2013-07-19,2026-08-26
Credit Service Company,108,2013-07-20,2026-08-23
"FISHER FINANCIAL GROUP, INCORPORATED",5,2013-07-20,2017-12-20
Forster & Garbus LLP,285,2013-07-20,2024-03-26
"Unique Management Services, Inc",89,2013-07-20,2025-12-18
"Vengroff Williams, Inc",143,2013-07-20,2026-09-14
"Allied Account Services, Inc.",44,2013-07-21,2020-10-13
"CCS Financial Services, Inc.",28764,2013-07-21,2026-09-24
"Capio Partners, LLC",3842,2013-07-21,2026-09-16
The Receivable Management Services LLC,1982,2013-07-21,2026-09-25
"Account Control Technology, Inc.",414,2013-07-22,2026-06-08
"CAINE & WEINER COMPANY, INC.",14780,2013-07-22,2026-09-25
"Credit Management Control, Inc.",231,2013-07-22,2022-12-15
HOMEOWNER MORTGAGE OF AMERICA,1,2013-07-22,2013-07-22
"M.A.R.S., Inc.",294,2013-07-22,2026-09-16
"Preferred Collection and Management, Inc.",145,2013-07-22,2026-07-16
Rent Recovery Solutions,3279,2013-07-22,2026-09-10
Retail Merchants Associates,205,2013-07-22,2026-09-20
"Retrieval-Masters Creditors Bureau, Inc., Elmsford, NY Branch",736,2013-07-22,2026-08-05
"The Best Service Co.,Inc",514,2013-07-22,2026-09-13
Butte County Credit Bureau,23,2013-07-23,2023-12-27
"CREDIT BUREAU OF NAPA COUNTY, INC.",223,2013-07-23,2026-02-02
Ceannate,236,2013-07-23,2026-09-03
"Debt Recovery Solutions, LLC",3232,2013-07-23,2026-09-24
"Eisenburg,Whitman and Associates",22,2013-07-23,2025-01-14
"Focused Recovery Solutions, Inc.",97,2013-07-23,2021-07-13
"MRS BPO, LLC",2988,2013-07-23,2026-09-22
Merchants Credit Assoc. Inc SC,15,2013-07-23,2018-02-21
Merchants' Credit Guide Company,730,2013-07-23,2026-09-15
"Southwest Recovery Services, Inc.",1074,2013-07-23,2026-09-14
"Ability Recovery Services, LLC",4492,2013-07-24,2026-09-28
"Associated Credit Services, Inc.",671,2013-07-24,2026-09-12
Cornerstone Home Mortgage,2,2013-07-24,2016-07-15
"Franklin Collection Service, Inc.",1726,2013-07-24,2026-09-18
"Frontline Asset Strategies, LLC",575,2013-07-24,2025-03-26
Law Office of Harris & Zide,61,2013-07-24,2023-11-09
Turning Point Solutions LLC,233,2013-07-24,2026-09-17
"Vital Solutions, Inc.",213,2013-07-24,2022-07-08
"ASH Law Group, P.C.",165,2013-07-25,2026-09-10
Everest Receivable Services Inc.,150,2013-07-25,2026-08-11
Grant Mercantile Agency,362,2013-07-25,2026-09-17
"HW Holding, Inc",9163,2013-07-25,2026-09-28
"Keith D. Weiner & Associates Co., L.P.A.",72,2013-07-25,2026-08-28
Law Offices of Alan Mege,3,2013-07-25,2017-08-25
"M. G. Credit, Inc.",251,2013-07-25,2026-09-18
Radius Global Solutions LLC,8914,2013-07-25,2026-09-22
"Bull City Financial Solutions, Inc",2648,2013-07-26,2026-09-13
Concord Servicing Corporation,708,2013-07-26,2026-09-15
FMS Inc.,157,2013-07-26,2026-03-17
"Lighthouse Realty & Mortgage, Inc",1,2013-07-26,2013-07-26
"North Shore Agency, LLC",331,2013-07-26,2021-05-19
"Recovery One, LLC",167,2013-07-26,2026-06-30
"Stein, Wiener & Roth, LLP",7,2013-07-26,2018-06-10
"Adler Wallach & Associates, Inc.",1183,2013-07-27,2026-09-01
"OUT TECH, INC.",117,2013-07-27,2026-09-14
"United Collection Bureau, Inc.",1931,2013-07-27,2026-09-18
Sarma,227,2013-07-28,2026-08-24
"Alpine Financial Solutions, Inc.",1,2013-07-29,2013-07-29
"Asset Management Outsourcing, Inc.",675,2013-07-29,2025-06-06
"Asset Management Professionals, LLC",35,2013-07-29,2025-12-18
"Borenstein & Associates, LLC",27,2013-07-29,2025-11-11
CONTRACT CALLERS INC,1963,2013-07-29,2026-09-19
Collection Bureau of America Ltd.,904,2013-07-29,2026-09-09
"Computer Credit, Inc.",76,2013-07-29,2026-08-19
"Glass Mountain Capital, LLC",179,2013-07-29,2025-04-25
"Healthcare Receivable Professionals, LLC",5,2013-07-29,2021-12-07
"Houston Home Loan, Inc.",1,2013-07-29,2013-07-29
"Javitch, Block & Rathbone LLC",322,2013-07-29,2026-09-05
Knight Adjustment Bureau,296,2013-07-29,2026-09-09
"McCarthy, Burgess & Wolff, Inc.",889,2013-07-29,2026-09-10
Medical-Commercial Audit Inc,336,2013-07-29,2026-09-21
"NRA Group, LLC",4288,2013-07-29,2026-09-28
"Stallings Financial Group, Inc.",125,2013-07-29,2023-12-28
"Weber & Olcese, PLC",194,2013-07-29,2026-08-23
Certified Recovery Inc,20,2013-07-30,2026-03-17
"Commercial Trade, Inc.",109,2013-07-30,2026-09-01
"Pressler & Pressler, LLP",996,2013-07-30,2026-09-11
"Professional Debt Mediation, Inc.",2149,2013-07-30,2026-09-01
"SRA Associates, Inc.",92,2013-07-30,2021-06-09
"Allgate Financial, LLC",82,2013-07-31,2022-12-30
"C.Tech Collections, Inc.",130,2013-07-31,2026-08-24
"Delta Management Associates, Inc.",249,2013-07-31,2026-06-08
"Harvard Collections, LLC",764,2013-07-31,2026-09-04
"Media Collections, Inc",348,2013-07-31,2026-09-28
"RS Clark and Associates, Inc.",707,2013-07-31,2026-09-14
Scherr & McClure,25,2013-07-31,2026-06-30
The Moore Law Group,202,2013-07-31,2026-09-12
Total Recovery Solutions,10,2013-07-31,2016-04-19
CNG FINANCIAL CORPORATION,2732,2013-08-01,2026-09-23
Collection Technology Incorporated,59,2013-08-01,2017-09-28
"Harris & Harris, Ltd.",5528,2013-08-01,2026-09-28
Jzanus Ltd.,16,2013-08-02,2023-03-23
"LPH, Inc.",24,2013-08-02,2026-08-05
"Law Offices of Hayt, Hayt & Landau, LLC",150,2013-08-02,2026-08-24
National Payment Solutions of New York LLC,10,2013-08-02,2020-06-30
Revenue Recovery Bureau (Closed),11,2013-08-02,2015-10-27
"SUNRISE CREDIT SERVICES, INC",7134,2013-08-02,2026-09-25
"Zarzaur and Schwartz, PC",78,2013-08-02,2026-09-25
American Coradius International LLC,1095,2013-08-03,2026-09-11
"Choice Recovery, Inc.",846,2013-08-03,2022-12-05
"General Service Bureau, Inc.",61,2013-08-03,2021-04-16
"I.Q. DATA INTERNATIONAL, INC.",1699,2013-08-03,2020-07-31
Messerli & Kramer P.A.,400,2013-08-03,2026-08-27
"Southern Credit Recovery, Inc.",135,2013-08-03,2026-06-24
"Tower Loan of Mississippi, Inc.",1514,2013-08-03,2026-09-20
"ACCORD CREDITOR SERVICES, LLC",2,2013-08-05,2014-06-16
"CCB Credit Serivces, Inc",83,2013-08-05,2026-03-04
"CORNERSTONE RESOLUTION GROUP, INC.",23,2013-08-05,2026-07-07
"Collection Bureau of the Hudson Valley, Inc.",704,2013-08-05,2026-09-24
"MacDowell & Associates, Ltd.",81,2013-08-05,2026-05-26
Affiliated Acceptance Corporation,55,2013-08-06,2025-10-02
"Capital Accounts, LLC",1476,2013-08-06,2026-08-30
DataMax Corporation,261,2013-08-06,2025-05-11
"EZCORP, INC.",188,2013-08-06,2026-06-16
"Eastpoint Recovery Group, Inc",144,2013-08-06,2026-09-08
"Financial Filing & Reporting, Inc.",61,2013-08-06,2026-09-10
"Glasser and Glasser, PLC",329,2013-08-06,2026-09-18
Global Credit & Collection Corporation,367,2013-08-06,2026-09-04
Home Point Mortgage Acceptance Corporation,5,2013-08-06,2016-12-26
ICQ Search and Recovery Inc.,11,2013-08-06,2019-06-21
"Jon Barry and Associates, Inc.",871,2013-08-06,2026-09-14
"Law Office of Michael J. Scott, PC",658,2013-08-06,2026-09-21
"OLIPHANT FINANCIAL, LLC",409,2013-08-06,2025-03-24
"SKO Brenner American, Inc.",70,2013-08-06,2021-06-19
"West Bay Acquisitions, LLC",28,2013-08-06,2014-09-11
Allied Financial Group & Associates (Closed),11,2013-08-07,2014-11-20
BAS Receivable Management Inc.,18,2013-08-07,2026-09-18
Consumer Adjustment Company Incorporated,2474,2013-08-07,2026-09-12
Debt Management Incorporated,99,2013-08-07,2026-06-05
"First National Collection Bureau, Inc.",1027,2013-08-07,2026-09-10
Hyperion Recovery LLC,8,2013-08-07,2017-07-24
"John C. Bonewicz, P.C.",20,2013-08-07,2017-03-31
"Medical Financial Services, Inc.",42,2013-08-07,2026-06-04
Nations Recovery Center,143,2013-08-07,2026-01-07
Thaxton Investment Corporation,1633,2013-08-07,2026-09-21
"The Stark Collection Agency, Inc.",243,2013-08-07,2026-09-10
CHECK INTO CASH INC.,544,2013-08-08,2022-01-21
"COMMUNITY CHOICE FINANCIAL, INC.",1203,2013-08-08,2022-01-22
CSO Financial,66,2013-08-08,2026-08-14
Clark County Collection Service,450,2013-08-08,2026-09-12
"Daniels Norelli Scully & Cecere, P.C.",43,2013-08-08,2021-01-11
"ENOVA INTERNATIONAL, INC.",5964,2013-08-08,2026-09-13
"Investment Retrievers, Inc.",238,2013-08-08,2026-09-23
Law Office of Regent and Associates,10,2013-08-08,2022-03-10
"MERCANTILE ADJUSTMENT BUREAU, LLC",668,2013-08-08,2025-08-11
"Southern Oregon Credit Service, Inc.",110,2013-08-08,2026-09-10
"Aargon Agency, Inc.",3502,2013-08-09,2026-09-22
"Americas Mortgage Professionals, LLC",2,2013-08-09,2025-12-01
"Aspen National Financial, Inc.",274,2013-08-09,2025-09-10
Financial Credit Network Inc,521,2013-08-09,2026-08-23
"GLOBAL CLIENT SOLUTIONS, LLC",266,2013-08-09,2026-07-22
Hatfield Portfolio Group LLC.,59,2013-08-09,2026-05-05
"Lockhart, Morris & Montgomery Inc.",2726,2013-08-09,2026-09-27
"Pennsylvania Auto Credit, Inc.",16,2013-08-09,2026-02-17
Law Office of J.A. Cambece,35,2013-08-10,2022-06-11
STUDENT ASSISTANCE FOUNDATION,27,2013-08-10,2021-08-18
Servatus Corporation,173,2013-08-10,2026-08-19
"T & O Recoveries, LLC",1,2013-08-10,2013-08-10
TekCollect Inc.,2219,2013-08-10,2026-09-28
"Tiburon Financial, LLC",11,2013-08-10,2026-05-28
"Accelerated Financial Solutions, LLC",188,2013-08-11,2025-07-14
Key Mortgage Services,7,2013-08-11,2023-10-31
"Nevada Credico, Inc.",155,2013-08-11,2024-07-17
"Skagit Bonded Collectors, LLC",50,2013-08-11,2026-01-18
The Phoenix Recovery Group,630,2013-08-11,2026-09-11
"A.R.M. Solutions, Inc.",371,2013-08-12,2026-09-13
"Asset Recovery Solutions, LLC",621,2013-08-12,2026-09-03
"Bonded Collectors of Wisconsin, Inc",11,2013-08-12,2025-11-07
Bonneville Billing and Collections,583,2013-08-12,2026-09-21
"Collection Professionals, Inc. (Macomb, IL)",82,2013-08-12,2026-09-20
DTA GROUP LLC,40,2013-08-12,2023-02-14
"Designed Receivable Solutions, Inc.",515,2013-08-12,2026-06-18
"E. A. Uffman & Associates, Inc",35,2013-08-12,2020-12-10
"FMA Alliance, Ltd.",343,2013-08-12,2026-09-09
Financial Asset Management Systems Inc,258,2013-08-12,2026-02-24
Financial Business and Consumer Solutions.,549,2013-08-12,2026-05-21
"Patient Account Services, LLC",21,2013-08-12,2025-10-13
The Law Office of John P. Frye P.C.,18,2013-08-12,2017-02-23
"United Check Recovery, LLC",15,2013-08-12,2021-08-06
"First Investors Servicing Corporation, Atlanta, GA Branch",300,2013-08-13,2022-01-01
"GreenSky, LLC",698,2013-08-13,2023-01-21
"Kelsting Group, Inc.",254,2013-08-13,2026-07-16
Midwest Acceptance Corp.,82,2013-08-13,2026-09-11
"OHara Holdings, LLP",16,2013-08-13,2026-07-06
Revenue Recovery Corporation,198,2013-08-13,2017-05-05
"Sherloq Group, Inc",107,2013-08-13,2026-03-30
TENET HEALTHCARE CORPORATION,1269,2013-08-13,2026-07-27
World Acceptance Corporation,4627,2013-08-13,2026-09-13
"Allied Collection Services, Inc. (Nevada)",892,2013-08-14,2026-09-05
"Client Services, Inc.",807,2013-08-14,2026-09-23
"Eltman Law, P.C.",79,2013-08-14,2021-03-05
"Hayt Hayt & Landau, P.L. (FL)",214,2013-08-14,2026-09-15
"Professional Adjustment Corp. of S.W. FL., Inc.",155,2013-08-14,2022-01-06
"RSH & Associates, LLC",113,2013-08-14,2026-09-05
"The Bureaus, Inc.",2205,2013-08-14,2026-09-23
The Law Office of Daniel Slane,32,2013-08-14,2014-06-06
"United Consumer Finance, Inc.",56,2013-08-14,2025-12-29
"Advance America, Cash Advance Centers, Inc.",1130,2013-08-15,2026-09-11
CURO Intermediate Holdings,3536,2013-08-15,2026-09-24
"Kansas Counselors, Inc.",321,2013-08-15,2026-09-07
Linebarger Goggan Blair & Sampson LLP,860,2013-08-15,2026-08-31
24 Asset Management Corp,5,2013-08-16,2015-07-10
American Billing & Collection,2,2013-08-16,2023-06-04
"DYNAMIC RECOVERY SERVICES, INC.",68,2013-08-16,2021-09-26
"First Federal Credit Control, Inc.",1222,2013-08-16,2026-09-28
FirstPoint Collection Resources,1578,2013-08-16,2026-09-24
"Mel S. Harris and Associates, LLC",37,2013-08-16,2021-07-09
"Persolve, LLC - Legal - Series 2",376,2013-08-16,2026-03-17
"Security Credit Services, LLC",4156,2013-08-16,2026-09-25
Olympic Collection Inc.,37,2013-08-17,2026-08-27
Velocity Portfolio Group,2856,2013-08-18,2026-09-26
4 Star Resolution LLC (Closed),14,2013-08-19,2014-06-16
"Blitt and Gaines, P.C.",637,2013-08-19,2026-09-15
Collection Service of Nevada,124,2013-08-19,2026-09-18
"HOVG, LLC",720,2013-08-19,2026-09-02
"WHEELS FINANCIAL GROUP, LLC.",879,2013-08-19,2026-09-09
"GLA Collection Company, Inc.",1017,2013-08-20,2026-09-27
Universal Fidelity LP,82,2013-08-20,2025-11-03
"CIR, Law Offices",45,2013-08-21,2022-04-13
"EULER HERMES UMA, INC.",9,2013-08-21,2024-02-07
"F.H. Cann & Associates, Inc.",505,2013-08-21,2026-09-22
"Medical Society Business Services, Inc.",236,2013-08-21,2026-04-12
"Mid Continent Credit Services, Inc",23,2013-08-22,2018-02-04
BYL Collection Services,288,2013-08-23,2026-03-12
"D&A Services, LLC",367,2013-08-23,2026-09-02
"Gurstel Law Firm, P.C.",588,2013-08-23,2026-09-14
"Mountain Land Collections, Inc.",251,2013-08-23,2026-09-16
"New Century Financial Services, Inc.",108,2013-08-23,2026-08-30
"RentDebt Automated Collections, LLC",2539,2013-08-23,2026-09-23
"Law Office of Joe Pezzuto, LLC",27,2013-08-24,2016-03-24
"Professional Medical Management, Inc.",201,2013-08-24,2026-04-06
"Shermeta Law Group, PLLC",132,2013-08-24,2026-09-16
FIRST PRIORITY FINANCIAL INC,4,2013-08-25,2014-01-11
"Jerold Kaplan Law Office, P.C.",12,2013-08-26,2018-10-29
Medical Business Bureau,407,2013-08-26,2026-09-04
"Reliant Capital Solutions, LLC",869,2013-08-26,2026-09-23
"Credit Bureau Data, Inc.",36,2013-08-27,2026-06-20
MORTGAGE SOLUTIONS OF COLORADO,237,2013-08-27,2026-09-16
North Shore LIJ Health System,7,2013-08-27,2017-03-06
"Receivable Recovery Services, LLC",242,2013-08-27,2026-02-07
"Rubin & Rothman, LLC",393,2013-08-27,2026-09-04
"Sentry Credit, Inc.",522,2013-08-27,2025-08-21
"Tri-State Adjustments, Inc.",97,2013-08-27,2026-05-22
Account Resolution Corporation,341,2013-08-28,2026-09-05
DFC Global Corp.,238,2013-08-28,2026-08-17
"Herbert P. Sears Co., Inc.",522,2013-08-28,2026-09-16
"Morgan & Associates, P.C.",21,2013-08-28,2026-03-10
Patenaude & Felix A Professional Corporation,449,2013-08-28,2026-09-11
"ROCKFORD MERCANTILE AGENCY, INC.",17,2013-08-28,2026-01-14
"Continental Central Credit, Inc.",51,2013-08-29,2021-06-01
NCSPLUS INCORPORATED,158,2013-08-29,2026-09-10
"Progressive Financial Services, Inc.",220,2013-08-29,2018-12-14
"Ray Klein, Inc.",666,2013-08-29,2026-09-10
"Second Alliance, Inc.",176,2013-08-29,2026-09-09
Alternative Collections LLC,15,2013-08-30,2024-11-19
"American Accounts & Advisers, Inc.",302,2013-08-30,2026-09-24
Como Law Firm P.A.,15,2013-08-30,2016-07-13
"STONELEIGH RECOVERY ASSOCIATES, LLC",156,2013-08-30,2020-07-13
"Creditor's Collection Service, Inc.",108,2013-08-31,2023-04-06
"Healthcare Receivables Group, Inc.",106,2013-08-31,2023-01-07
"Credit Bureau Collection Services, Inc.",275,2013-09-01,2020-08-13
"Allied Collection Service, Inc. (Indiana)",34,2013-09-02,2026-08-12
"Allied Fidelity Services, LLC",5,2013-09-03,2014-02-13
California Accounts Service,60,2013-09-03,2026-02-10
Delbert Services,1005,2013-09-03,2020-06-03
Five Lakes Agency,12,2013-09-03,2018-03-30
Tormey Bewley Corporation,112,2013-09-03,2019-09-20
"West Bay Recovery, Inc.",4,2013-09-03,2017-05-23
"Ridge & Valley Realty, Inc.",129,2013-09-04,2026-06-03
Absolute Collections Corp.,16,2013-09-05,2018-09-20
"CASH AMERICA INTERNATIONAL, INC.",136,2013-09-05,2020-06-11
JUSTICE FINANCE COMPANY,69,2013-09-05,2026-09-04
"Legal Recovery Law Offices, Inc",51,2013-09-05,2026-01-30
"MSW Capital, LLC",41,2013-09-05,2025-12-16
"MedShield, Inc.",10,2013-09-05,2022-09-16
Mnet Financial Inc,111,2013-09-05,2026-09-11
Optima Recovery Services LLC.,57,2013-09-05,2025-10-20
"PINNACLE RECOVERY, INC.",243,2013-09-05,2026-09-05
Partners Financial Services Inc,74,2013-09-05,2025-03-01
"Penncro Associates, Inc.",10,2013-09-05,2017-02-13
"Professional Bureau of Collections of Maryland, Inc., GREENWOOD VILLAGE, CO Branch",356,2013-09-05,2026-05-01
Revenue Assistance Corporation dba Revenue Group,202,2013-09-05,2026-08-08
"Russell Collection Agency, Inc",38,2013-09-05,2021-12-18
"Schachter Portnoy, L.L.C.",42,2013-09-05,2020-09-08
"Sessoms & Rogers, P.A.",82,2013-09-05,2024-05-18
Southern Management Systems Inc.,879,2013-09-05,2026-09-24
"ATG Credit, LLC",603,2013-09-06,2026-09-16
C B Merchant Services,26,2013-09-06,2023-08-09
"GVA Holdings, LLC",774,2013-09-06,2026-09-11
"Hammerman & Hultgren, P.C.",14,2013-09-06,2023-04-25
"JMD,LLC",48,2013-09-06,2026-05-14
"Sprechman & Associates, P.A.",37,2013-09-06,2026-09-10
The Law Firm of Allan C. Smith,18,2013-09-06,2023-08-01
"Mandarich Law Group, LLP",569,2013-09-07,2026-09-10
"Machol & Johannes, LLC",226,2013-09-08,2023-05-06
"State Collection Service, Inc.",774,2013-09-08,2026-08-18
"Credit Bureau Central, Inc (NV)",26,2013-09-09,2026-05-07
LJ Ross Associates,2707,2013-09-09,2026-09-28
"National Bureau of Collections, Inc",10,2013-09-09,2024-07-04
"P&B Capital Group, LLC",607,2013-09-09,2026-09-16
Streamline Recovery Inc,31,2013-09-09,2020-11-05
"Alliance Asset Management, Inc (Closed)",28,2013-09-10,2014-11-20
"Asset Recovery Group, Inc.",50,2013-09-10,2026-07-20
BONDED ADJUSTMENT COMPANY,26,2013-09-10,2022-03-23
"Burton Neil & Associates, P.C.",17,2013-09-10,2022-10-26
Coast to Coast Commercial Collection,14,2013-09-10,2026-07-21
"Total Customer Service, Inc.",26,2013-09-10,2025-07-03
United Consumers Inc,187,2013-09-10,2021-04-03
Fidelity Properties Inc.,165,2013-09-11,2026-08-25
Frost-Arnett Company,560,2013-09-11,2026-09-14
Global Recovery Group,114,2013-09-11,2021-08-06
Mullooly Jeffrey Rooney & Flynn,149,2013-09-11,2026-09-08
"Solomon and Solomon, P.C.",200,2013-09-11,2026-01-08
"SpeedyCash, Inc.",6,2013-09-11,2024-12-25
"The Thomas Agency, Inc.",218,2013-09-11,2026-08-02
Wellmont Health System,14,2013-09-11,2025-09-20
"Accounts Management, Inc",58,2013-09-12,2026-07-29
"CHS, Inc.",43,2013-09-12,2026-03-06
"Certified Recovery Systems, Inc.",23,2013-09-12,2021-07-22
"Mark A. Kirkorsky, PC",36,2013-09-12,2026-03-25
"Mary Jane M. Elliott, P.C. Attorneys At Law",64,2013-09-12,2026-09-09
"Sterling Atlantic Law Group, PC",3,2013-09-12,2017-12-21
"Valarity, LLC",49,2013-09-12,2017-03-17
Advance Bureau of Collections,118,2013-09-13,2026-09-12
Community Cash Management Corp.,52,2013-09-13,2026-02-19
Couch Conville & Blitt LLC,49,2013-09-13,2021-02-25
Credit Corp Solutions Inc.,3259,2013-09-13,2026-09-24
FRESNO CREDIT BUREAU,208,2013-09-13,2026-09-20
SVB FINANCIAL GROUP,16,2013-09-13,2023-03-20
"Torres Credit Services, Inc.",300,2013-09-13,2026-09-19
United PanAm Financial Corp.,1676,2013-09-13,2026-09-23
North American Credit Services,240,2013-09-14,2026-09-15
SUMMIT MORTGAGE CORPORATION,5,2013-09-14,2025-07-06
"WAKEFIELD & ASSOCIATES, INC.",2684,2013-09-14,2023-01-25
ALPAT COMPANY INC,16,2013-09-16,2018-04-04
First Credit Services Inc.,1778,2013-09-16,2026-09-13
"Harpeth Financial Services, LLC",796,2013-09-16,2026-09-13
Immediate Credit Recovery,214,2013-09-16,2023-05-25
"RSI Enterprises, Inc.",264,2013-09-16,2026-09-11
"Zakheim Law Group, P.A.",38,2013-09-16,2024-08-22
"California Business Bureau, Inc.",487,2013-09-17,2026-04-22
"Financial Management Solutions, LLC",337,2013-09-17,2026-09-15
"Lloyd & McDaniel, PLC",440,2013-09-17,2026-08-27
ROYAL UNITED MORTGAGE LLC,106,2013-09-17,2026-08-12
"Scott Lowery Law Office, P.C.",33,2013-09-17,2017-11-06
"Second Round Limited Partnership, Austin, TX Branch",381,2013-09-17,2026-07-02
TSC Accounts Receivable Solutions,127,2013-09-17,2026-08-22
"Capital Credit and Collection Service, Inc.",58,2013-09-18,2026-01-19
Check Fraud Services,8,2013-09-18,2020-02-13
"McKellar & Associates Group, Inc.",35,2013-09-18,2026-06-05
"Nadler & Associates, P.C.",6,2013-09-18,2021-03-25
"Protocol Recovery Service, Inc.",29,2013-09-18,2025-08-01
"RGL Associates, Inc.",26,2013-09-18,2026-05-15
"Community Health Investment Company, LLC.",212,2013-09-19,2026-08-31
"Credit Financial Services, lnc",15,2013-09-19,2016-01-31
"Forster, Garbus and Garbus",42,2013-09-19,2021-11-09
KINGS CREDIT SERVICES,159,2013-09-19,2024-09-11
"Peterson Enterprises, Inc.",43,2013-09-19,2026-04-04
Professional Recovery Services Inc.(Closed),15,2013-09-19,2015-05-05
"RGS Financial, Inc.",263,2013-09-19,2026-02-19
"SUN FINANCE COMPANY, LLC",9,2013-09-19,2026-01-21
"Specified Credit Association, Inc.",32,2013-09-19,2026-07-01
"FIRST LIBERTY FINANCIAL MORTGAGE, A DIVISION OF EVANSVILLE TEACHERS FEDERAL CREDIT UNION",1,2013-09-20,2013-09-20
Federated Law Group,30,2013-09-20,2019-06-21
Holloway Credit Solutions,406,2013-09-20,2026-09-26
Union Credit Corporation,44,2013-09-20,2024-10-17
"Diaz & Associates, Inc.",174,2013-09-21,2026-08-30
MiraMed Revenue Group LLC,242,2013-09-21,2026-09-06
"Augusta Collection Agency, Inc.",120,2013-09-23,2026-08-12
"CBM Services, Inc.",66,2013-09-23,2026-04-01
Centron Services,96,2013-09-23,2026-09-09
"BALANCED HEALTHCARE RECEIVABLES, LLC",122,2013-09-24,2026-09-11
Bayview Solutions LLC,26,2013-09-24,2026-08-01
"Kimball, Tirey & St. John LLP",1226,2013-09-24,2026-09-11
"Meade & Associates, Inc.",257,2013-09-24,2026-09-03
"Optio Solutions, LLC",925,2013-09-24,2026-09-25
"Advanced Recovery Systems, Inc.",66,2013-09-25,2026-07-08
"Cherry Creek Strategic Advisors, LLC",17,2013-09-25,2017-11-17
"Financial Asset Resolution, LLC",20,2013-09-25,2014-10-30
"Health Services Asset Management, LLC.",28,2013-09-25,2025-01-14
"PARSON BISHOP SERVICES, INC",26,2013-09-25,2022-05-24
"MNE Services, Inc",305,2013-09-26,2026-03-11
"Nelson, Watson & Associates, LLC",8,2013-09-26,2025-09-05
Quality Asset Recovery LLC,362,2013-09-26,2026-09-21
"RMB, Inc.",48,2013-09-26,2020-12-04
"SMITH, ROUCHON & ASSOCIATES, INC.",327,2013-09-26,2026-09-22
"The Allen Daniel Associates, Inc.",17,2013-09-26,2026-03-01
"Alco Collections, Inc.",35,2013-09-27,2023-03-14
COLLECTIONS UNLIMITED OF TEXAS INC,48,2013-09-27,2026-04-18
"ESCALLATE, LLC",114,2013-09-27,2019-02-01
Eaton Group Attorneys LLC,117,2013-09-27,2026-09-19
"MFP, inc.",40,2013-09-27,2026-03-10
"National Check Bureau, Inc.",17,2013-09-27,2026-08-31
Nationwide Financial Group,52,2013-09-27,2021-01-13
"Nudelman, Klemm & Golub, P.C.",12,2013-09-27,2018-07-07
"Uptain Group, Inc.",31,2013-09-27,2023-03-17
Western Portfolio Assets,34,2013-09-27,2022-02-17
"Jonathan Neil & Associates, Inc",80,2013-09-28,2026-08-14
"Action Collection Agencies, Inc.",95,2013-09-29,2026-08-31
"Action Revenue Recovery, LLC",79,2013-09-29,2026-07-28
Continental Credit Control,173,2013-09-29,2026-09-11
"DLC, LLC",142,2013-09-29,2026-08-23
"Data and Contact Management Solutions, LLC",209,2013-09-29,2026-08-31
Tate and Kirlin Assoc,319,2013-09-29,2026-09-15
"Action Professionals, Inc.",20,2013-09-30,2024-06-26
American Recovery Service Incorporated,142,2013-09-30,2026-09-15
"BCA Financial Services, Inc.",184,2013-09-30,2026-09-01
"Credit Bureau Services, LLC",22,2013-09-30,2026-09-10
"Finkelstein, Kern, Steinberg & Cunningham, PC",46,2013-09-30,2026-07-28
"Metro Republic Commercial Service, Inc.",9,2013-09-30,2017-01-10
Credit One LLC,41,2013-10-01,2026-08-30
"International Computer Systems, Inc.",379,2013-10-01,2026-09-09
Merchants Credit Corporation,155,2013-10-01,2026-09-02
"Stillman, P.C. d.b.a. Stillman Law Office",239,2013-10-01,2026-09-04
"Valentine and Kebartas, Inc.",206,2013-10-01,2025-02-25
Accurate Financial Partners,41,2013-10-02,2026-08-06
"Sharinn & Lipshie, P.C.",9,2013-10-02,2017-06-06
"Apothaker & Associates, PC",69,2013-10-03,2026-08-10
"Brown and Joseph, Ltd",216,2013-10-03,2026-09-12
"Total Card, Inc.",620,2013-10-03,2026-09-04
"Dominion Law Associates, P.L.L.C.",58,2013-10-04,2021-12-20
"Professional Finance Company, Inc.",773,2013-10-04,2026-09-11
"Credit Consulting Services, Inc.",95,2013-10-05,2026-07-23
"J R Brothers Financial, Inc.(Closed)",14,2013-10-05,2016-03-16
"CAB Receivables, Inc.",44,2013-10-07,2020-02-03
Lien Enforcement Inc,147,2013-10-07,2026-09-23
"All State Credit Bureau, Inc.",223,2013-10-10,2026-06-08
Draper and Kramer Mortgage Corp.,21,2013-10-10,2026-07-16
"Med-1 Solutions, LLC",146,2013-10-10,2026-07-21
"Nelson and Kennard, LLP",230,2013-10-10,2026-09-04
"Omega RMS, LLC",467,2013-10-10,2026-09-28
ROCKY MOUNTAIN MORTGAGE COMPANY,15,2013-10-10,2025-06-17
Credit Bureau of San Luis Obispo & Santa Barbara Counties,14,2013-10-11,2019-04-11
Mike Rome Holdings LLC,2,2013-10-11,2014-07-09
Collection Management Company,96,2013-10-12,2019-12-06
"Sawaya, Rose, McClure & Wilhite, P.C.",4,2013-10-12,2014-11-10
"CALIFORNIA RECOVERY BUREAU, INC",10,2013-10-15,2016-01-21
Hanna Holdings Inc,18,2013-10-15,2026-07-17
"Meridian Financial Services, Inc.",616,2013-10-16,2026-09-24
"Independent Recovery Resources, Inc.",66,2013-10-17,2024-09-25
"Keynote Consulting, Inc.",177,2013-10-17,2026-09-09
"Law Offices of Ed Overcash, LLC",10,2013-10-17,2017-06-22
Credit Bureau Services Association,244,2013-10-18,2026-08-31
"EVERGREEN PROFESSIONAL RECOVERIES, INC.",189,2013-10-18,2026-09-04
First World Mortgage Corporation,3,2013-10-18,2026-05-15
LIGHTHOUSE MORTGAGE COMPANY INC,1,2013-10-18,2013-10-18
QC HOLDINGS INC,226,2013-10-18,2026-09-03
"RevMD Partners, LLC.",50,2013-10-18,2025-02-10
"Accelerated Creditors Services, Inc",17,2013-10-19,2019-06-01
Enterprise Acquisitions,13,2013-10-19,2021-08-26
Google Compare Credit Cards Inc.,1335,2013-10-19,2026-09-23
Kohn Law Firm S.C.,239,2013-10-19,2026-09-04
"Worldwide Processing Group, LLC",164,2013-10-19,2021-10-29
"Ballybunion Enterprises, Inc",150,2013-10-20,2026-08-18
"Erin Capital Management, LLC",16,2013-10-20,2021-09-09
"Seidberg Law Offices, P.C.",13,2013-10-20,2023-03-15
"BAV Solutions, LLC",2,2013-10-21,2014-07-30
"Healthcare Financial Services, LLC",43,2013-10-21,2022-03-23
Reliance Exchange Group,30,2013-10-21,2015-07-10
"Admin Recovery, LLC",240,2013-10-22,2026-09-15
"Credit Central Holdings, LLC",573,2013-10-22,2026-09-05
Johnson Mark P.C.,376,2013-10-22,2026-09-11
"Pioneer Credit Company, Inc",39,2013-10-22,2020-06-03
Remit Corporation,17,2013-10-22,2017-01-30
"RevSolve, Inc.",83,2013-10-22,2018-12-12
Source Receivables Management LLC,4161,2013-10-22,2026-09-15
"Stevens Business Service, Inc.",74,2013-10-22,2025-01-16
"United Accounts, Inc.",136,2013-10-22,2026-09-12
"American Collection Services, Inc. (OK, TX)",117,2013-10-23,2026-09-16
"GEORGE MASON MORTGAGE, LLC",16,2013-10-23,2017-06-12
GLFinancial Services LLC,3,2013-10-23,2026-07-09
"Michigan Mutual, Inc.",44,2013-10-23,2026-06-05
Unlimited Progress Corp,185,2013-10-23,2025-08-20
"American Financial Credit Services, Inc.",14,2013-10-24,2025-09-08
"Blatt, Hasenmiller, Leibsker & Moore, LLC",105,2013-10-24,2022-04-30
Mutual Financial Partners,40,2013-10-24,2022-03-10
Atlantic Recovery Solutions LLC,515,2013-10-25,2026-09-10
"Mobiloans, LLC",909,2013-10-25,2026-09-04
National Management Recovery Corp. (NMRC),88,2013-10-25,2026-07-29
Ningo Lending LLC dba Spotloan,958,2013-10-25,2026-09-19
"Webcollex, LLC",363,2013-10-25,2026-09-13
"Brightwater Capital, LLC",41,2013-10-26,2025-07-11
"Collection Bureau Services, Inc.",69,2013-10-26,2026-09-14
Aaron Worldwide Collections Inc.,5,2013-10-27,2019-08-08
Oracle Financial Group LLC.,197,2013-10-27,2019-10-31
American Student Assistance,142,2013-10-28,2026-04-22
"Cash Express, LLC",140,2013-10-28,2026-09-01
"Jim Bottin Enterprises, Inc",615,2013-10-28,2026-09-12
"Law Office of Rory W. Clark, APLC",19,2013-10-28,2021-12-16
Maryville Collection Service Incorporated,1,2013-10-28,2013-10-28
"Smith Law Firm, P.C.",8,2013-10-28,2024-06-10
Wright & Lerch Attorneys At Law,11,2013-10-28,2015-07-22
"A & S Collection Associates, Inc.",4,2013-10-29,2014-02-24
Coconut Point Finance,2,2013-10-29,2025-09-02
"Fairway Capital Recovery, LLC",190,2013-10-29,2026-09-09
Greystone Alliance LLC,33,2013-10-29,2021-01-20
"LLOYD'S PLAN, INC.",8,2013-10-29,2025-11-10
"MarkOne Holdings, LLC",60,2013-10-29,2026-06-02
"Nathan & Nathan, P.C.",118,2013-10-29,2026-08-25
"NorthStar Settlement Services, LLC",3,2013-10-29,2025-02-07
"Rausch, Sturm, Israel, Enerson & Hornik, LLP",253,2013-10-29,2021-06-04
Convergys,48,2013-10-30,2026-03-16
"GFS, Inc.",46,2013-10-30,2026-05-16
Northwest Collectors Inc.,74,2013-10-30,2026-05-28
"R & R Collection Service, Inc.",30,2013-10-30,2021-07-16
"American Collections Enterprise, Inc.",405,2013-10-31,2026-05-20
"Buckles & Buckles, P.L.C.",34,2013-10-31,2026-09-09
CU MORTGAGE SERVICES INC.,9,2013-10-31,2019-02-07
NORTHWAY BROKER LTD.,31,2013-10-31,2022-06-20
"Professional Services of NY, Ltd.",6,2013-10-31,2023-01-09
"United Recovery Group, LLC (Closed)",58,2013-10-31,2015-06-16
"United Resource Systems, Inc",167,2013-10-31,2026-09-07
"Aldous & Associates, PLLC",6100,2013-11-01,2026-09-21
BOEING EMPLOYEES' CREDIT UNION,1056,2013-11-01,2026-09-25
"Clear Debt Solutions, LLC",110,2013-11-01,2020-10-22
"Credit Bureau of Columbia, Inc.",13,2013-11-01,2023-01-02
Lazega & Johanson LLC,83,2013-11-01,2026-07-23
Lendmark Financial Services,2282,2013-11-01,2026-09-15
"N.A.R., Inc.",358,2013-11-01,2026-09-02
On Q Financial,54,2013-11-01,2025-06-06
"PROFESSIONAL COLLECTION SERVICE, INC",11,2013-11-01,2021-04-23
"Seattle Service Bureau, Inc",373,2013-11-01,2026-09-15
"Cascade Capital, LLC",396,2013-11-02,2026-09-15
Hollis Cobb Associates,248,2013-11-02,2026-09-14
"U.S. Collections West, Inc.",415,2013-11-02,2026-05-01
Fulton Friedman & Gullace LLP,40,2013-11-03,2024-02-14
"Hameroff Law Group, P.C.",37,2013-11-03,2026-08-11
"Delta Outsource Group, Inc.",39,2013-11-05,2021-03-16
"Merchants Credit Bureau, Inc.",123,2013-11-05,2026-09-25
Anselmo Lindberg Oliver LLC,12,2013-11-06,2019-05-31
"GCFS, INC.",56,2013-11-06,2026-04-26
"JNR Adjustment Company, Inc",103,2013-11-06,2025-11-14
Law Offices of Timothy M. Sullivan,76,2013-11-06,2026-09-18
Thomas & Williams LLC,6,2013-11-06,2015-06-01
"Check City Partnership, LLC",48,2013-11-07,2026-07-09
"Fein, Such, Kahn & Shepard, P.C.",159,2013-11-07,2026-07-31
"G. Reynolds Sims & Associates, P. C.",11,2013-11-07,2019-05-06
Montgomery County Credit Bureau,16,2013-11-07,2025-03-26
Preferred Finanical Services Corporation,7,2013-11-07,2026-02-22
"Business Revenue Systems, Inc.",86,2013-11-08,2026-08-31
"Carter-Young, Inc.",989,2013-11-08,2026-09-18
"Collins Asset Group, LLC",244,2013-11-08,2026-07-07
"Financial Service Center of Ohio, LLC",18,2013-11-08,2026-01-29
"MST Financial Services, L.L.C.",127,2013-11-08,2026-07-28
"Mason, Schilling & Mason Co., LPA",6,2013-11-08,2026-03-04
"Robinson, Reagan and Young PLLC",69,2013-11-08,2022-09-20
"Secured Resolutions, LLC",17,2013-11-08,2023-10-22
Kirschenbaum & Phillips P.C,141,2013-11-09,2026-02-20
"National Commercial Services, Inc",221,2013-11-09,2026-09-06
"Works & Lentz of Tulsa, Inc.",70,2013-11-09,2026-08-31
Guidiville Indian Rancheria,82,2013-11-11,2026-04-14
"MILEND, INC.",17,2013-11-11,2026-07-16
"Peter Roberts & Associates, Inc.",133,2013-11-11,2026-09-22
"Recovery Partners, LLC",75,2013-11-11,2026-09-04
Senex Services Corp.,230,2013-11-11,2025-06-04
Waterfall Revenue Group,226,2013-11-11,2026-07-15
We Collect Inc,66,2013-11-11,2026-08-20
AAA Collections,121,2013-11-12,2026-08-14
"American Credit Exchange, Inc",7,2013-11-12,2026-05-16
"Bay Area Receivables, Inc",171,2013-11-12,2026-07-28
"Credit Bureau Systems, Inc., Paducah, KY Branch",355,2013-11-12,2026-09-23
"ONLINE Information Services, Inc.",3996,2013-11-12,2026-09-27
"Stenger & Stenger, P.C",393,2013-11-12,2026-09-10
"Wilber and Associates, P.C.",261,2013-11-12,2026-09-12
"AMERICAN ADJUSTMENT BUREAU,INC.",211,2013-11-13,2026-04-19
"Razor Capital, LLC",65,2013-11-13,2023-05-03
"Remex, Inc.",342,2013-11-13,2026-09-06
Account Brokers Inc.,50,2013-11-14,2023-01-03
AmeriCollect,2487,2013-11-14,2026-09-21
CRESCENT MORTGAGE COMPANY,7,2013-11-14,2018-04-05
Eagle Collection Corp.,5,2013-11-14,2019-05-03
"GULF COAST COLLECTION BUREAU, INC.",402,2013-11-14,2026-08-20
"JP RECOVERY SERVICES, INC.",97,2013-11-14,2023-04-06
"WESTERN CONTROL SERVICES, INC.",32,2013-11-14,2019-02-20
"CENTENNIAL LENDING, LLC",8,2013-11-15,2025-09-26
Kentucky Higher Education Assistance Authority,206,2013-11-15,2026-08-14
"William C. Grossman Law, PLLC.",26,2013-11-15,2018-09-12
HIGHLANDS RESIDENTIAL MORTGAGE,40,2013-11-17,2026-09-02
"The Schreiber Law Firm, PLLC",26,2013-11-17,2018-10-22
"Professional Recovery Consultants, Inc.",46,2013-11-18,2020-10-04
"All American Check Cashing, Inc.",10,2013-11-19,2017-05-12
"Berlin-Wheeler, Inc. (Kansas)",425,2013-11-19,2026-09-05
"Jones, Robin & Robin, P.C.",12,2013-11-19,2022-01-26
MANN FINANCIAL INC.,16,2013-11-19,2024-06-21
RDK Collections Inc.,4,2013-11-19,2016-10-31
Receivable Asset Management,34,2013-11-19,2020-08-06
"Rent Recover, LLC",140,2013-11-19,2020-03-17
"Revenue Enterprises, LLC",124,2013-11-19,2026-09-15
"Ria Envia, LLC",476,2013-11-19,2026-09-15
Team Recovery Inc.,66,2013-11-19,2026-07-09
AMERICAN NEIGHBORHOOD MORTGAGE,115,2013-11-20,2026-08-28
"Collections Acquisition Company, Inc.",271,2013-11-20,2026-09-05
"Dyck-O'Neal, Inc.",278,2013-11-20,2026-07-22
Allen & Withrow,30,2013-11-21,2026-03-26
"Andreu, Palma & Andreu, PL",163,2013-11-21,2026-09-10
Business & Professional Collection Service Inc,146,2013-11-21,2026-09-25
"Clear Recovery, Inc.",71,2013-11-21,2026-09-03
Element Global Services,45,2013-11-21,2016-10-03
"Financial Credit Service, Inc.",653,2013-11-21,2021-07-06
General Collection Co.,14,2013-11-21,2026-09-04
"Lang, Richert & Patch",6,2013-11-21,2025-12-10
"National Recovery Solutions, LLC",182,2013-11-21,2026-09-20
Suburban Credit Corporation,158,2013-11-21,2022-11-14
Brinkman Alliance Group,24,2013-11-22,2021-04-25
Cash-Installment LLC,2,2013-11-22,2018-08-21
Webster Account Solutions LLC,26,2013-11-22,2014-11-11
"American Profit Recovery, Inc., Marlborough, MA Branch",497,2013-11-25,2026-09-14
"DOLEX DOLLAR EXPRESS, INC.",22,2013-11-25,2019-12-13
"National Bond And Collection Associates, Inc.",21,2013-11-25,2024-12-10
"National Collection Systems, Inc.",530,2013-11-25,2026-09-22
"Niagara Credit Solutions, Inc",22,2013-11-25,2019-08-14
TOWNE MORTGAGE COMPANY,101,2013-11-25,2026-09-07
Viking Client Services,380,2013-11-25,2026-09-22
"Williams, Rush & Associates, LLC",652,2013-11-25,2026-09-09
Mendelson Law Firm,66,2013-11-26,2026-08-20
Westhill Financial,25,2013-11-26,2026-07-17
"Capitol Credit Services, Inc",15,2013-11-27,2021-01-05
"Io, Inc.",768,2013-11-27,2026-09-27
"Meyer & Njus, P.A.",26,2013-11-27,2023-03-11
"SCA Collections, Inc.",682,2013-11-27,2026-09-12
"States Recovery Systems, Inc.",209,2013-11-27,2026-08-04
"Receivable Solutions Specialist, Inc.",36,2013-11-29,2019-04-27
"Schrier & Tolin, LLC",5,2013-11-29,2017-11-28
"Medical Recovery Services, LLC",41,2013-12-01,2026-05-14
UNITED AUTO ACCEPTANCE,115,2013-12-01,2026-09-09
CONRAD CREDIT CORPORATION,111,2013-12-02,2026-09-07
"Collection Professionals, Inc.",194,2013-12-02,2026-09-19
"Estate Information Services, LLC",44,2013-12-02,2026-07-21
"National Credit Services, Inc.",112,2013-12-02,2022-06-01
"Results Unlimited, Inc.",69,2013-12-02,2026-06-20
Zenith Financial Network Inc,82,2013-12-02,2023-11-20
"CARDINAL FINANCIAL COMPANY, LIMITED PARTNERSHIP",764,2013-12-03,2026-09-25
"Gordon & Wong Law Group, P.C.",13,2013-12-03,2025-12-04
"Law Offices of Palmer, Reifler & Associates, P.A.",21,2013-12-03,2025-09-01
Professional Receivables Network,77,2013-12-03,2026-09-16
Rodenburg LLP,91,2013-12-03,2026-08-28
ANDERSON FINANCIAL GROUP,2,2013-12-04,2025-09-20
"Cohen & Cohen Law, LLC",37,2013-12-04,2026-05-14
Global Financial Services Group,19,2013-12-04,2021-03-24
Global Trust Management LLC,174,2013-12-04,2026-09-01
"Hauge Associates, Inc.",110,2013-12-04,2026-09-12
"Optimum Outcomes, Inc.",640,2013-12-04,2026-04-01
Tri-Counties Accounts Adjustment Bureau,15,2013-12-04,2021-10-26
"Account Services Collections, Inc",94,2013-12-05,2020-08-07
"BAM Financial, LLC",54,2013-12-05,2021-06-22
"Blue Sky Capital Realty, Inc.",7,2013-12-05,2021-03-09
"Douglas, Chancellor, Meyers and Associates, LLC",29,2013-12-05,2019-06-28
First Choice Assets LLC.,35,2013-12-05,2024-10-02
Michael G. Niles,16,2013-12-05,2024-09-06
"Phoenix Health Care Management Services, Inc.",42,2013-12-05,2026-07-02
"Rushmore Service Center, LLC",63,2013-12-05,2024-10-31
"A/R CONCEPTS, INC.",17,2013-12-06,2024-01-26
"BQ & Associates, P.C., L.L.O.",54,2013-12-06,2026-08-21
"Capital Alliance Financial, LLC",47,2013-12-06,2026-08-26
"Collection Information Bureau, Inc.",325,2013-12-06,2020-10-22
"IMPERIAL CREDIT SYSTEMS, INC.",3,2013-12-06,2014-07-31
"Jacob Law Group, PLLC",106,2013-12-06,2026-08-17
"Merchants and Professional Bureau, Inc.",295,2013-12-06,2025-10-03
ASSOCIATED MORTGAGE BANKERS IN,7,2013-12-07,2024-04-11
"CRA Collections, Inc",21,2013-12-07,2016-12-09
"Cohen McNeile & Pappas, PC",17,2013-12-07,2021-09-22
"Eastern Account Systems of Connecticut, Inc.",3705,2013-12-07,2026-09-21
National Financial LLC,60,2013-12-07,2026-07-30
Central Portfolio Control Inc.,3349,2013-12-09,2026-09-28
"Central States Recovery, Inc.",251,2013-12-09,2026-09-08
Greene & Cooper Collections LLC,40,2013-12-09,2020-01-28
"Law Offices of Krista L. White & Associates, P.S.",7,2013-12-09,2014-11-19
Abbott Osborn Jacobs PLC,79,2013-12-10,2026-07-31
Account Management Resources,98,2013-12-10,2025-05-28
"Buffaloe & Associates, PLC",31,2013-12-10,2026-06-29
"Healthcare Management, LLC",76,2013-12-10,2026-08-12
"MCCUE MORTGAGE COMPANY, THE",25,2013-12-10,2025-11-21
"Professional Placement Services, LLC",225,2013-12-10,2023-10-05
"River City Finance Co., Inc.",5,2013-12-10,2025-07-16
Speedee Cash Management,10,2013-12-10,2024-12-16
"Stanislaus Credit Control Service, Inc.",125,2013-12-10,2018-11-23
Credit International Corporation,132,2013-12-11,2026-07-28
"Risecredit, LLC",822,2013-12-11,2026-09-10
"Credit Service Company, INC",235,2013-12-12,2026-08-29
"Mid-Atlantic Finance Co., Inc.",505,2013-12-12,2026-09-22
"Paramount Recovery Systems, L.P.",1190,2013-12-12,2026-08-19
Triple AC Resolutions,15,2013-12-12,2026-02-23
"University Lending Group, LLC",8,2013-12-12,2025-09-23
"Autovest, L.L.C.",118,2013-12-13,2026-09-04
"Emerald Canyon Capital, LLC",43,2013-12-13,2025-04-21
FIRST HERITAGE CREDIT LLC,175,2013-12-13,2022-10-07
Hillcrest Davidson & Associates,557,2013-12-13,2026-09-23
Kevin B. Wilson Law Offices,15,2013-12-13,2020-05-08
"Phelan Hallinan Diamond & Jones, PC",105,2013-12-13,2020-04-02
"RMI Services, LLC",10,2013-12-13,2021-08-31
"TRIAD FINANCIAL SERVICES, INC.",162,2013-12-13,2026-09-21
"The Castle Law Group, LLC (Closed)",6,2013-12-13,2016-10-30
"Constar Financial Services, LLC",150,2013-12-14,2026-08-31
Financial Assistance Inc,305,2013-12-14,2026-09-14
"Universal Account Servicing, LLC",163,2013-12-14,2026-09-11
"Moxley & Associates, LLC",19,2013-12-15,2026-01-27
Miller Davis & Peoples,31,2013-12-16,2026-06-21
"Rubin & Debski, P.A.",41,2013-12-16,2026-08-18
United Revenue Corporation,1701,2013-12-16,2026-09-09
"Universal Credit Services, Inc",24,2013-12-16,2026-06-03
"WINN LAW GROUP, APC",157,2013-12-16,2025-10-16
Access Receivables of NC Inc.,160,2013-12-17,2026-09-02
"Professional Accounts Service, Inc. (Indiana)",21,2013-12-17,2022-09-08
"Certified Services, Inc.",61,2013-12-18,2026-05-20
"Eagle Accounts Group, Inc.",165,2013-12-18,2026-05-15
"Green Trust Cash, LLC",89,2013-12-18,2018-02-22
"Hellmuth & Johnson, PLLC",3,2013-12-18,2021-04-15
"NIC, Inc.",81,2013-12-18,2026-07-29
Skyline Financial Corp.,28,2013-12-18,2026-07-22
ALLIANCE FINANCIAL RESOURCES,6,2013-12-19,2017-01-23
"CB1, Inc.",105,2013-12-19,2026-09-10
CFM Group LLC,46,2013-12-19,2026-07-03
Charleston Area Medical Center,55,2013-12-19,2026-06-14
"Credit Bureau of Traverse City, Inc.(Closed)",3,2013-12-19,2015-09-03
"Crown Asset Management, LLC, Duluth, GA Branch",719,2013-12-19,2026-09-18
"Echelon Financial, Inc.",23,2013-12-19,2025-06-30
"Firsel Law Group, Ltd.",7,2013-12-19,2023-02-25
RR Resource-Recovery,24,2013-12-19,2021-10-31
ARM WNY LLC,134,2013-12-20,2023-12-20
Oliver Adjustment Co.,204,2013-12-20,2024-06-11
RMA Credit Association,50,2013-12-20,2026-08-01
Regional Credit Solutions,12,2013-12-20,2014-05-19
"United Debt Holdings, LLC",92,2013-12-20,2020-08-18
"AC AutoPay LLC, Denver, CO Branch",202,2013-12-21,2026-09-19
"Consolidated Information Services Solutions, LLC",169,2013-12-22,2022-07-06
"Blakely-Witt and Associates, Inc.",158,2013-12-23,2026-06-17
CITYWIDE HOME LOANS A UTAH CORPORATION,18,2013-12-23,2018-06-01
"Los Angeles Collection Service, Inc.",6,2013-12-23,2021-03-23
"MAS FINANCIAL SERVICES, INC.",94,2013-12-24,2026-04-17
McKenzie Paul & Associates,39,2013-12-24,2026-07-28
"Michael Harrison, Attorney at Law",74,2013-12-24,2026-06-30
Sigue Corp.,261,2013-12-24,2026-04-12
"Valley Credit Service, Inc. (OR)",38,2013-12-24,2025-09-18
"T.J. FINANCIAL, INC.",1,2013-12-25,2013-12-25
"Consolidated Management Group, LLC",63,2013-12-26,2026-08-31
"INTEGRAL RECOVERIES, INC.",33,2013-12-26,2026-06-24
Louisiana Bureau of Credit Control Inc.,9,2013-12-26,2021-05-06
"Phelan Hallinan Diamond & Jones, LLP",5,2013-12-26,2018-08-17
"Williams -Williams Commercial Collections, Inc",2,2013-12-26,2014-03-03
"Certified Credit Reporting, Inc.",107,2013-12-27,2026-05-02
"Law Offices of Marvin S. C. Dang, LLC",31,2013-12-27,2025-02-08
"Trojan Professional Services, Inc.",118,2013-12-27,2024-02-15
Moneytree Inc,52,2013-12-28,2026-09-12
NATIONWIDE ACCEPTANCE LLC,151,2013-12-29,2026-09-15
Guglielmo and Associates,98,2013-12-30,2026-09-26
"Icon Equities, LLC",7,2013-12-30,2022-03-15
"Success Mortgage, LLC",4,2013-12-30,2020-04-09
"Todd, Bremer & Lawson, Inc.",108,2013-12-30,2026-09-06
"AR Resources, Inc.",1295,2013-12-31,2026-09-09
"Applied Business Services, Inc.",168,2013-12-31,2026-08-26
"Coast to Coast Financial Solutions, Inc.",199,2013-12-31,2026-07-27
"Law Offices of Ross Gelfand, LLC",8,2013-12-31,2015-04-26
"SFS, Inc",65,2013-12-31,2019-10-16
FIRST AMERICAN MORTGAGE TRUST,3,2014-01-01,2014-08-21
"Account Recovery Service, Inc. (WI)",13,2014-01-02,2026-06-22
Financial Corporation of America,165,2014-01-02,2025-02-17
"Accelerated Receivables Management, Inc.",4,2014-01-03,2014-06-04
"Andrews & Cox, P.C.",76,2014-01-03,2026-08-26
"CREDIT BUREAU ASSOCIATES-NORTHEAST, INC.",20,2014-01-03,2021-12-31
"Credit Adjustment Services of Harrisburg, Inc",13,2014-01-03,2026-08-06
"HEAD MERCANTILE CO., INC.",185,2014-01-03,2026-09-27
"Law Offices of Robert J. Colclough, III",198,2014-01-03,2026-08-26
"MIB Group, Inc.",526,2014-01-03,2026-07-07
SET Financial Corporation,51,2014-01-03,2026-07-31
Screening Reports Inc.,95,2014-01-03,2022-07-09
Bureau of Accounts Control,65,2014-01-04,2026-08-01
Mediation Recovery Center,132,2014-01-04,2026-09-21
United Acceptance Inc.,51,2014-01-04,2020-11-14
"Cheek Law Offices, LLC",13,2014-01-06,2017-09-13
Medical-Dental-Hospital Bureau of San Antonio,73,2014-01-06,2026-07-10
Municipal Collections of America Inc.,80,2014-01-06,2026-09-11
National Loan Review Consultants Corporation,3,2014-01-06,2026-01-15
ALCHRO INC.,294,2014-01-07,2026-08-19
"Adsen & Associates, LLC",2,2014-01-07,2014-03-21
Alliance Collection Service,23,2014-01-07,2023-09-11
Alliant Capital Management LLC,413,2014-01-07,2026-09-08
"Avadyne Health Holdings, Inc",387,2014-01-07,2026-04-17
"Carmen V. Porreca, P.C.",10,2014-01-07,2023-10-30
Collectibles Management Resources,49,2014-01-07,2026-07-23
Sierra Holdings LLC,119,2014-01-07,2026-09-02
"Account Control Systems, Inc",20,2014-01-08,2024-05-15
"Data-Central, LLC",26,2014-01-08,2021-08-12
"NARTEY LAW GROUP, LLC",10,2014-01-08,2016-10-11
Physicians & Dentists Credit Bureau,41,2014-01-08,2026-03-24
"Zeller & Associates, LLC",10,2014-01-08,2019-10-14
"Legacy Customer Management Group, LLC",10,2014-01-09,2026-06-10
"Mirand Response Systems, Inc.",27,2014-01-09,2026-08-14
"National Account Systems of Omaha, LLC",110,2014-01-09,2026-07-28
Atlas Collections Inc. (of New Castle),12,2014-01-10,2026-05-04
CONGRESS COLLECTION CORP,219,2014-01-10,2024-12-22
"Express Recovery Services, Inc.",414,2014-01-10,2026-09-23
F&L Marketing Enterprises LLC,14,2014-01-10,2026-08-31
"Healthcare Collections-I, LLC",198,2014-01-10,2025-11-08
"Interstate Credit & Collection, Inc.",14,2014-01-10,2021-06-22
The Law Office of Edwin B. Parry,24,2014-01-10,2023-01-19
"Campus Student Funding, LLC",53,2014-01-11,2025-08-29
Consumer Collection Management. Inc,425,2014-01-11,2026-09-21
Synergetic Communication Inc,1185,2014-01-11,2026-09-14
"TIDEWATER FINANCE COMPANY, INC.",391,2014-01-11,2026-09-07
"Bursey & Associates, P.C.",42,2014-01-12,2026-07-06
PCS Receivables Corp.,19,2014-01-12,2019-02-21
"Valley Collection Service, LLC",96,2014-01-12,2026-09-05
"AUDIT SYSTEMS,INC",55,2014-01-13,2026-05-20
Accounts Receivable Inc.,65,2014-01-13,2026-08-06
"American Capital Enterprises, Inc.",102,2014-01-13,2026-06-28
"Biehl & Biehl, Inc",62,2014-01-13,2026-09-11
GARRETT FIRM,4,2014-01-13,2014-08-04
"Lazarus Financial Group, Inc.(Closed)",48,2014-01-13,2016-12-19
"Richard J. Boudreau & Associates, LLC",30,2014-01-13,2018-09-12
"Thunderbird Collection Specialists, Inc.",203,2014-01-14,2025-06-27
Western-Shamrock Corporation,389,2014-01-14,2026-09-09
Bennett Law PLLC,10,2014-01-15,2019-03-07
"GENERAL BUSINESS RECOVERIES, INC.",37,2014-01-15,2024-03-20
"PMGI, LLC",15,2014-01-15,2025-05-29
South East Collection Specialist,16,2014-01-15,2026-07-15
ZARVAD III S.A.,153,2014-01-15,2026-08-25
A.R.C. Accounts Recovery (U.S.A.) Corporation LLC,9,2014-01-16,2023-06-04
"Coastal Credit, LLC",124,2014-01-16,2021-09-08
Hilco Receivables LLC,13,2014-01-16,2023-02-21
Law Offices of Goldberg & Oriel,12,2014-01-16,2026-08-22
"Rozlin Financial Group, Inc.",493,2014-01-16,2026-09-19
Southeastern Mortgage Corporation,1,2014-01-16,2014-01-16
"Helvey & Associates, Inc., Warsaw, IN Branch",1083,2014-01-17,2026-08-27
Portland Credit Inc,17,2014-01-17,2021-03-08
SUN LOAN COMPANY INC.,741,2014-01-17,2026-09-08
"Western Mercantile Agency, Inc",33,2014-01-17,2026-06-25
"World Recovery Service, LLC",40,2014-01-17,2026-08-05
"Nationwide Credit & Collection, Inc.",304,2014-01-18,2026-09-10
"Associated Collectors, Inc.",22,2014-01-19,2024-07-13
"Money Transfer Systems, Inc.",2,2014-01-19,2020-04-10
CREDICO. INC,126,2014-01-20,2026-07-24
"Credit Systems of the Fox Valley, Inc.",57,2014-01-20,2026-09-02
"Halsted Financial Services, LLC.",2295,2014-01-20,2026-09-20
"P.S.C., Inc",323,2014-01-20,2026-08-18
Fix Media,2,2014-01-21,2014-06-27
"Consumer Financial Debt Services, LLC",19,2014-01-22,2021-12-29
GOLDEN EMPIRE MORTGAGE INCORPORATED,27,2014-01-22,2025-12-10
"Overton, Russell, Doerr and Donovan, LLP",148,2014-01-22,2026-05-04
Veripro Solutions Inc.,87,2014-01-22,2025-12-09
"CrossCheck, Inc.",247,2014-01-23,2026-09-24
Friendly Finance Corporation,53,2014-01-23,2026-08-21
Matthew Thomas & Associates LLC,18,2014-01-23,2017-06-24
"Morgan & Pottinger, PSC",13,2014-01-23,2017-04-03
Northeast Collection Bureau,50,2014-01-23,2026-08-03
Roquemore Holdings LLC,42,2014-01-23,2022-10-18
Whitehouse Law Firm LPA,3,2014-01-23,2015-03-11
Commercial Acceptance Company,403,2014-01-24,2026-09-23
DRS Financial LLC,50,2014-01-24,2021-06-09
Global Recovery Solutions,16,2014-01-24,2022-06-07
Goshen Mortgage LLC,10,2014-01-24,2022-08-08
"Med-Health Financial Services, Inc.",9,2014-01-24,2026-06-26
"Neuheisel Law Firm, P.C.",17,2014-01-24,2018-08-02
"Red Cedar Services, Inc",65,2014-01-24,2021-01-14
"Love, Beal & Nixon, P.C.",201,2014-01-25,2026-09-23
"Pacific Credit Services, Inc.",3,2014-01-25,2015-10-16
Professional Service Bureau,32,2014-01-25,2026-07-30
"UNIVERSAL COLLECTION SYSTEMS, INC",58,2014-01-25,2026-08-13
"Galaxy Capital Acquisitions, LLC",221,2014-01-26,2026-09-12
"Hunt & Kahn, P.A.",18,2014-01-26,2024-09-25
ALL WESTERN MORTGAGE,25,2014-01-27,2026-08-04
"Continental Finance Company, LLC",3580,2014-01-27,2026-09-25
"Midwestern Audit Services, Inc",4,2014-01-27,2017-01-11
"Underwood Law Firm, LLC",5,2014-01-27,2016-05-19
Accurate Financial Services,16,2014-01-28,2026-01-23
"Williams, Alexander & Associates, Inc",62,2014-01-28,2026-03-23
"CMRE Financial Services, Inc.",1997,2014-01-29,2026-09-09
"Cascade Collections, Inc.",38,2014-01-29,2025-11-29
"Cawley & Bergmann, LLP",201,2014-01-29,2026-07-01
"Mapother & Mapother, PSC",2,2014-01-29,2015-01-07
"Pittenger Law Group, LLC.",18,2014-01-29,2026-05-15
"Professional Credit Management, Inc",403,2014-01-29,2026-08-26
"Advanced Recovery Systems, Inc. (PA)",7,2014-01-30,2024-08-10
Automated Accounts Management Services,82,2014-01-30,2023-08-18
"MILLENNIUM FINANCIAL GROUP, L.L.C.",70,2014-01-30,2026-08-03
"Nationwide Recovery Systems, Ltd",639,2014-01-30,2026-09-15
"Rauch-Milliken International, Inc.",91,2014-01-30,2026-08-28
Best Capital Funding,10,2014-01-31,2022-11-07
Main Street Personal Finance,46,2014-01-31,2020-03-09
"Resurgence Financial, LLC",10,2014-01-31,2023-09-21
COLLECTION PROFESSIONALS INC (Illinois),43,2014-02-01,2022-10-10
"Credit Associates of Maui, LTD",23,2014-02-01,2026-09-03
Bluestein Hirsch and Associates,9,2014-02-03,2014-07-02
"Interstate Recovery Service, Inc.",48,2014-02-03,2024-07-12
"Account Recovery Services, Inc.",37,2014-02-04,2026-07-23
"Merriman Investments, LLC",4,2014-02-04,2019-08-08
"PLS GROUP, INC",244,2014-02-04,2026-08-28
Pathfinder Credit Services,49,2014-02-04,2026-02-03
"Auto Trakk, LLC",249,2014-02-05,2026-07-29
"Delray Capital, LLC",94,2014-02-05,2022-12-13
"Orions Management Group, LLC",207,2014-02-05,2026-09-16
Pacific Rim Alliance Corporation,32,2014-02-05,2024-07-14
United Financial Service,19,2014-02-05,2026-07-09
"Accounts Research, Inc.",17,2014-02-06,2018-05-04
Renton Collections Inc.,194,2014-02-06,2026-07-05
"Vantage Sourcing, LLC",33,2014-02-06,2020-12-18
"Whetstone Partners, LLC",11,2014-02-06,2017-10-19
CW Financial,28,2014-02-09,2026-08-17
Cannon & Cannon Firm PC,10,2014-02-10,2026-08-03
"Receivables Outsourcing, Inc.",138,2014-02-10,2026-09-26
"Robert W. Warner & Associates, P.C.",16,2014-02-10,2026-08-14
"Thomas F. Farrell, P.C.",4,2014-02-10,2017-06-23
NORTHEAST HOME LOAN,2,2014-02-11,2014-04-22
"Protas, Spivok & Collins. LLC",60,2014-02-11,2026-07-27
MS SERVICES LLC,130,2014-02-12,2026-08-11
Snow and Sauerteig LLP,48,2014-02-12,2026-06-08
Clay Chapman Iwamura Pulice & Nervell,23,2014-02-13,2025-07-16
"NCS, Inc",55,2014-02-13,2026-09-12
"Roosen, Varchetti & Olivier, PLLC",151,2014-02-13,2026-08-16
Sierra Credit Corp,22,2014-02-13,2025-07-22
Receivables Management Corporation,349,2014-02-14,2026-07-29
Bleier & Cox APC,23,2014-02-16,2018-03-08
"Midwest Fidelity Services, LLC",223,2014-02-17,2026-09-21
"Richard Sokoloff, Attorney At Law",51,2014-02-17,2025-03-27
"COLLECTION ASSOCIATES, LTD.",109,2014-02-18,2026-09-06
Commercial Credit Counseling Services Inc.,12,2014-02-18,2025-11-23
"MEDCAH, Inc.",34,2014-02-18,2026-02-18
"Service Bureau, Inc.",19,2014-02-18,2021-09-20
"Brown Law, PLLC",12,2014-02-19,2017-12-15
"COLLECTECH DIVERSIFIED, INC.",198,2014-02-19,2026-09-18
Jana Ferrell & Associates LLC,63,2014-02-19,2026-05-28
"LoanNow, LLC  (Closed)",4,2014-02-19,2016-06-17
Modern Adjustment Bureau,110,2014-02-19,2026-09-04
"Titan Receivables, Inc.",56,2014-02-19,2021-09-09
Wakpamni Lake Community Corporation,32,2014-02-19,2022-02-28
BCA Financial Services (New Jersey),3,2014-02-20,2016-11-07
"Brent D. Stamps, Attorney at Law",11,2014-02-20,2023-04-26
CONTRACT RESOLVE GROUP LLC,42,2014-02-20,2026-04-14
Cade Investments LLC,24,2014-02-20,2022-02-05
Critical Resolution Mediation LLC,108,2014-02-20,2021-09-14
"Finance System of Green Bay, Inc.",48,2014-02-20,2026-06-05
"Kinum, Inc., Indianapolis, IN Branch",605,2014-02-20,2026-09-17
"Smith, Slusky, Pohren & Rogers, LLP",2,2014-02-20,2020-05-12
"Cash Time Title Loans, Inc.",64,2014-02-21,2026-06-24
"Collection Service Center, Inc.",85,2014-02-23,2026-06-08
"Cedars Business Services, LLC",1098,2014-02-24,2026-09-14
Monterey Financial Services LLC,2529,2014-02-24,2026-09-26
USCB Corporation,553,2014-02-24,2026-09-11
"Atlas Services, Inc.",16,2014-02-25,2026-07-04
Columbia Collectors Inc,39,2014-02-25,2026-05-11
"Credit Bureau of Lancaster County, Inc.",52,2014-02-25,2018-01-31
"Vonda J. Dunn, P.C.",6,2014-02-25,2021-09-15
Amscot Corporation,147,2014-02-26,2026-09-20
M.L. Zager P.C.,28,2014-02-26,2025-11-19
ATLANTIC BAY MORTGAGE GROUP LLC,113,2014-02-27,2026-08-24
"Berman & Rabin, P.A.",115,2014-02-27,2026-09-11
Credit Bureau of Carbon County,100,2014-02-27,2023-10-03
"Reliable Credit Association, Inc.",175,2014-02-27,2026-09-09
Pacific Financial Group (Closed),20,2014-02-28,2015-09-16
Quantum Accounts Receivable Management Services Inc.,1,2014-02-28,2014-02-28
"Martin & Seibert, L.C.",3,2014-03-01,2015-11-18
"FAN Distributing, LLC",4,2014-03-02,2025-09-23
Mar Joe Enterprises,152,2014-03-02,2026-09-04
Agency of Credit Control,84,2014-03-03,2026-09-06
Controlled Credit Corporation,36,2014-03-03,2026-09-02
The Law Offices of Daniel C. Consuegra,8,2014-03-03,2021-03-02
"Triton Management Group, Inc",35,2014-03-03,2025-08-08
Allied Data Corporation,7,2014-03-04,2021-11-20
Atlanticus Services Corporation,5571,2014-03-04,2026-09-27
"Russell W Richardson, Attorney at Law",45,2014-03-04,2020-05-22
"Brock & Scott, PLLC",298,2014-03-06,2026-08-18
"Jenkins, Wagnon & Young, P.C.",34,2014-03-06,2026-07-01
"LAKEVIEW LOAN SERVICING, LLC",2961,2014-03-06,2026-09-22
"MVBA, L.L.C.",19,2014-03-06,2026-02-28
"RCS Recovery Services, LLC",30,2014-03-06,2026-07-02
Texas Guaranteed,334,2014-03-06,2026-09-09
"Veldos, LLC",28,2014-03-06,2016-10-07
"ACCELERATED COLLECTION SERVICE, INC",29,2014-03-07,2025-06-27
Kadent Corporation,16,2014-03-07,2024-04-05
"Korn Law Firm, P.A.",4,2014-03-07,2014-04-17
"Ragan & Ragan, PC",70,2014-03-07,2026-08-25
"Springfield Recovery, Inc.",3,2014-03-07,2022-01-06
Clayton Holdings LLC,13,2014-03-08,2026-08-21
"Green & Sons Agency, Inc.",180,2014-03-08,2026-09-21
"Sa-Vit Enterprises, Inc.",233,2014-03-08,2026-06-22
"Robert L. Tankel, P.A.",9,2014-03-10,2026-08-06
"Goldberg & Peretti, LLC",17,2014-03-11,2026-08-20
Southwest Business Corporation,213,2014-03-11,2026-09-19
Evergreen Financial Services Inc.,64,2014-03-12,2026-08-06
NCP Finance,36,2014-03-12,2019-12-19
"Driver Holdings, LLC",11,2014-03-13,2025-10-03
"Grand American Resources, Inc",4,2014-03-13,2026-03-13
"Oak Harbor Capital, LLC",19,2014-03-13,2026-04-15
Searay Portfolio Management,21,2014-03-13,2019-06-19
ADR ARBITRATION SERVICES (Closed),35,2014-03-14,2015-09-02
"ARC Management Group, LLC",216,2014-03-14,2025-03-28
Hewitt-Capital,52,2014-03-14,2022-08-01
"Pollack & Rosen, P.A.",193,2014-03-14,2026-08-25
Global United Arbitration LLC,27,2014-03-15,2019-04-29
Michael Andrews & Associates LLC,21,2014-03-15,2026-08-31
Cohen & Associates,18,2014-03-17,2022-04-07
"Crosstown Law, LLC",18,2014-03-17,2025-12-09
Revenue Cycle Management Corp,15,2014-03-17,2026-05-09
"Brown Olcott, PLLC",12,2014-03-18,2021-09-10
"MINNESOTA LIFE INSURANCE CO., THE",43,2014-03-18,2017-11-30
"Weinstock, Friedman, & Friedman, P.A.",4,2014-03-18,2016-05-04
HIGHLAND FINANCIAL SERVICES (Closed),31,2014-03-19,2015-09-21
"Upstate Collection Center, Inc.",18,2014-03-19,2026-09-11
"Accelerated Revenue, Inc.",1,2014-03-20,2014-03-20
"Palm Beach Credit Adjustors, Inc",266,2014-03-20,2026-09-03
Resolve Solution Services Corporation,3,2014-03-20,2021-10-06
A & E Futures LLC,27,2014-03-21,2025-12-09
Ace Motor Acceptance Corporation,4,2014-03-21,2017-12-08
"Association Financial Services, LLC",4,2014-03-21,2016-06-02
"Creditors Collection Bureau, Inc.",17,2014-03-21,2018-12-19
"Key 2 Recovery, Inc.",369,2014-03-21,2026-09-06
"AXIS FINANCIAL SERVICES, INC.",1,2014-03-23,2014-03-23
"Miller and Steeno, P.C.",30,2014-03-23,2026-03-27
"Brennan & Clark, Ltd., LLC",77,2014-03-24,2026-08-10
"Kenneth, Eisen & Associates, LTD.",52,2014-03-24,2026-02-19
"Midstate Collection Solutions, Inc.",111,2014-03-24,2026-06-10
Nationwide Arbitration Services LLC,30,2014-03-24,2026-07-14
Armor Systems Corporation,49,2014-03-25,2019-05-15
"Medical & Professional Collection Services, Inc. NC.",39,2014-03-25,2023-01-16
"SACOR FINANCIAL, INC",46,2014-03-25,2026-06-12
"Superior Adjustment, Inc.",14,2014-03-25,2020-01-19
VIAMERICAS CORPORATION,19,2014-03-25,2026-04-06
"Paramount Capital Group, Inc.",140,2014-03-26,2026-08-17
"Richard P. Joblove, P.A.",1,2014-03-26,2014-03-26
Darwin Solutions Inc.,1,2014-03-27,2014-03-27
"Enhanced Acquisitions, LLC",229,2014-03-27,2023-03-28
ALCOVA MORTGAGE LLC,14,2014-03-28,2026-05-07
Essential Retrieval Group,30,2014-03-28,2021-05-26
Kirkland Asset Management LLC,54,2014-03-28,2021-04-29
Armada Corp.,145,2014-03-29,2026-07-20
"Bayfield Financial, LLC",3,2014-03-29,2016-07-19
"Southern Credit Adjusters, Inc.",51,2014-03-30,2026-09-24
FastBucks,30,2014-03-31,2019-12-10
"MARINER FINANCE, LLC",2786,2014-03-31,2026-09-15
NCMI Corporation,7,2014-03-31,2025-05-20
"Account Management Services, Inc.",84,2014-04-01,2025-07-19
"Intermex Wire Transfer, LLC",38,2014-04-01,2026-05-04
"POM Recoveries, Inc.",27,2014-04-01,2026-02-19
Patient Accounting Service Center,483,2014-04-01,2026-09-23
"Professional Choice Recovery, Inc.",43,2014-04-01,2026-07-13
Diversified Recovery Services Inc.,33,2014-04-03,2021-06-11
"Mid-America Accounts Control Bureau, Inc.",67,2014-04-04,2026-07-18
"National Financial Group, Inc",7,2014-04-05,2018-08-14
"ALE Solutions, Inc.",9,2014-04-07,2026-05-15
"HARBORONE MORTGAGE, LLC",27,2014-04-07,2025-12-11
Pangaea International Receivable Services Inc.,4,2014-04-07,2019-05-15
Affiliated Management Services,41,2014-04-08,2024-01-05
"RAB, INC.",66,2014-04-08,2026-07-14
"Duvera Billing Services, LLC",825,2014-04-09,2026-09-09
Round Two Recovery,30,2014-04-09,2017-08-10
"American Financial Lending, Inc.",1,2014-04-11,2014-04-11
Astra Business Services,42,2014-04-11,2026-04-02
Blueshore Recovery,19,2014-04-11,2017-01-19
Client Financial Services of Michigan LLC,9,2014-04-11,2023-02-16
"DIRECMANAGEMENT, INC.",109,2014-04-11,2026-07-21
"FRANKLIN FIRST FINANCIAL, LTD",21,2014-04-11,2021-05-01
"Maury Cobb, Attorney at Law, LLC",281,2014-04-12,2026-05-08
ARAKI-REGAN & ASSOCIATES LLC,4,2014-04-13,2019-09-22
"CREDIT ASSOCIATES, INC. (OR)",5,2014-04-13,2025-01-15
"AR Audit Services, Inc",15,2014-04-14,2024-12-29
"Complete Credit Solutions, Inc.",435,2014-04-14,2026-09-17
"Select Management Resources, LLC",374,2014-04-14,2026-08-24
"The Wilber Law Firm, P.C.",11,2014-04-14,2022-05-17
YSA ARM LLC DBA Oxygen XL,200,2014-04-14,2026-09-16
"MJ Altman Companies, Inc.",55,2014-04-15,2021-10-19
"RMS-Recovery Management Services, Inc.",219,2014-04-15,2026-09-16
"Receivable Management Group, Inc. (GA)",351,2014-04-15,2026-08-28
Terrill Outsourcing Group,177,2014-04-15,2026-03-24
"Delmarva Collections, Inc.",27,2014-04-16,2021-11-20
SUPERIOR DEBT RECOVERY LLC,5,2014-04-16,2015-11-04
Ridgeway Advisory Group LLC,7,2014-04-17,2014-06-25
"SOUTHWEST FUNDING, LP",22,2014-04-17,2022-06-07
Metro Collection Service Inc.,180,2014-04-18,2026-09-22
"Vision Financial Services, Inc.",8,2014-04-20,2018-03-18
"McCullough Payne & Haan, LLC",51,2014-04-21,2021-10-04
National Business Factors,248,2014-04-21,2026-08-28
"Credit Clearing House of America, Inc.",77,2014-04-22,2026-08-21
"Denovus Corporation, Ltd.",12,2014-04-22,2016-06-23
Minnesota Office of Higher Education,14,2014-04-22,2025-08-08
Pono Ventures Inc.,10,2014-04-22,2019-08-14
Credit Plus Inc,771,2014-04-23,2022-06-28
"Sunset Management, Inc",275,2014-04-23,2026-09-09
BOC LLC,29,2014-04-24,2014-09-25
"COASTAL LAW FIRM, APLC",2,2014-04-24,2015-10-02
"Credit Solutions, LLC (KY)",79,2014-04-24,2026-09-16
Universal Technical Institute,16,2014-04-24,2026-05-26
"Account Recovery Specialists, Inc.",58,2014-04-26,2026-04-27
"Doberman Credit & Collection Consultants, LLC",2,2014-04-28,2021-07-14
"Hidden Oak Group, Inc.",16,2014-04-28,2026-09-10
"Jormandy, LLC",12,2014-04-28,2021-09-08
"New Hampshire Northeast Credit Services, Inc.",45,2014-04-28,2026-05-24
Cottonwood Financial Ltd.,450,2014-04-29,2024-07-15
"RUI Credit Services, Inc.",18,2014-04-29,2024-07-19
"Advanced Collection Services, LTD",3,2014-04-30,2017-08-24
"Concentric Receivables Management, Ltd.",86,2014-04-30,2026-03-28
"Granite Creditors Service, Inc.",9,2014-04-30,2022-11-12
"Receivables Management Group, Inc. (MN)",27,2014-04-30,2024-08-17
"QuickClick Loans of Illinois, LLC",66,2014-05-01,2026-05-19
TrueAccord Corp.,5807,2014-05-01,2026-09-23
Solidus Group LLC.,238,2014-05-02,2026-05-06
"Executive Financial Consultants, Inc",19,2014-05-04,2025-06-30
"CERTIFIED COLLECTORS, INC.",39,2014-05-05,2026-07-08
"Global Payments Check Services, Inc.",81,2014-05-05,2019-12-13
"Credit Management Services, Inc.",74,2014-05-06,2026-07-18
Financial Accounts Service Team Inc.,166,2014-05-06,2026-08-25
KeyBridge Medical Revenue Management,173,2014-05-06,2026-09-04
"Tennessee Quick Cash, Inc.",19,2014-05-06,2026-07-24
AUTOMOTIVE CREDIT CORPORATION,411,2014-05-07,2026-09-08
"Big Picture Loans, LLC",1293,2014-05-07,2026-09-15
"Credit Bureau of the South, Inc.",121,2014-05-07,2026-09-14
"Financial Asset Management, Inc.",40,2014-05-08,2026-03-13
"Shechtman Halperin Savage, LLP",6,2014-05-08,2016-11-15
Sunlan Corporation,7,2014-05-08,2020-04-07
"Hodosh, Lyon & Hammer, PC",32,2014-05-09,2026-08-06
"Joseph M. Tobin, PC",17,2014-05-09,2026-06-02
"Systematic National Collection, Inc.",51,2014-05-09,2022-02-17
"HJ Ventures, LLC",2,2014-05-12,2021-04-06
"Works & Lentz, Inc",40,2014-05-12,2024-03-10
"Credit Service of Logan, Inc.",12,2014-05-13,2025-02-07
Express Cash Mart Management,18,2014-05-13,2025-09-16
Federal Financial Services Inc,19,2014-05-13,2021-12-22
"Moss Law Firm, P.C.",96,2014-05-13,2026-08-11
National Check Resolution Inc.,77,2014-05-13,2026-09-03
Creditors Bureau Associates,678,2014-05-14,2026-09-22
"Equinox Financial Management Solutions, Inc.",10,2014-05-14,2016-09-29
North Capital Recovery Services,7,2014-05-14,2025-11-26
Credit Adjustments Inc,129,2014-05-15,2021-10-29
Pacific Credit Exchange Corporation,158,2014-05-15,2026-09-10
United Group Inc.,79,2014-05-15,2026-05-18
"Caneel Capital, LLC",113,2014-05-16,2026-08-16
"LendKey Technologies, Inc.",167,2014-05-16,2026-09-18
"FC LENDING, LTD.",7,2014-05-18,2023-08-15
"Ikon Financial Group, LLC",3,2014-05-19,2017-03-07
Innovative Debt Solutions,4,2014-05-20,2015-04-08
Law Offices of Gary H. Kreppel P.C.,5,2014-05-20,2017-03-25
Ashwood Financial Inc,28,2014-05-21,2025-09-26
"Coastal Capital Processing, LLC",12,2014-05-22,2026-03-09
"Action Financial Services, LLC",84,2014-05-23,2021-08-19
Insight Capital LLC (NV),21,2014-05-23,2018-04-20
Grimley Financial Corporation,16,2014-05-26,2026-07-14
B & B FINANCIAL SERVICES INC,9,2014-05-27,2018-09-22
Bankers Auto Acceptance,35,2014-05-27,2026-09-13
"Pan Am Collections, Inc.",22,2014-05-27,2019-10-19
"Automotive Services Finance, Inc.",18,2014-05-28,2026-06-07
Creditor Advocates Inc,24,2014-05-28,2026-06-18
"Acquired Assets, Ltd.",32,2014-05-29,2026-08-23
"Lansing Professional Business Bureau,Inc",6,2014-05-29,2023-03-28
"Transfinancial Companies, Inc",422,2014-05-29,2026-09-07
"Capital Collections, LLC",9,2014-05-30,2026-02-07
"Castle Credit Co Holdings, LLC, Chicago, IL Branch",153,2014-06-02,2026-09-13
"PMR Progressive, LLC",11,2014-06-02,2021-08-25
"Credit Bureau of Marianna, Inc",2,2014-06-03,2018-01-31
"PROSPERITY BANCSHARES, INC.",316,2014-06-03,2026-09-12
"Glenn Associates, Inc.",6,2014-06-04,2020-06-05
"Oliver Adjustment Company of Kenosha & Racine, Inc",11,2014-06-04,2021-11-18
"R.A.Rogers, Inc.",292,2014-06-04,2026-09-17
Dream Center Education Holdings,107,2014-06-05,2022-03-18
Gotham Collection Services Corp.,25,2014-06-05,2026-06-08
"American Collection Systems, Inc.",30,2014-06-06,2026-08-01
Isla Repossesions & Collection Inc,2,2014-06-06,2017-07-03
Toyota Credit De Puerto Rico Corp.,30,2014-06-06,2026-09-14
Cadillac Accounts Receivable Management,36,2014-06-09,2022-03-18
"Jacobs, Marsh LLC",18,2014-06-09,2018-01-31
"National Account Services, Inc.",12,2014-06-09,2021-07-02
Edward F Bukaty III,16,2014-06-10,2026-09-05
Investigation & Recovery Assoc. LLC,5,2014-06-10,2020-10-20
"Lamont, Hanley & Associates, Inc.",92,2014-06-10,2026-09-06
"Legal Prevention Services, LLC.",30,2014-06-10,2017-07-14
Capital Servicing Group,2,2014-06-11,2014-06-27
"Federal Pacific Credit Company, LLC",45,2014-06-11,2022-03-17
"First Step Group, LLC",35,2014-06-11,2024-03-02
"Genesis Financial & Payment Systems Holdings, LLC",23,2014-06-11,2024-04-02
J. Mark Heldenbrand PC,8,2014-06-11,2019-11-23
"Pinnacle Asset Management, LLC",90,2014-06-11,2021-09-13
"Resurgence Legal Group, PC",75,2014-06-11,2026-07-17
Watertown Credit Bureau Inc,3,2014-06-11,2016-08-11
"ZOA, LLC",13,2014-06-11,2024-08-15
"ALG Real Estate Services, Inc",1,2014-06-12,2014-06-12
Data Line Credit Corp,16,2014-06-12,2017-01-09
"Paris and Paris, LLP",4,2014-06-12,2018-02-02
"Stephen Einstein & Associates, P.C.",55,2014-06-12,2024-06-14
"Burns & Carlisle, Inc.",1,2014-06-13,2014-06-13
"Arcadia Holdings, LLC",222,2014-06-16,2026-09-07
"Constantino Law Office, P.C.",10,2014-06-16,2026-07-13
Diversified Acceptance Corporation,106,2014-06-16,2026-06-06
"Finance System of Richmond, Inc.",163,2014-06-16,2026-08-28
TRUSTMARK CORPORATION,433,2014-06-16,2026-09-11
"Nexcheck, LLC",5,2014-06-17,2015-09-18
"Thomas, King & Associates",26,2014-06-17,2022-09-05
United Recovery Worldwide LLC,16,2014-06-17,2026-07-07
"Darnel Quick Recovery, Inc.",30,2014-06-18,2026-04-30
"Goodman Frost, PLLC",28,2014-06-18,2025-10-22
"Midwest Credit & Collection, Inc.",91,2014-06-18,2026-08-25
"4M Collections, LLC",94,2014-06-19,2026-09-14
"Collection Bureau of Fort Walton Beach, Inc",313,2014-06-19,2026-09-11
Collection Center Inc,25,2014-06-19,2022-04-29
Hileman & Associates PC,1,2014-06-19,2014-06-19
Legal Recovery Specialists LLC,1,2014-06-19,2014-06-19
"McCalla Raymer Leibert Pierce, LLC",196,2014-06-19,2026-07-10
FC HoldCo LLC,3612,2014-06-20,2026-06-22
"Federal Cash Advance, LLC of Oklahoma",32,2014-06-20,2026-05-08
"Gragil Associates, Inc.",50,2014-06-20,2022-08-05
"Advantage Collection Professionals, Inc.",63,2014-06-23,2026-07-25
"Fair Resolutions, Inc.",4,2014-06-23,2024-07-25
Rocky Mountain Recovery Group,26,2014-06-23,2022-03-09
"Columbia Collection Service, Inc.",83,2014-06-24,2026-07-16
Diverse Funding Associates LLC,933,2014-06-26,2026-09-20
"Civic Financial Services, Inc.",9,2014-06-27,2019-02-06
"Levy Diamond Bello & Associates, LLC",4,2014-06-27,2019-12-21
"TriVerity, Inc.",178,2014-06-28,2026-09-17
"Real Property Business Services, Inc.",2,2014-06-29,2022-03-05
"Rickart Collection Systems, Inc.",67,2014-06-29,2026-06-26
CENTURY MORTGAGE COMPANY,7,2014-07-01,2021-03-28
Cohen Kaplan Tulowitz LLC,9,2014-07-01,2014-10-22
"Credit Collection Partners, Inc.",31,2014-07-01,2026-09-21
Diverse Financial Enterprises,10,2014-07-01,2022-02-07
"Maryland Mutual Mortgage, LLC",2,2014-07-01,2015-04-13
Amity Associates LLC,5,2014-07-02,2016-09-15
"Credit Bureau of Jamestown, Inc.",40,2014-07-02,2025-12-09
Woods Oviatt Gilman LLP,6,2014-07-02,2019-07-11
"COLLECTIONS USA, INC.",202,2014-07-05,2026-08-20
"Crystal Motorsports, LLC",8,2014-07-05,2026-01-20
"Crown Holdings, LLC",29,2014-07-07,2025-09-05
"GAMACHE & MYERS, PC",41,2014-07-07,2024-08-09
"Taylor Arbitration,LLC",4,2014-07-07,2014-10-15
ATLANTIC PACIFIC MORTGAGE CORP,29,2014-07-08,2026-05-20
"Central Atlantic Legal Group, PLLC, t/a Booth, Strange & Daniel",4,2014-07-08,2022-04-27
"Epn, Inc.",14,2014-07-08,2025-12-03
Finance Store Inc.,5,2014-07-08,2024-08-19
"First Service Residential, Nevada, LLC",40,2014-07-08,2026-09-10
Revenue Assurance Professionals LLC,86,2014-07-08,2019-09-11
"Troy Capital, LLC",54,2014-07-08,2026-07-24
"Opportunity Financial, LLC",2130,2014-07-09,2026-09-24
Wisconsin Housing and Economic Development Authority,5,2014-07-09,2025-04-13
Consumer Collection Advocates,2,2014-07-10,2022-03-09
Debt Recovery Specialists,5,2014-07-10,2016-08-02
"Harmon Law Offices, P.C.",36,2014-07-10,2024-05-08
Helm Associates,36,2014-07-10,2026-03-31
"JOHNSON MORTGAGE COMPANY, LLC",1,2014-07-10,2014-07-10
"Phillips, Reinhard & Associates",23,2014-07-10,2015-10-13
"RD Fuller Company, LLC",12,2014-07-10,2026-05-18
Vargo & Janson PC,12,2014-07-10,2025-05-15
Instant Cash Advance Corp.,5,2014-07-14,2022-09-30
"RCO Hawaii, LLLC",7,2014-07-14,2015-01-28
"Dana & Pariser Co.,L.P.A.",12,2014-07-15,2025-09-10
MORTGAGE CLEARING CORPORATION,25,2014-07-15,2025-01-23
"Quad Corporation, Inc.",16,2014-07-15,2026-02-24
Sher & Shabsin PC,16,2014-07-15,2026-08-28
Innovative Strategic Solutions,11,2014-07-16,2026-08-13
Marel Consultants Inc,2,2014-07-16,2016-07-28
Prim and Mendheim,8,2014-07-16,2026-04-30
Westgate Arbitration INC (Closed),11,2014-07-16,2015-06-03
"Zeus Mortgage, Ltd.",11,2014-07-16,2025-03-14
DCN Holdings Inc.,81,2014-07-18,2026-05-05
"J.S Resolution Group, Inc.",52,2014-07-18,2022-04-21
"RSB Equity Group, LLC",13,2014-07-18,2016-02-10
"Swartz & Brough, Inc",1,2014-07-18,2014-07-18
COLLECTION BUREAU INCORPORATED,73,2014-07-19,2024-09-27
"AmerAssist A/R Solutions, Inc.",575,2014-07-21,2025-10-22
"Equity National Title and Closing Services, Inc.",3,2014-07-21,2023-06-03
"Law Offices of Timothy E. Baxter & Associates, P.C.",26,2014-07-21,2024-12-16
Bryant Bryant & Associates LLC,19,2014-07-22,2018-09-20
"SEMPER HOME LOANS, INC",9,2014-07-22,2025-02-18
Underwood James and Associates LLC,5,2014-07-22,2021-06-02
Peerless Credit Services Inc,25,2014-07-23,2026-03-03
"The McHughes Law Firm, LLC",17,2014-07-23,2026-08-04
"Thompson O'Brien Kemp & Nasuti, P.C.",3,2014-07-23,2018-07-04
"Innovative Collections, LLC",30,2014-07-24,2026-06-16
"The Borland Law Firm, LLC (Closed)",4,2014-07-24,2015-10-09
"The Law Offices of Kenosian & Miele, LLP",59,2014-07-24,2026-03-11
"ALEXANDER-ROSE ASSOC, INC.",116,2014-07-25,2026-09-04
"Eagle Recovery Associates, Inc.",48,2014-07-25,2025-09-25
Law Office of Linda Strumpf,31,2014-07-25,2026-04-17
"Slovin & Council Co., L.P.A.",63,2014-07-25,2026-07-22
"CarFinance Capital LLC, Irvine, CA Branch",87,2014-07-28,2020-10-20
"Evergreen Recovery Solutions, LLC",18,2014-07-28,2021-09-26
Receivables Management Corporation of America,37,2014-07-28,2024-12-12
"S & S Recovery, Inc.",174,2014-07-28,2026-09-23
"Summit A*R, Inc.",620,2014-07-28,2026-09-11
Ascension Recovery Management,31,2014-07-29,2026-06-12
Prince Parker & Associates,629,2014-07-29,2026-09-02
Value Auto Mart Inc.,2,2014-07-29,2016-05-18
"3rd Generation, Inc.",66,2014-07-30,2025-10-28
"Central Kentucky Management Services, Inc",9,2014-07-30,2025-12-09
NTFN INC.,13,2014-07-30,2026-09-02
Nationwide Credit Corporation,244,2014-07-30,2026-08-21
Noyes Law Firm P.C.,4,2014-07-30,2021-02-19
SECURITY CREDIT SYSTEMS INC,238,2014-07-30,2026-07-20
"Camelot Financial Services, Inc.",30,2014-07-31,2026-08-19
"Road Runner Collection Services, Inc.",9,2014-07-31,2017-02-22
"TRUHOME SOLUTIONS, LLC",78,2014-07-31,2026-09-03
Filings and Claims Inc.,22,2014-08-01,2016-12-08
"Professional Adjustment Bureau of Mid-America, Inc.",13,2014-08-01,2026-06-30
"Wallace Management Company, LLC",100,2014-08-02,2026-08-06
"Vanderpool, Frostick & Nishanian, P.C.",1,2014-08-03,2014-08-03
"Full Circle Financial Services, LLC",31,2014-08-04,2026-05-29
"Hawthorn Recovery Services, Inc.",12,2014-08-04,2025-04-04
"FIRST CASH FINANCIAL SERVICES, INC.",12,2014-08-05,2020-06-12
"HOUSTONIAN MORTGAGE GROUP, INC.",3,2014-08-05,2023-04-11
"John C. Heath, Attorney at Law, PLLC",2088,2014-08-05,2025-10-10
"PlusFour, Inc",494,2014-08-05,2025-10-21
"A+ Financial Services, Inc.",10,2014-08-06,2024-02-21
Absolute Resolutions Corp.,2549,2014-08-06,2026-09-21
D. SCOTT CARRUTHERS,168,2014-08-06,2023-02-28
Integrated Recovery Services,208,2014-08-06,2022-06-10
2288984 Ontario Inc.,513,2014-08-07,2026-09-08
"Coastal Financial Solutions, LLC",42,2014-08-07,2020-03-17
"Columbia Credits, Inc",4,2014-08-07,2018-10-05
PREFERRED CREDIT INC,418,2014-08-07,2026-09-17
"Endeavor Capital, LLC",7,2014-08-08,2026-08-31
"Esser, James & Associates",33,2014-08-08,2017-01-04
"Innovative Debt Recovery, Inc.",4,2014-08-08,2018-06-28
"PROFICIO FINANCIAL SERVICES, LLC",28,2014-08-09,2026-08-04
Collections Inc,21,2014-08-10,2025-02-07
"Credit Information Bureau, Inc.",8,2014-08-12,2019-11-21
"BRAUFMANN, LEIGHMANN & ASSOCIATES",7,2014-08-14,2020-06-04
"Capital Markets Cooporative, LLC",108,2014-08-14,2024-08-17
"Nelson, Cooper & Ortiz, LLC",6,2014-08-14,2025-08-19
United Collection Service Inc (Closed),6,2014-08-14,2017-02-08
"American Credit Bureau, Inc.",91,2014-08-15,2026-08-21
"Coinbase, Inc.",9706,2014-08-15,2026-09-16
"Credit Service, Inc",34,2014-08-15,2025-11-28
"Nationwide Debt Management Solutions, LLC",95,2014-08-15,2021-06-17
"PREMIER HOME MORTGAGE, INC.",4,2014-08-15,2020-08-30
Rno Partners Limited,5,2014-08-15,2026-07-03
"Breit Law Office, P.C.",3,2014-08-16,2019-03-26
"ClosingMark Financial Services, LLC",11,2014-08-18,2023-05-05
Law Offices of Sarah A Ponath LLC,1,2014-08-18,2014-08-18
Payment Resolution Services,29,2014-08-19,2026-03-19
"Simpson Law Firm, P.A.",20,2014-08-19,2025-10-08
"Walter Lee & Associates, LLC",28,2014-08-19,2018-10-01
"George Gusses Co., L.P.A.",6,2014-08-20,2020-08-06
P&L Acquisitions LLC,25,2014-08-20,2017-09-14
"Porsche Financial Services, Inc.",272,2014-08-20,2026-09-20
"Urban Settlement Services, LLC",2,2014-08-20,2015-07-07
"Credit Regulating Services, Inc.",4,2014-08-21,2016-09-21
"Express Collections, Inc.",174,2014-08-21,2026-09-01
LendUp Loans LLC,198,2014-08-21,2022-05-03
"MFG Financial, Inc.",6,2014-08-21,2025-05-23
Green Square Company LLC.,244,2014-08-22,2026-08-16
"Marlette Funding, LLC",1227,2014-08-22,2026-09-13
"Southern Financial Systems, Inc.",75,2014-08-22,2026-09-03
Creditors Service Bureau Inc,13,2014-08-23,2020-01-17
Lockhart Mediation Services,15,2014-08-24,2026-05-02
Global One Arbitration Inc.,9,2014-08-25,2023-07-05
"APPLE RECOVERY, LLC",27,2014-08-26,2020-11-17
Great American Finance Co,273,2014-08-26,2026-09-06
Louisiana Recovery Services Inc.,264,2014-08-26,2026-09-14
Midway Resolution Services LLC,22,2014-08-26,2021-06-22
"Municipal Collections Services, Inc.",55,2014-08-26,2025-08-22
"Kross, Lieberman & Stone, Inc.",61,2014-08-27,2018-07-23
"Taylor Law, PLLC",9,2014-08-27,2020-07-07
WALL STREET MORTGAGE BANKERS,12,2014-08-27,2026-06-15
Courtney & Camp,7,2014-08-28,2025-08-06
D2 Management LLC,224,2014-08-28,2026-09-23
"Town Square Mortgage & Investments, LLC",7,2014-08-28,2023-05-03
OpenRoad Lending,124,2014-08-29,2026-06-23
"Williamson and Brown, LLC",4,2014-08-31,2025-11-30
"American Credit Resolution, Incorporated",38,2014-09-02,2019-02-22
"Capital Recovery Systems, Inc.",31,2014-09-02,2026-03-26
Phoenix Financial Services LLC,2913,2014-09-02,2025-03-10
"Pro Com Services of Illinois, Inc.",52,2014-09-02,2025-08-04
"Scheer, Green & Burke L.P.A.",97,2014-09-02,2026-07-24
Avant Credit Corporation,632,2014-09-03,2021-02-16
Keystone Credit Collections Inc.,15,2014-09-03,2019-09-07
Patrick K Willis Company Inc,42,2014-09-03,2026-08-19
Earm LLC,59,2014-09-04,2025-12-23
"Fenton & McGarvey Law Firm, P.S.C.",65,2014-09-04,2018-12-03
GABA LAW CORPORATION,14,2014-09-04,2025-08-22
Midwestern Health Management INC,63,2014-09-04,2023-12-12
"National Principal Group, LLC",146,2014-09-04,2020-12-30
"Susan J. Szwed, P.A.",4,2014-09-04,2014-12-19
Public Auto Sales Inc.,2,2014-09-06,2014-11-03
"Regional Acquisition Group, Inc.",45,2014-09-06,2026-05-18
"American Debt Services, LLC",4,2014-09-08,2014-12-03
"Aqua Finance, Inc.",1016,2014-09-08,2026-09-16
"GEORGETOWN MORTGAGE, INC.",7,2014-09-08,2026-06-01
Rapid Auto Loans LLC,19,2014-09-08,2021-12-27
"SOUTH EXCHANGE, INC",2,2014-09-08,2020-01-22
"Americas Car-Mart, Inc.",632,2014-09-09,2026-09-16
"Global Asset Management Group, Inc.",75,2014-09-09,2026-05-12
"Collection Management Services, Inc.",67,2014-09-10,2026-04-30
"Rocky Mountain Service Bureau, Inc",2,2014-09-10,2015-10-24
"Irongate Home Finance, LLC",1,2014-09-11,2014-09-11
"LDF Holdings, LLC",1010,2014-09-11,2026-09-15
Robinson & Associates,11,2014-09-11,2020-12-16
"Cars Financial, Inc",5,2014-09-12,2024-12-07
Cypress Collections,8,2014-09-12,2023-02-16
"David B. Schumacher, P.C.",2,2014-09-12,2017-10-05
"LK Manley, Inc",11,2014-09-12,2021-01-11
"Latham, Wagner, Steele & Lehman, P.C.",2,2014-09-12,2016-03-21
National Mediation Services,9,2014-09-12,2016-12-08
Security Capital Funding Corp.,3,2014-09-12,2015-11-17
Accelerated Receivables Solutions,41,2014-09-14,2026-06-01
Vehicle Acceptance Corporation,1,2014-09-14,2014-09-14
"Account Recovery Services, Inc. (Texas)",18,2014-09-15,2021-05-19
ESM Enterprises,4,2014-09-15,2022-08-31
Greyhill Financial,4,2014-09-16,2015-06-24
"PDQ Services, Inc.",275,2014-09-16,2026-09-04
Unified Retrieval Solutions llc,3,2014-09-16,2018-10-31
"Brookshaw Management, LLC",21,2014-09-17,2016-02-24
"Kriya Capital, LLC",18973,2014-09-17,2026-09-28
"RMCN Credit Services, Inc.",2,2014-09-17,2014-10-25
"Schiller & Adam, P.A.",1,2014-09-17,2014-09-17
Blackhawk Network Holdings Inc.,1381,2014-09-18,2026-09-22
"Total Recovery Services, Inc",15,2014-09-18,2026-06-04
ROCKY POINT CAPITAL LLC,6,2014-09-19,2015-10-13
"Sarasota CCM, Inc.",3,2014-09-19,2016-01-12
"Advanced Call Center Technologies, LLC",30,2014-09-23,2025-06-18
First Advantage LNS Inc.,632,2014-09-23,2025-01-15
"Livingston Financial, LLC",11,2014-09-23,2025-04-02
Millennium Credit Consultants Inc.,7,2014-09-23,2021-03-22
WLCC,799,2014-09-23,2026-09-15
ARC Services,12,2014-09-24,2018-01-24
"Alisa Katz Campbell, P.C.",5,2014-09-24,2025-08-06
"Anderson and Associates Credit Services, LLC",9,2014-09-24,2024-12-28
"CN Collections, Inc.",4,2014-09-24,2018-03-28
JOSEPH R. HARRISON CO. LPA,3,2014-09-24,2025-05-10
"Lefkoff, Rubin, Gleason & Russo, P.C.",12,2014-09-24,2022-04-02
Maitland Capital Funding,3,2014-09-24,2014-11-13
"LCJ Consultants, LLC.",4,2014-09-25,2016-07-15
"Professional Claims Bureau, Inc.",89,2014-09-25,2023-11-03
TRANSWORLD SYSTEMS INC,21810,2014-09-25,2026-09-25
Thompson Steinberg,1,2014-09-25,2014-09-25
Accounts Recovery Agency Inc.,6,2014-09-26,2026-03-05
"Becker and Klein, LLC",9,2014-09-26,2015-08-22
"Central Professional Services, Inc.",10,2014-09-26,2026-09-26
First Capital Recovery Inc.,9,2014-09-27,2021-11-19
GLOBAL SOLUTION BIZ LLC.,142,2014-09-28,2026-08-14
"Dickinson Financial, LLC",3,2014-09-30,2018-05-30
Leon Financial Services,3,2014-10-01,2026-04-04
TFC Credit Corporation,4,2014-10-01,2018-02-16
J. Scott Watson,7,2014-10-02,2025-08-26
"Montage Mortgage, LLC",5,2014-10-03,2026-04-03
"National Medical Administrators, Inc",63,2014-10-03,2025-02-25
Navigant Cymetrix Healthcare,2,2014-10-03,2020-11-30
COOLEY ENTERPRISES INC,141,2014-10-04,2026-08-17
DEEP SOUTH FINANCIAL SERVICES INC.,8,2014-10-06,2024-12-27
"Millsap & Singer, LLC",16,2014-10-06,2025-08-09
AIH Receivables Management Inc.,20,2014-10-07,2026-01-30
"Stuart-Lippman and Associates, Inc",165,2014-10-07,2026-08-15
"VERITAS FUNDING, LLC",22,2014-10-07,2026-05-26
L.B.Gray LLC A Debt Collection Agency,61,2014-10-08,2026-09-19
NPS GROUP,24,2014-10-08,2021-09-08
Revenue Cycle Management,7,2014-10-08,2025-09-24
"Union Adjustment Company, Inc.",37,2014-10-08,2023-12-18
"Collection Services, Inc.",27,2014-10-09,2024-09-02
General Acceptance LLC,1,2014-10-09,2014-10-09
"Goldman, Imani & Goldberg, Inc",2,2014-10-09,2025-02-04
"PRO Consulting Services, Inc.",3,2014-10-09,2021-03-23
"Durango Credit and Collection Company, Inc.",6,2014-10-10,2025-07-11
"FORTUNE FINANCIAL, INC.",1,2014-10-10,2014-10-10
INTERFIRST LENDING CORPORATION,1,2014-10-10,2014-10-10
"PinReid, LLC",2,2014-10-10,2014-11-12
"Security Auto Loans, Inc.",10,2014-10-10,2022-02-06
Account Liquidation Services Inc.,20,2014-10-13,2023-03-26
"City First Mortgage Services, LLC.",12,2014-10-13,2026-07-03
Contemporary Recovery Solutions Inc.,6,2014-10-14,2025-04-28
FRANKLIN LOAN CORPORATION,9,2014-10-14,2022-03-11
"VeriCore, LLC",22,2014-10-14,2026-06-04
"Association Capital Resources, LLC",27,2014-10-15,2026-08-27
"Law Offices of Robert A. Schuerger Co., LPA",77,2014-10-15,2026-09-09
Priority Financial Services,3,2014-10-15,2017-04-03
Sound Collection Services,45,2014-10-15,2026-06-23
Vermont Student Assistance Corporation,52,2014-10-16,2025-04-08
"Lake Area Collections, LLC",24,2014-10-17,2026-06-30
"Weinstein & Riley, P.S.",23,2014-10-18,2026-02-27
Awar Holding Inc.,21,2014-10-19,2026-03-20
Unifirst Mortgage Corporation,5,2014-10-19,2019-10-17
AmeriCash Holding LLC,217,2014-10-20,2026-08-07
LPSG,18,2014-10-20,2026-02-28
"Northwest Trustee Services, Inc.",34,2014-10-20,2018-12-19
Reliant Financial Corporation,74,2014-10-20,2026-06-04
"Claims Recovery Systems, Inc.",4,2014-10-21,2026-06-16
Financial Data Systems,357,2014-10-21,2023-11-05
"Michael & Associates, PC",28,2014-10-21,2025-07-16
Professional Receivable Solutions,6,2014-10-21,2026-04-08
Trust Financial LLC,51,2014-10-21,2026-07-07
"CREDIT BUREAU OF LEWISTON-CLARKSTON, INC",17,2014-10-22,2026-08-13
"Hiday & Ricke, P.A.",61,2014-10-22,2026-03-03
"Merrick, Costello & Walsh, LLC.",7,2014-10-22,2026-04-23
"Del Toro Loan Servicing, Inc",10,2014-10-23,2025-08-11
Unified Global Group,32,2014-10-23,2021-05-31
Preston Clark & Quinn,5,2014-10-24,2023-03-07
Richland Bureau of Credits Medical Service Bureau Inc.,61,2014-10-24,2025-07-11
Rose Agency Inc.,5,2014-10-26,2017-03-22
"Stephen L. Bruce, P.C.",35,2014-10-26,2026-04-15
"Brightfunders, LLC",148,2014-10-27,2026-09-02
"GFS II, LLC",329,2014-10-27,2026-09-03
Robinson & Hoover,46,2014-10-27,2026-07-24
"World Wide Pay Day Advance, Inc",1,2014-10-27,2014-10-27
"Consolidated Recovery Group, LLC",118,2014-10-28,2026-06-30
"Gordon, Aylworth & Tami, P.C.",88,2014-10-28,2026-08-13
Midwest Recovery Systems,1933,2014-10-28,2022-03-28
2233 Paradise Road LLC,32,2014-10-29,2026-07-26
"First Direct Lending, LLC",33,2014-10-29,2020-11-19
"Harvest Credit Management VII, LLC",13,2014-10-29,2025-12-17
"Retailers' Credit Association of Grass Valley, Inc.",2,2014-10-29,2021-06-02
"The Leviton Law Firm, Ltd.",97,2014-10-29,2026-09-09
ALTERNATIVE DISPUTE RESOLUTIONS,1,2014-10-30,2014-10-30
AR Solutions Inc,25,2014-10-30,2026-09-06
"AutoMoney, Inc.",48,2014-10-30,2026-09-13
"BlueYield, Inc.",4,2014-10-30,2015-09-09
Collection Bureau of Walla Walla,54,2014-10-30,2026-07-08
"Educational Loan Servicing, LLC",6,2014-10-30,2017-01-24
"Elite Financial Services, Inc.",46,2014-10-30,2025-10-03
First Reliance Holdings LLC,12,2014-10-30,2026-03-23
M&S Recovery Solutions,27,2014-10-30,2026-04-13
Turner Acceptance Corp.,74,2014-10-31,2026-08-31
D.B.F. COLLECTION CORP.,23,2014-11-02,2026-05-28
"Alternative Revenue Systems, Inc",4,2014-11-03,2016-03-11
"Bison Recovery Group, Inc.",24,2014-11-03,2022-01-21
"Dynamic Strategies, Inc",5,2014-11-03,2026-07-10
"Komyatte & Casbon, P.C.",50,2014-11-03,2026-01-16
"Recheck, Inc",8,2014-11-04,2025-10-06
"Relin, Goldstein & Crane, LLP",34,2014-11-04,2026-08-10
"Bernhardt and Strawser, P.A.",24,2014-11-05,2026-07-06
"EMG ACQUISITION GROUP, LLC",43,2014-11-05,2026-08-21
"Mathes Management Enterprises, Inc.",7,2014-11-05,2020-12-22
"Money Now- Hattiesburg, Inc.",4,2014-11-05,2016-12-06
"AmeriHome Mortgage Company, LLC",2103,2014-11-06,2026-09-13
Cordoba & Associates,2,2014-11-06,2019-05-09
"Michigan Legal Specialists, P.C.",3,2014-11-06,2024-11-14
Transcontinental Credit & Collection Corp,53,2014-11-06,2022-05-30
Bonded Collections of Rice Lake Inc,4,2014-11-07,2017-05-31
Genpact Limited,22,2014-11-07,2025-01-23
Ivy Street Development Corp.,22,2014-11-07,2025-07-05
ISIS SECURITY INFORMATION SYSTEMS INC.,22,2014-11-08,2021-02-04
U.S. Auto Sales Inc.,212,2014-11-09,2023-06-25
"BWW Law Group, LLC",118,2014-11-10,2025-08-30
"Bepensa Capital, Inc.",295,2014-11-10,2026-08-12
"Rescue 1 Financial, LLC",4,2014-11-10,2024-08-04
Accurate Background,291,2014-11-11,2026-08-29
Aspen Yo LLC,471,2014-11-11,2026-05-28
"W. M. BEVCO, INC.",1,2014-11-11,2014-11-11
Wexford & James LLC,6,2014-11-11,2020-05-08
"H. Kent Hollins, Attorney at Law, P.A",43,2014-11-12,2020-12-26
"O&L LAW GROUP, P.L.",56,2014-11-12,2026-08-15
"CAPITAL RESOURCE MANAGEMENT, INC.",35,2014-11-13,2026-08-04
L. Blake Morris,3,2014-11-13,2017-07-05
"National Settlement Services, Inc",4,2014-11-13,2024-08-06
"SW Linear Investment Group, LLC",15,2014-11-13,2026-03-27
ALLOCATED BUSINESS MANAGEMENT LLC,4,2014-11-14,2025-04-27
"Absolute Recovery Services, LLC",263,2014-11-14,2026-09-12
CMK Investments Inc,17,2014-11-14,2024-04-10
MEMA CORP,3,2014-11-14,2019-04-02
Smith & Smith Investors LTD,24,2014-11-14,2026-08-26
"TLP Mortgage Advisors, LLC",3,2014-11-14,2019-09-27
UNIVERSAL ACCEPTANCE CORPORATION (NE),378,2014-11-14,2026-08-31
Portage Financial Services Company Inc.,8,2014-11-15,2026-06-17
"APPLE FINANCIAL HOLDINGS, INC.",209,2014-11-17,2026-09-11
JAYANDBEE INC /dba/ HOOSIER ACCOUNTS SERVICE,9,2014-11-17,2025-03-02
"Landlord Rent Collections, LLC (Closed)",5,2014-11-17,2015-05-20
"Life Line Billing Systems, LLC",13,2014-11-17,2026-04-02
"William A. Hecht, P.C.",2,2014-11-17,2024-02-17
"All Kind Check Cashing, Inc.",2,2014-11-18,2016-04-06
BARRONS MORTGAGE GROUP LTD,4,2014-11-18,2016-04-08
PRODIGY MORTGAGE CORP,2,2014-11-18,2017-11-03
"Riverview Law Office, PLLC",31,2014-11-18,2026-09-25
United Recovery Solutions,38,2014-11-18,2020-01-31
"Delta Management Group, Inc.",12,2014-11-19,2026-03-26
ICUL Service Corporation,14,2014-11-19,2025-12-15
"Midwest Bankers Mortgage Services, Inc",1,2014-11-19,2014-11-19
"Precise Financial Group, LLC",14,2014-11-19,2019-03-06
"TRIDENT MORTGAGE COMPANY, LP",16,2014-11-19,2022-04-25
"Bliksum, LLC",701,2014-11-20,2026-08-03
"Bowen & Associates Recovery, Inc",13,2014-11-20,2020-01-21
South West Recovery Inc (CA),7,2014-11-20,2026-07-21
"Advanced Collection Bureau, Inc.",415,2014-11-21,2026-09-22
"CJA Auto Sales, Inc.",23,2014-11-21,2026-08-30
Debt Restoration Services,4,2014-11-21,2022-01-26
"MDE Home Loans, LLC",7,2014-11-21,2023-05-17
"Avid Acceptance, LLC",201,2014-11-22,2026-09-14
"Operating Partners Co., LLC",9,2014-11-22,2025-12-25
Zeidman’s Jewelry & Loan of Michigan,3,2014-11-22,2025-05-16
Crossman Portfolio Management,1,2014-11-24,2014-11-24
"Ernst, Ernst & Artmann, Inc.",16,2014-11-24,2024-04-03
"FactorTrust, Inc.",1915,2014-11-24,2025-04-05
QUALITY ACCEPTANCE LLC,195,2014-11-24,2026-09-04
"Voss & Klein, LLC",106,2014-11-25,2026-09-24
"Business Law Group, P.A.",9,2014-11-26,2020-04-22
CBV Collection Services Ltd.,15,2014-11-26,2022-01-31
"GUARDIAN CAPITAL MANAGEMENT HAWAII, LLC",53,2014-11-26,2026-09-07
Southern Auto Finance Co,458,2014-11-26,2026-09-13
"GreenPath, Inc.",28,2014-11-27,2026-07-13
Horizon Financial Management,14,2014-11-27,2018-02-01
"Jason A Craig, PC",19,2014-11-27,2018-10-03
"Law Offices of Erik Graeff, PC",1,2014-11-28,2014-11-28
"Locate Source America, LLC",5,2014-11-28,2021-11-19
Niagara Portfolio Solutions LLC,34,2014-11-28,2015-03-27
Ideal Direct Solutions,2,2014-11-29,2014-12-01
"Jeffrey G. Lerman, P.C.",12,2014-11-29,2024-07-28
"AMERIPRO FUNDING, INC.",4,2014-11-30,2021-03-25
"Bryant, Hodge & Associates LLC",27,2014-12-01,2020-12-09
HOMESTEAD FUNDING CORPORATION,22,2014-12-01,2026-05-12
"Jason Michael Katz, P.C.",7,2014-12-01,2026-07-31
Credit Bureau Central Inc (MS),17,2014-12-02,2026-04-15
USA DISCOUNTERS LTD,44,2014-12-02,2017-06-08
CONDOR CAPITAL CORP,54,2014-12-03,2021-08-02
"Coastline Financial Resources, LLC",49,2014-12-03,2020-01-15
MORTGAGE CORPORATION OF THE SOUTH,3,2014-12-03,2019-08-12
Niagara Credit Recovery,4,2014-12-03,2026-05-07
"SINGLETARY & THRASH-JACKSON, P.A.",5,2014-12-03,2019-09-18
U.S. Auto Credit Corporation,240,2014-12-04,2026-09-13
VANGUARD FUNDING LLC,42,2014-12-04,2020-12-08
AMERICAN PORTIFOLIO MORTGAGE,22,2014-12-05,2026-08-05
"Drew Eckl & Farnham, LLP",20,2014-12-05,2021-05-11
"FirstLine Financial, Inc.",4,2014-12-05,2020-07-02
Helvetica Servicing Inc.,2,2014-12-05,2015-05-12
"HONOR FINANCE, LLC",64,2014-12-06,2018-09-03
"Featured Mediation, LLC",17,2014-12-08,2024-07-17
Kentucky Housing Corporation,65,2014-12-08,2026-09-14
"Resolve Partners, LLC",58,2014-12-08,2026-01-12
"Liberty Credit Services, Inc.",12,2014-12-09,2026-03-27
Northern Credit Bureau,1,2014-12-09,2014-12-09
"PATRICK A. CAREY, P.A.",15,2014-12-09,2026-04-28
Sir Finance Corp,11,2014-12-09,2026-06-23
"Niagara Capital Associates, Inc.",9,2014-12-10,2022-03-16
American Mortgage Investment Partners Fund I Trust,8,2014-12-11,2021-07-19
"C & M Associates Group, Inc.",40,2014-12-11,2025-06-06
"Circleback Lending, Inc.(Closed)",13,2014-12-11,2017-02-22
"Flangas Law Firm, LTD",1,2014-12-11,2014-12-11
"Credit Collections U.S.A., L.L.C.",290,2014-12-12,2026-09-13
MIDCOUNTRY FINANCIAL CORP,177,2014-12-12,2023-12-29
"RAB PERFORMANCE RECOVERIES, LLC",27,2014-12-12,2026-02-17
SCV Inc.,18,2014-12-12,2026-04-24
AARON DELGADO AND ASSOCIATES INC,2,2014-12-15,2015-08-10
"Credit Service of Central Washington, Inc.",12,2014-12-16,2025-01-15
IPAC'S Inc.,558,2014-12-16,2026-09-11
National Recovery Services LLC,9,2014-12-16,2021-04-09
OPORTUN FINANCIAL CORPORATION,2190,2014-12-16,2026-09-17
"The Nguyen Law Firm, PLC",30,2014-12-16,2026-09-24
"CENDERA FUNDING, INC.",9,2014-12-17,2019-10-28
Summit Financial Corp.,76,2014-12-17,2021-04-16
"Trademark Management Solutions, LLC.",24,2014-12-17,2017-04-12
"AUTOMATED RECOVERY SYSTEMS, INC",2,2014-12-18,2016-05-25
"Pluese, Becker & Saltzman, LLC",10,2014-12-18,2026-05-20
"RHF Commercial Capital, LLC",1,2014-12-18,2014-12-18
SMS Check Recovery LLC,7,2014-12-18,2018-03-28
Dunlap Gardiner LLP,37,2014-12-19,2025-10-31
"Greeneville Collection Service, Inc.",2,2014-12-19,2015-09-16
"Johnson, Blumberg & Associates, LLC",7,2014-12-19,2026-03-06
"FIRST PRIORITY MORTGAGE, INC.",8,2014-12-22,2026-04-13
"Grace Period, Inc.",2,2014-12-22,2022-04-04
" Lippman Recupero, LLC",24,2014-12-22,2026-09-01
"Apple Law Group, Inc.",25,2014-12-23,2026-07-17
Lafayette General Medical Center,9,2014-12-23,2026-03-31
"RICHLAND HOLDINGS, INC.",123,2014-12-23,2026-08-21
Rossman & Co & PCB,34,2014-12-23,2024-07-13
"Sokaogon Finance, Inc.",34,2014-12-23,2026-08-04
"CREDIT BUREAU OF LANCASTER & PALMDALE, A CORPORATION",1,2014-12-24,2014-12-24
"Credit Shop, Incorporated",11,2014-12-24,2021-02-08
TOP FLITE FINANCIAL INC,25,2014-12-24,2026-07-01
Michael Wayne Investment,51,2014-12-26,2026-07-26
"Gold Star Finance, Inc.",70,2014-12-28,2026-08-11
AMERICAN MIDWEST MORTGAGE,1,2014-12-29,2014-12-29
"Atkins & Ogle Law Offices, LC",4,2014-12-29,2019-03-31
"Direct Lending Group, Inc",1,2014-12-29,2014-12-29
"Gary L. Brueggeman, Attorney at Law",1,2014-12-29,2014-12-29
Smith Debnam Narron Drake Saintsing & Myers LLP,124,2014-12-29,2026-07-28
The Cooper Mediation Firm LLC,3,2014-12-29,2017-11-11
Worldwide Recovery LLC,17,2014-12-29,2022-04-29
"Amplify Revenue Solutions, LLC",1,2014-12-30,2014-12-30
Forest Recovery Services LLC,194,2014-12-30,2026-09-23
"PASCO, Inc",30,2014-12-30,2025-12-22
Advantage Financial Service LLC (Idaho),64,2014-12-31,2026-09-26
HOMESTAR FINANCIAL CORPORATION,56,2014-12-31,2024-10-02
"Ideal Lending Solutions, Inc.",1,2014-12-31,2014-12-31
Professional Collection Company,17,2014-12-31,2021-11-24
"S&S Physician Services, Inc.",180,2014-12-31,2025-10-16
Sure Recovery Service LLC,2,2014-12-31,2016-09-29
PACIFIC WESTERN BANK,51,2015-01-02,2023-09-12
Sands Recovery Group,3,2015-01-02,2026-05-06
MOTORS FINANCIAL ACCEPTANCE CORPORATION,3,2015-01-03,2020-11-11
OLD NATIONAL BANCORP,571,2015-01-03,2026-09-11
Action Collectors Inc.,4,2015-01-05,2026-06-19
"Avalanche Title and Escrow, LLC",4,2015-01-05,2015-04-28
Scott Fetzer Financial Group Inc.,328,2015-01-05,2026-09-24
"FBC MORTGAGE, LLC",78,2015-01-06,2023-01-18
"Presto Auto Loans, Inc.",11,2015-01-06,2019-05-07
The Collection Connection,29,2015-01-06,2022-08-26
Town Financial Corporation,14,2015-01-06,2026-03-27
AUDUBON LIBERTY & ASSOCIATES,3,2015-01-07,2015-04-23
Advantage Credit Bureau Inc.,4,2015-01-07,2025-10-13
CFS ACCEPTANCE,14,2015-01-07,2026-01-14
CLS Mortgage Inc.,2,2015-01-07,2022-10-14
"General Financial, Inc.",12,2015-01-07,2019-04-17
Patrick Scanlon P.A.,8,2015-01-07,2021-12-16
"Riexinger & Associates, LLC",3,2015-01-07,2015-05-12
"The Westmoore Group, LLC",2,2015-01-07,2016-09-29
"Richard B. Maner, P. C.",6,2015-01-08,2021-02-16
"Tritium Card Services, Inc., Naples, FL Branch",2,2015-01-08,2020-12-23
"USA Cash Services Management, Inc.",8,2015-01-08,2026-04-27
"Ignite Revenue, Inc.",13,2015-01-09,2026-07-20
"ULRS, Inc.",117,2015-01-09,2026-09-12
"Lipsky & Associates, Inc",5,2015-01-10,2026-06-12
"TSG Collections, LLC",6,2015-01-10,2025-01-13
"Asset Maximization Group, Inc.",24,2015-01-11,2024-04-07
Informative Research,231,2015-01-11,2026-09-12
SIRVA WORLDWIDE INC.,8,2015-01-12,2022-08-04
"Student Zoom, LLC",12,2015-01-12,2026-07-14
"Bayside Capital Services, LLC",54,2015-01-13,2021-10-26
"Brian A. Blitz, P.A.",5,2015-01-13,2026-02-25
FIDELITY FUNDING MORTGAGE CORPORATION,1,2015-01-13,2015-01-13
"TexCap Financial, LLC",29,2015-01-13,2026-07-21
"iQuantified Management Services, LLC",40,2015-01-13,2026-04-28
1st Portfolio Holding Corporation,1,2015-01-14,2015-01-14
American Credit Adjusters,19,2015-01-14,2016-04-28
"Enerson Law, LLC.",15,2015-01-14,2018-09-18
"FIDELIS RECOVERY MANAGEMENT, LLC",25,2015-01-14,2021-09-02
"Western Credit & Collection Service, Inc.",6,2015-01-14,2025-01-14
Illinois Lending Corporation,12,2015-01-16,2021-09-02
"Pingora Holdings, LP",19,2015-01-16,2022-11-14
ZestFinance,7,2015-01-16,2016-09-02
MRS Collections LLC,4,2015-01-17,2019-07-30
National Arbitration Forum,53,2015-01-17,2024-05-15
"Service Finance Holdings, LLC",170,2015-01-17,2022-07-18
ABC Finance Co.,4,2015-01-18,2025-12-24
"Advanced Loan Systems, LLC.",3,2015-01-18,2022-08-17
Commonwealth Health Corporation,80,2015-01-18,2026-08-25
GSA Commercial Asset Management,9,2015-01-19,2021-09-13
POLARIS HOME FUNDING CORP,13,2015-01-19,2026-03-13
"Affiliated Creditors, Inc.",22,2015-01-20,2023-05-16
"Asset Management Holdings, LLC",11,2015-01-20,2026-05-10
"CAROLINA FINANCE, LLC",88,2015-01-20,2026-08-13
Cornerstone Mitigation,9,2015-01-20,2021-08-04
"JDJ Investments, INC.",209,2015-01-20,2026-09-15
"Leachman Law, P.C.",19,2015-01-20,2025-01-15
Leaders Financial Company,44,2015-01-20,2026-09-02
"MM Finance, LLC, Bellevue, NE Branch",7,2015-01-20,2026-07-31
PAY-O-MATIC,19,2015-01-20,2026-07-09
"Saints Recovery Group, Inc.",5,2015-01-20,2022-02-17
Select Resource Group,11,2015-01-20,2018-01-16
Universal Recovery Corporation,165,2015-01-20,2026-03-30
Asset Recovery Inc,13,2015-01-21,2023-10-07
CFS2 Inc.,10,2015-01-21,2026-01-17
"Data Search NY, Inc.",86,2015-01-21,2026-09-01
Franklin Cohen and Allbright Arbitrations LLC,2,2015-01-21,2016-04-19
Greentree & Associates,29,2015-01-21,2021-05-24
"Knight & Hooper, PLLC",18,2015-01-21,2025-05-25
"Money Investigations, Inc.",7,2015-01-22,2018-02-24
"Plastyc, Inc.",12,2015-01-22,2025-10-04
"Rose & Associates, LLC.",18,2015-01-22,2026-03-28
"Law Office of James R. Vaughan, P.C.",38,2015-01-23,2026-03-15
"Long & Foster Financial Services, Inc.",74,2015-01-23,2026-07-07
"Metro Denver Title, LLC",1,2015-01-23,2015-01-23
ALPHA MORTGAGE CORPORATION,3,2015-01-26,2025-09-11
AUTOMOBILE ACCEPTANCE CORPORATION,167,2015-01-26,2026-09-24
Applied Resolutions Group,12,2015-01-26,2018-11-30
"Larsen MacColl Partners II, L.P.",7,2015-01-26,2017-05-22
"CREDIT BUREAU OF NEW ULM, INC.",10,2015-01-27,2026-04-02
"Thomas & Thomas Attorneys and Counselors at Law, LLC",9,2015-01-27,2024-11-04
"AMERINATIONAL COMMUNITY SERVICES, INC.",107,2015-01-28,2026-08-10
"CBS Collections, Inc",8,2015-01-28,2021-11-24
"Hood & Stacy, P.A.",23,2015-01-28,2025-03-05
Massachusetts Housing Finance Agency (MassHousing),37,2015-01-28,2026-09-08
Statewide Credit Services Corp.,87,2015-01-28,2026-09-21
Total Finance AC LLC,21,2015-01-28,2024-06-06
Broward Adjustment Services,55,2015-01-29,2026-05-13
"Genuine Debt Solutions, LLC.",20,2015-01-29,2017-01-05
Lacy Katzen LLP,20,2015-01-29,2026-07-19
"Account Managers, Inc.",77,2015-01-30,2026-09-04
"Quality Title, Inc.",1,2015-01-30,2015-01-30
SCOTTRADE BANK,195,2015-01-30,2017-09-15
"BUDGET CONTROL SERVICES, INC.",59,2015-02-01,2026-06-24
"Cogent Road, Inc.",35,2015-02-01,2024-09-26
"DOUGLAS, KNIGHT & ASSOCIATES, INC.",22,2015-02-02,2026-01-20
"FMK Credit Education Center, INC",2,2015-02-02,2021-07-02
"Summit AmeriFirst Holdings, Inc.",22,2015-02-02,2022-07-26
"The Law Offices of Gregory Alexandrides, LLC",17,2015-02-02,2026-06-18
"Wheel City Motors East, Inc.",18,2015-02-03,2026-03-04
"Automotive Management Services, Inc.",35,2015-02-04,2026-07-23
"Benuck & Rainey, Inc.",102,2015-02-04,2026-09-18
Concord Resolution Inc (Closed),122,2015-02-04,2015-08-05
"Emerald AR Systems, LLC",31,2015-02-04,2024-08-24
Smart Auto Leasing,4,2015-02-04,2026-02-08
"The Law Offices of Barry J. Gammons, PLLC",11,2015-02-04,2026-02-13
American Professional Collections,3,2015-02-05,2017-03-02
"Northern Alliance Management, LLC",27,2015-02-05,2025-11-26
"Professional Solutions Collection Agency, LLC",4,2015-02-05,2026-05-19
Audubon Holdings Group,3,2015-02-06,2020-05-04
"BTS Motors, LLC",11,2015-02-06,2023-11-11
"PMT Solutions, LLC.",38,2015-02-06,2026-08-12
"Paragon Home Loans, Inc",2,2015-02-06,2017-04-13
"United Mortgage,  LLC",2,2015-02-06,2015-08-13
Argon Credit,26,2015-02-07,2018-01-10
"Norwich Commercial Group, Inc.",33,2015-02-07,2026-09-12
"VICTORIAN FINANCE, LLC",10,2015-02-07,2025-02-28
"THE GENESIS GROUP, INC.",1,2015-02-08,2015-02-08
"Go Capital Holdings, LLC",237,2015-02-10,2026-09-02
Golden Title Loans LLC,16,2015-02-10,2025-12-25
Springer Collections Inc.,23,2015-02-10,2021-04-11
"United Compliance Services, LLC",7,2015-02-10,2018-06-13
"WOLFE FINANCIAL, INC.",7,2015-02-10,2026-09-03
"Alpine Credit, Inc",135,2015-02-11,2026-08-26
Coast Collection Agency Inc,4,2015-02-11,2021-03-05
"Farrell Holdings, LLC",122,2015-02-11,2026-06-06
"North Georgia Regional Collection Agency, Inc.",11,2015-02-11,2025-01-24
"Portfolio America Asset Management, LLC",27,2015-02-11,2022-06-02
Worth Finance Corporation,61,2015-02-11,2026-08-19
"Asset One Mortgage, Inc.",1,2015-02-12,2015-02-12
"Ballato Law Firm, P.C.",4,2015-02-12,2017-07-10
"Money Management International, Inc.",50,2015-02-12,2026-08-18
NATIONS LENDING CORPORATION,119,2015-02-12,2026-09-08
"PC LEGAL SERVICES, LLC",7,2015-02-12,2018-06-20
Poole Mahoney PC,1,2015-02-12,2015-02-12
"Encircle Collections, Inc.",10,2015-02-13,2018-06-06
"Global Portfolio Recovery, LLC",58,2015-02-13,2021-09-21
"Mirabella Investments Group, LLC",3,2015-02-13,2015-12-09
"The Law Offices of Gerald E Moore & Associates, PC",57,2015-02-13,2020-07-17
MISSION FINANCIAL SERVICES CORPORATION,84,2015-02-14,2026-08-19
Unifin Inc.,1182,2015-02-14,2026-09-25
Financial Services of America,1,2015-02-16,2015-02-16
"Howell & Vail, LLP",4,2015-02-16,2017-01-26
OCEANSIDE MORTGAGE COMPANY,53,2015-02-16,2024-11-03
Profit Services Group,200,2015-02-16,2026-06-10
COOPER HEALTH SYSTEM,11,2015-02-17,2018-01-24
"DPL Associates, Ltd.",3,2015-02-17,2018-10-24
First Commonwealth Mortgage Corp.,7,2015-02-17,2025-02-07
"Romain Automotive, LLC",1,2015-02-17,2015-02-17
"SUMMIT FUNDING, INC.",86,2015-02-17,2025-12-28
"UNIFOUR FINANCIAL SERVICES, LLC",42,2015-02-17,2026-09-10
"Bizcorp, LLC",18,2015-02-18,2026-06-18
"Colony Brands, Inc.",2951,2015-02-18,2026-09-16
"Consider It Collected, LLC",1,2015-02-18,2015-02-18
FIRST NATIONAL BANK OF PENNSYLVANIA,988,2015-02-18,2026-09-18
Golden State Collections LLC,17,2015-02-18,2020-06-30
PERSIAN ACCEPTANCE CORP,9,2015-02-18,2020-01-29
"Prime Business Service, LLC",14,2015-02-18,2022-01-24
Blackhawk Finance,15,2015-02-19,2026-08-02
"CDI Affiliated Services, Inc.",57,2015-02-19,2026-08-24
"COLLECTION SERVICES OF ATHENS, INC.",183,2015-02-19,2024-11-23
"Colorado Capital Investments, Inc.",7,2015-02-19,2025-09-19
"Duncan Solutions, lnc.",489,2015-02-19,2025-04-01
Freeborn & Peters LLP,1,2015-02-19,2015-02-19
K Rockford LLC,1,2015-02-19,2015-02-19
Law Offices of Donald R Conrad P.C.,10,2015-02-19,2019-11-18
"SKY FINANCIAL SERVICES, INC.",1,2015-02-19,2015-02-19
"Shapiro, DiCaro & Barak, LLC",26,2015-02-19,2020-11-25
"Sullivan Asset Management, LLC",15,2015-02-19,2026-01-29
"Advanced Collections, Inc.",8,2015-02-20,2022-10-16
American Northwest Recovery Solutions Inc,2,2015-02-20,2017-04-24
Armed Forces Loans of Nevada Inc.,38,2015-02-20,2023-08-04
"D.B.M.E., INC",8,2015-02-20,2020-01-10
Embassy Loans,31,2015-02-20,2026-09-12
N A NATIONWIDE MORTGAGE,6,2015-02-20,2026-09-13
Quall Cardot LLP,25,2015-02-20,2026-01-23
Tidalwave Finance Corporation,13,2015-02-20,2023-05-14
Law Office of Stephen P. Lamb,6,2015-02-21,2019-01-03
"Merchants Adjustment Service, Inc.",488,2015-02-21,2026-09-15
"Solutions To Portfolios, LLC",50,2015-02-21,2022-03-23
Beyer Financial Corporation,1,2015-02-22,2015-02-22
"GMA Investments, LLC",196,2015-02-23,2026-03-03
Garrison Law Office L.L.C.,3,2015-02-23,2026-01-21
Markoff Law LLC,58,2015-02-23,2026-08-11
EMPIRE MEDIATION SERVICES LLC,18,2015-02-24,2026-08-04
"Nair & Levin, P.C.",27,2015-02-24,2026-04-25
Northwestern Mediation Services,28,2015-02-24,2026-01-08
Olde City Financial Inc.,7,2015-02-24,2019-11-22
"Recovery Solutions Group, LLC",124,2015-02-24,2026-09-16
"ABA Recovery Service, Inc.",1,2015-02-25,2015-02-25
Highland Capital,15,2015-02-25,2025-11-15
Mages & Price LLC,9,2015-02-25,2026-06-26
NAM National Arbitration and Mediation,91,2015-02-25,2026-02-26
"Northeast Receivables Management, LLC",10,2015-02-25,2016-02-17
"Secure Capital Management, Inc.",16,2015-02-25,2017-12-06
BHFC Financial Services INC,53,2015-02-26,2026-08-28
"Linear Title & Closing, Ltd",6,2015-02-26,2019-02-22
"Arthur B. Adler & Associates, Ltd",4,2015-02-27,2026-01-20
"DLF Law Group, LLC",102,2015-02-27,2026-09-18
J&L Collection Services,29,2015-02-27,2018-07-03
LAW OFFICES OF MICHAEL K. SIPES,3,2015-02-27,2018-05-24
"BON TERRE CREDIT, LLC",2,2015-03-02,2025-04-10
"Bonded Business Services, Ltd.",27,2015-03-02,2026-07-28
First Collections Inc,8,2015-03-02,2023-12-20
"Franks Adjustment Bureau, Inc.",9,2015-03-02,2021-04-18
"Haase and Long, Inc.",2,2015-03-02,2017-04-09
Khoury Alternative Claims Management,21,2015-03-02,2026-06-11
Law Offices of Goldsmith & Hull A.P.C.,17,2015-03-02,2026-06-22
"Oregon Credit & Collections Bureau, Inc.",5,2015-03-02,2021-07-12
Resource Management Group,27,2015-03-02,2025-06-17
ACG FUNDING INC,2,2015-03-03,2024-06-22
"CMM of Louisiana, LLC",5,2015-03-03,2023-08-11
"Central Capital Arbitration Firm, LLC",3,2015-03-03,2015-04-02
"Federal Adjustment Bureau, Inc.",282,2015-03-03,2026-09-25
Hirshberg Acceptance Corporation,39,2015-03-03,2026-06-25
Integrity First Lending LLC,4,2015-03-03,2017-03-03
"National Auto Lenders, Inc.",77,2015-03-03,2026-04-17
Advanced Financial Company,7,2015-03-04,2025-02-25
"Cliff's Finance Co., Inc.",10,2015-03-04,2026-02-17
DMA Financial Corp.,2,2015-03-04,2024-07-28
Direct Capital,43,2015-03-04,2026-05-19
GMH Associates Inc.,5,2015-03-04,2019-05-01
LAW OFFICES OF STEPHEN A. BROWN,1,2015-03-04,2015-03-04
"Peer Advisors, LLC",528,2015-03-04,2026-09-15
"Hello Digit, LLC",31,2015-03-05,2026-01-25
"Malen & Associates, p.c.",109,2015-03-05,2026-09-01
Nationwide Intermediary Services llc,18,2015-03-05,2019-06-03
"Access Credit Management, Inc.",56,2015-03-06,2026-05-13
Ashner Group Inc,4,2015-03-06,2021-07-09
ClearPath Lending,55,2015-03-06,2026-04-15
Gross Polowy LLC,21,2015-03-06,2026-07-16
"R J Baucum Enterprises, Inc.",27,2015-03-06,2023-01-11
Strategic Dealer Services,9,2015-03-06,2025-11-08
"The Grimes Legal Group, LLC",1,2015-03-06,2015-03-06
"Wetherington Hamilton, P.A.",5,2015-03-06,2025-04-04
Tecco Systems,9,2015-03-07,2023-12-01
Whitestone Financial Holdings LLC,9,2015-03-07,2023-08-16
"American Collection Systems, Inc. (OH)",16,2015-03-08,2025-10-23
"CBA of GA, Inc.",29,2015-03-08,2024-09-13
COAST 2 COAST FUNDING GROUP,5,2015-03-08,2025-08-20
Burke Costanza & Carberry LLP,11,2015-03-09,2026-04-11
REVERSE MORTGAGE INVESTMENT TR,130,2015-03-09,2023-09-14
Affiliates Management Company,24,2015-03-10,2026-04-16
Falls Collection Service Inc.,47,2015-03-10,2024-08-31
High Performance Capital,20,2015-03-10,2026-01-02
"Larsen & Associates, P.L.",19,2015-03-10,2026-08-24
Mother Lode Holding Company,2,2015-03-10,2025-06-10
National Asset processing LLC,8,2015-03-10,2026-09-02
CENTURION IV LLC,3,2015-03-11,2017-01-05
"Capture Financial, LLC",2,2015-03-11,2015-04-15
"Consumer Credit Counseling Service of the Midwest, Inc.",6,2015-03-11,2021-06-14
R.C. Temme Corporation,4,2015-03-11,2024-02-04
"The DeGrasse Law Firm, P.C.",11,2015-03-11,2021-09-16
UNIVERSAL MTG & FINANCE,3,2015-03-11,2017-06-12
"Vertical Capital Asset Management, LLC",1,2015-03-11,2015-03-11
"Cashco Financial Services, Inc",5,2015-03-12,2026-04-18
"Cochren Bailey & Associates, LLC",6,2015-03-12,2025-12-16
"Eastern Revenue, Inc.",280,2015-03-12,2026-09-24
"Kwikcash, Inc.",26,2015-03-12,2026-06-12
Man-Data Inc.,14,2015-03-12,2026-04-13
Seth L. Goldner PC,2,2015-03-12,2022-08-16
Churchill Debt Settlement,3,2015-03-13,2016-11-14
"Service Investment Company, Inc.",2,2015-03-13,2021-06-15
"Borns & Steele, P.C.",1,2015-03-15,2015-03-15
"H & S Financial, Inc.",8,2015-03-15,2025-10-07
"Accredited Collection Service, Inc.",49,2015-03-16,2026-08-21
"Braviant Holdings, LLC",352,2015-03-16,2026-09-16
Consumer Asset Management (Texas),20,2015-03-16,2025-02-19
Envios de Valores La Nacional Corp.,7,2015-03-16,2021-11-19
GREATER SUBURBAN ACCEPTANCE CORPORATION,19,2015-03-16,2026-08-01
"Network Services, Inc",4,2015-03-16,2017-08-16
Retention Consulting Services Inc.,18,2015-03-16,2025-06-16
Stone Higgs & Drexler,25,2015-03-16,2026-06-03
"A & O Recovery Solutions, LLC",225,2015-03-17,2026-09-04
"American Acceptance Co., LLC",1,2015-03-17,2015-03-17
ETHOS LENDING LLC,15,2015-03-17,2019-03-07
HR MORTGAGE CORPORATION,2,2015-03-17,2019-07-15
ONTARIO AUTO LENDING,1,2015-03-17,2015-03-17
"Quality Recovery Services, Inc.",75,2015-03-17,2025-01-26
Consumer Receivables Management LLC,4,2015-03-18,2026-03-07
Law Office of Alisa Richman,1,2015-03-18,2015-03-18
Medical Services Inc,11,2015-03-18,2026-07-30
"Professional Recovery of Longmont, Inc.",6,2015-03-18,2021-04-04
"Rainier Collection Services, Inc.",7,2015-03-18,2020-06-08
Accounts Receivable Consultants Inc.,34,2015-03-19,2026-03-04
Berco Finance Corp,7,2015-03-19,2019-10-12
"Bifulco and Associates, P.C.",1,2015-03-19,2015-03-19
"Dean Morris, L.L.P.",12,2015-03-19,2025-06-10
"FIRST COMMUNITY MORTGAGE, INC.",47,2015-03-19,2026-04-14
Global Lending Services LLC,5155,2015-03-19,2026-09-16
"Midpoint Law Group, P.C",5,2015-03-19,2015-11-02
Nexgen Services Inc,2,2015-03-19,2023-10-26
"Signature Performance Tiburon, LLC",5,2015-03-19,2016-01-26
CARVANT FINANCIAL LLC,149,2015-03-20,2026-08-31
"Key Management Company of Missouri, LLC.",10,2015-03-20,2020-06-29
"Mid-American Financial Group, Inc",2,2015-03-20,2016-04-28
Vion Holdco I LLC,3,2015-03-20,2025-11-25
"CREDIT CONCEPTS, INC.",65,2015-03-21,2026-08-15
"CICA Collection Agency, Inc.",15,2015-03-23,2026-04-22
CIG FINANCIAL LLC,613,2015-03-23,2026-09-22
Headwaters Financial Corp.,6,2015-03-23,2026-02-19
"National Cash Lenders, LLC",1,2015-03-23,2015-03-23
"The LGM Co., Inc.",54,2015-03-23,2026-08-25
Accounts Receivable Services,17,2015-03-24,2024-12-05
"Auto Now Financial Services, Inc., Phoenix, AZ Branch",176,2015-03-24,2026-09-11
"City Enterprises, LLC",34,2015-03-24,2026-05-28
Credit Solutions LLC,3,2015-03-24,2021-03-29
"Emmett L. Goodman, Jr., LLC",33,2015-03-24,2026-03-23
"Mountain West Legal Solutions, PLLC",4,2015-03-24,2016-10-31
SOUTHERN FUNDING ALLIANCE USA,1,2015-03-24,2015-03-24
USForex Inc.,21,2015-03-24,2026-07-14
CFS of Aurora IL LLC,8,2015-03-25,2026-03-26
"Credit Collections Services, Inc.",3,2015-03-25,2019-12-30
"Hunt Leibert Jacobson, P.C.",4,2015-03-25,2016-07-25
"Nu World Title, LLC",9,2015-03-25,2025-02-25
TCAR Inc,4,2015-03-25,2020-07-20
The Loan Tree Corp,1,2015-03-25,2015-03-25
Century First Credit Solutions,20,2015-03-26,2026-01-27
College Lending Solutions of Salem,2,2015-03-26,2019-04-27
Infinity Capital Group,10,2015-03-26,2022-02-14
"Miciul & Associates, LLC",2,2015-03-26,2026-05-05
Pacific Collections,21,2015-03-26,2024-03-30
"Thomas Law Firm, P.C.",1,2015-03-26,2015-03-26
Torriere Holdings INC,375,2015-03-26,2026-09-15
"GLENN ASSOCIATES MID-ATLANTIC, INC",12,2015-03-27,2025-03-30
"Remitly, Inc.",1054,2015-03-28,2026-09-20
"Auto Properties II, LLC",20,2015-03-30,2026-08-30
"Credit Resolutions, LLC",33,2015-03-30,2026-03-26
"Debt Recovery Solutions of Ohio, Inc.",23,2015-03-30,2026-05-28
Pioneer Capital Solutions Inc,36,2015-03-30,2026-05-27
RPT Recovery Authority LLC,1,2015-03-30,2015-03-30
"SHAPIRO LAW OFFICE, PC",3,2015-03-30,2025-12-05
Visio Financial Services Inc.,21,2015-03-30,2025-11-10
Baxter Bailey & Associates,10,2015-03-31,2026-07-07
"FALONI & ASSOCIATES, LLC",9,2015-03-31,2026-07-16
"Link Revenue Resources, LLC",4,2015-03-31,2022-05-03
"Maven Asset Management, Inc.",1,2015-04-01,2015-04-01
"Prohealth Care, Inc",19,2015-04-01,2026-05-06
"Southern Service Systems, Inc.",17,2015-04-02,2021-11-12
Check First Inc,1,2015-04-04,2015-04-04
"Executive Credit Management, Inc",31,2015-04-04,2024-01-12
"F&M Mortgage Group, LLC",3,2015-04-06,2019-12-19
"Rolfe & Lobello, P.A.",14,2015-04-06,2026-03-06
"Timothy C. Runyan, P.C.",12,2015-04-06,2025-06-02
"Atlantis Financial Group, Inc",2,2015-04-07,2026-01-09
Cheryl A. Warzynski PLLC,1,2015-04-07,2015-04-07
"Credit Center, LLC",93,2015-04-07,2026-08-11
"EBA,LLC",3,2015-04-07,2015-09-30
Lending Club Corp,1486,2015-04-07,2022-04-19
NE PROCESSING LLC,10,2015-04-07,2026-04-09
National Home Buyer’s Alliance,6,2015-04-07,2025-06-02
"The Law Office of Patrick V. Foltz, P.C.",1,2015-04-08,2015-04-08
BCB Investments LLC,19,2015-04-09,2021-10-18
Credit Bureau Services Inc.,30,2015-04-09,2026-05-09
DEPENDABLE CREDIT CORP,4,2015-04-09,2017-06-13
"Granite Law Group, PLLC",1,2015-04-09,2015-04-09
Niagara Capital Recovery LLC,16,2015-04-09,2019-02-15
Samuel Whitaker & Associates LLC,12,2015-04-09,2025-07-31
"CHECK COLLECTION OF AMERICA, INC.",2,2015-04-10,2025-12-18
"JMS Associates, Inc.",24,2015-04-10,2025-11-07
Jackson Automotive Resources,4,2015-04-10,2023-11-28
Lowcountry Credit Inc.,23,2015-04-10,2026-06-17
"Madison Management Services, LLC",50,2015-04-10,2026-08-11
"Mayan, LLC",6,2015-04-10,2016-05-02
PRICE FINANCIAL SERVICES,2,2015-04-10,2016-12-19
Santo Domingo Motors Inc.,3,2015-04-10,2026-03-06
"MORTGAGE FINANCIAL SERVICES, INC",2,2015-04-11,2015-08-21
"Newman & Marquez, P.A.",9,2015-04-13,2026-06-09
"Platinum Finance Company, LLC",2,2015-04-13,2016-01-15
Strauss Factor Laing & Lyons,16,2015-04-13,2025-06-10
"Alessi & Koenig, LLC",6,2015-04-14,2016-01-18
"Citi Management Group, LLC",61,2015-04-14,2018-04-19
"Finance System of Toledo, Inc.",87,2015-04-14,2025-07-16
MCLEAN MORTGAGE CORPORATION,24,2015-04-14,2025-10-14
Weiss Spicer Cash PLLC,1,2015-04-14,2015-04-14
Amati & Associates LLC,3,2015-04-15,2015-08-31
Credit Wise Recovery Solution LLC,49,2015-04-16,2022-01-28
PACOR MORTGAGE CORP.,2,2015-04-16,2026-08-19
Sullivan & Terranova,5,2015-04-17,2016-10-19
Centralized Business Solutions Company,39,2015-04-18,2025-12-31
"J J Marshall & Associates, Inc",268,2015-04-18,2026-05-28
"Blackwell, Burns & Pratt",2,2015-04-20,2015-05-05
Fidelity Account Services LLC,4,2015-04-20,2019-01-24
Stonebridge Lending Inc.,3,2015-04-20,2017-11-22
"Westside Recovery Services, LLC",20,2015-04-20,2025-06-27
"Affiliated Collection Services, LLC",54,2015-04-21,2026-03-04
"Cawthorn, Deskevich & Gavin, P.c.",4,2015-04-21,2021-04-12
PHOENIX EQUITY PARTNERS LLC,6,2015-04-21,2019-12-05
"R.M. Jackson & Associates, P.C.",2,2015-04-21,2017-06-19
American Finance LLC,61,2015-04-22,2026-09-19
Madison McDuffie Mortgage Corporation,6,2015-04-22,2022-05-03
"America’s Financial Choice, Inc.",4,2015-04-23,2022-04-15
"Century Financial Services, Inc.",17,2015-04-23,2021-11-12
Chaparral Inc,23,2015-04-23,2026-07-24
Kingston Mediation Services,6,2015-04-23,2026-05-01
"National Asset Advisors, LLC",8,2015-04-23,2026-07-28
"TJC Mortgage, Inc.",17,2015-04-24,2026-09-22
"Credit Bureau of Bessemer, Inc",28,2015-04-25,2025-03-27
"Horizon Lending services, LLC",1,2015-04-26,2015-04-26
GULF ATLANTIC FUNDING GROUP INC.,2,2015-04-27,2016-07-20
Palisades Funding Corporation,27,2015-04-27,2026-05-18
"Skrill USA, Inc.",599,2015-04-27,2026-09-24
CLX Systems/ Westwood Management,11,2015-04-28,2019-02-19
"Drake, Meyers, & Associates",3,2015-04-28,2026-07-09
"Nations Direct Mortgage, LLC",180,2015-04-28,2026-08-11
Rapture Technology,1,2015-04-28,2015-04-28
"AAS Debt Recovery, Inc.",68,2015-04-29,2026-09-21
"Bilateral Credit Corp, LLC",77,2015-04-29,2026-09-24
"Direct Recovery Services, LLC",433,2015-04-29,2023-01-23
Mid-Atlantic Consumer Services,46,2015-04-29,2021-04-14
Premier Portfolio Group,71,2015-04-29,2026-05-02
"Simon's Agency, Inc.",482,2015-04-29,2026-07-08
"Universal Capital Services, Inc.",6,2015-04-29,2023-08-24
"Barrett Asset Recovery Services, LLC.",5,2015-04-30,2025-01-07
Credit Bureau of Twin Falls Inc,3,2015-04-30,2015-11-23
National Capital Solutions,17,2015-04-30,2026-06-11
"Paragon Subrogation Services, Inc",19,2015-05-01,2026-04-18
Parker & Associates,2,2015-05-01,2015-06-01
"Credit Technologies, Inc.",233,2015-05-02,2026-06-19
FINANCIAL INSIGHT,2,2015-05-02,2022-03-14
"Newman, Mathis, Brady & Spedale",11,2015-05-02,2026-03-20
"South West Recovery, Inc.",3,2015-05-02,2017-03-24
"AFM Financial Services, LLC",5,2015-05-04,2026-07-15
Bayview Investment Group LLC,2,2015-05-04,2015-06-03
Hightechlendinginc,7,2015-05-04,2025-10-13
Southern Fidelity Mortgage,1,2015-05-04,2015-05-04
"Medical Debt Recovery, Inc.",7,2015-05-05,2026-07-09
UNITED MORTGAGE CORP,33,2015-05-05,2026-08-11
Creekside Recovery And Capital Management,24,2015-05-06,2015-10-06
"David A. Bauer, P.C.",4,2015-05-06,2020-09-15
NEW CITY FUNDING CORP.,162,2015-05-06,2026-08-18
"Prospect Financial Group, Inc",10,2015-05-07,2024-04-17
"United Collection Service, Inc (FL)",65,2015-05-07,2020-05-31
"Acceptance Solutions Group, INC",67,2015-05-08,2019-07-02
"First Peachtree Finance, Inc.",2,2015-05-08,2022-01-30
"LA Financial Services, Inc.",1,2015-05-08,2015-05-08
TRINITY HOPE ASSOCIATES,52,2015-05-08,2026-08-18
"Talbot, Adams, & Moore, Inc.",73,2015-05-08,2026-06-12
MORTGAGE 1 INCORPORATION,24,2015-05-09,2026-06-27
Neighborhood Title Loans I,3,2015-05-09,2016-10-03
MCMC Auto LTD,73,2015-05-11,2026-06-28
"Sovereign Lending Group, Incorporated",38,2015-05-11,2026-05-20
"Creditor Claims of America, Inc.",10,2015-05-12,2017-12-15
"DCS Financial, Inc.",8,2015-05-12,2022-05-31
"MCS MORTGAGE BANKERS, INC.",13,2015-05-12,2020-12-07
Regional Processing Services,22,2015-05-12,2022-03-10
"Three B Financial, LLC",1,2015-05-12,2015-05-12
Baker Recovery Services,6,2015-05-13,2026-07-15
"Executive Acquisitions Group, LLC",8,2015-05-13,2020-05-28
Kingston Data & Credit International Inc.,420,2015-05-13,2026-09-18
RESIDENTIAL HOME FUNDING CORP.,32,2015-05-13,2026-01-29
Residential Home Mortgage Corporation,6,2015-05-13,2026-03-25
Southern Star Automotive Inc.,5,2015-05-13,2026-06-25
Logan View LLC,6,2015-05-15,2021-06-29
Bronstein & Weiss Arbitration,95,2015-05-16,2026-09-10
"Wilson, Riley & Associates",23,2015-05-16,2021-03-11
"Coulter Dove & Harris, PC",5,2015-05-17,2017-06-29
"FAIRWAY FUNDING GROUP, INC",3,2015-05-18,2016-12-07
Locate Services LLC,4,2015-05-18,2026-02-12
Mortgage Network Solutions LLC,4,2015-05-18,2018-11-21
Scott’s Jewelry & Pawn Inc.,2,2015-05-18,2017-12-28
"Brelvis Consulting, LLC",69,2015-05-19,2024-02-17
"First Texas Auto Credit, Inc.",27,2015-05-19,2026-07-16
"SHARP COLLECTIONS, INC",6,2015-05-19,2024-09-20
"Alliance Credit Services, Inc.",4,2015-05-20,2019-08-15
"Ashton & Weinberg, Inc.",35,2015-05-20,2026-06-17
CCBA Inc.,4,2015-05-20,2017-09-29
"Chek Cash, Inc.",35,2015-05-20,2026-08-31
PELICAN CREDIT CO,3,2015-05-20,2017-05-05
"Tenaglia & Hunt, PA",255,2015-05-20,2026-09-16
"Auto Advantage Finance, LLC",59,2015-05-21,2026-09-20
"Cohen, Roberts & Associates, LLC",6,2015-05-21,2026-05-18
David Deep Law Offices,3,2015-05-21,2023-06-13
MNS & Associates LLC,52,2015-05-21,2025-08-21
Excella Recovery Group,11,2015-05-22,2025-11-25
"FCN Catalogue & Equipment, Inc.",3,2015-05-22,2019-08-30
"Yakima County Credit Service, INC",21,2015-05-22,2024-11-21
College Assist,47,2015-05-24,2026-09-16
Law Offices of Michael Lupolover,9,2015-05-24,2026-09-02
Fradkin & Weber PA,26,2015-05-25,2026-08-30
"Check Security Associates, LLC",73,2015-05-26,2025-08-13
"Clarfield, Okon, Salomone and Pincus, P.L.",6,2015-05-27,2021-04-14
Climb Credit Inc.,763,2015-05-27,2026-09-16
FRIENDLY FINANCE DISCOUNT CORPORATION,3,2015-05-27,2024-05-14
Harbor Front Acquisitions LLC (Closed),5,2015-05-27,2015-11-12
"Law Office of Mark L. Nichter, PC",3,2015-05-27,2024-08-05
"New Horizons Finance Company, Inc",9,2015-05-27,2026-03-19
"ROC Asset Solutions, LLC",111,2015-05-27,2024-10-06
Angel Oak Mortgage Solutions LLC,20,2015-05-28,2026-06-17
BG Lenders Service LLC,2,2015-05-28,2026-03-13
"CalAtlantic Financial Services, Inc., Scottsdale, AZ Branch",14,2015-05-28,2018-05-07
Midwest Finance Corporation,17,2015-05-28,2026-06-08
Venanzi Law Office,1,2015-05-28,2015-05-28
"Globe Loan Company of Moultrie, Georgia, Inc",1,2015-05-29,2015-05-29
Law Offices of Benjamin Woo,1,2015-05-29,2015-05-29
"American First Finance, Inc.",1408,2015-05-30,2026-09-21
Peoples Financial Corp.,30,2015-05-31,2026-07-08
"Feldman & Stern, LLC",30,2015-06-01,2026-09-04
"ONY GLO, INC.",7,2015-06-01,2025-05-20
G & D COMPLIANCE,1,2015-06-02,2015-06-02
Law Offices of Vincent J. Buzek,3,2015-06-02,2019-01-22
PEARL LOANS INC,1,2015-06-02,2015-06-02
"S.O.S. Loans, Inc.",3,2015-06-02,2018-11-27
Secure Lending Incorporated,7,2015-06-02,2026-04-22
Lakeland West Capital LLC,3,2015-06-03,2024-04-25
Cornerstone Mediation LLC,6,2015-06-04,2015-12-28
"Nationwide Title Clearing, Inc.",25,2015-06-04,2025-11-14
"Ideal Collection Services, Inc.",436,2015-06-05,2026-09-23
Leading Mortgage Solutions,2,2015-06-05,2015-10-14
National Debt Group of NY,6,2015-06-05,2021-09-08
"New Century Auto Sales, Inc.",61,2015-06-06,2026-09-25
"Veros Credit, LLC",741,2015-06-06,2026-09-15
"Fitzgerald Goldman & Associates, Inc.",12,2015-06-08,2016-05-17
"Cornerstone Legal Group, LLC",5,2015-06-09,2018-10-04
"The Law Offices of Burr & Reid, LLP",21,2015-06-09,2022-10-19
"Affinity Mortgage, L.L.C.",1,2015-06-10,2015-06-10
HOMEOWNERS FINANCIAL GROUP USA,21,2015-06-10,2026-06-11
Lightning Fast Finance,3,2015-06-10,2022-01-12
"Quick Bridge Funding, LLC",28,2015-06-10,2025-07-09
Sklar Law LLC,30,2015-06-10,2026-09-01
ADIR INTERNATIONAL LLC,368,2015-06-11,2026-08-19
"Carvana Group, LLC",1243,2015-06-11,2026-09-11
"FCC Finance, LLC",68,2015-06-11,2026-08-26
Middlegate Funding LLC,2,2015-06-11,2015-06-15
PLDR,3,2015-06-11,2026-08-22
"Whipple Law, P.A.",5,2015-06-11,2019-04-09
"A.C.S. Companies, Inc. I",16,2015-06-12,2025-09-12
"Albert E. Acuna, P.A.",2,2015-06-12,2017-11-29
"Collection Resources, Inc.",58,2015-06-12,2026-08-02
"Elite Financial Services, Inc (MA)",7,2015-06-12,2024-04-24
"GSI  Recovery, LLC",7,2015-06-12,2019-03-27
"Lend Smart Mortgage, LLC",14,2015-06-12,2025-12-09
"Welts, White & Fontaine, P.C.",2,2015-06-12,2025-11-15
HomeQuest Mortgage Corporation,2,2015-06-13,2024-03-12
"FirstKey Holdings, LLC",38,2015-06-15,2026-03-23
"Heritage Financial Group, Inc.",105,2015-06-15,2026-09-21
Merchants Acceptance Corp,140,2015-06-15,2026-09-26
"Northeastern Credit Services, Inc.",8,2015-06-15,2025-02-07
First Class Autos Inc,7,2015-06-16,2026-06-19
"Garden State Check Cashing Service, Inc.",3,2015-06-16,2021-12-03
"Northeast Recovery Solutions, LLC",58,2015-06-16,2021-10-22
OPEN MORTGAGE LLC,15,2015-06-16,2026-08-07
"St John Rossin & Burr, PLLC",11,2015-06-16,2026-02-27
"Internal Check Systems, LLC",21,2015-06-17,2020-05-11
"Mortgage Team 1, Inc.",3,2015-06-17,2023-05-26
Partridge Snow & Hahn LLP,1,2015-06-17,2015-06-17
Shea Mortgage Inc.,8,2015-06-17,2026-01-25
The Eastbrooke Group LLC,9,2015-06-17,2016-03-30
A.I.T. Credit Services Inc.,1,2015-06-18,2015-06-18
Alegria Auto Sales,1,2015-06-18,2015-06-18
"E. Margriet Langenberg, P.C.",4,2015-06-18,2024-07-26
"FX Quick Cash, LLC",11,2015-06-18,2024-04-21
Forthright Funding Corporation,7,2015-06-18,2020-09-18
"Market Mortgage Company, LTD",4,2015-06-18,2025-01-27
Medical Debt Management,2,2015-06-18,2021-12-14
"Summit Collection Services, Inc.",23,2015-06-18,2026-09-21
ADVANCE MORTGAGE & INVESTMENT,2,2015-06-19,2026-05-22
"Creditors' Protection Service, Inc.",34,2015-06-19,2026-09-02
"Lending Hand Mortgage, LLC",3,2015-06-19,2026-04-14
"North American Service Company, Inc.",1,2015-06-19,2015-06-19
"Pinebrook Holdings, LLC",28,2015-06-19,2026-07-13
Residential Credit Opportunities Trust,9,2015-06-19,2021-12-05
"Student Loan Processing Direct, INC",1,2015-06-19,2015-06-19
99th Floor LLC,2,2015-06-20,2018-12-04
"M & S FUNDING, INC.",6,2015-06-20,2025-01-01
MEI AUTO FINANCE INC,148,2015-06-20,2026-09-26
"Segan, Mason & Mason, P.C.",3,2015-06-20,2025-07-30
"Car Credit Finance, LLC",15,2015-06-21,2026-01-24
"Dirick, Inc.",6,2015-06-22,2025-06-27
Franklin Financial  Corporation,32,2015-06-22,2026-07-22
"PRIORITY FUNDING, LLC",4,2015-06-22,2024-02-28
CALCON MUTUAL MORTGAGE LLC DBA ONETRUST HOME LOANS,65,2015-06-23,2026-08-28
"CLAYTON AUTOS, INC",17,2015-06-23,2026-08-10
"G.R.S Holdings, Inc",1,2015-06-23,2015-06-23
Luckmore Finance,26,2015-06-23,2025-07-30
"National Budget Planners of South Florida, Inc",26,2015-06-23,2026-03-26
"Paramount GR Holdings, LLC",2261,2015-06-23,2026-09-22
"Ross, Stuart & Dawson Inc",5,2015-06-23,2026-06-14
"Rossi Law Offices, Ltd",28,2015-06-23,2026-08-16
"ATHAS CAPITAL GROUP, INC.",15,2015-06-24,2022-03-16
"EZ Loans, Inc.",5,2015-06-24,2021-10-25
"MORTGAGES UNLIMITED, INC.",1,2015-06-24,2015-06-24
"RIGHT START MORTGAGE, INC.",17,2015-06-24,2025-12-23
"SERVICE 1ST MORTGAGE, INC.",13,2015-06-24,2025-08-11
1ST 2ND MORTGAGE CO. OF NJ INC,3,2015-06-25,2023-08-24
CNP Solutions,2,2015-06-25,2015-06-27
Nationwide Funding Group Corp.,1,2015-06-25,2015-06-25
"Prizm Financial Company, LLC",46,2015-06-25,2026-08-26
"Reliable Auto Finance, Inc.",23,2015-06-25,2026-07-13
Nevada Professional Collections Texas,17,2015-06-26,2026-08-19
TFLC Trust,1,2015-06-26,2015-06-26
"Aurora Financial, LLC",14,2015-06-27,2024-12-03
Real Property Title Group LLC,2,2015-06-27,2015-07-19
Guardian Angel Mortgage,1,2015-06-28,2015-06-28
Jvs group,15,2015-06-30,2019-01-03
"Schiller & Knapp, LLP",7,2015-06-30,2019-04-16
Central Business Funding,11,2015-07-01,2020-06-23
Idaho Housing And Finance Association,391,2015-07-01,2026-09-25
Master Finance Company,18,2015-07-01,2026-09-09
"Resolute Credit, LLC",3,2015-07-01,2023-01-06
TOWN & COUNTRY ACCEPTANCE CORPORATION,8,2015-07-01,2025-02-19
"Asset Acquisition Group, LLC",6,2015-07-02,2021-08-18
Kirkland Financial LLC,11,2015-07-02,2026-08-30
S.B.S. Trust Deed Network,24,2015-07-02,2026-02-10
Western Mortgage Services,1,2015-07-02,2015-07-02
"Conn's, Inc.",2593,2015-07-03,2024-12-13
Integras Capital Recovery LLC,10,2015-07-03,2026-08-30
"Law Offices of Snyder & Associates, LLC",1,2015-07-03,2015-07-03
Quik Fund Inc.,3,2015-07-03,2020-12-18
"First Premier Financial, Inc.",12,2015-07-04,2018-04-19
"Aurora Enterprises, Inc.",9,2015-07-05,2025-11-29
"Cardinal Accounts, Inc.",9,2015-07-05,2025-10-10
Receivables Management Associates,27,2015-07-05,2026-08-05
"Creditech, Inc.",27,2015-07-06,2026-09-20
"Goldstein, Cruise and Smith LLC",16,2015-07-06,2019-04-25
MyCRD,1,2015-07-06,2015-07-06
Cooper Hoffman Klein Associates,50,2015-07-07,2020-03-14
Kevin A. Stevens,2,2015-07-07,2022-10-21
"United Military Mortgage, LLC",36,2015-07-07,2025-02-19
"EQUITY RESOURCES, INCORPORATED",31,2015-07-08,2026-07-03
"Maximum Title Loans, LLC",26,2015-07-08,2020-04-01
"CREDIT BUREAU OF FARMINGTON, INC",14,2015-07-09,2025-07-04
"G&P Enterprises, LLC",38,2015-07-09,2026-06-07
"Mortgage Lender Services, Inc.",2,2015-07-09,2020-10-02
Atlas Acquisitions LLC,2,2015-07-10,2016-04-19
Evergreen Moneysource Mortgage Company,50,2015-07-10,2026-08-11
"International Collection Systems, Inc.",12,2015-07-10,2026-07-07
"LUMINATE HOME LOANS, INC.",6,2015-07-10,2019-07-07
Mortgage.Shop LLC,1,2015-07-10,2015-07-10
"Payday Loan, LLC (CA)",4,2015-07-10,2023-07-17
"Full Service Mortgage Group, LLC",2,2015-07-13,2020-02-21
"Consumer Defense Group, LLC",1,2015-07-14,2015-07-14
"Credit Bureau of Howell County, LLC",6,2015-07-15,2026-08-12
Nationwide Doc Prep Inc,7,2015-07-15,2017-08-30
Bureau of Medical Economics of Santa Clara County,10,2015-07-16,2026-06-10
"Columbus Capital Lending, LLC, Miami, FL Branch",7,2015-07-16,2026-09-05
"Continental Currency Services, Inc.",7,2015-07-16,2026-04-22
"Panteris & Panteris, LLP",5,2015-07-16,2025-11-03
TH Professional & Medical Collections LTD,36,2015-07-16,2026-03-07
Bay to Bay Lending LLC,1,2015-07-17,2015-07-17
"Financial Freedom Mortgage, LLC",30,2015-07-17,2022-10-07
"Greenback Recovery Group, LLC",15,2015-07-17,2025-12-10
J. B. Collections,1,2015-07-17,2015-07-17
JLU Asset Management Group LTD,7,2015-07-17,2015-12-28
Magnum Association Services,7,2015-07-17,2026-07-21
"McCarthy & Holthus, LLP",41,2015-07-17,2026-07-14
"Geneva Financial, LLC, Chandler, AZ Branch",33,2015-07-18,2026-06-23
Paul Michael Marketing Service,51,2015-07-18,2023-12-18
"Revenue Collection Bureau, Inc.",9,2015-07-18,2024-06-11
The Shindler Law Firm,17,2015-07-18,2026-05-22
"ERNST, ARTMANN AND ASSOCIATES, INC.",8,2015-07-20,2023-01-29
Kauntey Mediation Services LLC,5,2015-07-20,2018-11-12
Missouri Loan Center LLC,2,2015-07-20,2015-11-24
North Dakota Housing Finance Agency,7,2015-07-20,2026-04-07
SIGNATURE MORTGAGE CORPORATION,3,2015-07-20,2023-02-24
"United Mortgage Resolution, LLC",1,2015-07-20,2015-07-20
Novea Portfolio Management LLC,21,2015-07-21,2026-04-04
"Plutos Sama, LLC",15,2015-07-21,2026-07-27
"THE JUDGE LAW FIRM, A LAW CORPORATION",2,2015-07-21,2018-01-30
"Travelex NY, Inc.",14,2015-07-21,2020-02-04
"Walwick, Inc",88,2015-07-21,2026-07-07
"Balekian Hayes, PLLC",3,2015-07-22,2017-09-14
Capital Recovery Corporation,33,2015-07-22,2026-09-11
"Grande Financial, Inc",1,2015-07-22,2015-07-22
Procollect Services LLC,18,2015-07-22,2026-08-03
Secure One Capital Corporation,20,2015-07-22,2024-10-23
"Celentano, Stadtmauer & Walentowicz, LLP",18,2015-07-23,2026-03-03
"OPES ADVISORS, INC.",4,2015-07-23,2018-07-19
"PRIORITY HOME MORTGAGE, L.P.",5,2015-07-23,2024-11-13
"Peak Acceptance, LLC.",27,2015-07-23,2026-07-08
"U.S. Home Capital, LLC",1,2015-07-23,2015-07-23
WALDEN ASSET MANAGEMENT LLC (Closed),5,2015-07-23,2016-11-10
"Automatic Data Processing, Inc.",111,2015-07-24,2021-03-10
Jenka Group Inc,3,2015-07-24,2016-03-22
"NDS, LLC.",6,2015-07-24,2026-04-12
"ONYX Lending, LLC",1,2015-07-24,2015-07-24
"Qualey Law Group, Inc.",10,2015-07-24,2025-04-25
Deatrick & Spies PSC,16,2015-07-25,2026-01-22
"AAA COLLECTORS, INC.",2,2015-07-27,2019-07-25
Debt Management Partners LLC,22,2015-07-27,2026-09-08
"Dorough & Dorough, LLC",15,2015-07-27,2026-04-27
Empire Resolutions Group,10,2015-07-27,2015-12-10
"I. C. Unlimited, Inc.",2,2015-07-27,2019-12-03
"Innovative Mortgage Services, Inc.",5,2015-07-27,2025-11-03
"Lennar Financial Services, LLC",296,2015-07-27,2026-09-20
"BANKERS MORTGAGE LENDING, INC.",2,2015-07-28,2018-02-02
Credit Restoration of Texas,1,2015-07-28,2015-07-28
Crown Mortgage Co.,7,2015-07-28,2020-08-24
"Eagle Financial Services, Inc.",212,2015-07-28,2026-09-14
MODERN FINANCE COMPANY,14,2015-07-28,2026-05-07
"Maui Collection Service, Inc.",3,2015-07-28,2016-04-28
eCon Credit LP,84,2015-07-28,2026-08-05
"Kingston Financial, LLC",40,2015-07-29,2026-07-28
Lionstone Holdings Group,34,2015-07-29,2017-11-09
RESIDENTIAL WHOLESALE MORTGAGE,1,2015-07-29,2015-07-29
SOUTHEAST MORTGAGE OF GA INC,20,2015-07-29,2025-12-16
Thrift Investment Corp.,65,2015-07-29,2026-07-22
LYON SERVICES CORPORATION,11,2015-07-30,2026-08-09
Law Offices of Stage & Associates PA,1,2015-07-30,2015-07-30
"Michaels, Louis & Associates, Inc.",3,2015-07-30,2026-02-26
Tesani Management Inc,17,2015-07-30,2026-01-06
"Aristocrat Title, LLC",2,2015-07-31,2026-05-06
"C&H INVESTMENTS, INC.",4,2015-07-31,2023-07-31
"Dennis Dillon Auto Park and Truck Center, Inc.,",13,2015-07-31,2026-05-06
High Point Asset Inc,145,2015-07-31,2026-05-09
"Murrell Law, LLC",1,2015-07-31,2015-07-31
N&S Partners,6,2015-07-31,2016-10-05
"Revenue Systems, Inc.",9,2015-07-31,2026-06-01
"First Title & Escrow, Inc",4,2015-08-01,2024-08-20
"First American Solutions, LLC",7,2015-08-03,2024-12-21
"1st Money Center, Inc., Hurst, TX Branch",4,2015-08-04,2017-12-24
Greene Finance Corporation,2,2015-08-04,2015-08-27
"Receivable Solutions, Inc.",223,2015-08-04,2023-02-04
Stern & Stern. P.C.,29,2015-08-04,2026-03-17
"AKT AMERICAN CAPITAL, INC. DBA AMERICAN CAPITAL CORP.",7,2015-08-05,2023-02-14
"CNG Investments, Inc",1,2015-08-05,2015-08-05
Clarksville Mortgage Corporation,1,2015-08-05,2015-08-05
"DFI Funding, Inc.",3,2015-08-05,2016-11-16
"LMS Services, Inc.",6,2015-08-06,2026-08-03
SI Mortgage Comapny Co.,4,2015-08-06,2022-07-15
Earnest Inc.,306,2015-08-07,2026-09-07
RUOFF MORTGAGE,52,2015-08-07,2026-07-13
Tal Lewis Incorporated,2,2015-08-07,2017-01-18
Account Information Management Corporation,8,2015-08-08,2026-03-20
"RevCrest, Inc.",8,2015-08-08,2018-06-01
CalLoan Corp,3,2015-08-10,2025-01-30
"Credits, Incorporated",29,2015-08-10,2026-04-21
Foreman Financial Inc.,32,2015-08-10,2026-08-27
Innovative Credit Solutions,15,2015-08-10,2019-11-25
CASH IN A FLASH INC,2,2015-08-11,2021-08-15
"Credit & Collection Recovery Services, Inc.",20,2015-08-12,2025-11-05
"Hylan Asset Management, LLC",1,2015-08-12,2015-08-12
M H Loans Corporation,1,2015-08-12,2015-08-12
"CAPITOL TITLE INSURANCE AGENCY, INC.",1,2015-08-13,2015-08-13
"Parnell & Parnell, PA",18,2015-08-13,2025-07-09
The Law Office of Richard M Kitrick Esq. LLC,1,2015-08-13,2015-08-13
"i3 Lending, Inc",5,2015-08-13,2025-12-23
Associates International Holdings Corporation,3,2015-08-14,2025-04-30
Boich Law Offices,2,2015-08-14,2023-07-13
"Credit Adjustment, Inc",5,2015-08-14,2026-05-13
Drexel Mortgage Corporation,3,2015-08-14,2021-03-28
"TRICO FINANCIAL SERVICES, LLC",2,2015-08-14,2018-12-31
United Credit Service Inc,9,2015-08-14,2021-12-08
"CARS Acquisition, LLC",143,2015-08-17,2026-09-16
"WILKINSON LAW FIRM, P.C.",5,2015-08-17,2026-04-23
"Loan Science, LLC",57,2015-08-18,2026-05-06
Auto One Acceptance LLC,8,2015-08-19,2024-05-24
"Smoky Management, LLC",4,2015-08-19,2019-12-06
"Bristlecone, Inc.",34,2015-08-20,2025-03-12
"Midwest Service Bureau, Inc.",72,2015-08-20,2026-09-18
"Access Capital Services, Inc.",32,2015-08-21,2024-07-24
Priority Financial Network,5,2015-08-22,2022-09-05
S Foreman & Associates Inc,1,2015-08-22,2015-08-22
"Apex Funding Group, Inc.",6,2015-08-24,2025-04-04
"Jomax, LLC",7,2015-08-24,2017-08-04
"Oasis Legal Finance Holding Company, LLC",50,2015-08-25,2026-07-02
ROBERT TIMMS AND ASSOCIATES INC.,4,2015-08-25,2017-04-21
"Rodriguez Fernandez Law Offices, LLC",17,2015-08-25,2026-06-05
"Upstart Holdings, Inc.",3567,2015-08-25,2026-09-28
"IMMEDIATE RECOVERY GROUP, INC",15,2015-08-26,2020-03-19
"Kirschbaum, Nanney, Keenan & Griffin, P.A.",13,2015-08-26,2025-01-08
Trinity Reverse Mortgage,2,2015-08-26,2017-08-04
United Built Homes LLC,20,2015-08-27,2025-03-13
Absolute Home Mortgage Corporation,14,2015-08-28,2025-08-11
"Financial Rescue, LLC",9,2015-08-28,2025-03-19
ALG,1,2015-08-31,2015-08-31
"MORTGAGE FIRM, INC., THE",24,2015-08-31,2026-01-19
"Kenneth E. Davidson, Attorney",13,2015-09-01,2026-09-10
"Scott and Goldman, Inc.",2,2015-09-01,2015-09-03
"American Receivables Agency, LLC",2,2015-09-02,2019-03-19
"Core Advisory Group, LLC",29,2015-09-02,2018-03-15
"Evans Law Associates, P.C.",6,2015-09-02,2016-03-23
"Integrity Asset Partners, Ltd.",11,2015-09-02,2020-05-11
B&F Finance Corp.,32,2015-09-03,2026-07-22
"Empowerment Ventures, LLC",1062,2015-09-03,2017-08-23
MTACC Inc.,2,2015-09-03,2022-03-13
"NJ Automotive Accounts Management Co, Inc.",3,2015-09-03,2025-01-12
"Radiant Title, LLC",1,2015-09-03,2015-09-03
Ray Skillman Ford Inc,8,2015-09-04,2026-07-30
World-Wide Communication Center,1,2015-09-04,2015-09-04
"DSW Mortgage, Inc.",1,2015-09-05,2015-09-05
"United Services Veterans Mortgage, LLC",2,2015-09-07,2021-12-06
"Alaska Cascade Financial Services, Inc.",4,2015-09-09,2021-12-23
Wilshire Escrow Company,6,2015-09-09,2016-05-19
"The Law Firm of Ryan E. Calef and Associates, LLC",4,2015-09-10,2016-05-09
"Warlick, Stebbins, Murray & Chew, LLP",1,2015-09-10,2015-09-10
Jet Lending Inc.,6,2015-09-11,2026-02-01
"Preferred Capital Funding of Illinois, LLC",6,2015-09-11,2026-02-13
"The Student Loan Project, Inc.",2,2015-09-11,2016-05-27
CONTOUR MORTGAGE CORPORATION,39,2015-09-13,2026-06-11
Credit Service International Corp,378,2015-09-13,2026-09-25
General Credit Service Inc.,13,2015-09-15,2026-05-11
Home Mortgage Alliance Corp. (HMAC),16,2015-09-15,2026-01-16
LoanStar Home Lending,3,2015-09-15,2024-05-20
"Metropolitan Bureau of Collections, Inc.",2,2015-09-15,2026-07-25
"Bonial & Associates, P.C",19,2015-09-16,2026-02-26
"Casesa Bowden Barlow, P.A.",5,2015-09-16,2024-10-14
"KAHRS LAW OFFICES, PA",42,2015-09-17,2026-06-01
Quality Lenders Inc,6,2015-09-17,2025-12-02
Roycroft Management,60,2015-09-17,2025-01-22
"Advantage Credit, Inc.",367,2015-09-18,2026-09-17
CORPORATE INVESTORS MORTGAGE,2,2015-09-18,2022-02-03
Time Investment Corporation,92,2015-09-21,2026-09-18
"Haines & Krieger, LLC",2,2015-09-22,2022-05-02
National Processing Group LLC,13,2015-09-22,2021-09-21
SCHOOLSFIRST FEDERAL CREDIT UNION,701,2015-09-23,2026-09-23
"Credit Karma, LLC",5129,2015-09-24,2026-09-18
"March Motors, Inc.",4,2015-09-24,2026-04-28
Thrive National Corporation,23,2015-09-24,2026-09-08
"SB Holdings, Inc.",18,2015-09-27,2026-02-17
BANKERS HEALTHCARE GROUP LLC,257,2015-09-28,2026-09-18
"Certified Bureau of the South, Inc",38,2015-09-28,2026-08-13
"Lipsey, Morrison, Waller & Lipsey, P.C.",4,2015-09-28,2024-12-23
"Premier Auto Sales, Inc.",8,2015-09-28,2026-06-01
Blackwater Capital Group LLC.,21,2015-09-30,2025-12-22
Collaborative Resolution Group,8,2015-09-30,2025-12-12
Stewart Information Services,53,2015-09-30,2026-09-01
Finest Title Company,1,2015-10-01,2015-10-01
"Jonathan C. Frank & Associates, LLC",20,2015-10-01,2017-11-01
"Salter Enterprises, Inc.",1,2015-10-01,2015-10-01
"Udren Law Offices, P.C.",18,2015-10-01,2018-07-10
"DRIVEiT Holdings, Inc.",6,2015-10-02,2020-11-24
"Great Lakes Home Mortgage, Inc.",4,2015-10-03,2025-07-14
Cumulus Funding LLC,12,2015-10-05,2025-11-23
HAC Holding Inc.,2,2015-10-05,2017-08-08
Law Offices of Les Zieve,42,2015-10-06,2026-06-04
Utah System of Higher Education,250,2015-10-06,2022-05-10
AMRON PROFESSIONAL SERVICES,5,2015-10-07,2024-05-10
American United Mortgage Corporation,1,2015-10-08,2015-10-08
"Demorest Group, LLC",1,2015-10-08,2015-10-08
"Grace Recovery Services, Inc.",2,2015-10-09,2016-12-15
"Danco Financial Services, LLC",65,2015-10-10,2026-06-23
"Professional Recovery Associates, Inc.",3,2015-10-12,2017-02-08
"Advance Paychecks,  LLC",2,2015-10-13,2016-03-24
"BAYSHORE MORTGAGE FUNDING, LLC",7,2015-10-14,2023-12-20
"OVM FINANCIAL, INC",10,2015-10-14,2025-10-22
Elsea Financial Services Inc.,2,2015-10-15,2026-06-11
E Mortgage,25,2015-10-16,2026-09-09
AMERICAN FINANCIAL MORTGAGE COMPANY,6,2015-10-19,2024-07-23
"JP Development, Inc.",2,2015-10-19,2017-05-18
FINANCIAL MANAGEMENT  SOLUTIONS (NY),3,2015-10-20,2016-01-21
"Special Financing Company, LLC",113,2015-10-20,2026-08-21
"Credit Bureau of Jonesboro, Inc.",21,2015-10-21,2026-08-29
Cunningham Law Inc.,2,2015-10-21,2017-05-23
"Pacific Mortgage Advisors, Inc.",1,2015-10-21,2015-10-21
WESTERN MASS CREDIT CORP.,4,2015-10-21,2020-09-15
"ZENCO COLLECTION, LLC",73,2015-10-22,2026-04-29
"Continental Title Holding Co., Inc.",1,2015-10-23,2015-10-23
"Muskegon Car Credit, Inc.",48,2015-10-23,2026-07-17
WESTERN ALLIANCE BANCORPORATION,116,2015-10-23,2026-09-11
"AR Resources, Inc. (FL)",104,2015-10-27,2023-08-16
Carma Enterprises Inc,39,2015-10-27,2026-09-03
Sterling Asset Resolution LLC,2,2015-10-27,2021-09-30
"VALLEY CREDIT SERVICES, INC. (WI)",17,2015-10-27,2020-09-02
"Credit Associates, Inc. (MO)",26,2015-10-28,2026-09-03
Curo Inc.,2,2015-10-28,2017-02-07
Escrow of the West,2,2015-10-28,2023-09-25
National Credit Processing Inc.,5,2015-10-28,2024-04-29
"Roach & Murtha, P.C.",36,2015-10-28,2026-02-02
245 Holdings LLC,1,2015-10-29,2015-10-29
Incomm Holdings Inc.,3497,2015-10-29,2026-09-14
"One Technologies, LP",37,2015-10-29,2026-08-16
Integrated Asset Recovery LLC,50,2015-10-30,2021-09-22
"Luper Neidenthal & Logan, A Legal Professional Association",1,2015-10-30,2015-10-30
"Michael Haynes & Associates, LLC",18,2015-10-30,2020-02-27
"Morgan & Curtis Associates, Inc.",1,2015-10-30,2015-10-30
PERL MORTGAGE,4,2015-10-30,2016-10-17
Payday America Inc.,17,2015-10-30,2026-02-10
"Regional Collection Services, Inc.",10,2015-10-30,2026-05-19
"Jensen & Sullivan, LLC",3,2015-10-31,2025-03-14
"Global Equity Finance, Inc.",34,2015-11-01,2026-08-29
"Sykes,Bourdon,Ahern & Levy, P.C.",18,2015-11-01,2026-09-07
"Consumer Attorneys of America, P.A.",5,2015-11-02,2025-01-29
"J&H Systems, LLC",2,2015-11-02,2022-10-31
"Horizon Debt Group, LLC",5,2015-11-03,2018-03-19
"Metro Area Collection Service, Inc.",23,2015-11-03,2023-05-21
Niagara Restitution Service Inc,29,2015-11-03,2026-08-23
"Rhodes, Kelly Assoc Inc",19,2015-11-03,2025-12-16
"Elly, LLC",6,2015-11-04,2023-12-05
Red Cedar Associates LLC,22,2015-11-04,2019-05-14
"William D. Meeker Enterprises, Inc.",288,2015-11-04,2026-09-25
Xtreme Products LLC,39,2015-11-04,2022-04-22
"Collection at Law, Inc. A.P.C.",35,2015-11-05,2026-06-18
Developers Mortgage Co.,4,2015-11-05,2025-02-21
"Heavner, Beyers & Mihlar LLC",22,2015-11-06,2026-05-27
Luna Financial LLC,4,2015-11-06,2026-06-20
"Wise Finance, LLC",6,2015-11-06,2026-08-25
LANIER COLLECTIONS AGENCY AND SERVICES INC,252,2015-11-08,2026-09-18
"M. Richard Epps, P.C.",17,2015-11-08,2026-05-13
Northrim Capital Investments Co.,2,2015-11-08,2024-08-30
"Prime Source Mortgage, Inc",4,2015-11-08,2017-09-27
"Dakota Bluff Financial, LLC",1,2015-11-09,2015-11-09
"Dant-Pacific, Ltd",4,2015-11-09,2026-03-28
"Houser & Allison, APC",7,2015-11-09,2017-09-28
"Century Finance, Inc.",23,2015-11-10,2026-06-12
"Inter-Cambio Express, Inc.",9,2015-11-10,2025-09-27
RAYMOND JAMES BANK,24,2015-11-10,2026-05-02
Richard H. Kream,9,2015-11-10,2026-01-15
Brown’s New Credit Bureau Inc.,48,2015-11-11,2026-09-03
"Dealer Funding, LLC",27,2015-11-11,2021-01-14
"Evergreen Acquistions, LLC",7,2015-11-11,2025-04-23
"American Financial Mortgage Services, Inc.",2,2015-11-12,2022-02-17
"Bastion Consumer Funding I, LLC",17,2015-11-12,2025-04-14
"Manor Resources, LLC",11,2015-11-12,2022-08-24
"Neiman, Stone & McCormick , P.C.",10,2015-11-12,2026-06-20
"Aldridge Pite, LLP",220,2015-11-13,2026-09-02
Clearview Resolution Services,60,2015-11-13,2026-09-10
One Source Technology,341,2015-11-13,2026-09-14
"E Z CASH OF DELAWARE, INC.",4,2015-11-16,2025-09-25
USI Solutions Inc.,131,2015-11-16,2025-11-24
C/C Financial,262,2015-11-19,2026-08-19
Care Cash Express LLC,1,2015-11-19,2015-11-19
"MB FINANCIAL, INC.",173,2015-11-19,2019-04-26
Park View Credit,18,2015-11-20,2026-05-12
"Genesis Credit Management, LLC",73,2015-11-23,2019-04-05
"Mezzetti Financial Services, Inc.",3,2015-11-23,2024-10-24
National Foreclosure Rescue Center,1,2015-11-23,2015-11-23
"CommonBond, Inc.",41,2015-11-25,2025-09-25
EQUITY LOANS LLC,109,2015-11-25,2026-07-29
Nations Holding Company,1,2015-11-25,2015-11-25
Ardmore Finance Corporation,32,2015-11-26,2026-09-02
STEWARD FINANCIAL SERVICES LLC,40,2015-11-27,2025-08-26
"Lowther Johnson Attorneys at Law, LLC",6,2015-11-29,2026-06-16
"Spero Solutions, Inc.",19,2015-11-30,2026-09-02
Centric Asset Management Inc,21,2015-12-01,2021-01-19
"Keaveney Legal Group, LLC",5,2015-12-01,2017-05-26
LendingPoint Holdings LLC,767,2015-12-01,2026-09-28
"MONEY SOURCE, INC., THE",920,2015-12-01,2026-08-25
"Seashine Financial, LLC",2,2015-12-01,2016-01-27
"1st Capital Mortgage, LLC",1,2015-12-02,2015-12-02
COMPUTER SCIENCES CORPORATION,30,2015-12-02,2025-06-15
DLG LLC,4,2015-12-02,2026-02-10
Mount Olympus Mortgage Company,3,2015-12-04,2016-08-06
Student Debt Center LLC,6,2015-12-04,2021-02-27
"Prosper Marketplace, Inc.",1574,2015-12-05,2026-09-12
American Tax Holding LLC,3,2015-12-08,2018-06-24
Counselors Title LLC,1,2015-12-08,2015-12-08
Nelson Cruz & Associates LLC,375,2015-12-08,2026-09-09
Northland Healthcare Alliance,5,2015-12-09,2021-03-17
RSR & ASSOCIATES INC.,2,2015-12-09,2021-03-20
"SimpliFast Lending, LLC",2,2015-12-09,2022-03-04
GET A RATE LLC,4,2015-12-10,2023-05-19
Hawaii Mortgage Experts,2,2015-12-11,2019-12-18
"Financial Services of Mississippi, Inc.",3,2015-12-14,2025-07-21
"GEMINI CAPITAL GROUP, LLC",12,2015-12-15,2024-11-29
Williston Financial Group,18,2015-12-15,2025-09-10
Debt Management Holdings LLC,5,2015-12-16,2019-02-04
"First Recovery Solutions, Inc.",56,2015-12-16,2025-03-31
Simple Loans,1,2015-12-17,2015-12-17
Neil Huffman Automobiles Inc.,4,2015-12-18,2026-02-16
Russell P Goldman PC,6,2015-12-18,2026-05-03
MARQUEE MORTGAGE,1,2015-12-21,2015-12-21
NSH Partnership,1,2015-12-21,2015-12-21
Dynamic Dedicated Financial Partnerships,5,2015-12-22,2020-05-05
"Abrahamsen Ratchford, P.C",25,2015-12-23,2022-08-04
The Cherrington Firm PLLC,29,2015-12-26,2026-02-25
"Western Collection Bureau, Inc.",10,2015-12-27,2021-08-23
Endpoint Resolution Services (ERS),20,2015-12-28,2021-04-23
"Fairfax Consolidated, LLC",5,2015-12-29,2025-02-25
"Avantus, LLC",56,2015-12-31,2021-08-19
"Caroline Peters Belsom, Attorney at Law, LLC",1,2015-12-31,2015-12-31
FRIC HOLDING CORPORATION,13,2015-12-31,2017-06-21
"North American Collectors, Inc.",6,2015-12-31,2024-01-30
"Value Recovery Holding, LLC",8,2015-12-31,2026-08-19
"The Chusid Law Firm, LLC",1,2016-01-02,2016-01-02
"Glennon Law Firm, LLC",17,2016-01-05,2026-09-16
"IMC Capital, LLC",47,2016-01-05,2024-02-03
"Real Title Agency, LLC",3,2016-01-05,2023-08-20
Middle Georgia Management Services,28,2016-01-06,2024-09-26
Student Assist Plus LLC,23,2016-01-06,2024-06-23
"Pohler and Associates, LLC",6,2016-01-07,2026-07-03
"Auto Acceptance, LLC",24,2016-01-08,2026-09-05
"Roberts Law, LLC",6,2016-01-08,2025-01-29
"ACQ Holdings, LLC.",27,2016-01-11,2026-05-26
Cheadle Law Firm,44,2016-01-12,2026-08-12
"Kivell, Rayment and Francis, P.C.",4,2016-01-12,2024-01-22
Law Offices of Alan J. Waintraub PLLC,5,2016-01-12,2024-10-08
"Skopos Financial, LLC",523,2016-01-12,2026-09-26
Alliance Group & Associates LLC,35,2016-01-13,2026-02-10
"Berndt & Associates, P.C.",19,2016-01-13,2021-04-21
Investment Evolution Corporation,3,2016-01-13,2020-05-26
Jemcap LLC,5,2016-01-13,2017-06-07
Rosen Management Services Inc.,11,2016-01-13,2016-04-13
Appalachian Lending Corporation,3,2016-01-14,2026-03-25
Metes & Bounds Title Company,1,2016-01-14,2016-01-14
"Solidifi US, Inc.",14,2016-01-14,2025-06-25
The Law Offices of Erskine and Fleisher,5,2016-01-14,2021-04-09
"BRite Financial Services, Inc.",104,2016-01-15,2026-03-16
"Carpenter, Hazlewood, Delgado & Bolen, PLC",9,2016-01-15,2023-10-11
McGlinchey Stafford PLLC,2,2016-01-15,2017-02-21
Oakridge Direct Solutions Inc.,17,2016-01-15,2017-06-30
"MAC5 Mortgage, Inc.",2,2016-01-18,2025-09-12
Bailey Automotive Finance Inc.,3,2016-01-19,2018-10-31
Barton Creek Auto Credit  LLC,7,2016-01-19,2022-12-08
Common Wealth Mortgage Services,26,2016-01-19,2026-08-07
GETM INCORPORATED,6,2016-01-19,2024-08-15
Harris Beach PLLC,9,2016-01-19,2025-11-19
RWLS Mortgage LLC,2,2016-01-19,2016-11-08
Fedloan Help,51,2016-01-20,2019-11-07
"Pacific Home Loans, Inc",14,2016-01-20,2024-11-07
SIBCY CLINE MORTGAGE SERVICE,2,2016-01-21,2020-12-23
Offices of Stein and Meyer,3,2016-01-22,2016-05-18
Red River Collections Inc.,5,2016-01-22,2024-08-15
"ClearOne Advantage, LLC",146,2016-01-23,2026-09-13
"Account Control Services, Inc",4,2016-01-25,2026-07-12
Tucker Financing Inc.,1,2016-01-26,2016-01-26
"DCI Credit Services, Inc.",74,2016-01-27,2026-08-01
"RANLife, Inc.",31,2016-01-27,2026-09-16
American Credit Financial,27,2016-01-28,2021-07-21
Asset Mediation Partners LLC,2,2016-01-28,2016-04-07
"BorrowersFirst, Inc.",14,2016-01-28,2017-12-19
"YKS Acceptance, Inc.",41,2016-01-29,2020-07-24
"National Finance Company, Inc.",45,2016-01-30,2026-09-01
CITYWORTH MORTGAGE LLC,36,2016-02-02,2022-12-21
NATIONS TRUST MORTGAGE CORPORATION,1,2016-02-02,2016-02-02
Vouch Financial Inc.,4,2016-02-02,2021-03-19
"Alavi Law, PLLC",1,2016-02-03,2016-02-03
"GUIDANCE RESIDENTIAL, LLC",22,2016-02-03,2026-08-07
"American 1st Rate Mortgage, LLC",6,2016-02-05,2026-05-02
Receivable Recovery Partners LLC,8,2016-02-05,2026-06-30
"Complete Collection Services, Inc.",10,2016-02-07,2026-05-17
"AM Systems, LLC",2,2016-02-08,2017-01-10
Contemporary Information Corp,488,2016-02-09,2026-09-20
Law Office Of Steven D. Silverstein,3,2016-02-11,2024-10-21
Lenox Financial Mortgage Corporation,21,2016-02-11,2023-12-06
"Primary Capital Mortgage, LLC",5,2016-02-11,2018-05-18
"Sonnenschein Financial Services, Inc.",22,2016-02-11,2021-11-18
"Straley & Otto, P.A.",4,2016-02-11,2025-09-30
"Veristone Mortgage, LLC",10,2016-02-11,2026-07-06
"INGRAHAM & ASSOCIATES, P.A.",1,2016-02-15,2016-02-15
ReliaMax Holding Company,22,2016-02-15,2025-01-11
"West Coast Servicing, Inc.",61,2016-02-15,2025-07-29
"National Account Services Group, LLC.",16,2016-02-16,2022-02-26
"Tsarouhis Law Group, LLC",30,2016-02-16,2026-09-13
"E-Backgroundchecks.com, Inc.",50,2016-02-17,2026-08-19
"Retail Recovery Service N. J., Inc.",2,2016-02-18,2017-05-25
"Rhojo Enterprises, LLC",25,2016-02-18,2019-06-08
"Alco Capital Group, LLC",7,2016-02-19,2026-07-08
"MORTGAGE EXPRESS, LLC",3,2016-02-20,2020-03-22
Riverwalk Financial Corporation,617,2016-02-22,2026-07-28
Simple Solutions Credit & Debt Consulting Inc.,2,2016-02-22,2016-06-06
"1st Capital Finance of South Carolina, Inc.",4,2016-02-23,2024-09-20
Integrity First Financial Group,7,2016-02-23,2018-04-03
"JBS Finance, Inc.",4,2016-02-23,2025-08-01
Washington Collectors Tri Cities Inc,7,2016-02-23,2023-05-27
"F & S Financial Marketing, Inc.",7,2016-02-24,2026-07-19
"James E. Albertelli, P.A., a Florida professional association",37,2016-02-24,2026-08-09
"National Account Systems of Madison, Inc",4,2016-02-24,2025-12-12
Benworth Capital Partners LLC,44,2016-02-25,2026-03-28
"Cohn, Goldberg & Deutsch,LLC",38,2016-02-25,2026-04-10
"Collection Service, Inc.",22,2016-02-25,2026-08-10
"FIRST AMERICAN ACCEPTANCE CO., LLC",1,2016-02-25,2016-02-25
"Garner & Conner, PLLC",16,2016-02-25,2025-05-27
"Red River Collection Company, Inc.",4,2016-02-25,2021-09-13
"Titan Title & Closing, LLC",2,2016-02-25,2017-09-29
Rosebud Economic Development Corporation,721,2016-02-26,2026-09-20
"Child Support Recovery Services, Inc.",39,2016-02-27,2026-03-24
Student Services,36,2016-02-27,2020-10-01
Creditors Specialty Service Inc,26,2016-02-29,2021-04-07
Rothstein Acquisitions LLC,6,2016-02-29,2017-09-15
"Shenandoah Legal Group, P.C.",2,2016-02-29,2022-10-09
ACCESS TO LOANS FOR LEARNING STUDENT LOAN CORP.,1,2016-03-02,2016-03-02
AMERICAN SECURITY MORTGAGE CORPORATION,7,2016-03-02,2026-06-07
Lincoln Financial Services,50,2016-03-02,2026-09-10
United Home Loan Services Inc.,3,2016-03-02,2025-10-10
CITIZENS FIRST WHOLESALES MORTGAGE,8,2016-03-03,2018-04-30
"Certified Solutions, Inc",71,2016-03-03,2026-07-07
Cooling & Winter LLC,236,2016-03-04,2025-05-02
HomeServices of Iowa,17,2016-03-04,2026-09-03
READY MORTGAGE LENDERS LLC,5,2016-03-04,2024-04-24
SFMC L.P.,39,2016-03-04,2026-09-03
V and H Portfolio,3872,2016-03-04,2026-09-24
EQUITABLE MORTGAGE CORPORATION,2,2016-03-06,2022-02-25
"Miguel A. Maza & Associates, PSC",15,2016-03-07,2026-04-23
"Account Outsourcing Group, LLC",6,2016-03-08,2018-08-23
"Curtwright & Klein, LLC",12,2016-03-08,2016-07-26
Liberty Loan Co inc.,4,2016-03-08,2018-02-06
MIDFIRST BANK,2121,2016-03-08,2026-09-16
"THE VALLE LAW FIRM, P.A.",3,2016-03-08,2016-08-26
"EMCC Holdings, LLC",154,2016-03-09,2024-05-17
Mutual Management Services LLC,194,2016-03-09,2026-09-23
"Phelan Hallinan & Jones, LLC",4,2016-03-09,2019-04-29
"CFS Holdings, Inc",17,2016-03-10,2021-04-13
"Duke Capital, LLC",5,2016-03-10,2026-03-10
Perfection Collection,333,2016-03-10,2021-05-03
"TFC Group, LLC",12,2016-03-10,2021-07-19
WINNPOINTE CORPORATION,31,2016-03-10,2023-08-08
Allied Servicing Corporation,21,2016-03-11,2026-01-05
Circle Internet Financial,88,2016-03-11,2026-03-25
"Randolph, Boyd, Cherry and Vaughan",18,2016-03-11,2024-07-12
"Accredited Land Transfer Col, Inc.",1,2016-03-14,2016-03-14
"WMC MORTGAGE, LLC",32,2016-03-15,2026-06-05
Future Financial Inc.,2,2016-03-16,2017-06-01
Mills Escrow Company,4,2016-03-16,2022-11-16
"DRB-40, LLC",186,2016-03-17,2026-09-08
"Educational Funding Resources, Inc.",1,2016-03-17,2016-03-17
FIRST US CAPITAL LLC,3,2016-03-17,2025-04-09
PREMIUM MORTGAGE CORP,10,2016-03-18,2025-12-23
Rock Holdings Inc.,12,2016-03-18,2026-07-12
BEXIL AMERICAN MORTGAGE INC.,3,2016-03-19,2020-01-07
"Onward Credit Holdings, LLC",10,2016-03-19,2019-01-28
"Krawczyk, Duginski & Rohr, S.C.",1,2016-03-21,2016-03-21
Schreiber Law LLC,94,2016-03-21,2026-08-26
"Fleet Financial, Inc.",54,2016-03-22,2026-08-20
Home American Mortgage Corp,58,2016-03-22,2026-05-28
"Southwestern Investors Group, LLC",11,2016-03-24,2022-01-14
Meridian Title  Corporation,4,2016-03-25,2026-03-14
Broadway Account Services,11,2016-03-28,2026-07-18
"Rothman Evans, P.C.",4,2016-03-28,2021-10-15
CrediautoUSA Financial Company LLC,17,2016-03-29,2026-02-11
"Deason Title Agency, LLC",1,2016-03-29,2016-03-29
HK Recovery Group Inc.,2,2016-03-30,2024-01-19
"Dennis P Lee P.C., L.L.O.",2,2016-03-31,2023-10-10
Equitable Acceptance Corp,367,2016-03-31,2026-04-07
Equity Now Inc.,2,2016-03-31,2018-10-02
"Flagstone Financial Services, Inc.",2,2016-03-31,2017-11-16
Moneyguard LLC,1,2016-03-31,2016-03-31
"American Mortgage Services,  Inc",4,2016-04-01,2025-05-07
"Ascend Consumer Finance, Inc.",7,2016-04-01,2021-12-05
Conduent Incorporated,2367,2016-04-04,2026-09-11
"ACC Management, Inc.",2,2016-04-05,2017-08-04
"Credit Counsel, Inc.",125,2016-04-05,2026-09-20
"Advantage One Credit, LLC",28,2016-04-06,2026-05-29
Reese Law Group,26,2016-04-06,2026-02-11
"Augusta Financial, Inc.",2,2016-04-07,2021-05-19
First Sun Financial Inc,2,2016-04-07,2025-04-03
"MEMBER FIRST MORTGAGE, LLC",41,2016-04-07,2026-08-03
Receivable Management Inc.,7,2016-04-08,2021-03-05
"Ronald B. Rich & Associates, PLC",5,2016-04-08,2026-07-04
VIP Mortgage Inc.,7,2016-04-10,2026-06-26
"Monarch Title, Inc.",2,2016-04-11,2026-03-28
Dealer Finance of Western Kentucky,9,2016-04-12,2024-10-23
"Weinstein, Karp & Associates, Inc.",12,2016-04-12,2025-09-02
Pendleton & Sutton LLC,10,2016-04-13,2025-11-05
"American Capital Mortgage, Inc",1,2016-04-14,2016-04-14
BFS Capital Inc.,8,2016-04-14,2025-03-29
"Elderlife Financial Services, LLC",5,2016-04-14,2026-01-24
"Green Monarch Mortgage, Inc.",1,2016-04-14,2016-04-14
"McManamy, McLeod, Heller, LLC",2,2016-04-14,2025-02-03
"Great Western Financial Services, Inc.",7,2016-04-15,2022-09-03
London & London,37,2016-04-15,2026-07-12
"Pendrick Capital Partners Holding, LLC",315,2016-04-15,2020-03-04
Weinman Acquisition Group,36,2016-04-15,2025-08-18
Credit Connection LLC,5,2016-04-18,2026-03-16
Ward Kilduff Mortgage,2,2016-04-18,2017-03-31
Meredian Inc,3,2016-04-19,2024-03-19
"LoanLeaders of America, Inc.",3,2016-04-20,2019-12-11
"Atlas Credit Company, Inc.",162,2016-04-21,2026-07-23
"Reimer, Arnovitz, Chernek &Jeffrey Co., LPA",48,2016-04-22,2025-04-22
"COMPASS MORTGAGE, INC.",4,2016-04-24,2021-04-22
CARD Corporation,406,2016-04-25,2026-09-08
Collection Solutions Inc.,6,2016-04-25,2025-03-26
Interstate Credit Control,14,2016-04-25,2026-08-13
SCS Credit Corporation,46,2016-04-25,2026-08-19
Auto Buyers Credit LLC,18,2016-04-26,2026-04-22
Larry H. Miller Group of Companies,844,2016-04-26,2026-09-19
J&J Financial Services LLC,1,2016-04-27,2016-04-27
"Law Offices of Paul L. Marks, P.L.L.C",2,2016-04-27,2020-07-18
Lighthouse Acceptance Corporation,3,2016-04-27,2025-08-31
"Manhattan Beach Venture, LLC",163,2016-04-27,2026-08-15
Eastern Management Group LLC,6,2016-04-28,2018-01-23
"Schrier, Tolin and Wagman, LLC",47,2016-04-29,2026-06-10
"Office of Brockman & Rollins, LLC",4,2016-04-30,2018-02-20
"ATLANTIC COAST MORTGAGE, LLC",9,2016-05-02,2026-07-22
1ST PREFERENCE MORTGAGE CORP,4,2016-05-03,2026-05-25
Amos Financial LLC,25,2016-05-03,2026-07-22
"French Financial, Inc.",46,2016-05-03,2026-08-21
"Kovach Law Firm, PLLC",2,2016-05-03,2018-01-04
"Receivable Collection Services, LLC",112,2016-05-03,2026-08-19
"Kyle Law Group, P.C.",2,2016-05-04,2016-12-21
"Lou Spivack, P.C.",3,2016-05-04,2017-10-25
"The CKB Firm, P.C.",3,2016-05-06,2026-07-20
The AAA Company,1,2016-05-07,2016-05-07
Overland Bond & Investment Corporation,49,2016-05-08,2026-08-15
DELMAR FINANCIAL COMPANY,7,2016-05-09,2022-08-24
"MIDWEST EQUITY MORTGAGE, LLC",10,2016-05-09,2020-06-18
"Taylor Pigue Marchetti & Blair, PLLC",1,2016-05-09,2016-05-09
Capitol Credit Company,6,2016-05-10,2026-07-26
"Multi-Financial Services, Inc.",6,2016-05-10,2025-09-23
"Residential Mortgage Solutions, Inc.",4,2016-05-10,2020-02-05
"All American Title Co., Inc",3,2016-05-11,2025-09-20
BAY VALLEY MORTGAGE GROUP,22,2016-05-11,2025-09-25
DCB Financial LLC,2,2016-05-11,2016-05-18
"Rainier Financial Group, LLC",11,2016-05-11,2026-05-01
"Puerto Rico Consumer Debt Management Co., Inc.",8,2016-05-12,2026-07-08
"The Accounts Retrievable System, Inc.",6,2016-05-12,2024-06-30
"American International Finance, Inc.",21,2016-05-13,2026-07-24
Credit Card Acquisitions Group,296,2016-05-13,2026-09-02
"Meyer & Kerschner, Ltd.",1,2016-05-13,2016-05-13
"Personal Asset Recovery, LLC",2,2016-05-13,2023-01-30
"Resurgence Capital, LLC",7,2016-05-13,2024-02-04
TriStar Mortgage Corp,1,2016-05-13,2016-05-13
"Pintor Partners, LP",33,2016-05-14,2026-04-08
"Pinnacle Financial Group, Inc.",27,2016-05-16,2026-08-14
RateBeat LLC,1,2016-05-17,2016-05-17
"Bakalar & Associates, P. A.",3,2016-05-18,2020-06-19
"S&N Debt Solutions, LLC",16,2016-05-18,2020-08-21
"Harrington, anderson & deblasio",2,2016-05-19,2026-04-22
Northstar Education Finance Incorporated,8,2016-05-19,2026-04-18
TFC Credit Corporation of California,150,2016-05-19,2026-09-11
"Vitek Real Estate Industries Group, Inc.",9,2016-05-19,2020-07-11
Blue Brick Financial LLC,7,2016-05-20,2025-10-30
LAKE MORTGAGE COMPANY INC.,2,2016-05-20,2016-06-24
Schukei Chevrolet Volkswagen,38,2016-05-21,2026-05-12
Bridgecrest Acceptance Corporation,7675,2016-05-22,2026-09-15
"James W. Crocker, PC",1,2016-05-22,2016-05-22
"Ashfield Management Services Inc,",14,2016-05-23,2020-02-25
INTERCONTINENTAL CAPITAL GROUP,102,2016-05-23,2026-06-17
"Zenith Financial Mortgage Company, Inc.",1,2016-05-23,2016-05-23
"Dwight Financial, Inc.",7,2016-05-24,2024-04-10
Angel Oak Home Loans LLC,20,2016-05-25,2023-06-13
"Integrity Home Mortgage and Finance, Inc.",1,2016-05-25,2016-05-25
Montgomery & Meyers P.A. Corporation,2,2016-05-25,2017-03-08
DM Motors,3,2016-05-26,2020-12-07
"Kwest Mortgage Group,  LLC",2,2016-05-26,2016-06-29
PARK NATIONAL CORPORATION,20,2016-05-26,2026-03-30
"DMB Financial, LLC",35,2016-05-31,2026-07-06
Data Check of America LLC,29,2016-05-31,2025-09-30
"Innovate Managed Holdings, LLC",230,2016-05-31,2026-09-04
Keyhole Financial Services,1,2016-05-31,2016-05-31
Law Office of Charles G. McCarthy Jr. & Assoc.,11,2016-05-31,2020-01-12
"Inlanta Mortgage, Inc.",1,2016-06-02,2016-06-02
"Law Office of Cynthia Hitt Kent, LLC",2,2016-06-02,2018-05-22
Meridian ARG Inc.,44,2016-06-02,2018-10-31
"Efron & Efron, Professional Corporation",2,2016-06-03,2016-09-23
NJ LENDERS CORP,27,2016-06-03,2026-04-16
"SEB Legal, LLC",1,2016-06-03,2016-06-03
"Abendroth and Russell, P.C.",1,2016-06-04,2016-06-04
International Collection Corporation,3,2016-06-06,2026-07-07
"Minnesota Home Financial, LLC",1,2016-06-06,2016-06-06
Riverwalk Financial CORPORATION,20,2016-06-06,2021-07-23
"SMB Enterprises, LLC",1,2016-06-06,2016-06-06
SmartCredit LLC,31,2016-06-06,2026-07-25
"The Finance Co, LLC",6,2016-06-07,2020-10-22
"CBC Credit Services, Inc.",19,2016-06-09,2023-06-20
Calvin Dean Homolka II,4,2016-06-09,2022-02-13
"Wolcott Rivers Gates, PC",3,2016-06-09,2021-01-12
American Lending LLC,9,2016-06-10,2026-07-13
"Silvermine Ventures, LLC",2,2016-06-10,2023-09-07
United Student Loan Assistance Center,15,2016-06-10,2021-08-19
"Aequitas Capital Opportunities Fund, LP",19,2016-06-13,2026-05-19
Global Tel*Link Corporation,113,2016-06-13,2026-09-14
"Fidelity Direct Mortgage, LLC",10,2016-06-14,2025-05-11
Residential Bancorp,19,2016-06-14,2026-06-09
TJR Asset Recovery LLC,1,2016-06-14,2016-06-14
The Law Firm of Krisor & Associates,13,2016-06-15,2026-05-25
"Checkr, Inc",2004,2016-06-16,2026-09-27
FIRST ALLIANCE HOME MORTGAGE,8,2016-06-16,2025-10-30
"Miller, Stark, Klein and Associates",88,2016-06-16,2020-03-02
"HARTFORD FUNDING, LTD",7,2016-06-17,2026-07-01
Perennial Funding LLC,1,2016-06-17,2016-06-17
"Styner Enterprises, Inc., Menifee, CA Branch",1,2016-06-19,2016-06-19
Fortren Funding LLC,9,2016-06-20,2019-08-15
JMBM Investments And LRAR Investments,2,2016-06-20,2016-08-25
"AAA Auto Title Loans, LLC",147,2016-06-21,2026-09-04
"Orion Portfolio Services, LLC",71,2016-06-21,2026-08-28
"Vinson Mortgage Services, Inc.",3,2016-06-21,2017-06-09
"Island Title Services, Inc.",2,2016-06-22,2017-03-17
JMAC LENDING INCORPORATED,19,2016-06-22,2026-05-07
"Guy C. Zukeran, Attorney at Law, LLLC",1,2016-06-23,2016-06-23
"Zealandia Holding Company, Inc.",9,2016-06-23,2020-12-17
State Finance Company,24,2016-06-24,2026-01-23
The Cadle Company,22,2016-06-24,2026-06-19
"Lexington Consumer Advocacy, LLC",10,2016-06-25,2021-03-03
"National Creditors Connection, Inc",10,2016-06-26,2021-08-11
Fusion Auto Finance,25,2016-06-27,2026-09-04
"Financial Adjustment Bureau, Inc.",20,2016-06-28,2022-08-27
Lenders Valuation Services,1,2016-06-28,2016-06-28
Northwest Title Company,3,2016-06-28,2025-11-22
Patriot Lending Services Inc,2,2016-06-28,2022-06-16
South Mississippi Collection Services Inc.,71,2016-06-28,2026-08-19
Allarin Professional Group LLC,2,2016-06-29,2019-05-16
"Assets Recovered, LLC",2,2016-06-29,2025-04-08
"Central Service Bureau, Inc.",10,2016-06-29,2025-06-05
"Barrett Financial Group, L.L.C.",40,2016-07-01,2026-07-25
"Neighborhood Housing Services of Toledo, Inc.",5,2016-07-01,2026-03-08
"Rubin Lublin, LLC",19,2016-07-01,2026-08-31
"SUCCESS MORTGAGE PARTNERS, INC",23,2016-07-01,2026-09-14
Townstone Financial Inc,3,2016-07-01,2018-04-29
Houston Finance Co.,27,2016-07-03,2026-05-15
MoneyLion Inc.,3997,2016-07-03,2026-09-14
Shore View Financial Partners Inc.,2,2016-07-04,2016-11-29
Credit Solutions,24,2016-07-06,2021-08-13
"Carter Business Service, Inc.",26,2016-07-07,2026-06-15
BTH Management,2637,2016-07-08,2026-09-25
New Mexico Educational Assistance Foundation,35,2016-07-08,2026-09-04
"FIRST MIDWEST BANCORP, INC.",181,2016-07-09,2022-06-27
"Figliola & Romano, LLC",7,2016-07-10,2026-09-08
West One Capital Group Inc.,3,2016-07-10,2021-02-25
"NorAm Capital Holdings, Inc.",7,2016-07-11,2026-07-21
Professional Collection Service Inc (GA),110,2016-07-11,2026-09-10
"Butler and Associates, PA",55,2016-07-12,2026-07-21
Eastern Asset Services LLC,23,2016-07-12,2026-08-05
"Simple Cash Loans, Inc.,",10,2016-07-12,2023-04-05
USA Service Finance LLC,21,2016-07-14,2023-09-20
Altitude Community Law P.C.,23,2016-07-15,2026-08-06
"Cashbak, LLC",10,2016-07-17,2026-02-11
Uber Technologies Inc.,54,2016-07-18,2019-10-09
"Applied Data Finance, LLC",579,2016-07-19,2026-09-12
"Associates Title, Inc.",2,2016-07-19,2016-08-03
"Giordano, DelCollo, Werb & Gagne, LLC",1,2016-07-19,2016-07-19
"Sterling & Associates, LLC",32,2016-07-19,2026-03-20
"Atlas Mortgage Partners, LLC",2,2016-07-20,2016-07-20
STME LLC,1,2016-07-20,2016-07-20
CarsNow LLC,1,2016-07-21,2016-07-21
"K STREET FINANCE, INC.",13,2016-07-21,2025-11-11
Columbus Finance Inc.,9,2016-07-22,2025-05-27
Home Headquarters Inc,5,2016-07-22,2025-10-24
Paragon Credit Services,5,2016-07-22,2018-09-11
Prosperity Connection,2,2016-07-22,2016-08-11
Mathew Aaron Holdings Inc.,40,2016-07-24,2026-09-12
"JTM Capital Management, LLC",147,2016-07-25,2026-05-08
Blackrock Mitigation Group LLC,24,2016-07-26,2026-07-17
LINCOLN EDUCATIONAL SERVICES CORPORATION,176,2016-07-26,2026-09-04
Westley Auto Inc,4,2016-07-26,2026-03-05
"Young America Holdings, LLC",7,2016-07-26,2024-10-31
Baird Home Corporation,3,2016-07-27,2026-07-14
"Better Mortgage, Inc.",382,2016-07-27,2026-06-26
American Acceptance Corp. of South Carolina,6,2016-07-28,2021-10-01
"Kaman & Cusimano, LLC",17,2016-07-28,2026-08-17
"Moody, Jones & Ingino, P.A",10,2016-07-28,2026-04-05
"ZIP CAPITAL GROUP, LLC",4,2016-07-28,2026-09-09
Insight Financial Services LLC,2,2016-07-29,2019-04-11
Olympic Credit Service Inc.,5,2016-07-29,2026-07-22
Welcome Home Finance,2,2016-07-31,2023-06-02
ACRANET INC,32,2016-08-01,2026-02-05
"Moria Development, Inc.",23,2016-08-01,2026-06-10
ALKAN MORTGAGE CORPORATION,1,2016-08-03,2016-08-03
Mintex Inc.,10,2016-08-03,2025-11-06
Filaport Acquisitions,10,2016-08-04,2017-07-12
Southern Tier Credit Center Inc,1,2016-08-04,2016-08-04
"Venture Financial Services, Inc.",9,2016-08-04,2018-12-12
"eMoneyUSA Holdings, LLC",94,2016-08-04,2026-09-03
"Alpine Capital Investments, LLC",1,2016-08-05,2016-08-05
"Thunderbird Finance Management, LC",7,2016-08-05,2025-12-17
Zingo Cash Illinois LLC,16,2016-08-05,2025-07-29
"Neighborhood Autos, LLC",24,2016-08-06,2026-08-24
"World Credit Recovery, LLC",2,2016-08-06,2017-08-10
"Financial Management & Associates, Inc.",2,2016-08-09,2019-08-22
MyScore LLC,3,2016-08-09,2021-06-07
Ray Skillman Westside Imports Inc,7,2016-08-09,2024-07-20
"Stewart, Zlimen & Jungers, Attorneys, Ltd.",20,2016-08-09,2026-06-09
"Case Law Firm, S.C.",3,2016-08-10,2023-03-17
Global Mobile Limited Liability Company,1,2016-08-11,2016-08-11
"PRIME MORTGAGE LENDING, INC",2,2016-08-11,2022-01-14
"Automotive Funding Group, Inc",11,2016-08-12,2026-07-02
Summit Consumer Group,11,2016-08-12,2026-07-23
Michael J Adams PC,74,2016-08-13,2026-08-28
"Azcar Capital, Inc.",1,2016-08-14,2016-08-14
Duane Morris LLP,11,2016-08-15,2023-12-22
"Insikt, Inc.",65,2016-08-15,2026-06-18
PCR Group,98,2016-08-15,2026-09-22
Veterans Relief Services LLC,5,2016-08-16,2026-02-01
"Greater Collection Agency Bureau, LLC",16,2016-08-18,2019-06-18
Revenue Recovery Systems,2,2016-08-18,2024-01-19
The Hamilton Law Association,9,2016-08-18,2019-01-07
Trans National Credit Corporation,10,2016-08-18,2022-12-22
"Lotane & Associates, P.A.",46,2016-08-19,2026-08-11
"Southwest Finance, L.L.C.",2,2016-08-20,2018-04-25
Assured Financial Partners,56,2016-08-22,2026-07-24
Garrison Investment Group,180,2016-08-23,2026-09-02
WILLOW BEND MORTGAGE,11,2016-08-23,2026-07-03
Apex Resolution Group LLC,17,2016-08-24,2025-04-22
"Taurus Law Group, P.C.",6,2016-08-24,2017-03-06
"Thomas Kerns McKnight, LLP",7,2016-08-24,2026-08-11
Alternative Resource Services Inc,3,2016-08-25,2026-07-30
Brian Kvarfordt,4,2016-08-25,2025-08-21
"Cross State Motors, LLC",1,2016-08-25,2016-08-25
Crow Creek Sioux Tribe,296,2016-08-25,2026-09-13
"FIRST OHIO HOME FINANCE, INC",2,2016-08-25,2018-06-05
"LANDMARK MORTGAGE OF TAMPA BAY, INC",1,2016-08-25,2016-08-25
"Unisa, Inc",113,2016-08-25,2026-09-05
"Mikki S. Yitzchaki, P.C.",3,2016-08-26,2018-07-24
"ASSURANCE FINANCIAL GROUP, LLC",30,2016-08-29,2026-09-04
Allied California,1,2016-08-29,2016-08-29
Arcstone Financial Inc.,2,2016-08-29,2024-01-11
"A.L. Babbs and Associates, LLC",3,2016-08-30,2026-09-07
"Core Recoveries, LLC",8,2016-08-30,2019-04-30
"Homefront Mortgages, Inc",2,2016-08-31,2019-04-29
Medisys Ventures,2,2016-08-31,2023-11-25
"ORO OC, LLC",14,2016-09-01,2025-10-09
TransferWise Ltd,2095,2016-09-01,2026-09-25
AE Tradings Inc,15,2016-09-02,2026-07-03
"Northern Arizona Creditors Service, Inc.",6,2016-09-02,2021-06-23
"Globe Acceptance, Inc.",15,2016-09-03,2026-07-01
"R&R Medical Billing, Inc.",1,2016-09-04,2016-09-04
"Bread Financial Holdings, Inc.",49208,2016-09-05,2026-09-23
"Federated Adjustment Company, Inc.",3,2016-09-06,2017-03-31
RETAIL MERCHANTS ASSOCIATION OF LUBBOCK,2,2016-09-06,2017-06-01
"Ingo Money, Inc.",150,2016-09-07,2026-09-17
"Longbridge Financial, LLC",98,2016-09-07,2026-09-15
Royal Pacific Funding Corporation,70,2016-09-07,2026-09-15
Southeast Finance Inc.,9,2016-09-07,2021-06-24
ClearLine Loans LLC,3,2016-09-08,2023-05-18
"J & K Financial Services, LLC",2,2016-09-08,2025-10-07
NORTH AMERICAN FINANCIAL CORP,3,2016-09-08,2026-04-20
"New Era Asset Management, LLC",49,2016-09-08,2024-07-23
"Xpress Cash Management, LLC",1,2016-09-08,2016-09-08
AAA LEGACY INVESTMENTS,1,2016-09-09,2016-09-09
"LAW OFFICES OF RANDALL L. PRATT, P.C.",3,2016-09-09,2026-06-17
"Concorde Land Title Services, Inc.",1,2016-09-10,2016-09-10
"Global American Title Agency, Inc.",1,2016-09-10,2016-09-10
"Bayside Recovery Services, Inc.",8,2016-09-12,2026-08-27
Currencies Direct Inc.,6,2016-09-12,2025-03-13
"Modlin Slinsky, P.A.",47,2016-09-12,2026-08-19
"Blue Global Media, Inc.",23,2016-09-13,2020-07-03
"F C Tucker Company, Inc",1,2016-09-13,2016-09-13
"Net Pay Advance, Inc.",88,2016-09-13,2026-09-21
Sibbett Auto Sales LLC,1,2016-09-13,2016-09-13
"Brian P. Mickles, PLLC",2,2016-09-14,2019-02-12
"ATLANTIC COAST FINANCIAL SERVICES, INC.",1,2016-09-15,2016-09-15
Emergi-Cash,3,2016-09-15,2024-08-08
NOBLE HOME LOANS INC,4,2016-09-15,2026-07-11
"Automated Recovery Systems of New Mexico, Inc",5,2016-09-16,2026-07-07
"Bay Area Title Services, LLC",1,2016-09-16,2016-09-16
General Credit Services,23,2016-09-16,2025-12-03
Car Cage Motors Inc,2,2016-09-17,2025-12-29
"FIRST CONSUMER, LLC",5,2016-09-18,2025-10-02
Gotmortgage.com,18,2016-09-18,2025-08-17
CONTINENTAL MORTGAGE BANKERS,4,2016-09-19,2023-01-03
"Clear Title Solutions, Inc.",1,2016-09-19,2016-09-19
Advanced Professional Group,6,2016-09-20,2017-10-20
"America's Mortgage Center, LTD.",2,2016-09-20,2022-02-04
"American Heritage Capital, LP",2,2016-09-20,2019-09-20
C2 Financial Corporation,15,2016-09-20,2026-06-06
The Collection Agency LLC,5,2016-09-20,2023-10-25
"West Penn Financial Service Center, Inc.",2,2016-09-20,2024-09-24
Garcadia Financial LLC,108,2016-09-21,2022-05-16
"Leopold & Associates, LLC",17,2016-09-21,2025-12-06
National Title Co.,2,2016-09-21,2018-07-10
Hawk Inc,24,2016-09-22,2026-09-08
Residential Title & Escrow Co,4,2016-09-22,2019-11-16
"Richard J. Murphey, Attorney at Law",1,2016-09-22,2016-09-22
ABC Credit & Recovery Services Inc.,16,2016-09-23,2026-09-21
"United Check Recovery Bureau, Inc.",84,2016-09-23,2026-08-06
"America's Mortgage Lender, L.L.C.",2,2016-09-26,2022-06-09
"Harvest Strategy Group, Inc.",22,2016-09-26,2026-09-17
"Ogden Holdings, LLC",13,2016-09-26,2026-08-19
CAPITAL CENTER LLC,6,2016-09-27,2026-01-29
Douglass & Associates Co. LPA,8,2016-09-27,2025-04-07
JPL Recovery LLC,3,2016-09-27,2019-03-21
"Brilliance Credit, LLC",2,2016-09-28,2024-07-13
"Capstone Credit & Collection, LLC.",338,2016-09-28,2026-09-16
Integrity Group Inc,4,2016-09-28,2019-12-02
Directors Financial Group,2,2016-09-29,2017-09-26
"MTAG Services, LLC",2,2016-09-29,2025-10-04
"Palmar, Inc.",114,2016-09-29,2026-09-09
Prospect Recovery Solutions LLC,5,2016-09-29,2018-10-09
Quick Debt Services LLC,28,2016-09-29,2026-08-18
UNITED CREDIT CORP. OF SOUTHAVEN,33,2016-09-29,2026-09-10
"Vinci Law Office, LLC",22,2016-09-29,2026-05-13
TCN Inc,8,2016-09-30,2025-11-04
REMAX,24,2016-10-02,2026-06-18
"Capstone Funding Group, Inc.",4,2016-10-03,2017-01-22
Security Credit Corporation,2,2016-10-03,2018-10-02
Educational Opportunity,2,2016-10-04,2017-01-16
Title Tree Holdings LLC,1,2016-10-04,2016-10-04
"Delev & Associates, LLC",6,2016-10-05,2022-10-24
Henry Andrew Schmidt III,1,2016-10-05,2016-10-05
Telerecovery Corporation,350,2016-10-05,2026-09-13
"American Payment Holdco, Inc.",19,2016-10-06,2020-02-04
"Fortune Title Agency, Inc.",2,2016-10-06,2018-06-06
J Northland Group,8,2016-10-07,2018-08-17
National Integrity LLC,2,2016-10-07,2018-07-07
Oklahoma Student Loan Authority,195,2016-10-07,2025-09-04
"VNU Group, LLC",15,2016-10-08,2026-08-26
"C & S Auto Enterprises, Inc",4,2016-10-11,2025-12-02
"USA Credit Solutions, Inc",7,2016-10-11,2026-09-11
Essential Lending Inc,256,2016-10-12,2026-09-13
"TDF Financial Services, Inc.",9,2016-10-12,2022-04-27
AD Capital LLC,2,2016-10-13,2025-01-17
"Kehoe Financial Group, LLC",37,2016-10-13,2026-03-12
"Uniquity Financial, LLC",1,2016-10-13,2016-10-13
Associates Financial Solutions Inc,3,2016-10-14,2025-11-06
The Collection Bureau Inc.,4,2016-10-14,2020-06-19
"Fairfield Services M, LLC",1,2016-10-15,2016-10-15
SBG Financial,7,2016-10-15,2024-09-10
"ZINC Financial, Inc.,",26,2016-10-17,2025-12-07
Association Collection Services LLC,1,2016-10-18,2016-10-18
"Gulf States Financial, L.L.C.",2,2016-10-18,2026-04-01
Accelerated Servicing Group LLC,67,2016-10-19,2026-02-10
"CONVERGING CAPITAL, LLC",1,2016-10-20,2016-10-20
FTA Financial LLC,1,2016-10-20,2016-10-20
Kelly Harvey P.C.,1,2016-10-20,2016-10-20
"Newman, Hesse & Associates, P. A.",22,2016-10-20,2026-05-19
"E MORTGAGE MANAGEMENT, LLC",38,2016-10-26,2026-06-11
Executive Title Company,1,2016-10-27,2016-10-27
"1 STOP MONEY CENTERS, LLC",16,2016-10-28,2026-07-28
"Hart West Financial, Inc",1,2016-10-28,2016-10-28
"Mid-Minnesota Management Services, Inc.",19,2016-10-31,2026-09-10
Peoples Credit Inc.,7,2016-10-31,2026-05-19
"Perry Law Office, P.C.",6,2016-10-31,2026-03-29
Pipeline Ventures,1,2016-10-31,2016-10-31
"Acceptance Rentals, Inc.",36,2016-11-01,2020-02-18
FundLoans Capital,4,2016-11-01,2024-12-27
"ACI Worldwide, Corp.",48,2016-11-02,2026-09-05
"Collection Bureau of Little Falls, Inc.",16,2016-11-03,2026-03-26
"Community Loan Fund of New Jersey, Inc",3,2016-11-03,2019-05-21
"CoreTitle, LLC",4,2016-11-03,2025-01-23
Registered Mediation Associates LLC,4,2016-11-03,2020-06-08
"Ronald H. Reynolds, Inc.",9,2016-11-03,2018-11-07
"Poser Investments, Inc.",6,2016-11-04,2021-02-23
"Sportsman's Credit, LLC",1,2016-11-04,2016-11-04
"Square One Financial, LLC",5,2016-11-04,2022-08-27
Progressive Debt Relief LLC,2,2016-11-07,2019-05-15
Global DS Group LLC,2,2016-11-08,2017-10-04
"Lofstrom Law Firm, LLC",1,2016-11-08,2016-11-08
Zenith Financial & Insurance Solutions Inc.,1,2016-11-08,2016-11-08
Jet Direct Funding Corp,6,2016-11-09,2023-02-01
O’Reilly Rancilio P.C.,2,2016-11-09,2019-06-19
"Peters & Associates, LLP",1,2016-11-09,2016-11-09
"First Help Financial, LLC",221,2016-11-10,2026-09-15
"POLI MORTGAGE GROUP, INC.",2,2016-11-10,2020-06-27
"Clarkson Law Firm, LLC",18,2016-11-11,2025-02-04
"Mineola Texas Star, LLC.",6,2016-11-12,2024-03-27
"Billco, Inc",1,2016-11-13,2016-11-13
"FirstCollect, Inc.",17,2016-11-14,2026-02-09
"Manhattan Financial Group, Inc.",1,2016-11-14,2016-11-14
"The Law Offices of Richard W. Krieg, LLC",3,2016-11-15,2018-02-18
"Conville & Conville, PLLC",1,2016-11-16,2016-11-16
HANCOCK MORTGAGE PARTNERS LLC,7,2016-11-16,2023-01-08
OMNI MORTGAGE CORP.,2,2016-11-16,2017-06-29
FIRST RATE MORTGAGE CORP,2,2016-11-17,2017-01-31
Texan Financial Services Inc,10,2016-11-17,2026-09-02
The CFM Group,21,2016-11-18,2026-02-05
"Winona Holdings, Inc.",12,2016-11-18,2025-06-30
Elite Student Solutions,3,2016-11-19,2019-03-04
"BCG Equities, LLC",35,2016-11-21,2026-08-21
"Codilis & Stawarski, P.C.",5,2016-11-21,2024-11-23
United Credit and Collections Inc.,156,2016-11-21,2026-09-10
Chaplain Financial Services LLC,52,2016-11-22,2020-03-05
"Patriot Finance, LLC",7,2016-11-22,2020-10-15
"ADVISORS MORTGAGE GROUP, LLC",19,2016-11-23,2025-08-28
"Global Resolution Group, LLC",20,2016-11-23,2020-11-06
"Jersey Mortgage Company of New Jersey, Inc.",7,2016-11-23,2021-06-23
"LENCO FINANCE OF CARENCRO, INC",9,2016-11-23,2026-04-10
Westcreek Financial,1255,2016-11-23,2026-09-13
"Curtin Law Firm, P.C.",1,2016-11-25,2016-11-25
Nevada Mortgage,3,2016-11-26,2024-02-09
Routhmeir Sterling Inc.,4,2016-11-26,2018-11-29
"Prepaid Ventures, LTD",7,2016-11-28,2021-05-28
The Home Loan Expert LLC,5,2016-11-28,2022-11-22
"Ambassador Mortgage, LLC",6,2016-11-29,2026-09-11
Injury Case Funding Services LLC D/B/A Injury Case Funding LLC,1,2016-11-29,2016-11-29
Accudata Credit Systems LLC,13,2016-11-30,2025-01-27
Alacrity Collections Corporation,4,2016-11-30,2019-11-03
"Alternative Finance Company, LLC",1,2016-11-30,2016-11-30
"American Trst Company, Inc.",5,2016-11-30,2026-07-18
Weinberg Mediation Group LLC,105,2016-11-30,2019-01-16
Lannister Law Corporation,1,2016-12-01,2016-12-01
Posh RE Mortgage corporation,3,2016-12-01,2025-01-29
Cstone Mortgage Inc,10,2016-12-05,2022-02-01
Northwood Asset Management Group,75,2016-12-05,2022-08-05
COMMUNITY MORTGAGE CORPORATION,3,2016-12-06,2025-07-26
LAW OFFICE OF JOHN E. LINDNER P.A.,13,2016-12-06,2026-07-06
"College Foundation, Inc.",142,2016-12-07,2026-06-18
"Inheritance Funding Company, Inc.",4,2016-12-07,2026-04-18
MWS Financial Services LLC,4,2016-12-07,2026-04-21
"Performance Settlement, LLC",36,2016-12-07,2024-05-03
"Sindeo, Inc.",3,2016-12-07,2018-12-28
Arapahoe Motors,9,2016-12-08,2025-09-09
JLB CORPORATION,12,2016-12-08,2025-06-23
CREDIT CARD MANAGEMENT SERVICES INC,4,2016-12-09,2026-07-10
"Ewing & Ewing Attorneys, P.C.",4,2016-12-09,2019-09-30
"SUBURBAN MORTGAGE, INC.",3,2016-12-09,2025-09-26
"Specialized Management Services, Inc.",14,2016-12-09,2022-05-02
"Student Loan Freedom, LLC",2,2016-12-09,2019-03-06
"COMMONWEALTH MORTGAGE, LLC",3,2016-12-10,2017-02-10
Nexera Holding LLC,10,2016-12-10,2026-04-22
Freedom Financial Capital LLC,5,2016-12-12,2025-10-23
"IJLfinancial, Inc.",1,2016-12-12,2016-12-12
LN CAPITAL CORP.,1,2016-12-12,2016-12-12
Choice Mtg INC.,4,2016-12-13,2026-04-07
Jet Cash Funding Inc.,1,2016-12-13,2016-12-13
R3 Processing,3,2016-12-13,2018-02-04
TCF FINANCIAL CORPORATION,130,2016-12-13,2020-02-03
"INTEGRA SERVICING, LLC",5,2016-12-14,2026-06-15
Title on Demand of NJ Inc.,1,2016-12-14,2016-12-14
American Title Corp,1,2016-12-15,2016-12-15
Global Home Finance Inc.,1,2016-12-15,2016-12-15
"Emerald Coast Collections, LLC",8,2016-12-16,2022-01-26
Goodwill Finance LLC,5,2016-12-16,2026-06-03
Motormax Financial Services Inc.,10,2016-12-16,2024-11-15
"Benn Realty Services, Inc.",1,2016-12-18,2016-12-18
TRN Financial LLC,2,2016-12-18,2021-06-07
Advanced Resolution Services Inc.,2481,2016-12-20,2025-10-21
Professional Mortgage Associates,3,2016-12-21,2019-01-03
Secured Marketing Concepts Corporation,2,2016-12-21,2026-07-15
Signature Mortgage Inc of Indiana,1,2016-12-21,2016-12-21
"Utah Loan Servicing, LLC",6,2016-12-21,2025-11-04
Consumer Shield,12,2016-12-22,2026-07-27
North Idaho Credit Corporation,10,2016-12-22,2026-01-29
Car Cash of Lawrenceville LLC,1,2016-12-23,2016-12-23
Certified Direct Solutions,2,2016-12-23,2023-06-17
LendingUSA,216,2016-12-23,2026-08-29
"Amerifinance, Inc.",6,2016-12-26,2024-06-03
"Alpha Title, LLC",1,2016-12-27,2016-12-27
Credit and Receivables Services Inc.,10,2016-12-27,2022-06-08
Greenberg & Sada PC,3,2016-12-27,2022-11-28
"Tribal Lending Enterprise, Inc.",351,2016-12-27,2026-08-08
"GREAT WESTERN BANCORP, INC.",72,2016-12-29,2022-03-30
"Co-Operative Adjustment Bureau, Inc.",19,2016-12-30,2021-09-17
Courtesy Finance LLC,23,2016-12-30,2026-08-25
Twin City Motors Inc,4,2017-01-02,2025-10-24
"Castle Restorations, Inc.",1,2017-01-03,2017-01-03
"HMSV Financial Services, Inc.",4,2017-01-03,2023-04-19
Legacy Funding Corporation,9,2017-01-03,2026-04-16
"Lucie, Scalf, Sutton & Bougher, Attorney At Law",2,2017-01-03,2018-08-27
Oplis Financial LLC,2,2017-01-03,2020-10-19
Eagle Phillips LLC,2,2017-01-04,2026-01-20
"GOLDEN 1 CREDIT UNION, THE",994,2017-01-04,2026-09-16
"GOOGAIN, INC.",5,2017-01-04,2021-05-23
"V.I.P. MORTGAGE, INC.",15,2017-01-04,2026-07-01
"Digital Media Solutions, LLC",2,2017-01-05,2018-03-08
"Gillman Interests, Inc.",4,2017-01-05,2026-05-16
Rivertown Credit LLC,6,2017-01-06,2026-02-28
"Economic Recovery Consultants, Inc",3,2017-01-08,2020-05-02
National Student Debt Advisory Corp.,12,2017-01-09,2021-10-01
ENRAMEX INC,64,2017-01-10,2026-03-03
"American Consumer Credit Counseling, Inc.",12,2017-01-11,2026-08-04
Kason Credit Corporation,17,2017-01-11,2025-11-10
"The Check Cashing Place, Inc.",6,2017-01-11,2024-05-20
First Financial of Tennessee Home Loans LLC,1,2017-01-12,2017-01-12
"A-1 Fast Cash of Tucker, Inc",1,2017-01-13,2017-01-13
BROCKELBANK INC,18,2017-01-17,2026-08-07
"Empire Acceptance Company, Inc.",2,2017-01-18,2017-05-06
"Financial Aid Network, LLC",3,2017-01-18,2026-09-11
"Student Loan Care, LLC",28,2017-01-18,2025-03-20
"Armand Law Group, PLLC.",2,2017-01-19,2017-02-14
FUTURE FINANCE COMPANY,16,2017-01-19,2026-09-06
"Moyer Brown Holdings Enterprise, LLC",6,2017-01-19,2019-05-06
PROPEL FINANCIAL SERVICES LLC,17,2017-01-19,2026-01-13
"Professional Credit Analysts of MN, Inc.",57,2017-01-19,2026-02-06
"Mary Mae Financial, LLC",1,2017-01-20,2017-01-20
WFI Funding Inc,1,2017-01-21,2017-01-21
"Auto Masters, LLC",5,2017-01-22,2021-01-26
ABR Recovery Services LLC.,58,2017-01-24,2019-09-11
Approved Mortgage Corporation,3,2017-01-24,2025-05-23
"Burns, Burns, Walsh & Walsh, PA",3,2017-01-24,2017-01-27
HARRIS AUTOMOTIVE GROUP LLC,1,2017-01-24,2017-01-24
Maxitransfers LLC,12,2017-01-24,2026-07-15
Premier Lending and Real Estate,3,2017-01-24,2026-07-08
Foundation Realty Group,3,2017-01-25,2025-12-19
MCI Mortgage Inc,3,2017-01-25,2024-04-11
"Select Financial Services, Inc.",30,2017-01-25,2021-10-05
Access Financial LLC,14,2017-01-26,2019-06-11
"Automatic Financing, Inc.",1,2017-01-26,2017-01-26
"Global Asset Agency, Inc.",45,2017-01-26,2026-08-10
"Great State Mortgage, LLC",1,2017-01-26,2017-01-26
Atlas Finance LLC,1,2017-01-27,2017-01-27
ACS Financial LLC,1,2017-01-29,2017-01-29
STEPHEN D LANDAU,1,2017-01-30,2017-01-30
"The Lemoine Group, Inc",4,2017-01-30,2022-01-14
BROADVIEW MORTGAGE CORPORATION,19,2017-01-31,2026-08-04
Jeremy Doppelt Realty Management LLC Defined Benefit Plan,4,2017-01-31,2017-02-10
"SHD Legal Group, P.A.",4,2017-01-31,2019-01-31
ASG Solutions LLC,28,2017-02-01,2025-04-02
"BREMER BANK, NATIONAL ASSOCIATION",43,2017-02-01,2025-10-02
"D'Aquila, Contreras and Vega, A Professional Law Corporation",6,2017-02-01,2025-10-29
"Summit Account & Computer Service, Inc.",5,2017-02-01,2026-03-11
"United Debt Counselors, LLC",38,2017-02-01,2026-01-30
"American Homestead Mortgage, LLC",1,2017-02-02,2017-02-02
"LICTY, INC.",7,2017-02-02,2018-08-02
"RAYBOUN MULLIGAN, PLLC",1,2017-02-02,2017-02-02
"De Lage Landen Finance, LLC",48,2017-02-03,2026-07-15
Verisk Analytics Inc,439,2017-02-03,2026-09-13
"Butler, Butler & Rowse-Oberle, P.L.L.C.",18,2017-02-04,2025-08-23
"MACOY CAPITAL PARTNERS, INC.",2,2017-02-04,2025-10-29
"REISENFELD & ASSOCIATES LPA, LLC",5,2017-02-05,2023-08-11
"HomeTown Lending Partners, LLC",1,2017-02-06,2017-02-06
"Main Street Holdings, Inc.",39,2017-02-06,2026-07-31
Class Financial,2,2017-02-07,2017-07-10
"Creditrepair.com, Inc.",26,2017-02-07,2019-11-13
THE STUDENT LOAN HELP CENTER,1,2017-02-07,2017-02-07
"ALLTRAN FINANCIAL, LP",1,2017-02-08,2017-02-08
"Crescent City Credit Recovery, Inc.",40,2017-02-08,2026-04-01
"Law Offices of Phillip B. Ochs, Esq.",1,2017-02-08,2017-02-08
"MLB Residential Lending, LLC",8,2017-02-08,2025-05-27
Wembley's Inc,1,2017-02-08,2017-02-08
"Premia Mortgage, LLC",3,2017-02-09,2017-09-29
DOAN SOLUTIONS,21,2017-02-10,2026-06-05
"Devon Financial Services, Inc.",5,2017-02-10,2026-01-23
"ROWLETT MORTGAGE LENDING, LTD",1,2017-02-10,2017-02-10
Gallatin Valley Financial,9,2017-02-12,2026-02-25
"Advance Title and Loans, LLC",1,2017-02-13,2017-02-13
PARKS TITLE COMPANY,4,2017-02-13,2017-11-22
"Ekimoto & Morris, a Hawaii Limited Liability Law Company",3,2017-02-14,2026-07-20
FIRST CREDIT FINANCE,24,2017-02-14,2026-06-01
"POINT ESCROW, LLC",1,2017-02-14,2017-02-14
CHARTER CAPITAL CORPORATION,1,2017-02-15,2017-02-15
Collection Specialists,2,2017-02-15,2017-07-27
St.John Cobb Inc,16,2017-02-15,2025-02-09
Title Security Agency LLC,6,2017-02-15,2025-03-05
"Integrity Funding Ohio, LLC",56,2017-02-16,2026-06-08
"TRANSCARD, LLC",24,2017-02-16,2026-07-21
"Eagle Creek Mortgage, LLC",1,2017-02-17,2017-02-17
SUISSE BANCORP,1,2017-02-19,2017-02-19
"KELLER,GRIMALDI AND ASSOCIATES",3,2017-02-20,2017-04-12
"ABSOLUTE FINANCIAL SERVICES, INC",5,2017-02-21,2021-03-04
"SECURITY NATIONAL TITLE AND ESCROW, LLC",1,2017-02-22,2017-02-22
"THE MONEY HOUSE, INC.",14,2017-02-22,2021-12-04
FLORIDA HOME TRUST MORTGAGE,30,2017-02-23,2026-06-02
"PMMC and Associates, LLC",3,2017-02-23,2017-08-18
Panhandle-Plains Student Finance Corporation,9,2017-02-23,2020-07-01
"Grandeagle Financial, LLC",3,2017-02-27,2019-05-23
SUMMIT TITLE SERVICES CORP.,1,2017-02-28,2017-02-28
Recovery Management Solutions LLC,95,2017-03-02,2026-08-20
GARDEN STATE HOME LOANS INCORPORATED,5,2017-03-03,2022-07-18
Law Office Of Phillip G. Krueger,1,2017-03-03,2017-03-03
UNITED STUDENT LOAN SOLUTIONS,8,2017-03-03,2018-10-23
"LIMESTONE TITLE AND ESCROW, LLC",1,2017-03-04,2017-03-04
"Bierer Law Group, P.A.",3,2017-03-06,2022-08-26
"REPORTS, INC.",11,2017-03-06,2026-05-04
"CreditGUARD of America, Inc.",7,2017-03-07,2025-11-26
"National Judgment Recovery Center, L.P.",8,2017-03-07,2018-03-15
"M3 Mortgage Specialists, Inc",1,2017-03-08,2017-03-08
"Minnesota Financial Solutions, LLC",1,2017-03-08,2017-03-08
Personal Loan Service,3,2017-03-08,2021-11-15
IT'S TIME - CREDIT REPAIR LLC,3,2017-03-09,2022-10-12
"Mortgage Professionals of Sun Valley, Incorporated",1,2017-03-09,2017-03-09
"KILOWATT FINANCIAL, LLC, A SPRUCE FINANCE COMPANY",52,2017-03-10,2026-04-03
NATIONAL NETWORK NEGOTIATOR'S INC.,1,2017-03-10,2017-03-10
"Middlesex Health Resources, Inc",7,2017-03-11,2020-01-06
KEYSTONE EQUIPMENT FINANCE CORP.,32,2017-03-12,2026-05-28
"Higher Education Servicing Corporation, Inc.",40,2017-03-13,2026-07-15
TOWER MORTGAGE CORPORATION,2,2017-03-13,2023-05-18
United National Services,10,2017-03-13,2022-04-01
Veem  Inc.,24,2017-03-13,2026-09-07
Millco Management,783,2017-03-14,2025-11-20
"ACIMA CREDIT, LLC",3902,2017-03-15,2026-09-22
CNG HOLDINGS INC,556,2017-03-15,2026-09-23
"Creditors' Service Bureau of Niles, Inc",7,2017-03-15,2023-06-08
"J & B Endeavors, LLC",15,2017-03-15,2024-09-26
"ResidentCheck, Inc.",2,2017-03-15,2017-11-18
"Strategic Automotive Servicing, LLC",19,2017-03-15,2025-04-25
"UNITED ONE RESOURCES, INC.",12,2017-03-15,2025-04-21
VELO LAW OFFICE,124,2017-03-15,2026-09-06
"WILSON & ASSOCIATES, PLLC",18,2017-03-15,2025-08-20
"Automated Accounts, Inc.",20,2017-03-16,2026-05-21
"COMPREHENSIVE LEGAL SOLUTIONS, INC.",1,2017-03-16,2017-03-16
MORTGAGE 4 U LLC,1,2017-03-16,2017-03-16
"Mitsubishi Motors North America, Inc.",52,2017-03-16,2026-05-02
SCENIC OAKS FUNDING,2,2017-03-16,2021-02-03
"State Cap Auto Finance, Inc",12,2017-03-16,2026-07-12
Escrow Inc,11,2017-03-17,2025-07-21
CRESCO CAPITAL INC.,102,2017-03-19,2026-08-30
"CASH, INC.",1,2017-03-20,2017-03-20
"Mohr Investigative Services, Inc.",1,2017-03-20,2017-03-20
"American First Financial Services, Inc.",2,2017-03-21,2018-12-21
Premier Student Loan Center,228,2017-03-21,2021-10-07
"Frontline Financial, LLC",4,2017-03-22,2025-07-28
"U.S. IMPACT, INC.",1,2017-03-22,2017-03-22
"HARRIS, KLEIN ASSOCIATIES, INC.",7,2017-03-23,2021-07-02
Volunteer Mortgage Loan Servicing,54,2017-03-23,2026-08-31
"Consolidated Auto Sales, Inc.",15,2017-03-24,2026-07-02
"Francy Law Firm, P.C.",24,2017-03-24,2026-07-30
Self Lender Inc,73,2017-03-26,2020-05-14
"BLUE WATER CREDIT, LLC",1,2017-03-27,2017-03-27
DEBT CREDIT SERVICES,14,2017-03-27,2026-01-20
Homelife International Mortgage Co. Inc.,2,2017-03-27,2017-06-22
CARDPLATFORMS LLC,3,2017-03-28,2019-12-03
JUMBO LOAN EXPERTS LLC,1,2017-03-28,2017-03-28
"TimeMark Solutions, Inc",13,2017-03-28,2019-08-14
"GMS Holdings, Inc.",7,2017-03-29,2026-09-01
"Lawrence A. Patish, P.C.",2,2017-03-29,2026-08-22
"Moneylink Mortgage, Inc.",1,2017-03-29,2017-03-29
"Nudge Funding, LLC",10,2017-03-30,2025-10-02
Julem Capital Corp,2,2017-03-31,2019-11-19
"Ovation Financial Services, LLC",24,2017-03-31,2026-08-25
"Capital Financial Group, LLC of Illinois",1,2017-04-01,2017-04-01
"Ciconte Wasserman Scerba & Kerrick, LLC",1,2017-04-01,2017-04-01
La Casa Bonita Investments,31,2017-04-01,2021-12-06
"ALL FAMILY FINANCE, LLC",4,2017-04-03,2024-10-23
"LAW OFFICES OF ROBERT S. PERRY, P.C.",1,2017-04-03,2017-04-03
PRESTAMOS RAPIDITOS,5,2017-04-03,2024-07-08
Paragon Title & Escrow Company,1,2017-04-03,2017-04-03
"LoanHero, Inc",21,2017-04-04,2022-02-07
Account Control Bureau,11,2017-04-05,2018-03-15
Bayside Credit,30,2017-04-05,2026-08-23
"Keypoint Mortgage, LLC",3,2017-04-05,2026-03-05
Mr. Cooper Group Inc.,15430,2017-04-05,2026-03-08
"Sum Investments, Inc.",8,2017-04-05,2026-04-29
"ADVANTAGE RECOVERY SERVICES, INC.",5,2017-04-06,2024-02-24
"AGORA NOTUS, LLC",3,2017-04-06,2018-05-12
"Aldridge PIte Haan, LLP",223,2017-04-06,2026-07-29
"Easy Finance, LLC",50,2017-04-06,2026-09-09
Jacobs Arbitration And Associates Inc.,3,2017-04-06,2023-03-17
GENTRY FINANCE CORPORATION,32,2017-04-07,2026-08-27
"MORTAGE WAREHOUSE LLC, THE",1,2017-04-07,2017-04-07
Schneiderman & Sherman P.C.,4,2017-04-07,2022-05-16
"Star Loans of Texas, Inc.",23,2017-04-07,2026-09-14
"VICTORY MORTGAGE, LLC",4,2017-04-10,2025-12-31
Century Debt Solutions Inc.,11,2017-04-11,2025-06-30
"College Ave Student Loan Servicing, LLC",223,2017-04-11,2026-09-09
"Creditmax Collection Agency, Inc. d/b/a Creditmax, Inc.",12,2017-04-11,2026-08-26
DIXIE FINANCE COMPANY,12,2017-04-11,2026-06-10
Dearden's,1,2017-04-11,2017-04-11
"Lima One Capital, LLC",39,2017-04-11,2026-09-03
PEOPLES UNITED BANK,1,2017-04-11,2017-04-11
"Cornerstone Holdings, Inc.",167,2017-04-12,2026-09-17
Student Debt Consolidation LLC,2,2017-04-12,2017-06-07
"Leading Edge Solutions, LLC",4,2017-04-14,2024-02-20
PNB INTERNATIONAL INVESTMENTS CORPORATION,8,2017-04-14,2026-07-10
PREFERRED MORTGAGE CORPORATION,5,2017-04-14,2021-01-28
Student Debt Consolidating,4,2017-04-14,2026-05-19
The Manley Law Firm LLC (dba MDK Legal),21,2017-04-14,2025-06-11
"Miller Investment Group, Inc DBA AutoNow",6,2017-04-17,2026-09-01
Orange County Housing Finance Authority,1,2017-04-17,2017-04-17
Sequoia Financial Services,423,2017-04-17,2026-09-15
American Mediation,6,2017-04-18,2021-10-07
"Aspen Properties Group, LLC",18,2017-04-18,2026-06-05
Fresh Start Credit Solutions,3,2017-04-18,2019-12-06
The Dunning Law Firm APC,6,2017-04-18,2026-05-11
Student Loan Debt Agency,16,2017-04-19,2026-07-05
Red Rock Financial of Cedar City,4,2017-04-20,2025-12-19
Seben Hospitality Investments LLC,8,2017-04-20,2026-05-15
"Holst & Boettcher, LLP",4,2017-04-21,2019-02-26
Optima Advocates,21,2017-04-21,2021-04-07
"NQM Funding, LLC",20,2017-04-24,2026-03-23
"Small & Small, Attorneys PLLC",5,2017-04-24,2025-10-28
Westwood Legal,18,2017-04-24,2020-04-15
"WRJ Holdings, LLC",24,2017-04-25,2026-05-12
ACXIOM CORP.,85,2017-04-26,2026-08-12
Provadus LLC,1,2017-04-26,2017-04-26
Activehours,284,2017-04-27,2026-09-18
"Credit Bureau Financial Services, Inc.",13,2017-04-27,2021-03-24
Purpose Funding Inc.,2,2017-04-28,2021-02-26
"Silver Cloud Financial, Inc",1,2017-04-29,2017-04-29
ALG Trustee LLC,3,2017-05-01,2024-12-17
FULTON FINANCIAL CORPORATION,494,2017-05-01,2026-09-21
MORTGAGE INVESTORS GROUP,14,2017-05-01,2025-09-20
PERLAND TITLE & ESCROW SERVICES CORP,1,2017-05-02,2017-05-02
STARBOARD FINANCIAL MANAGEMENT,3,2017-05-02,2026-07-20
"(Former)Shapiro, Swertfeger & Hasty, LLP",4,2017-05-03,2025-10-20
"Georgia Receivables, Inc.",2,2017-05-03,2017-12-06
Ray Skillman Chevrolet Inc,8,2017-05-03,2025-02-10
Yamaha Motor Finance Corporation USA,451,2017-05-03,2026-08-21
TMAGNUSONE Inc,8,2017-05-04,2021-03-08
First Choice Credit Management,2,2017-05-05,2021-02-09
"Law Firm of Katz and Associates, PLLC",4,2017-05-05,2026-08-10
"Strive Lending, Inc.",2,2017-05-05,2018-07-20
NAFCO Finance,13,2017-05-06,2026-05-11
"Dellwo, Roberts & Scanlon, P.S.",1,2017-05-08,2017-05-08
"The Academy Law Group, P.A.",1,2017-05-08,2017-05-08
"Certified Credit Associates, Inc.",4,2017-05-09,2021-05-17
"SYNERGY ONE LENDING, INC.",21,2017-05-10,2020-12-03
Comenity Bank,2,2017-05-11,2017-05-18
"DEBT 0, INC",29,2017-05-11,2026-09-21
"Suna Capital III, LLC",1,2017-05-11,2017-05-11
"Jones & Walden, LLC",3,2017-05-12,2026-04-30
Rhode Island Housing and Mortgage Finance Corporation,47,2017-05-12,2026-06-04
"Investigative Concepts, Inc.",16,2017-05-13,2026-07-16
"Open Dealer Exchange, LLC",1539,2017-05-13,2026-09-23
"America Transfers, Inc.",3,2017-05-15,2018-07-02
Origen Financial Services LLC,8,2017-05-16,2025-01-24
"StanleyAFE, LLC",4,2017-05-16,2026-02-19
"Gold Law, A Professional Corporation",1,2017-05-18,2017-05-18
SETERUS INC,1,2017-05-18,2017-05-18
Spring Equity LLC,47,2017-05-19,2026-07-30
Family First Funding LLC,11,2017-05-20,2024-06-02
InvestiNet LLC,53,2017-05-20,2026-07-16
"CBM Mortgage, Inc.",3,2017-05-22,2018-12-10
Rothberg Logan & Warsco LLP,4,2017-05-22,2026-05-20
Brady & Cissne Law,1,2017-05-23,2017-05-23
Bubba Hill Auto Plaza Inc,4,2017-05-23,2024-04-03
Financial Solution Providers LLC,6,2017-05-23,2022-03-08
Meridian Financial Solutions Inc,4,2017-05-23,2018-02-02
"Sprunger Law Office, LLC",2,2017-05-23,2017-05-23
"Advantage Recovery Group, Inc",2,2017-05-24,2019-10-04
Red Bishop LLC,7,2017-05-24,2020-07-08
"Roost Lending, Inc.",1,2017-05-24,2017-05-24
LEVEL 4 FUNDING LLC,5,2017-05-25,2026-08-31
Regional Mediation Associates LLC,2,2017-05-25,2019-09-25
BELING & ASSOCIATES,3,2017-05-29,2020-04-21
AMERICAN FAMILY FUNDING GROUP Inc.,8,2017-05-31,2026-08-12
DAVIDSON FINK LLP,4,2017-05-31,2023-04-22
PARAGON REVENUE GROUP,1,2017-06-01,2017-06-01
"Pacific Coast Legal Services, Inc.",2,2017-06-01,2025-09-03
BUCKEYE FINANCIAL SERVICES OF ALLIANCE INC.,41,2017-06-02,2026-07-21
First Consumers Financial LLC,13,2017-06-02,2026-03-01
Kashia Services,260,2017-06-02,2026-09-18
"SELLING SOURCE, LLC",14,2017-06-03,2019-05-30
"Atlas Capital, Inc.",6,2017-06-04,2024-06-06
Keystone Credit Services LLC,22,2017-06-05,2024-09-23
"B&B Funding, LLC",21,2017-06-06,2026-08-10
"Cascade Creditors Service, llc",10,2017-06-06,2025-04-08
"Consumer Recovery Solutions, LLC",17,2017-06-06,2021-06-25
Credit Management Systems,3,2017-06-06,2021-09-24
"Empire Financial Services, Inc.",5,2017-06-06,2026-05-07
"Graystone Funding Company, LLC",5,2017-06-06,2025-11-18
"iCollect.com, Corp.",2,2017-06-06,2026-08-25
Action Finance Inc.,14,2017-06-09,2026-07-08
"The Rickel Law Firm, P.C.",6,2017-06-09,2026-06-22
"LoanMe, Inc.",1,2017-06-12,2017-06-12
"Portview Billing Services, LLC",1,2017-06-12,2017-06-12
"Porania, LLC",195,2017-06-13,2026-08-23
Interest Smart Home Loans,1,2017-06-14,2017-06-14
"Zimmerman & Zimmerman, P.A.",5,2017-06-14,2026-06-08
Hampton & Hampton Collections LLC,8,2017-06-15,2023-10-13
Independent Savings Plan Co.,43,2017-06-15,2026-09-07
LOAN SIMPLE INC.,22,2017-06-17,2026-06-24
"ADVANCED DEBT COLLECTION, INC.",10,2017-06-18,2026-06-17
"Law Offices of Crystal Moroney, P.C.",9,2017-06-19,2019-07-31
"PRACTICAL VENTURES, LLC.",1,2017-06-19,2017-06-19
A Top Golden Lending,1,2017-06-20,2017-06-20
"American Liberty Mortgage, Inc.",6,2017-06-20,2026-08-02
"Benchmark Services, Inc.",1,2017-06-20,2017-06-20
Ray Skillman GMC Truck Inc,10,2017-06-20,2026-09-04
"Sequium Asset Solutions, LLC",4989,2017-06-20,2026-09-13
The Best Credit Group,1,2017-06-20,2017-06-20
"Davis and Goldmark, Inc.",12,2017-06-21,2024-04-23
Higher Level Processing,27,2017-06-21,2025-07-08
"KMT Group, LLC",3,2017-06-21,2023-10-11
"Waypoint Resource Group, LLC",2600,2017-06-21,2026-09-15
"WT Capital Lender Services, a California Corporation",1,2017-06-22,2017-06-22
American Student Loan Advocates,3,2017-06-26,2020-10-16
"JSZ Financial Co., Inc.",32,2017-06-26,2026-09-03
Olson Associates PC,11,2017-06-26,2025-02-20
Wharthog Ventures LLC dba Loans Not Sharks,12,2017-06-26,2026-03-14
Hypotec Inc.,6,2017-06-27,2019-04-10
"MORTGAGE LINK, INC., THE",3,2017-06-27,2026-04-02
"Outsource Services, Inc. d/b/a National Acceptance Company",8,2017-06-27,2023-10-30
"CCI Financial, Inc",15,2017-06-28,2026-08-18
"PRO MORTGAGE ASSOCIATES, INC",3,2017-06-28,2023-03-30
"Pave, Inc.",1,2017-06-28,2017-06-28
"Salander Enterprises, LLC",12,2017-06-29,2026-06-16
"Douglas L. Brooks, PC",7,2017-06-30,2026-06-15
"UNITED BANKSHARES, INC.",240,2017-06-30,2026-09-09
"The Winn Brown Law Firm, LLC",4,2017-07-02,2024-07-25
"William J Allen, P.A.",2,2017-07-03,2017-08-23
"FlexPath Capital, Inc",15,2017-07-04,2025-01-13
CHOICE LENDING CORP,2,2017-07-07,2018-06-29
Neighborhood Housing Services of NYC,16,2017-07-07,2026-08-15
"Phoenix Management Solutions, L.L.C.",7,2017-07-07,2025-07-16
"Motolease, LLC",67,2017-07-12,2024-09-06
"Pioneer Law Firm, P.C.",7,2017-07-12,2021-08-26
STATEWIDE AUTO SALES,31,2017-07-12,2026-06-27
Pacific Capital Mortgage Corporation,1,2017-07-14,2017-07-14
Paradigm Capital Group,2,2017-07-17,2024-06-12
"Professional Systems of Mankato, Inc.",4,2017-07-17,2022-02-13
"First Choice Lending Services, LLC",6,2017-07-18,2026-08-27
"First Financial Credit, Inc",13,2017-07-18,2026-07-31
"Greenberg Law Firm, Professional Corporation",2,2017-07-18,2017-09-26
Catalyst Mortgage Inc.,6,2017-07-20,2024-04-19
Iron Capital Group,6,2017-07-20,2022-11-09
"Premier Consumer Credit Counseling, Inc.",6,2017-07-20,2026-02-12
"KBHS Home Loans, LLC",22,2017-07-21,2021-04-26
Watson Mortgage Corp.,1,2017-07-21,2017-07-21
Securitas Financial Inc,2,2017-07-24,2017-10-30
"Surf Consultants, Inc.",14,2017-07-24,2025-09-02
Fontenot Parker and Associates,1,2017-07-25,2017-07-25
"Pettitt & Kimball, PLLC",4,2017-07-25,2026-06-09
"The Law Office of Michael A. Priddle, LLC",3,2017-07-25,2026-01-23
WOOD FINANCE INC DBA PREMIER ACCEPTANCE,30,2017-07-25,2026-06-16
Credence Funding Corporation,9,2017-07-26,2020-10-15
"Meade Recovery Services, LLC",36,2017-07-26,2026-07-15
REARDEN S INCORPORATED,2,2017-07-26,2021-03-17
Law Firm of Karl Frankovitch,5,2017-07-27,2026-08-18
"Midwest Credits, Inc.",1,2017-07-27,2017-07-27
"Lewis, McDonnell & Associates",199,2017-07-28,2026-08-26
"Student Loans Consolidated, Inc",2,2017-07-28,2019-02-06
"UPGRADE, INC.",4915,2017-07-29,2026-09-14
"Cianfrone, Nikoloff, Grant, & Greenberg, P.A.",3,2017-07-30,2026-05-21
"Merchants Financial Guardian, Inc.",10,2017-07-30,2022-09-11
"Atlanta Check Cashers, Inc",7,2017-07-31,2024-09-20
Michael Scott Cohen LLC,1,2017-07-31,2017-07-31
"Global Check Recovery, INC",5,2017-08-01,2025-05-10
Absolute investment Group,3,2017-08-02,2026-06-24
FIVE STAR MORTGAGE,1,2017-08-03,2017-08-03
"INDUSTRIAL AND COMMERCIAL BANK OF CHINA (USA), NATIONAL ASSOCIATION",38,2017-08-03,2026-08-30
"RUSSELL, MIRKOVICH & MORROW",1,2017-08-03,2017-08-03
"Beard & Lane, P.C.",1,2017-08-08,2017-08-08
Utah Billing & Recovery Services,9,2017-08-08,2025-09-16
CENTENNIAL LENDING GROUP LLC,1,2017-08-09,2017-08-09
RockLoans Holdings LLC,161,2017-08-09,2026-09-18
"Accord Business Funding, LLC",19,2017-08-10,2026-07-24
"Blitz Ventures, LLC",1,2017-08-11,2017-08-11
Commercial and Medical Credit Services,3,2017-08-11,2026-07-13
Kitch Acceptance Corp.,14,2017-08-14,2025-06-21
"ANSELL GRIMM & AARON, P.C.",4,2017-08-16,2025-03-26
"C & E Financial Group, Inc.",4,2017-08-16,2021-01-29
"PIONEER CREDIT RECOVERY, INC.",1,2017-08-16,2017-08-16
Tiptree Financial Inc.,5,2017-08-16,2026-04-06
Williams Kastner & Gibbs PLLC,5,2017-08-16,2025-06-22
LEXINGTON LAW FIRM,1,2017-08-17,2017-08-17
"Whitewater Recovery Solutions, LLC",2,2017-08-17,2023-05-29
YES AUTO CREDIT,6,2017-08-17,2021-08-25
"FIRST INTERSTATE BANCSYSTEM, INC.",255,2017-08-18,2026-09-15
First Student Services,4,2017-08-18,2022-02-13
"T & I Enterprises, LLC",3,2017-08-18,2026-04-26
"BATON ROUGE FINANCIAL SERVICES, L.L.C.",6,2017-08-19,2026-08-24
NowackHoward LLC,12,2017-08-21,2026-05-25
Capital Home Advocacy Center,4,2017-08-22,2025-04-04
FIDELITY INVESTMENTS,1,2017-08-23,2017-08-23
Merchants Automotive Group LLC,11,2017-08-23,2026-04-09
A & J COLLECTION,3,2017-08-24,2025-09-29
"LoanSnap, Inc.",7,2017-08-24,2022-07-19
Security National Financial Corp,78,2017-08-24,2026-06-11
"DHA FINANCIAL, INC.",1,2017-08-25,2017-08-25
"RNN Group, Inc",22,2017-08-25,2026-01-02
Klarna AB,2921,2017-08-26,2026-09-15
Payward Ventures Inc. dba Kraken,678,2017-08-26,2026-09-13
"Credit Bureau of Council Bluffs, Inc DBA Credit Information Systems",34,2017-08-27,2026-08-09
TCF & ASSOCIATES,4,2017-08-27,2021-06-04
GREAT LAKES HIGHER EDUCATION CORPORATION,1,2017-08-28,2017-08-28
"KAITER ENTERPRISES, INC, DBA COLORADO LENDING GROUP",1,2017-08-28,2017-08-28
Liberal Finance Service,9,2017-08-29,2026-04-17
"Law Office of David A. Bader, LLC",2,2017-08-30,2018-04-22
Lou Harris Company,5,2017-08-30,2020-04-11
"CBCS, Inc.",3,2017-08-31,2020-02-11
"Professional Recovery, Inc.",10,2017-09-01,2023-03-14
Carfast Financial Holdings,2,2017-09-02,2026-06-12
Premier Holdings,38,2017-09-03,2021-01-14
"Sapphire Marketing Group, Inc.",7,2017-09-03,2026-01-08
"Cornerstone Residential Lending Solutions, Inc",3,2017-09-05,2025-09-17
Layfayette Funding,2,2017-09-05,2018-03-30
Winklevoss Exchange LLC,1604,2017-09-06,2026-09-19
Independent Finance Company LLC,6,2017-09-07,2026-04-26
"Alliance Credit Counseling, Inc.",1,2017-09-08,2017-09-08
BANK OZK,295,2017-09-08,2026-09-12
"Betz-Mitchell Associates, Inc.",2,2017-09-12,2018-10-18
"Hopkins Financial Services, Inc.",1,2017-09-12,2017-09-12
P.M.B. Inc. dba Twin Tier Mortgage,1,2017-09-12,2017-09-12
"Reverse Mortgages.com, Inc.",3,2017-09-12,2022-05-10
"Secure Financial Services, Inc. D/B/A Secure Mortgage Company",3,2017-09-12,2026-09-08
TOLEDO FINANCE CORPORATION,116,2017-09-12,2026-09-04
"MMMM Holdings, LLC",3,2017-09-13,2023-12-14
"Andover Auto Sales, Inc. D.B.A. Broadway Auto Mall",3,2017-09-14,2025-12-16
"BLACK HILLS CHILDREN'S RANCH, INC.",6,2017-09-14,2026-05-15
"Bessine Walterbach, LLP",20,2017-09-15,2025-11-17
Guaranty Solutions LLC,2,2017-09-15,2023-12-31
"RAS LaVrar, LLC",201,2017-09-15,2026-07-29
"Cash Link USA, LLC",37,2017-09-16,2026-07-28
Integrated Mediation Solutions LLC,7,2017-09-18,2025-03-28
"Stein Law, P.C.",23,2017-09-18,2026-03-21
Edco Bridge,1,2017-09-20,2017-09-20
"National Screening Bureau, LLC",2,2017-09-20,2018-10-01
"Charter Financial Services, Inc.",5,2017-09-21,2022-02-16
ERI Financial Services,2,2017-09-21,2019-05-05
Eagle Auto Credit Inc,1,2017-09-21,2017-09-21
Real Estate Solutions,3,2017-09-21,2024-05-31
TRACO INVESTMENT CORP,10,2017-09-21,2026-07-25
"Mid-Atlantic Portfolios, LLC",2,2017-09-22,2022-10-03
CIBC BANCORP USA INC.,95,2017-09-23,2026-08-01
SHABANA MOTORS,63,2017-09-23,2026-09-25
Meridian Buyer’s Group,6,2017-09-24,2025-08-26
"Streamline Financial Group, Inc.",1,2017-09-24,2017-09-24
Associated Management Company Inc,2,2017-09-27,2018-11-29
STERLING BANCORP,212,2017-09-27,2026-05-29
Blackwood Credit Service,1,2017-09-28,2017-09-28
LEXUS FINANCIAL SERVICES,1,2017-09-28,2017-09-28
"Option Funding, Inc.",3,2017-09-28,2020-04-29
Evergreen Anchor Capital LLC,1,2017-09-29,2017-09-29
"International Recovery Associates, Inc.",35,2017-09-29,2026-08-31
States Resources Corp.,2,2017-09-29,2024-08-26
"Hospital Services, Inc.",6,2017-10-01,2022-11-29
Benjamin Chaise & Associates,18,2017-10-03,2021-07-26
Greyhound Capital Group LLC,8,2017-10-03,2026-06-30
"HFG Holdings, Inc.",5,2017-10-03,2025-10-15
AmOne Corp.,16,2017-10-04,2026-06-26
"International Debt Buying Consultants, LLC",24,2017-10-04,2026-09-07
"Concorde Auto Management, LLC  DBA  Concorde Auto Acceptance",55,2017-10-05,2026-08-21
"Counsel Mortgage Group, LLC",1,2017-10-05,2017-10-05
"Money Hungry, LLC",1,2017-10-05,2017-10-05
"Scout Mortgage, Inc.",1,2017-10-05,2017-10-05
1st Florida Lending CORP,2,2017-10-06,2020-03-18
"J & C Auto Sales of Collier County, LLC",1,2017-10-06,2017-10-06
"Omni Group, Inc",1,2017-10-06,2017-10-06
"Sky Group USA, LLC",7,2017-10-06,2022-07-01
Meadowbrook Financial Mortgage Bankers Corp.,20,2017-10-08,2026-04-23
"Advent Financial Systems, LLC",2,2017-10-11,2018-07-27
Boston Portfolio Advisors,3,2017-10-11,2019-02-21
"Americor Funding, LLC",229,2017-10-12,2026-09-09
Web Source Market LLC/DBA Collection Shield 360,5,2017-10-12,2021-06-14
"Chaplin & Papa, P.C.",15,2017-10-16,2026-05-22
David N. Hull Attorney at Law P.C.,2,2017-10-16,2018-04-18
"Murphy Law Office, LLC",3,2017-10-16,2024-06-03
Quantum Leap Mortgage Corporation,2,2017-10-16,2025-09-25
Continental Finance Capital Corporation,1,2017-10-17,2017-10-17
Granite Bay Acceptance Inc.,24,2017-10-18,2026-04-08
HFS Financial LLC,16,2017-10-18,2026-03-31
"New Direction, Inc",6,2017-10-18,2025-11-06
"Copper Lake Financial, LLC",4,2017-10-19,2026-06-06
"Cypress Financial Recoveries, L.L.C., OCALA, FL Branch",5,2017-10-19,2025-12-18
Ascend One Corporation,6,2017-10-20,2026-06-08
"Valer Enterprises, Inc",5,2017-10-20,2023-08-16
"Victor, Inc.",1,2017-10-20,2017-10-20
"Auto Pro Title Pawn, Inc.",3,2017-10-24,2020-01-13
"Zbest Cars, Inc.",1,2017-10-24,2017-10-24
FS Card Inc.,5,2017-10-25,2026-05-04
Total Debt Assistance Group,1,2017-10-25,2017-10-25
American Reporting Company,10,2017-10-27,2025-11-18
"Dakota Financial, LLC",78,2017-10-27,2026-05-12
Evans & Green LLP,2,2017-10-27,2025-03-17
Good Friend Mortgage Inc.,1,2017-10-28,2017-10-28
"LifeTree Lending, LLC.",2,2017-10-30,2021-09-13
Vision Holdings,1,2017-11-01,2017-11-01
Academy Mortgage Corporation (NY),2,2017-11-02,2020-09-06
"FEDChex Recovery, LLC",242,2017-11-02,2026-09-13
Intercoastal Mortgage LLC,16,2017-11-02,2026-09-01
NATIONS TRUST MORTGAGE INC,1,2017-11-02,2017-11-02
CREDIGY SOLUTIONS INC.,3,2017-11-03,2025-11-20
First Coast Auto Finance,1,2017-11-03,2017-11-03
"Fitzgerald & Campbell, A Professional Law Corporation",4,2017-11-03,2026-04-08
The Law Offices of Matthew R. Wildermuth,1,2017-11-05,2017-11-05
"Money Services, Inc., d/b/a Texoma Finance",14,2017-11-06,2026-03-23
SHAPESHIFT AG,10,2017-11-06,2021-01-17
Consumer Solutions Group,9,2017-11-09,2023-04-27
"MBM Collections, LLC",3,2017-11-09,2026-01-08
"ML Credit Holdings, LLC",3,2017-11-09,2019-05-03
"1ST FINANCIAL, INC.",9,2017-11-10,2024-09-28
"BANC OF CALIFORNIA, INC.",39,2017-11-13,2026-09-11
"RSVP Lending, LLC dba RSVP Loans",28,2017-11-13,2024-10-22
Complete Professional Recovery LLC,6,2017-11-14,2025-05-16
Prosper Law Group,1,2017-11-14,2017-11-14
Central Atlantic Sales Inc. T/A Priority Buy Here Pay Here,6,2017-11-17,2024-01-04
Nae-Mo Corp dba Matthews & Michaels,6,2017-11-17,2025-07-14
Howard Howe Attorney at Law,1,2017-11-18,2017-11-18
"North Arkansas Abstract & Title Co., Inc.",2,2017-11-18,2018-01-05
United One Mortgage Inc.,1,2017-11-20,2017-11-20
Credential Acceptance Corporation,4,2017-11-21,2022-02-03
"Receivables Management Associates, Inc.",2,2017-11-21,2024-11-04
"Gershfeld Law Group, P.C.",2,2017-11-22,2024-12-23
"HOME LENDING GROUP, LLC, THE",4,2017-11-23,2022-06-20
"Quantum3 Group, LLC",8,2017-11-24,2026-07-12
COLLTECH INC,3,2017-11-25,2023-08-18
Cars America Inc.,24,2017-11-25,2026-09-09
SOUTH BAY ACCEPTANCE CORPORATION,3,2017-11-26,2021-07-13
American Debt Consolidation,9,2017-11-27,2026-06-28
"Sharpe Mortgage Lending Services of Georgia, Inc.",1,2017-11-28,2017-11-28
"HOPE BANCORP, INC.",108,2017-11-29,2026-08-20
National Default Servicing Corporation,36,2017-11-29,2026-02-10
"PINNACLE FINANCIAL PARTNERS, INC.",763,2017-11-29,2026-09-13
South Carolina State Housing Finance and Development Authority,26,2017-11-29,2026-09-14
"Credit Bureau of Canyon, Inc",12,2017-11-30,2026-06-04
Loancare Auto Finance,3,2017-11-30,2026-05-11
"Pitbladdo Botteron and Jarvis, LLC",2,2017-11-30,2024-11-26
"Cheney Financial Services, Inc.",1,2017-12-01,2017-12-01
"River City Financial, LLC",1,2017-12-01,2017-12-01
West Central Texas Collection Bureau,26,2017-12-04,2025-05-11
ACCEPTANCE CAPITAL MORTGAGE,4,2017-12-06,2021-01-29
"Public Title Services, LLC",3,2017-12-08,2026-05-18
United Mutual Funding Corp,1,2017-12-08,2017-12-08
"ERO LENDING,LLC",1,2017-12-09,2017-12-09
Hannah Financial LLC,2,2017-12-09,2022-05-04
MBA Mortgage Services Inc.,3,2017-12-10,2024-08-21
"Bluegrass Credit Corporation, Inc.",2,2017-12-11,2025-12-08
"Insta-Credit Auto Mart, Inc. dba InstaCredit Automart",17,2017-12-11,2026-03-09
"Leedom Management Group, Inc.",1,2017-12-11,2017-12-11
RESOCORE ASSET MANAGEMENT,3,2017-12-11,2018-06-04
"COMMUNITY FINANCIAL SYSTEM, INC.",225,2017-12-12,2026-08-31
"El Dorado Financial, Inc. DBA Omni Financial",1,2017-12-12,2017-12-12
Ripple Labs Inc.,4,2017-12-12,2026-06-02
"Szuba & Associates, PLLC",12,2017-12-12,2026-07-08
"All Home Lending, Inc.",2,2017-12-13,2018-05-15
"Kabompo Holdings, Ltd.",25,2017-12-13,2026-06-23
Vivix Credit Solutions,2,2017-12-13,2025-06-24
Orion Title & Escrow LLC,2,2017-12-14,2019-10-21
"Family Choice Financial, Inc.",28,2017-12-15,2026-08-29
LHM Financial,5,2017-12-15,2023-08-02
"Independent Dealers' Advantage, LLC",45,2017-12-16,2026-07-28
Law Offices of Frank J. Maier & Associates,1,2017-12-16,2017-12-16
Louis M. Turchiarelli Attorney at Law,1,2017-12-17,2017-12-17
"Southern Loans, Inc.",13,2017-12-18,2026-06-19
TEAM USA MORTGAGE L.L.C.,5,2017-12-19,2020-01-13
DRIVE NOW ACCEPTANCE LLC,17,2017-12-21,2026-03-30
"MedRecovery Solutions, LLC",4,2017-12-21,2021-10-09
Merchants Credit LLC,12,2017-12-21,2026-09-03
"NorthShore Financial, L.L.C.",4,2017-12-21,2025-03-05
"The Commercial Collection Corporation of New York, Inc.",26,2017-12-22,2026-07-23
Family Credit Management,4,2017-12-23,2024-12-04
"Felt & Lukes, LLC",2,2017-12-23,2018-12-24
Ameritech Financial,217,2017-12-26,2020-05-28
"Core Mortgage Services, LLC",1,2017-12-26,2017-12-26
Diversified Company,2,2017-12-26,2022-05-20
Andy Bowers & Associates LLC,2,2017-12-27,2023-09-22
Olympia Title & Escrow Corporation,1,2017-12-27,2017-12-27
"Sky Blue Financial Services, Inc.",7,2017-12-27,2026-07-08
"The Orange Coast Company, LLC",6,2017-12-27,2025-02-21
"Great Lakes Capital Management, LLC",10,2017-12-28,2020-05-23
Point Boosters,2,2017-12-28,2019-09-27
"Debt Reduction Services, Inc.",1,2017-12-29,2017-12-29
"Equity Settlement Services, Inc.",8,2017-12-30,2025-05-10
Golden Green Services LLC,4,2017-12-30,2018-03-12
NORTHSTAR FUNDING INC,3,2017-12-30,2026-03-20
"The Outsource Group, Inc",1349,2018-01-02,2026-09-21
CASTLE ROCK,3,2018-01-03,2018-08-07
"Dominus Law and Recovery, LLC.",2,2018-01-03,2018-03-16
"NATIONAL ASSET MORTGAGE, LLC",38,2018-01-03,2026-09-04
American Preferred Lending,2,2018-01-04,2018-02-07
HomePlus Corporation,6,2018-01-04,2026-08-23
"1st United Funding, LLC",1,2018-01-05,2018-01-05
"Continental Credit, LLC",5,2018-01-05,2024-08-13
Home Credit Corp. Inc.,34,2018-01-05,2026-09-08
Personalized Collection Services,4,2018-01-05,2026-01-18
"xCoins, Inc.",1,2018-01-06,2018-01-06
Student Aid Experts,5,2018-01-08,2022-02-21
Loantopia,9,2018-01-09,2025-09-25
"Strategic Financial Solutions, LLC",10,2018-01-09,2024-02-18
"Weber & Associates, Inc.",27,2018-01-09,2026-07-17
Cordoza & Wexler Recovery Services,32,2018-01-10,2019-05-18
Iconic Mortgage Corp.,14,2018-01-10,2026-08-20
UNITED COMMUNITY BANK,158,2018-01-10,2026-09-08
El Paisano Motors Inc.,1,2018-01-11,2018-01-11
JPL Recovery Solutions,65,2018-01-11,2024-01-12
RLB Texas Auto Center LLC,15,2018-01-11,2026-08-08
"OCMBC, Inc",31,2018-01-13,2026-09-09
Fort Payne Finance Co. Inc.,1,2018-01-14,2018-01-14
"JAN (LendUSA) Holdings, Inc.",25,2018-01-14,2026-03-11
"SOUTHSTATE BANK, N.A. - 520 GERVAIS STREET BRANCH",43,2018-01-15,2019-11-08
"National Debt Holdings, LLC",68,2018-01-16,2026-09-04
Auto Finance Center,8,2018-01-17,2026-08-08
"BAY COUNTRYCONSUMER FINANCE,INC.",28,2018-01-17,2026-09-10
"Lota Financial Group, Inc.",1,2018-01-17,2018-01-17
"Sensible Auto Lending, LLC",244,2018-01-17,2026-07-23
"Cash Security, Inc.",7,2018-01-18,2025-10-11
"EQUITY HOME LENDERS, INC",3,2018-01-19,2025-10-28
GRANDE HOMES INC,1,2018-01-19,2018-01-19
"Results Mortgage, LLC",1,2018-01-19,2018-01-19
K A P S & CO (USA) LLC,6,2018-01-22,2020-10-29
SOUTHWEST COLLECTION SERVICES INC.,61,2018-01-22,2025-12-05
Koster's Cash Loans,6,2018-01-23,2023-06-10
"Managed Recovery Systems, Inc.",16,2018-01-23,2026-08-17
"McNeil & Meyers Asset Management Group, LLC",136,2018-01-23,2026-06-16
"Negotiation Credit Services, LLC",1,2018-01-25,2018-01-25
"Owl Automotive Group, Inc.",1,2018-01-25,2018-01-25
"Sagal, Filbert, Quasney & Betten, P. A.",2,2018-01-25,2019-08-27
"United Docu Prep, Inc.",7,2018-01-25,2023-08-23
DAS Inc,11,2018-01-26,2026-05-12
Gregory Hagan,1,2018-01-27,2018-01-27
OAKTREE FUNDING CORPORATION,11,2018-01-28,2026-07-14
"Hexagon Collection Services, LLC",3,2018-01-29,2025-07-04
"COLLECTRON, INC.",8,2018-01-30,2021-02-12
"Choice Money Transfer, Inc.",20,2018-01-30,2026-01-15
"Credit Services Corporation, LLC",15,2018-01-30,2020-06-16
"Management Core Solutions, Inc.",3,2018-01-30,2025-02-13
"PacWest Credit, LTD",4,2018-01-30,2024-02-22
Resource Marketing Corp. LLC,1,2018-01-30,2018-01-30
Seaside Trustee Inc.,3,2018-01-30,2018-09-10
"Double Diamond-Delaware, Inc.",31,2018-01-31,2026-08-27
Gateway Recovery Solutions,1,2018-01-31,2018-01-31
"R.T.R. Financial Services, Inc.",88,2018-01-31,2026-06-22
Student Advisor Center LLC,2,2018-01-31,2018-02-02
"1ST RESULTS BILLINGS & COLLECTIONS, INC.",9,2018-02-01,2025-01-31
"Moneytree Financial Services, Inc.",3,2018-02-01,2026-05-14
"EVERETT ASSOCIATION OF CREDIT MEN, INC.",1,2018-02-02,2018-02-02
Fig Tech Inc.,410,2018-02-02,2026-09-26
MAJR Financial Corp,109,2018-02-03,2026-05-19
"4finance US Holding Company, Inc.",2,2018-02-05,2019-12-18
ACCOUNT SERVICES INC.,8,2018-02-05,2021-08-10
"FM Home Loans, LLC",5,2018-02-05,2025-05-16
Law Office of Marsha D. Holzhauer P.C.,1,2018-02-05,2018-02-05
Rocky Mountain Capital Management,40,2018-02-05,2026-06-04
EXCEL FINANCE COMPANY,24,2018-02-06,2026-09-03
"Lendmart, LLC",9,2018-02-06,2026-06-01
"MCCABE, TROTTER & BEVERLY, PC",8,2018-02-06,2025-08-12
"Michael C. Koehn, S.C.",1,2018-02-06,2018-02-06
"Student Connections, LLC",1,2018-02-06,2018-02-06
Auto Credit of Southern Ilinois,7,2018-02-07,2025-03-03
ADESA CORPORATION,18,2018-02-08,2026-05-14
ABSOLUTE CREDIT  LLC,30,2018-02-09,2026-05-04
AssetRecoveryplus,1,2018-02-09,2018-02-09
"HOME BANCSHARES, INC.",141,2018-02-09,2026-08-14
Tiempo Finance Company Inc,4,2018-02-09,2019-09-09
Morningside Funding LLC,1,2018-02-10,2018-02-10
"Financial Recoveries, Inc.",23,2018-02-11,2025-06-16
"HUELSON LAW FIRM, LLC",10,2018-02-11,2024-05-17
Everi Payments Inc.,49,2018-02-12,2026-09-25
CHALLENGE FINANCIAL SERVICES,96,2018-02-13,2026-09-08
"SIRY INC., DBA SIRY AUTO GROUP",2,2018-02-13,2021-06-26
Canyon Mortgage Corp.,2,2018-02-14,2018-10-12
"NPAS, Inc.",143,2018-02-14,2026-08-06
"Credit Control Company, Inc.",19,2018-02-15,2022-06-29
"Mann & Carducci Co., LPA",1,2018-02-15,2018-02-15
WESTERN OHIO MORTGAGE,3,2018-02-16,2026-05-01
"Tuten Title and Escrow, LLC",1,2018-02-19,2018-02-19
Royalty Management Corporation,14,2018-02-20,2026-09-07
"A-1 Premium Acceptance, Inc.",62,2018-02-21,2026-09-04
BOVA Financial Group LLC,2,2018-02-22,2020-05-22
"Dadiwah 13 of Marietta, Inc.",1,2018-02-22,2018-02-22
Insta Financial,2,2018-02-22,2021-04-01
"Sabatina & Associates, P.C.",1,2018-02-22,2018-02-22
PERDUE BRANDON FIELDER COLLINS & MOTT LLP,60,2018-02-23,2026-06-19
"Xapo, Inc.",2,2018-02-23,2020-02-26
Sunshine State Credit,7,2018-02-25,2026-01-27
"Law Offices of Thomas B. Peterman, P.A.",2,2018-02-26,2025-08-19
Legacy Credits,4,2018-02-27,2026-09-11
PRANCER CAPITAL CORP,70,2018-02-27,2026-09-19
RESPONSIVE MORTGAGE CORPORATION,2,2018-02-27,2026-06-30
Allegiant Capital Recovery LLC,56,2018-02-28,2026-08-04
"COUNTRY CLUB MORTGAGE, INC.",1,2018-02-28,2018-02-28
"Metropolitan Title, LLC",1,2018-02-28,2018-02-28
"Anchor Loans, Inc.",3,2018-03-01,2026-07-31
"Compass Recovery Group, LLC",77,2018-03-01,2026-09-10
Hawes Klein LLC,16,2018-03-03,2026-03-11
"PEMBROKE FINANCE, INC.",3,2018-03-04,2021-06-07
Albuquerque Auto Outlet,5,2018-03-05,2026-01-24
"Elevate Recoveries, LLC",364,2018-03-06,2026-09-23
"Advantage Financial Services, LLC",4,2018-03-07,2023-03-15
"Express Auto Finance, LLC",1,2018-03-07,2018-03-07
"Western Benefits Group, LLC",18,2018-03-07,2022-05-12
Fowler Bell PLLC,2,2018-03-08,2022-03-30
"Friedman & Associates, LLC",4,2018-03-08,2024-03-30
TriMark Financial Solutions DBA Distressed Mortgage Solutions,2,2018-03-09,2025-07-21
"Howard L. Stomel, A Professional Corporation    AKA  Law Offices of  Howard L. Stomel",1,2018-03-10,2018-03-10
"Time Investment Company, Inc.",30,2018-03-12,2026-08-18
Basil Lease Corp.,1,2018-03-13,2018-03-13
"First Equity Mortgage Bankers, Inc.",12,2018-03-15,2026-02-04
GERSHMAN INVESTMENT CORPORATION,8,2018-03-15,2026-06-08
"Tavelli Co., Inc. dba Tavco Credit Services",6,2018-03-15,2026-05-26
"ACADEMIC SOLUTIONS OF NEW YORK, LLC",7,2018-03-19,2024-06-10
"Alliance CAS, LLC",64,2018-03-19,2026-09-10
"HANNA, LLP | HANNA LAW, PLLC",2,2018-03-19,2020-12-25
Alvamar Financial,5,2018-03-20,2024-07-14
"Avrutis & Foeller, P.A.",7,2018-03-20,2025-02-03
"Davis & Amaral Mortgage Consultants, Inc.",1,2018-03-20,2018-03-20
"Gulf Coast Real Estate Emerald Coast, LLC,  d/b/a Motto Mortgage On The Gulf",1,2018-03-21,2018-03-21
"First Financial of Columbia, Inc",6,2018-03-22,2026-03-17
Omnipoint Capital,83,2018-03-22,2026-08-31
"Student Loan Control, LLC",2,2018-03-22,2018-05-18
"Coast2Coast Mortgage, LLC",9,2018-03-23,2026-01-25
"DebtWave Credit Counseling, Inc.",2,2018-03-25,2026-04-22
"Equity Auto Finance, Inc.",23,2018-03-26,2026-06-30
BAKER GOVERN & BAKER INC,3,2018-03-27,2020-10-22
"Kass Shuler, P.A.",27,2018-03-27,2026-07-08
"Drees Company, Inc.",4,2018-03-28,2022-10-12
"Synter Resource Group, LLC.",93,2018-03-29,2026-08-06
Williams Starbuck,2,2018-03-29,2018-03-30
Sebrite Financial Corporation,3,2018-03-30,2021-02-15
"Stokes & Wolf, P.C.",8,2018-03-30,2025-12-05
Tenant Data Services Inc,27,2018-03-30,2025-12-20
"Girvin & Ferlazzo, P.C.",8,2018-04-01,2025-09-23
Comenity Capital Bank,2,2018-04-03,2018-04-08
"MEDICAL BUSINESS CONSULTANTS, INC",14,2018-04-03,2021-01-20
Position One Group,1,2018-04-03,2018-04-03
"Allied Recovery Solutions, Inc.",13,2018-04-04,2026-08-13
SETTLEMENT CORP,4,2018-04-04,2022-02-25
"GIBSON MORTGAGE, INC.",1,2018-04-05,2018-04-05
"Mid-South Adjustment Co., Inc.",168,2018-04-05,2026-09-16
Check Recovery Group,4,2018-04-06,2023-02-27
"Mercadolar, Inc.",1,2018-04-07,2018-04-07
Kashable LLC,378,2018-04-08,2026-09-19
"Community Lending of America, Inc.",2,2018-04-09,2026-03-10
"Peritus Portfolio Services II, LLC",25,2018-04-10,2026-09-04
"Thomas George Associates, Ltd.",40,2018-04-10,2026-06-23
TICE ASSOCIATES INC,20,2018-04-12,2023-04-05
Aries Loans Inc,2,2018-04-13,2023-03-10
Coast Acceptance Corporation,9,2018-04-13,2026-05-29
"Creditors Specialty Northwest, Inc.",12,2018-04-13,2026-07-30
Praxis Finance LLC,1,2018-04-13,2018-04-13
RK Chevrolet Subaru,3,2018-04-13,2025-09-16
"REVERSE MORTGAGE USA, INC.",2,2018-04-14,2018-06-07
"Seed Consulting, LLC",9,2018-04-14,2026-07-03
Peoples Commerce Inc,26,2018-04-15,2024-01-21
"Credit Reporting Services, Inc.",1,2018-04-16,2018-04-16
Fair Financial Corp.,44,2018-04-16,2022-04-14
"General Collections & Recoveries, Inc.",6,2018-04-16,2021-10-27
"PayNearMe MT, Inc.",9,2018-04-16,2026-09-12
Spec Hoffman Auto Sales Inc.,2,2018-04-16,2024-09-19
"Expedite Financial, Inc",12,2018-04-17,2020-12-08
Genessee Financial,5,2018-04-17,2025-01-27
8 Investments Corporation dba MediComm,3,2018-04-18,2019-01-02
"AMERICAN MORTGAGE AND INVESTMENT SERVICES, INC.",1,2018-04-18,2018-04-18
"CHECK CASHIERS, INC.",8,2018-04-18,2025-04-10
Eblen Freed PC,1,2018-04-18,2018-04-18
"Lawyers Title of Cincinnati, Inc.",2,2018-04-18,2023-12-30
"MCU Holdings, LLC",23,2018-04-19,2025-12-22
"Northstar Management, Inc.",1,2018-04-19,2018-04-19
"Lewisfin.com, LLC",1,2018-04-20,2018-04-20
SOUTHERN CASCADES FINANCE CORPORATION,4,2018-04-20,2020-07-22
"Windy City Capital Management, LLC",4,2018-04-20,2025-03-03
"Debt Recovery Pro ,LLC",2,2018-04-21,2018-05-16
Home Loans Inc,1,2018-04-22,2018-04-22
Martin Lake Law Office,1,2018-04-23,2018-04-23
"MSCB, Inc.",53,2018-04-24,2026-09-15
77 Elite,9,2018-04-25,2025-05-29
"PARKSIDE LENDING, LLC",22,2018-04-25,2025-11-18
Salmon Law Firm PLLC,2,2018-04-25,2018-05-21
EZ FUNDINGS Inc.,6,2018-04-26,2025-08-07
HGREG.com,40,2018-04-28,2026-09-07
AmWest Funding Corp.,67,2018-04-30,2026-09-22
"AutoStar Finance, Inc - D/B/A Atlanta AutoStar",8,2018-04-30,2026-04-08
"The Law Offices of Frederic I. Weinberg & Associates, P.C.",29,2018-04-30,2026-04-25
Affordable Interest Mortgage,1,2018-05-01,2018-05-01
DRAGAS MORTGAGE COMPANY,1,2018-05-01,2018-05-01
GRANDVIEW FINANCIAL SERVICES INC.,52,2018-05-01,2026-09-02
STIFEL FINANCIAL CORP.,18,2018-05-01,2026-03-31
"Unsecured Loan Specialists of North America, LLC",1,2018-05-01,2018-05-01
"ADP, LLC",34,2018-05-02,2021-04-30
"LCO Financial Services, LLC",108,2018-05-02,2022-10-07
South Gate Financial LLC,1,2018-05-02,2018-05-02
Student Relief LLC,1,2018-05-04,2018-05-04
ADF Automotives LLC,1,2018-05-05,2018-05-05
International Financial Management,5,2018-05-07,2022-03-08
Peak Legal Advocates,4,2018-05-07,2018-12-20
The Money Company,2,2018-05-07,2021-05-19
"Vanguard Financial Services, Inc.",34,2018-05-07,2026-05-20
Student Loan Discharge Options LLC,1,2018-05-08,2018-05-08
"WD Global Group, LLC",5,2018-05-08,2025-05-14
WorldRemit Corp.,309,2018-05-08,2026-09-18
"Genesys National Recovery, Inc.",55,2018-05-09,2026-09-08
"Jones Law Group, LLC",1,2018-05-09,2018-05-09
Law Office of Steven A. Booska,9,2018-05-09,2026-03-24
"Nationwide Debt Reduction Services, LLC",22,2018-05-09,2020-02-20
"J&D Recovery, Inc.",2,2018-05-10,2020-09-14
Premier Auto Credit,140,2018-05-10,2026-08-27
"RELIABLE FINANCIAL SERVICES, INC.",16,2018-05-10,2025-11-07
Saddleback Acceptance Corporation,6,2018-05-10,2023-09-10
Neighhood Housing Services of Chicago Inc,6,2018-05-11,2026-06-16
Sterling Credit Corp.,37,2018-05-11,2026-07-31
"LANDMARK ACCOUNTS, INC",1,2018-05-12,2018-05-12
"Accelerate Mortgage, LLC",3,2018-05-14,2025-06-09
C. Edwin Walker Attorney at Law,1,2018-05-14,2018-05-14
"Big City Finance, LLLP",65,2018-05-16,2026-03-12
"Key Star Capital, LLC",4,2018-05-16,2023-10-27
"Mortgage One Solutions, Inc.",2,2018-05-16,2020-12-22
Groundfloor Finance Inc.,27,2018-05-18,2026-07-15
"Aswad & Ingraham, LLP",3,2018-05-19,2026-07-20
"Southern Star Capital, L.L.C.",1,2018-05-19,2018-05-19
Foxstar Energy Resources LLC DBA Federal Student Loans Council,18,2018-05-21,2026-07-18
"JAMES A. MOUNGER, PLC",2,2018-05-22,2018-11-11
Landmark Mortgage LLC,2,2018-05-22,2021-06-17
"Thaddeus Bechtle Attorney at Law, LPC",9,2018-05-22,2026-03-09
"Anchor Mortgage, LLC",3,2018-05-23,2026-05-11
Docuservpro dba Simple Repayment,9,2018-05-23,2021-03-11
"K2 Lending, Inc.",1,2018-05-23,2018-05-23
"GL Financial, Inc.",8,2018-05-24,2026-07-17
"Bristol Point Financial, Inc.",5,2018-05-28,2026-06-25
"Atlantic Union Bankshares, Inc.",252,2018-05-29,2026-09-11
Island Finance Puerto Rico,57,2018-05-30,2026-07-21
ODYSSEY FUNDING LLC,3,2018-05-30,2026-01-07
"Donald G. Karpowich, Attorney-at-Law, PC",1,2018-05-31,2018-05-31
NORTHERN HILLS COLLECTIONS INC.,17,2018-05-31,2026-09-26
"SML Capital, Inc.",4,2018-06-01,2026-05-01
Kirk Law Group PLLC dba Kirk Law,1,2018-06-03,2018-06-03
"VANDERHEYDEN LAW OFFICE, P.A.",2,2018-06-04,2024-04-01
Westport Recovery Corporation,1,2018-06-04,2018-06-04
RESIDENTIAL MORTGAGE CORP,2,2018-06-05,2022-10-30
ALMA Financial Assistance Corp.,4,2018-06-07,2025-10-05
"Local Management, LLC",47,2018-06-07,2026-06-05
"River Ridge Financial Solutions, LLC",2,2018-06-07,2019-09-25
Capital 1 Consultants,1,2018-06-08,2018-06-08
"Insight Management Partners, LLC",26,2018-06-08,2023-06-18
"Local Data Recovery, LLC",28,2018-06-08,2026-05-13
Mungo Financial Group,4,2018-06-11,2023-11-03
"Tayne Law Group, P. C.",3,2018-06-12,2024-12-23
"Green Mountain Capital, LLC",5,2018-06-13,2019-07-08
JL Management LLC dba Advance Finance & Tax Service,3,2018-06-14,2019-04-26
"LAFOURCHE MORTGAGE & LOAN, INC.",1,2018-06-14,2018-06-14
Cosmo Credit Repair,4,2018-06-15,2025-12-07
East Coast Funding Group,7,2018-06-15,2023-07-22
"SCSM, Inc. dba ABC Collectors, Inc.",1,2018-06-15,2018-06-15
"SMI Lending, Inc.",2,2018-06-15,2019-03-28
Legal Action Bureau Inc,10,2018-06-16,2022-10-19
"Mundt Law Group, LLC",2,2018-06-19,2018-09-25
Student Loan Direct,32,2018-06-19,2026-09-08
"CLuisMortgages, LLC",2,2018-06-20,2023-08-07
EUSTIS MORTGAGE CORPORATION,11,2018-06-20,2025-10-01
"Westpark Equity Group, Inc.",1,2018-06-20,2018-06-20
Daramad LLC,3,2018-06-21,2025-10-07
"Heritage Finance Company, Inc.",4,2018-06-22,2026-05-27
RedBrick Financial Group Inc.,8,2018-06-22,2021-06-16
Buffalo Auto Acceptance Corp.,10,2018-06-23,2026-02-26
Goodman Law PLLC,1,2018-06-24,2018-06-24
"Burt, Blee, Dixon, Sutton & Bloom, LLP",1,2018-06-25,2018-06-25
"Colten Mortgage, LLC",11,2018-06-25,2025-09-14
JFK FINANCIAL INC.,3,2018-06-25,2025-03-06
Check N Title Loans,8,2018-06-27,2026-04-13
Goldcar Lending Inc.,58,2018-06-27,2026-08-07
Wilson Law. LLC,2,2018-06-27,2020-10-01
"Ark Law Group, PLLC",1,2018-06-28,2018-06-28
"Innovative Funding Services, L.L.C.",27,2018-06-29,2025-04-27
"Jon D. Curtis, Attorney at Law",5,2018-07-01,2025-07-22
"JOHN GIBSON AUTO SALES, INC.",26,2018-07-02,2025-12-27
Debt Relief Center,19,2018-07-03,2022-04-07
"LUCKY MONEY, INC.",3,2018-07-03,2019-06-18
"TEXAS CAPITAL BANCSHARES, INC.",191,2018-07-03,2026-09-12
Levon Gukasyan DBA Garman Financial,2,2018-07-05,2025-07-11
"Bushwood Capital Group, Inc.",8,2018-07-06,2026-08-27
"GB Collects, LLC",95,2018-07-06,2026-09-18
"The Lending Source, Ltd.",1,2018-07-06,2018-07-06
"ONE WAY RECOVERY SOLUTIONS, LLC",3,2018-07-08,2025-10-30
Cross Country Financial Corporation,3,2018-07-09,2025-10-02
"Mid-Atlantic Solutions Holdings, LLC",10,2018-07-09,2025-02-10
Milby Law Offices P.A.,4,2018-07-09,2025-04-23
"CARTER-JONES COLLECTION SERVICE, INC",14,2018-07-10,2026-07-23
Lone Star Credit Co. Inc,2,2018-07-10,2025-10-16
"Commercial Research & Recovery, Inc.",1,2018-07-11,2018-07-11
"Cornerstone Mortgage Group, LLC",3,2018-07-11,2026-05-31
VanKeef Financial LLC,2,2018-07-11,2021-04-02
"Convergence Acquisitions, LLC",12,2018-07-12,2025-07-09
Debt Solutions Inc,3,2018-07-12,2021-05-17
CHOICE CAPITAL FUND,26,2018-07-13,2026-08-28
"Southern Freedom Financial Services, LLC",2,2018-07-14,2019-02-20
"Portnoff Law Associates, Ltd.",23,2018-07-15,2026-09-17
"Student Debt USA, LLC",8,2018-07-16,2026-03-10
Habitat for Humanity of Boulder Valley,1,2018-07-17,2018-07-17
Law Office of Ralph L. Sims,1,2018-07-17,2018-07-17
"Omnex Group, Inc.",9,2018-07-17,2025-01-22
"American Cycle Finance, Inc.",27,2018-07-18,2026-07-27
"Branson Quick Cash, Inc.",2,2018-07-18,2023-10-25
"M3 Financial Services, Inc.",2,2018-07-18,2019-01-27
Oak Tree Financial Inc.,9,2018-07-18,2026-08-13
CITY CREEK MORTGAGE CORP.,3,2018-07-20,2024-07-16
"Fountain, Schultz & Associates, P.L.",1,2018-07-20,2018-07-20
William Lyon Mortgage LLC,3,2018-07-20,2020-02-06
"Northern Service Bureau, Escanaba Inc.",7,2018-07-21,2025-06-19
Loansmart Inc.,1,2018-07-23,2018-07-23
Qualified Home Solutions LLC,2,2018-07-23,2019-11-20
Money Tree Lending,7,2018-07-25,2026-05-18
Keystone Mortgage Group LLC,1,2018-07-26,2018-07-26
Mankin Law Group,11,2018-07-26,2026-01-15
"Richard A. Abrams, Attorney at Law",1,2018-07-26,2018-07-26
"TreeMac Funding Group, LLC",5,2018-07-26,2025-10-02
Finco Holding Company LLC,11,2018-07-27,2024-08-30
Ross Financial Recovery Group,6,2018-07-27,2020-06-24
Chime Inc.,260,2018-07-30,2026-03-04
"Gemini Direct LLC, dba Credit Innovation Group",14,2018-07-30,2026-04-05
"Mortgage Lending Masters, LLC",1,2018-07-30,2018-07-30
Central Kentucky Collections,3,2018-07-31,2020-04-21
Credit Lending Services Inc.,21,2018-07-31,2026-07-17
MSV RECOVERY LLC,1,2018-07-31,2018-07-31
SIMMONS FIRST NATIONAL CORPORATION,363,2018-07-31,2026-09-16
"The Law Offices of Jennifer McCoy, PC",100,2018-07-31,2026-07-28
"The Lueder Law Firm, LLC",32,2018-07-31,2026-08-26
"Birchwood Credit Services, Inc.",81,2018-08-01,2026-07-03
Action Rent To Own,2,2018-08-02,2021-05-06
Cal-Tenn Financial LLC,3,2018-08-02,2025-08-11
Elmview Management Services,2,2018-08-02,2018-08-02
"INTERIM CAPITAL GROUP, INC.",4,2018-08-02,2023-06-07
"AMERICA'S LOAN COMPANY, LLC",5,2018-08-03,2026-03-17
"Capital Recovery, LLC (Closed)",1,2018-08-03,2018-08-03
"Gaskell & Giovannini, LLC",2,2018-08-03,2026-04-20
ROBINHOOD MARKETS INC.,4916,2018-08-03,2026-09-14
"SANTANDER HOLDINGS USA, INC.",17768,2018-08-06,2026-09-28
First Technology Federal Credit Union,850,2018-08-08,2026-01-21
"Trinity Enterprises Partners, LLC",5,2018-08-08,2026-09-03
Pendleton Capital Management,36,2018-08-09,2022-09-20
"Simpson, Uchitel & Wilson, LLP",1,2018-08-09,2018-08-09
"Cuzco Capital Investment Management, LLC",12,2018-08-10,2026-02-02
"Action Credit, LLC",19,2018-08-11,2026-04-27
PB Financial Group Corp,1,2018-08-11,2018-08-11
DARCARS AUTOMOTIVE  (Mariam Inc.),1,2018-08-13,2018-08-13
Moiharwin Diverisfied Corporation,16,2018-08-13,2024-10-08
RateGenius Loan Services Inc,43,2018-08-13,2021-12-20
"Fulkerson Wing, P.C.",1,2018-08-14,2018-08-14
"Limetree Lending, Inc.",1,2018-08-14,2018-08-14
PNH Worldwide Inc.,1,2018-08-14,2018-08-14
Professional Collectors Corp.,103,2018-08-14,2026-09-17
Activus Corporation,4,2018-08-15,2021-07-08
"Greenlink Financial, LLC",6,2018-08-15,2019-06-17
"Rogers, Morris & Ziegler, LLP",5,2018-08-15,2025-03-09
"All Reverse Mortgage, Inc.",3,2018-08-16,2022-02-12
BULBUL INVESTMENTS LLC,6,2018-08-16,2026-04-16
F&M Capital LLC,22,2018-08-16,2024-02-14
Federated Student Loan Services,71,2018-08-16,2026-09-12
"Land Title Guarantee Company, a Colorado corporation",1,2018-08-16,2018-08-16
RP Field Services LLC,1,2018-08-16,2018-08-16
"WVH, LLC",32,2018-08-17,2026-09-03
"Nationwide Mortgage Bankers, Inc.",36,2018-08-20,2026-07-28
"Recovco Mortgage Management, LLC",36,2018-08-20,2022-06-30
10 Cent Title Pawn Inc,2,2018-08-22,2018-08-22
"Kendris, LLC",1,2018-08-22,2018-08-22
Landis Law,1,2018-08-23,2018-08-23
Signature Finance Company,1,2018-08-23,2018-08-23
"Jeffrey R. Lankenau, Attorney at Law",1,2018-08-24,2018-08-24
"Sign on the Line, Inc.",3,2018-08-24,2020-05-01
Sterling Mortgage Services,1,2018-08-27,2018-08-27
U DRIVE ACCEPTANCE CORPORATION,25,2018-08-28,2026-07-18
"Horizon Financial Group, Inc.",1,2018-08-29,2018-08-29
"PNK INVESTMENTS, LLC",1,2018-08-29,2018-08-29
SAMUEL I WHITE PC,16,2018-08-29,2026-08-12
"Caliver Beach Mortgage, LLC",19,2018-08-31,2026-07-21
"HomeKey Lending, LLC",2,2018-08-31,2021-08-06
"Imagine Home Lending, LLC",2,2018-08-31,2019-02-27
"Harbor Legal Group, LLC",4,2018-09-04,2019-10-28
Halstatt Search Partners,3,2018-09-05,2022-07-13
"MILES FUNDING, L.L.C.",2,2018-09-05,2019-04-11
One Way Loans LLC dba PowerLend,3,2018-09-05,2019-06-14
Personal Finance Center,13,2018-09-05,2026-06-26
"US Military Loans, Inc.",1,2018-09-05,2018-09-05
CNJ Enterprises LLC DBA Legal-Bay LLC,1,2018-09-06,2018-09-06
ACCOUNTS ADVOCATE AGENCY,26,2018-09-07,2026-08-17
Phoenix Asset Group LLC,6,2018-09-07,2022-12-30
"Moskowitz Mandell Salim & Simowitz, PA",1,2018-09-08,2018-09-08
"PPCC, Inc. dba Allied Collection Resources, Inc.",2,2018-09-08,2021-05-10
"Advantage Auto Sales, Inc.",28,2018-09-10,2026-07-27
Financial Solutions of America Inc.,4,2018-09-12,2021-09-03
Law Offices of Lawrence P. Zamzok,1,2018-09-12,2018-09-12
"Gabriel FInancial Group, Inc.",1,2018-09-13,2018-09-13
Glacier Bancorp Inc.,123,2018-09-13,2026-09-13
"Happy Money, Inc.",359,2018-09-15,2026-09-11
"CARMEL FINANCIAL CORPORATION, INC.",51,2018-09-16,2026-08-31
"Kuber Financial, LLC",7,2018-09-17,2026-07-01
"Cody Barden Daniels & Palo, Inc. dba The Commercial Agency",1,2018-09-19,2018-09-19
Crosspoint Financial Inc.,6,2018-09-19,2025-12-14
PROFESSIONAL BUSINESS BUREAU INC,7,2018-09-19,2020-03-09
Broder Credit & Collection Service,5,2018-09-21,2026-04-02
"ThunderRoad Financial, LLC",17,2018-09-21,2026-05-13
"Norman & Associates, Inc.",6,2018-09-24,2026-04-17
Supreme Solutions,11,2018-09-24,2026-07-24
"TPI ASSET MANAGEMENT, LLC",1,2018-09-24,2018-09-24
"HOVOT Management, LLC",1,2018-09-25,2018-09-25
"Leap Credit, LLC",28,2018-09-25,2026-07-13
"RUSH COLLECTIONS AGENCY, CORP.",5,2018-09-25,2026-07-29
"Western Collections, Inc",1,2018-09-25,2018-09-25
"Accelerated Recovery Services, Inc",5,2018-09-26,2025-04-30
"Midwest Diversified Recovery Services, LLC",4,2018-09-26,2025-12-10
THE GUERRINI LAW FIRM,2,2018-09-26,2022-02-24
"Volvo Car Financial Services U.S., LLC",408,2018-09-26,2026-09-14
Credit Bureau of Northern California Collections Services Inc,17,2018-09-27,2026-08-17
"HUDDLESTON AND MOORE, INC.",2,2018-09-27,2025-11-25
"Olympus Law Firm, PLLC",4,2018-09-27,2026-05-05
"David A. Gallo & Associates, LLP",3,2018-09-28,2021-04-11
MEGA CAPITAL FUNDING INC.,28,2018-09-28,2026-08-17
"Your Credit Loans, Inc.",4,2018-09-28,2026-08-13
"COMMERCIAL SERVICES GROUP, INC.",21,2018-09-30,2026-07-28
"ISCC, LLC",2,2018-10-01,2023-10-26
"Advansse, Inc",2,2018-10-02,2019-11-22
CFW Holdings LLC,30,2018-10-02,2026-09-07
"Viceroy, Inc.",1,2018-10-02,2018-10-02
"Accel Loans, LLC",2,2018-10-04,2019-12-09
"Certegy Holdings, LLC",657,2018-10-04,2026-09-24
"3D Financial, LP",4,2018-10-05,2025-08-30
Settle It Inc.,2,2018-10-05,2022-03-30
"Richard T. Smith, PC dba Smith Cavin & Corbin, LLC",1,2018-10-09,2018-10-09
"Proscript media and advertising services, llc DBA Bank Rover",1,2018-10-11,2018-10-11
METRO ISLAND MORTGAGE INC.,2,2018-10-12,2026-03-30
"Thomason Law Firm, LLC",1,2018-10-14,2018-10-14
Accountant Exchange Group,1,2018-10-15,2018-10-15
Performance SLC,4,2018-10-15,2019-04-18
"Commercial Industries Services Company, Inc.",22,2018-10-16,2026-04-08
"Pando Mortgage, LLC",1,2018-10-16,2018-10-16
"CreditNinja Lending, LLC",304,2018-10-17,2026-09-25
"MyPrimeHomeLoan.com, LLC",1,2018-10-18,2018-10-18
The Judgment Group,10,2018-10-22,2025-01-17
Thrivest,2,2018-10-24,2026-05-26
"Advantage Credit Counseling Service, Inc.",1,2018-10-25,2018-10-25
Aura Mortgage Advisors LLC,13,2018-10-25,2024-03-25
Gravamen Asset Management Group LLC,75,2018-10-25,2026-08-30
Delay Group DBA The Debt Management Group,2,2018-10-29,2024-12-06
Open Assets LLC,3,2018-10-29,2020-12-06
"Progrexion Holdings, Inc.",80,2018-10-29,2026-07-24
"Noam J. Cohen, PA",4,2018-10-30,2026-01-16
Affordable Financial Solutions,2,2018-10-31,2020-03-23
Credit Council Corp,3,2018-10-31,2020-02-18
"Odunlami Law Firm, LLC",1,2018-10-31,2018-10-31
Scott Kroner PLC,8,2018-10-31,2026-05-28
Expert Credit Sweeps,52,2018-11-01,2026-09-09
National Auto Group LLC,2,2018-11-01,2019-07-24
Pharus Funding LLC,17,2018-11-01,2026-09-17
The Singer Law Group,1,2018-11-01,2018-11-01
Improved Data Services LLC,27,2018-11-02,2022-07-19
David E. Gray Attorney at Law LLC,1,2018-11-03,2018-11-03
BELMONT FINANCE LLC,65,2018-11-05,2026-09-10
CENTRAL BANC MORTGAGE CORPORATION,1,2018-11-05,2018-11-05
City First Mortgage Corp,5,2018-11-05,2025-01-02
FERRANTE ASSOCIATE,2,2018-11-05,2024-11-22
"International Mortgage & Finance Group, Inc.",1,2018-11-06,2018-11-06
"Keith A. Ringelspaugh, P.A.",1,2018-11-06,2018-11-06
Acer Capital Recovery LLC,2,2018-11-08,2026-03-30
Northern Resolution Services,5,2018-11-08,2022-01-13
Campos Financial Corp.,2,2018-11-09,2018-12-17
"KLS Financial Services, Inc",359,2018-11-09,2026-09-05
"Lil' Wave Financial, Inc.",53,2018-11-09,2026-09-11
"Collection Specialists, Inc.",2,2018-11-11,2020-02-01
"Figure Technologies, Inc",277,2018-11-12,2026-09-22
Nextep Funding LLP,12,2018-11-12,2021-12-01
Homes By Hunt LLC,1,2018-11-13,2018-11-13
"Good Credit For Life, LLC",1,2018-11-16,2018-11-16
"Northern Arizona Credit, Inc.",7,2018-11-17,2023-06-21
Credible Labs Inc.,38,2018-11-19,2026-07-02
Southwest Mediation Service,23,2018-11-20,2026-03-17
White Jacobs & Associates,24,2018-11-20,2026-08-11
AMERIS BANCORP,622,2018-11-21,2026-09-16
Arete Financial Group,71,2018-11-21,2021-07-08
"Car Credit Solutions, Inc.",3,2018-11-21,2026-05-22
"Concord Enterprises, LLC",1,2018-11-22,2018-11-22
"Efficient Recovery Services, LLC",1,2018-11-22,2018-11-22
Money Service Centers of Hawaii,1,2018-11-25,2018-11-25
Premier Auto Finance of South Florida,7,2018-11-26,2026-06-19
Tan Oak Financial,10,2018-11-27,2026-02-24
snw investments,2,2018-11-27,2021-05-03
"First Home Equity Loans, LLC",1,2018-11-28,2018-11-28
"VanVorst Law Firm, PLLC",1,2018-11-29,2018-11-29
EASTERN BANKSHARES INC,135,2018-11-30,2026-09-01
"Commonwealth Auto Credit, LLC",1,2018-12-03,2018-12-03
"Touchstone Partners, Inc.",9,2018-12-03,2026-05-13
"Town & Country Mortgage Services, INC.",2,2018-12-04,2020-03-25
"Creekside Finance, Inc.",10,2018-12-05,2026-01-01
LAW OFFICE OF HALL AND ASSOCIATES,13,2018-12-05,2026-06-26
Ponca Finance Co. Inc,4,2018-12-05,2026-04-24
"Atlantic Mortgage and Funding, Inc.",6,2018-12-06,2022-11-12
"Bit Express, LLC",1,2018-12-06,2018-12-06
Laurens Financial Services Inc,4,2018-12-06,2025-10-24
"National Recovery Service, Inc.",20,2018-12-06,2021-09-22
"August Real Estate Investments, LLC",27,2018-12-08,2026-07-11
Amerifund Home Mortgage LLC,4,2018-12-10,2023-08-06
"Monroe Credit, LLC",2,2018-12-10,2019-08-20
"The Law Offices of Quinn M. Kofford, P.C.",16,2018-12-10,2024-05-22
"CIRN, INC.",3,2018-12-11,2023-02-17
"PayTomorrow, LLC",107,2018-12-11,2026-09-10
"Friedman Law Associates, PC",4,2018-12-13,2024-05-13
"WESBANCO BANK, INC.",193,2018-12-13,2026-08-18
"HealthCare Revenue Recovery, LLC",1,2018-12-15,2018-12-15
"Gregg & Gregg, P.C.",1,2018-12-16,2018-12-16
ALLIANT CREDIT UNION,1390,2018-12-17,2026-09-14
"DebtHelp, Inc",5,2018-12-17,2025-06-26
"Credit Services, Inc.",10,2018-12-18,2026-05-14
"SANFORD & ADAMS, Attorneys at Law PLLC",3,2018-12-18,2025-03-26
"Rapidly Financial, Inc.",1,2018-12-19,2018-12-19
Titanium Funds,56,2018-12-19,2026-08-11
"Zero Parallel, LLC",2,2018-12-19,2022-07-12
FIRST FINANCIAL BANCORP,150,2018-12-20,2026-09-15
Pilgrim Mortgage LLC,5,2018-12-22,2026-02-04
East Coast Capital Corp,2,2018-12-23,2021-06-18
Reach Financial LLC,71,2018-12-23,2026-09-16
CADENCE BANCORPORATION,48,2018-12-26,2021-09-22
Ascendium Education Group,315,2019-01-02,2026-06-24
Athena Bitcoin Inc,34,2019-01-02,2026-09-03
"COLUMBIA BANKING SYSTEM, INC.",312,2019-01-02,2026-09-04
"Invicta Mortgage Group, Inc.",1,2019-01-02,2019-01-02
"NEW CENTURY FINANCIAL, L.L.C.",1,2019-01-02,2019-01-02
Infinity Holding Corporation,3,2019-01-03,2020-04-16
AG AH LLC,65,2019-01-08,2026-05-04
"BCI FINANCIAL GROUP, INC.",70,2019-01-08,2026-08-14
United Credit Education Services,19,2019-01-08,2025-09-21
BEACON FINANCIAL CORPORATION,166,2019-01-09,2026-09-26
CBC Mortgage Agency,8,2019-01-09,2026-02-16
US Mortgage Resolution LLC,4,2019-01-10,2024-02-20
"Neighborhood Capital Funding, Inc.",40,2019-01-14,2026-08-05
We Finance Inc.,3,2019-01-14,2024-06-12
"DailyPay, Inc",249,2019-01-15,2026-09-10
Hays Potter & Martin LLP,1,2019-01-15,2019-01-15
"iMove Mortgage, LLC",1,2019-01-16,2019-01-16
Credit Bureau Services of Iowa Inc.,57,2019-01-18,2026-09-14
"Block, Inc.",71330,2019-01-20,2026-09-28
"Deinde Online Services, LLC",298,2019-01-21,2026-09-10
OVERSTOCK.COM INC,1,2019-01-21,2019-01-21
PDQ Check Exchange LC,32,2019-01-21,2026-07-22
Riehlman Shafer and Shaw LLC,6,2019-01-21,2026-01-05
"Alpha Mortgage, LLC",1,2019-01-24,2019-01-24
"Envision Payment Solutions, Inc.",5,2019-01-28,2026-01-06
Meritize Financial Inc.,81,2019-01-28,2026-09-14
"National Recovery Association, LLC.",1,2019-01-28,2019-01-28
Anthony J. Musto,1,2019-01-29,2019-01-29
Applewood Funding Corporation,1,2019-01-29,2019-01-29
"Burns Auto Credit, LLC",17,2019-01-29,2026-08-27
"B and F Capital, DBA    H and H Legal Support Services,    DBA Paid in Cash",4,2019-01-30,2026-01-28
Fair Capital,43,2019-01-30,2026-09-24
"Old Union Financial, LLC",1,2019-01-30,2019-01-30
"Storehouse Mortgage, LLC",1,2019-01-30,2019-01-30
"UNITED FIDELITY FUNDING, CORP",11,2019-01-30,2025-11-18
Cycleone Financial Group,2,2019-01-31,2025-08-30
"Doonan, Graves & Longoria",3,2019-01-31,2026-02-04
American Mortgage Service Company,9,2019-02-01,2021-12-02
"AA Recovery Solutions, Inc.",98,2019-02-06,2026-08-16
"Arivo Acceptance, LLC",227,2019-02-06,2026-09-12
Roseberry Inc.,11,2019-02-07,2025-04-15
Donna Armenta Law,3,2019-02-11,2022-02-15
Asset Collections Inc,21,2019-02-12,2026-07-06
Holiday Finance Corporation,3,2019-02-12,2022-08-16
"All Credit Considered Mortgage, Inc.",9,2019-02-13,2024-10-10
"DSW Carolina, LLC d/b/a Resource Services",9,2019-02-13,2025-02-01
"Barnhall Financial Services, Inc.",22,2019-02-14,2026-08-17
Marcadis Singer PA,54,2019-02-15,2026-09-06
The Satterwhite Law Firm PC,1,2019-02-15,2019-02-15
"LoanUnited.com, LLC",18,2019-02-16,2026-04-20
"CR-MPM, LLC dba Don Carro",3,2019-02-17,2026-04-09
Edmonds & Logue PC,3,2019-02-17,2021-08-04
"Lafayette, Ayers & Whitlock, PLC",3,2019-02-20,2026-05-14
"Jon B. Sage, P.A. dba Sage Law Offices",11,2019-02-21,2025-05-16
ONEGO Inc.,4,2019-02-21,2024-03-25
"3G+1, Inc. dba California Auto Finance",7,2019-02-22,2025-06-04
CITYWIDE HOME LOANS,4,2019-02-22,2020-12-01
Homespire Mortgage Corp,13,2019-02-22,2025-06-25
Lake City Credit,41,2019-02-25,2024-07-09
"American Elite Recovery, LLC",19,2019-02-26,2026-08-10
"SPP, Inc.",2,2019-03-04,2026-03-25
"AAA Checkmate, L.L.C.",1,2019-03-05,2019-03-05
Eburch Consulting INC,1,2019-03-05,2019-03-05
Autoflex Leasing - Dallas I LLC,1,2019-03-06,2019-03-06
"Collexx, Inc.",3,2019-03-06,2020-11-13
"Chicago Car Center, Inc.",9,2019-03-08,2024-08-02
"Peter T. Roach and Associates, P.C.",1,2019-03-10,2019-03-10
Bell Financial Services,6,2019-03-11,2026-09-07
"Roadrunner Account Services, LLC",264,2019-03-11,2026-09-19
"Sunset Solutions Group, LLC",24,2019-03-14,2025-01-14
"I-NET, INC.",1,2019-03-19,2019-03-19
"Martell & Ozim, PA",3,2019-03-19,2024-06-10
Capehart & Scatchard PA,1,2019-03-22,2019-03-22
"Consumer Financial Services Solutions, Inc.",397,2019-03-25,2026-09-13
"Smith, Cohen & Rosenberg LLC",31,2019-03-25,2024-02-01
"AAA Credit Bureau, Inc.",4,2019-03-26,2021-10-05
Intercounty Mortgage Network Corp.,2,2019-03-26,2022-04-29
"Westview Financial Services VA, LLC",8,2019-03-27,2024-02-05
"Lee Petersen, Attorney",1,2019-04-01,2019-04-01
Orion Capital Solutions LLC,122,2019-04-01,2026-09-23
AMERICA FIRST FEDERAL CREDIT UNION,934,2019-04-02,2026-09-17
Bueno Title and Escrow,1,2019-04-02,2019-04-02
CENTERSTATE BANK CORPORATION,19,2019-04-02,2020-09-03
Chaos Home Loans LLC,6,2019-04-02,2026-07-04
"The Levinbook Law Firm, P.C.",17,2019-04-02,2026-09-15
Woodward Capital LLC,6,2019-04-02,2025-07-18
Covington Capital Corporation,5,2019-04-03,2026-05-15
Craig's Auto & RV Inc,1,2019-04-04,2019-04-04
Southwest Acceptance Finance Co,11,2019-04-04,2026-06-08
Huntington Debt Holding LLC,104,2019-04-05,2026-08-27
"Top Used Cars, Inc",1,2019-04-05,2019-04-05
NORTHWEST BANCSHARES INC,286,2019-04-08,2026-09-18
"Law Offices of Richard J. Manning, Jr.",3,2019-04-10,2023-06-29
"Pinnacle Lending Group, Inc.",6,2019-04-11,2026-05-07
"UHG, LLC",175,2019-04-11,2026-07-23
Donna A Daniels Law Offices PC,2,2019-04-12,2022-05-04
"Fenix Holdings, LLC",4,2019-04-12,2026-02-15
"Cam Credits, Inc.",3,2019-04-15,2025-03-14
"Freisem, Macon Swann & Malone LLP",4,2019-04-16,2025-12-17
Instarem PTE Limited,22,2019-04-16,2025-09-16
"Capital For Change, Inc.",16,2019-04-17,2026-08-10
Direct Cash LLC,16,2019-04-17,2026-07-07
SunTx Capital Partners,84,2019-04-17,2026-06-29
"Allegiance Accounting Services, LLC",4,2019-04-18,2019-07-31
BANNER CORPORATION,169,2019-04-18,2026-09-08
Check Cashing & Loans,1,2019-04-18,2019-04-18
"DMEC Capital Services LLC, DBA Settle Our Debt",5,2019-04-18,2026-07-29
Unified Lending Inc.,1,2019-04-18,2019-04-18
Advanced Portfolio Group LLC,15,2019-04-25,2022-07-08
"The Day Law Firm, LLC.",2,2019-04-25,2021-02-03
PIKE CREEK MORTGAGE SERVICES,11,2019-04-26,2025-07-30
"Rowland Avenue Management, Inc. A/KA Columbia Debt Recovery, LLC d/b/a Genesis",8277,2019-04-26,2026-09-23
TOWNEBANK,63,2019-04-26,2026-09-15
Woodlands Financial Services Inc,11,2019-04-28,2026-07-15
Marine One Acceptance Corporation,40,2019-04-29,2026-08-09
"Meridian Capital Management, LLC",2,2019-04-29,2025-11-12
"Unbank Company, LLC",2,2019-04-29,2019-12-18
"Wisconsin Title Group, LLC",1,2019-04-29,2019-04-29
"Partnerships & Investments, LLC",8,2019-04-30,2025-11-12
"South Fork Funding, inc.",3,2019-04-30,2026-05-13
Dodge Enterprises Inc.,17,2019-05-02,2025-12-18
"Emergent Business Group, Inc.",45,2019-05-02,2026-09-03
Hughes Acceptance Corporation,2,2019-05-03,2023-09-14
"Liberty Finance Co., Inc.",2,2019-05-03,2021-01-19
MBO Holdings Corp.,1,2019-05-05,2019-05-05
Opensky Legal Services,4,2019-05-06,2025-10-22
"DeConcini McDonald Yetwin & Lacy, PC",1,2019-05-07,2019-05-07
"Stone Creek Financial, Inc",10,2019-05-07,2026-08-21
Arco Collection Services LLC,21,2019-05-08,2026-03-25
Springboard CDFI,3,2019-05-10,2025-01-07
"SM Law, PC",3,2019-05-11,2025-11-02
Coldwater Mediation Group LLP,1,2019-05-12,2019-05-12
"NSA Partners, Ltd.",1,2019-05-13,2019-05-13
Roberts Markel Weinberg Butler Hailey PC,14,2019-05-13,2026-06-19
Credit Recovery Consultants,4,2019-05-14,2026-08-17
FREEDOM FINANCIAL NETWORK,1156,2019-05-14,2026-09-26
"Lyons Law Office, LLC",3,2019-05-14,2024-11-08
Student Loan Financial Assistance,42,2019-05-14,2021-05-05
"The Sayer Law Group, P.C.",28,2019-05-14,2026-03-14
"The Grogan Law Group, LLC",14,2019-05-16,2026-01-18
"ZenResolve, LLC",13,2019-05-17,2023-01-25
"Green Tree Case Funding, LLC",1,2019-05-20,2019-05-20
"The Wilhelm Law Group, LLC",2,2019-05-20,2022-12-07
The Capital Good Fund,37,2019-05-21,2026-07-21
"Auto Credit Corporation of Jonesboro, iNC.",19,2019-05-22,2026-06-15
Ocean Lending Home Loans,10,2019-05-22,2026-05-29
Solar Mosaic LLC,1002,2019-05-23,2026-09-27
"Nav Technologies, Inc.",84,2019-05-24,2026-08-27
FinCo Services Inc DBA Current,2343,2019-05-28,2026-09-18
"Second Chance Collections, LLC",4,2019-05-28,2021-01-13
Cactus Jacks Auto Sales,47,2019-05-29,2026-08-28
Normandy Corporation,2,2019-05-29,2025-06-16
"Student Funding Corporation of America, Inc.",1,2019-05-30,2019-05-30
"BILL.COM, LLC",124,2019-05-31,2026-09-24
"Superior Home Loans, Inc.",2,2019-06-03,2023-03-13
Mjollnir Group,1,2019-06-04,2019-06-04
Pinnacle Finance LLC,7,2019-06-04,2026-08-18
"Center Street Finance, LP dba CSF Servicing",27,2019-06-06,2026-03-26
Fast Track Servicing,6,2019-06-06,2021-04-21
Plastiq Inc.,43,2019-06-06,2026-04-25
TyKy,2,2019-06-09,2026-07-26
"SoFi Mortgage, LLC",20,2019-06-10,2021-06-15
RENASANT CORPORATION,229,2019-06-11,2026-09-18
"Grand Canyon Title, Agency, Inc.",37,2019-06-13,2026-06-24
Off Lease Only Inc.,1,2019-06-14,2019-06-14
"ITALBANK INTERNATIONAL, INC.",8,2019-06-15,2025-05-30
"Origen Capital Investments II, LLC",1,2019-06-17,2019-06-17
"STL HOLDING COMPANY, LLC",11,2019-06-17,2026-07-28
Simon PLC Attorneys & Counselors,4,2019-06-17,2025-06-17
Consumer Credit Counseling Service of San Francisco,1,2019-06-18,2019-06-18
Nationwide Recovery Group LLC,9,2019-06-22,2026-09-06
Legal Alliance Network,2,2019-06-23,2019-06-27
"60 Month Loans, Inc.",15,2019-06-24,2026-02-19
B-Focused Mobile LLC,1,2019-06-24,2019-06-24
Recovery Ace Inc,10,2019-06-24,2026-07-09
Brother Loan & Finance Co.,5,2019-06-25,2025-04-10
Gary A. Smiley Assoc.,1,2019-06-25,2019-06-25
"Right Key Mortgage, LLC",2,2019-06-25,2022-08-29
"Tesla, Inc.",708,2019-06-25,2026-09-28
"D.S. Erickson & Associates, PLLC",25,2019-06-27,2026-09-28
"Law Offices of Robert S. Gitmeid & Associates, PLLC",37,2019-06-29,2026-08-17
"Redfin Mortgage, LLC",1,2019-06-30,2019-06-30
"TAG Intermediate Holding Company, LLC",56,2019-07-01,2025-08-04
"Mexico Transfers, Inc.",4,2019-07-02,2024-05-11
"Lucie R. Bernheim, Attorney at Law",1,2019-07-03,2019-07-03
Possible Financial Inc,2786,2019-07-04,2026-09-19
"LD Settlement Services, LLC",2,2019-07-05,2025-08-27
"LeVasseur Dyer & Associates, PC",1,2019-07-05,2019-07-05
"Uplift, Inc",354,2019-07-05,2024-09-23
"CB Collections, Inc.",1,2019-07-09,2019-07-09
"Hardesty Law Office, PLLC",1,2019-07-10,2019-07-10
InstaMortgage Inc.,9,2019-07-10,2026-03-25
"Premier Lending, Inc.",2,2019-07-10,2024-04-03
CRE Credit Services,21,2019-07-14,2026-08-25
"National Litigation Law Group, LLP",1,2019-07-15,2019-07-15
Law Office of Anthony C. Onwuanibe,1,2019-07-17,2019-07-17
"Omni-Fund, Inc.",1,2019-07-17,2019-07-17
Integrity Financial Corp. DBA US Loan Servicing,8,2019-07-18,2026-03-10
The Law Office of Ginger Crosby Zuravel,2,2019-07-18,2023-08-31
Signature Home Lending Inc,1,2019-07-19,2019-07-19
Sterling  Hill Financial,5,2019-07-19,2026-01-09
SinglePoint GI,679,2019-07-21,2026-09-09
Prime Recovery LLC,66,2019-07-22,2026-09-17
Ghidotti | Berger LLP,22,2019-07-24,2026-02-23
WSFS FINANCIAL CORPORATION,577,2019-07-26,2026-09-14
"Wagner Financial Services, Inc.",5,2019-07-26,2025-04-07
Ascent Holding Co,159,2019-07-30,2026-08-25
"Escrow and Title Services, Inc.",5,2019-08-01,2025-11-24
"Instant Cash Flow, Inc.",3,2019-08-01,2024-08-06
Devgru Financial LLC,1,2019-08-02,2019-08-02
Renew Financial Holdings Inc,19,2019-08-02,2026-01-23
"Hertzmark, Crean & Lahey, LLP.",2,2019-08-05,2023-06-09
HOA Collections LLC,6,2019-08-08,2026-07-03
"Frontier Consumer Law Group, LLC",3,2019-08-09,2022-03-18
"Total Loan Company, LLC",3,2019-08-09,2020-02-25
Law Office of R. Gary Shapley,1,2019-08-10,2019-08-10
Buckingham Mortgage LLC,1,2019-08-12,2019-08-12
Ygrene Energy Fund Inc.,47,2019-08-12,2026-07-10
ALLIED NATIONAL INC,2,2019-08-13,2025-09-23
"Blackstad, Hrabe, Kirlorsky, LLC",14,2019-08-16,2026-05-22
"Keystone Lending Alliance, LLC",4,2019-08-16,2025-07-27
Lenmo Inc,37,2019-08-16,2026-09-01
AHL Funding,4,2019-08-19,2025-12-09
Credit Mount,2,2019-08-19,2024-02-22
"MotoRefi, Inc.",2,2019-08-19,2021-12-17
"Aubrey Thrasher, LLC",23,2019-08-20,2026-06-19
"Hogan Capital II, LLC",8,2019-08-20,2026-02-24
"TK Credit Recovery, Inc",2,2019-08-20,2022-01-11
APO LLC,3,2019-08-21,2020-09-21
Flandreau Santee Sioux Tribe,65,2019-08-23,2026-09-25
Global Credit Solutions LLC,12,2019-08-23,2025-07-19
TitleMax LLC,1,2019-08-23,2019-08-23
"Global Financial Mortgage, LLC.",4,2019-08-25,2024-02-28
"Thrivepoint Financial Holdings, Inc.",31,2019-08-25,2026-06-02
ADA Brown LLC dba Star of Texas Financial Solutions,2,2019-08-27,2022-05-30
Shop Your Own Corp,2,2019-08-27,2023-06-05
"AMERICAN BANCSHARES MORTGAGE, LLC",12,2019-08-28,2026-01-03
"AZ Home Loans, LLC",5,2019-08-28,2026-03-03
The Hallstrom Law Firm PLLC,13,2019-08-28,2025-10-10
Vericred Solutions LLC,53,2019-08-28,2022-08-04
"JAMS-01, Inc",2,2019-08-29,2025-01-24
Suffolk Consulting Group Inc,2,2019-08-30,2019-10-17
"Goal Structured Solutions, LLC",738,2019-09-02,2026-09-20
"Brian McCaffrey, Attorney At Law",24,2019-09-03,2026-08-17
ONEMAIN FINANCE CORPORATION,300,2019-09-05,2022-07-20
"Evans & Mullinix, PA",6,2019-09-08,2026-07-24
"Vander Financial, LLC",3,2019-09-08,2021-12-14
Beach Cars of West Palm Inc.,3,2019-09-11,2024-05-23
Belem Servicing LLC,2,2019-09-11,2021-09-09
Handshake Home Loans Inc.,1,2019-09-11,2019-09-11
"Homie Technology, Inc",4,2019-09-13,2024-02-27
"Orchard Mortgage, LLC",7,2019-09-14,2025-11-25
Digital Currency Services Inc.,1,2019-09-17,2019-09-17
"Asset Law Group, P.C.",2,2019-09-18,2021-06-21
Federal Student Loan Doc Prep LLC,6,2019-09-18,2021-05-03
Law Offices of Jeffrey Nadel,4,2019-09-18,2023-08-10
"Payactiv, Inc.",110,2019-09-18,2026-09-10
"S.S. Sampliner & Co., Inc.",1,2019-09-18,2019-09-18
Lighthouse Finance Solutions LLC,7,2019-09-20,2026-07-09
"Summit Mortgage Bankers, Inc",2,2019-09-20,2024-06-22
Exchange Finance Company,3,2019-09-24,2021-11-08
Credit Advisors Foundation,3,2019-09-26,2026-04-12
Roc Capital Holdings LLC,25,2019-10-02,2026-07-29
"NORTHPOINT MORTGAGE, INC.",4,2019-10-05,2026-04-30
Credit Diva of Dallas Inc.,2,2019-10-06,2025-08-04
EarnUp Inc.,17,2019-10-07,2024-02-22
McCallin Law Offices,1,2019-10-07,2019-10-07
360 Mortgage Inc.,1,2019-10-09,2019-10-09
"Tango Delta Financial, Inc.",2,2019-10-11,2020-11-17
Texas Professional Mortgage LLC,1,2019-10-16,2019-10-16
MECHANICS BANK,605,2019-10-17,2026-09-11
"Capital Link Management, LLC",119,2019-10-18,2024-04-10
"INDEPENDENT BANK GROUP, INC.",34,2019-10-18,2025-04-01
Nations Info Corp,21,2019-10-18,2026-07-20
"LoanFlight Lending, LLC",11,2019-10-21,2026-08-24
"Millennial Home Lending, Inc",15,2019-10-21,2022-05-03
"OSG Group Holdings, Inc.",10,2019-10-21,2025-12-19
"Sawko & Burroughs, P.C.",1,2019-10-22,2019-10-22
"CMCS, Inc. DBA Central Mercantile Collection Services",5,2019-10-23,2026-03-21
Clear Start Today,7,2019-10-23,2020-09-18
Pacific Retrieval LLC,59,2019-10-23,2026-08-18
"Sky Bridge Financial, LLC",2,2019-10-23,2021-06-29
Home Base Mortgage Group,1,2019-10-24,2019-10-24
"Revenue Cycle Associates, Inc.",43,2019-10-26,2026-08-24
Wisdom Financial,1,2019-10-29,2019-10-29
"Home Approvals Direct, Inc.",4,2019-10-30,2025-11-16
"Strada Education Network, Inc.",2,2019-11-04,2020-07-23
"A & A North American Financial, LLC",4,2019-11-05,2025-01-19
Law Office of Ralph C. Lorigo,1,2019-11-05,2019-11-05
TRUIST FINANCIAL CORPORATION,24901,2019-11-06,2026-09-19
Biltmore Asset Management LLC,8,2019-11-07,2024-03-02
"CREDIT BUSINESS SERVICES, INC.",1,2019-11-07,2019-11-07
Torin D. Togut,1,2019-11-07,2019-11-07
"Deal Depot, Inc.",11,2019-11-08,2026-07-27
"LAWGIX LAWYERS, LLC",6,2019-11-08,2022-12-30
Stilt Inc,22,2019-11-10,2022-10-26
"Wasserstein, P.A.",4,2019-11-11,2025-10-07
N26 Inc.,90,2019-11-12,2026-02-28
"Best Loan Service, LLC.",2,2019-11-13,2019-12-20
Northtown Capital Services Group LLC,17,2019-11-14,2021-09-15
"Curfin Holding Company, Inc",8,2019-11-16,2023-05-01
Customer Service Mortgage Corporation,4,2019-11-17,2025-07-24
Betterment LLC,97,2019-11-19,2026-09-02
Flat Six Holdings Inc.,17,2019-11-20,2026-08-04
"Global Control, Inc.",6,2019-11-20,2022-12-02
"Statewide Mortgage, LLC",9,2019-11-20,2025-08-19
CVB FINANCIAL CORP.,33,2019-11-22,2026-08-29
Garden State Mortgage Corp.,1,2019-11-28,2019-11-28
eToro USA LLC,116,2019-11-29,2026-08-28
"Mezu, Inc",5,2019-12-01,2026-06-21
"Pro Equity Partners, Inc.",1,2019-12-03,2019-12-03
EnTrust Funding,9,2019-12-04,2025-12-02
"Fendelman & Associates, LLC",4,2019-12-05,2025-01-21
Republic State Mortgage Co.,3,2019-12-05,2021-01-13
"North Shore Equities, Inc.",17,2019-12-06,2026-02-20
"BSI Financial Holdings, Inc.",1564,2019-12-07,2026-09-13
EIC Enterprises,13,2019-12-10,2024-07-18
"Giact Systems, LLC",30,2019-12-10,2026-07-14
Keys Auto Finance Inc,3,2019-12-10,2024-12-20
NewFed Mortgage Corp,2,2019-12-10,2020-07-17
The Claims Center LLC,4,2019-12-11,2025-02-11
EDULOAN DOCS,2,2019-12-16,2020-09-30
"Flathmann and Stern, LLC",1,2019-12-16,2019-12-16
NEW YORK COMMUNITY BANCORP INC,2019,2019-12-16,2026-09-13
Zip Co US Inc.,439,2019-12-16,2026-09-21
"Collection Management Holdings, LLC",3005,2019-12-17,2026-09-24
Infinity Home Lending,1,2019-12-17,2019-12-17
SOUTHSTATE BANK CORPORATION,411,2019-12-17,2026-09-12
"Search ROI, LLC",8,2019-12-17,2026-09-10
"OP Group Holdings, LLC",2,2019-12-18,2023-09-16
"Chattanooga Neighborhood Enterprise, Inc.",3,2019-12-23,2025-04-30
Ralis Services Corporation,27,2019-12-26,2021-04-30
"First Advantage Title Partners, LLC",1,2019-12-30,2019-12-30
Home Financial Corporation,1,2019-12-31,2019-12-31
Chesmar Homes,8,2020-01-01,2026-07-20
"Pavilion Payments US BuyerCo, LLC",290,2020-01-02,2026-09-24
"PACIFIC PREMIER BANCORP, INC.",100,2020-01-03,2026-08-24
Apex Mortgage LLC,13,2020-01-05,2023-06-06
"Midwest Recovery Fund, LLC",5,2020-01-05,2020-10-17
"Credit Control, LLC",4128,2020-01-07,2026-09-25
AGN Auto Gallery Inc,2,2020-01-08,2024-09-12
Mortgage Banking Associates Inc,1,2020-01-08,2020-01-08
"CU Alliance, LLC",9,2020-01-09,2026-06-05
Selene Holdings LLC,3243,2020-01-12,2026-09-21
Cash Max LLC,2,2020-01-13,2025-12-12
"Midstate Finance Company, Inc.",1,2020-01-13,2020-01-13
Mohsin Mortgage Corp.,1,2020-01-14,2020-01-14
"Dowler Law Firm, PLLC",2,2020-01-15,2024-07-16
"Neighborhoods United, LLC",12,2020-01-15,2024-06-07
Amplicon LLC,1,2020-01-16,2020-01-16
"CLA Co, Inc.",1,2020-01-19,2020-01-19
"A-M-S Mortgage Services, Inc.",1,2020-01-21,2020-01-21
"Davis, Pickren, Seydel & Sneed, LLP",1,2020-01-21,2020-01-21
"Milberg, Klein PL",2,2020-01-21,2025-11-07
"NOTE SERVICING CENTER, INC.",6,2020-01-21,2025-07-18
"Republic Credit Indemnity Companies, Inc.",1,2020-01-22,2020-01-22
Wholesale Tradelines,4,2020-01-22,2023-09-02
"Gulf Coast Financial Associates, Inc.",1,2020-01-24,2020-01-24
"Sago Financial, Inc.",6,2020-01-28,2026-08-07
"E Mortgage Capital, Inc.",61,2020-01-29,2026-07-16
MORTGAGE FINANCIAL SERVICES,2,2020-01-29,2022-08-26
"PACE Funding Group, LLC",34,2020-01-30,2026-08-04
Wave Financial USA Inc.,34,2020-01-30,2026-07-06
Cascade Collections LLC,2,2020-01-31,2020-02-08
Lori J. Frank PC,1,2020-01-31,2020-01-31
"Brookings Credit Bureau and Collection Agency, Inc.",2,2020-02-03,2021-08-24
Mickel Law Firm. P.A.,5,2020-02-04,2026-06-09
Northeast Resolutions Inc,1,2020-02-06,2020-02-06
Balbec Capital LP,1,2020-02-07,2020-02-07
"Egon Singerman, Attorney at Law",3,2020-02-07,2024-06-06
FIRST MERCHANTS CORPORATION,153,2020-02-10,2026-09-03
"Nationwide Judgement Recovery, Inc.",4,2020-02-10,2022-02-17
People's Finance Co,4,2020-02-11,2025-10-08
"Marvel & Maloney, P.C.",4,2020-02-13,2025-06-12
FISERV FINXACT CORE,3536,2020-02-19,2026-09-28
CREDIT MANAGEMENT CORPORATION,8,2020-02-20,2026-06-15
ROBERTSON ANSCHUTZ VETTERS,2,2020-02-20,2021-06-17
"SAMC Honebee TRS, LLC",24,2020-02-20,2021-05-04
"Spring Oaks Capital, LLC",11052,2020-02-20,2026-09-22
Ultimate Analysis Billing,1,2020-02-20,2020-02-20
"THE J.D. STUART LAW GROUP, LLC",6,2020-02-21,2026-04-18
MUFG AMERICAS HOLDINGS CORPORATION,434,2020-02-23,2023-05-16
"Presto Loan Center, LLC",33,2020-02-23,2026-08-12
Minto Financial dba Minto Money,198,2020-02-24,2026-09-14
Sunlight Financial LLC,315,2020-02-24,2026-09-10
"Lend You Cash, Inc",8,2020-02-25,2026-02-12
"NEW IMAGITAS, INC",17,2020-02-25,2026-06-11
"Scratch Financial, Inc.",61,2020-02-26,2026-08-30
"Delivery Financial Services, LLC",58,2020-02-27,2026-08-29
"Bullet Recovery, LLC.",1,2020-02-28,2020-02-28
Hans Capital Group dba H&L Automotive Financial Services,7,2020-02-28,2026-01-30
"CHECKredi of Kentucky, LLC",76,2020-03-03,2026-08-13
"Dalty Acquisitions, Inc.",1,2020-03-03,2020-03-03
General Mortgage Capital Corporation,10,2020-03-04,2026-03-28
"Lightspeed Mortgage, Inc.",2,2020-03-04,2026-04-08
"Land Closing Services, Inc.",1,2020-03-05,2020-03-05
"Phelan Hallinan Diamond & Jones, PLLC",1,2020-03-05,2020-03-05
"JFQ Lending, LLC",44,2020-03-06,2025-10-23
"NCP Holdings, L.P.",115,2020-03-06,2026-08-15
"Southwest Collection Services, LLC",20,2020-03-06,2024-02-13
"BCION, A DIVISION OF ION BANK",27,2020-03-07,2026-08-28
"Student Account Management Services, LLC",1,2020-03-07,2020-03-07
"Atlantic Collection Agency, Inc.",39,2020-03-09,2026-05-02
"American Credit Systems, Inc",7,2020-03-10,2023-12-04
F&B Acquisition Group LLC,2,2020-03-10,2020-03-11
Florida Recovery Credit Services Corp,1,2020-03-10,2020-03-10
GOLDEN BEAR CAPITAL INC.,1,2020-03-11,2020-03-11
Prime Choice Funding Inc.,15,2020-03-11,2025-10-28
Redfin Corporation,19,2020-03-11,2026-05-09
DEPENDON COLLECTION SERVICE INC,1,2020-03-12,2020-03-12
Stewart Title of Sacramento\Placer,2,2020-03-12,2020-07-14
"Friedman, Framme & Thrush, P.A.",6,2020-03-16,2025-06-26
Housing & Financial Educator,1,2020-03-16,2020-03-16
Pendrick Capital Partners,230,2020-03-18,2025-02-20
Capital Collection Management LLC,56,2020-03-21,2026-09-03
FIRST PORTFOLIO SERVICING INC,1610,2020-03-22,2026-09-13
"Debtsy Holdings, Inc.",13,2020-03-23,2021-12-31
Florida Financial Management dba Lend A Dollar,31,2020-03-23,2026-09-25
"Nationwide TFS, LLC",2,2020-03-23,2025-08-08
Newman & Lickstein,1,2020-03-23,2020-03-23
"GRIFFIN FUNDING, INC.",12,2020-03-26,2026-08-13
CCM Finance LLC,441,2020-03-27,2026-09-24
"Loan South Finance & Tax Service of Troy, LLC",76,2020-03-27,2026-08-31
"Wilner & Associates, Inc.",2,2020-03-27,2021-04-15
"THRIVE MORTGAGE, LLC",23,2020-03-30,2025-10-06
"Access Auto Group, Inc.",2,2020-03-31,2026-07-22
American Title Managers LLC,1,2020-03-31,2020-03-31
"Location Services Holdings, LLC",20,2020-04-01,2025-10-17
"Paradigm Assets, LLC",162,2020-04-07,2024-07-30
"Money Transfer Acquisition, Inc.",8,2020-04-08,2024-03-27
"CUSTOMERS BANCORP, INC",219,2020-04-09,2026-09-17
Unity Asset Management,37,2020-04-09,2026-07-28
EA Holdings Corp.,62,2020-04-10,2026-07-16
"Pickett Law, LLC",3,2020-04-10,2023-08-01
"Devor Mortgage Investment Corp, DBA Quality Home Mortgage",1,2020-04-11,2020-04-11
Vehicle Solutions Corp,22,2020-04-12,2023-03-22
eMortgage Funding LLC,61,2020-04-13,2026-08-28
"American Enterprises International, Inc.",8,2020-04-14,2026-07-07
"1ST IBERIA CREDIT, INC.",1,2020-04-15,2020-04-15
I.A.C. INC,13,2020-04-17,2025-12-25
"CBC Companies, Inc.",58810,2020-04-20,2026-09-27
Self Financial Inc.,12732,2020-04-20,2026-09-20
"States Title Holding, Inc.",1,2020-04-20,2020-04-20
SC Opportunity Fund LLC,12,2020-04-21,2026-09-14
Elite Recreational Finance,2,2020-04-22,2026-07-11
Golden Financial Services,2,2020-04-22,2021-09-07
Homestead Designation Services,2,2020-04-22,2025-10-13
REVERSE e MORTGAGE LLC Dba CrossPoint Funding,1,2020-04-22,2020-04-22
"AXOS FINANCIAL, INC.",1241,2020-04-23,2026-09-19
Best Ride Inc,2,2020-04-24,2024-07-18
"Georgia Medical Collection Services, Inc.",1,2020-04-24,2020-04-24
Consumer Adjustment Corp USA,6,2020-04-26,2022-06-03
SIMPLE CAR TITLE LOANS INC,8,2020-04-27,2026-07-09
"Allegiant Receivables Solutions, Inc",3,2020-04-28,2023-02-07
Chime Financial Inc,28559,2020-04-29,2026-09-23
ALLIED SECURITY LLC,4,2020-05-01,2026-09-03
Lon Inc.,4,2020-05-01,2025-05-31
"Hall & Ludlam, PLLC",5,2020-05-04,2025-09-30
INDEPENDENT BANK CORP.,106,2020-05-04,2026-09-14
"MarineMax East, Inc.",2,2020-05-04,2024-09-14
"Admiral Holdings, LLC",1,2020-05-05,2020-05-05
"OPTUM BANK, INC.",922,2020-05-06,2026-09-16
"Financial Freedom Group, LLC",42,2020-05-07,2026-09-16
Lawson Hamilton & Associates,21,2020-05-08,2026-01-22
"Pankey & Horlock, LLC",5,2020-05-13,2026-06-23
Credit Star Funding,1,2020-05-14,2020-05-14
"John F. Hayter, Attorney At Law, P.A.",2,2020-05-14,2023-01-27
"DK, Consulting, Inc dba Huntington Financial Services",11,2020-05-15,2024-04-26
OneMain Finance Corporation,12514,2020-05-16,2026-09-25
Revolut Technologies Inc.,485,2020-05-16,2026-09-15
"Armstrong and Associates, Inc",52,2020-05-18,2026-09-22
Sunset Marketing Group LLC. DBA Acceptance Financial,1,2020-05-18,2020-05-18
ABC Loan of Martinez/ Georgia Finco Holding Corp,4,2020-05-19,2025-12-09
Catch Financial Inc,4,2020-05-19,2022-07-01
Equinox Counseling Services,4,2020-05-19,2026-07-20
"Scott & Goldman, Inc.",1,2020-05-20,2020-05-20
"Validify, LLC",4,2020-05-21,2024-12-29
"RCS Capital Partners, Inc.",6,2020-05-27,2022-06-02
Law Offices of Philip H. Monagan,1,2020-05-28,2020-05-28
The B & F Corporation d/b/a OK Loan Service,9,2020-05-29,2026-08-03
The Borrowing Club,2,2020-05-30,2023-03-01
Commerce Credit Corp.,1,2020-06-01,2020-06-01
"Doyle & Hoefs, LLC",14,2020-06-01,2024-07-29
Nation One Mortgage Corporation,5,2020-06-01,2026-05-27
Park Company Realtors,1,2020-06-01,2020-06-01
Red Tree Mortgage LLC,3,2020-06-01,2022-12-28
"West Law Group, PLLC",8,2020-06-02,2026-06-23
"EMI Equity Mortgage, Inc.",11,2020-06-05,2025-12-26
Elite Mortgage Funding inc,3,2020-06-05,2026-01-15
"FlexShopper, Inc",173,2020-06-05,2026-04-24
Mezcal Corporation,14,2020-06-05,2026-02-06
"MAKENNA KALI & ASSOCIATES, INCORPORATED",2,2020-06-11,2021-06-26
CashMax LLC,22,2020-06-12,2026-06-04
Mortgage Connect LP,9,2020-06-12,2025-10-21
"NOVA Financial Holding Company, LLC",44,2020-06-12,2026-09-12
EXECUTIVE FINANCIAL GROUP,2,2020-06-13,2021-10-27
"Durham & Durham, LLP",15,2020-06-15,2022-10-31
Student Apex,3,2020-06-15,2020-11-18
Granite Edvance Corporation,94,2020-06-16,2026-01-05
"Valor Intelligent Processing, LLC",416,2020-06-16,2026-09-27
Victory Realty at the Greene LLC,1,2020-06-16,2020-06-16
Accounts Interchange Group LLC,14,2020-06-17,2026-08-05
Automotive Partners Funding,6,2020-06-17,2025-05-31
"HILLTOP HOLDINGS, INC",170,2020-06-18,2026-09-18
EdAid Limited,7,2020-06-20,2025-08-16
Acknowledge Debt Resolutions,11,2020-06-22,2021-09-08
"Acra Intermediate Holdings, LLC",136,2020-06-22,2026-09-03
"Franklinton Pre-Owned, Inc.",1,2020-06-22,2020-06-22
"Tri-Emerald Financial Group, Inc.",6,2020-06-22,2026-01-04
"Rosen Harwood, P.A.",3,2020-06-23,2026-05-28
KENT MORTGAGE CORPORATION,1,2020-06-24,2020-06-24
"United We Collect, Inc.",35,2020-06-30,2026-01-30
"URS Solutions, LLC",3,2020-07-01,2026-06-30
"Horizon West Financial, Inc",3,2020-07-02,2026-07-19
"Stern Recovery Services, Inc.",116,2020-07-03,2023-07-15
"Paragon Mortgage Services, Inc.",1,2020-07-05,2020-07-05
Working Solutions CDFI,2,2020-07-06,2026-03-28
Helbing Law Group,36,2020-07-07,2026-07-16
"Blackburn Law Office, LLC",2,2020-07-08,2026-06-23
"SERVICEMAC, LLC",539,2020-07-08,2026-09-14
"391 Financial, Inc.",5,2020-07-10,2024-05-11
"AIV FINANCIAL GROUP, LLC",1,2020-07-13,2020-07-13
Capital Mortgage,2,2020-07-13,2022-10-28
Central Collection Corporation,32,2020-07-13,2026-09-05
Consumer Counseling Centers LLC,5,2020-07-13,2023-04-10
Elite Debt Brokers,5,2020-07-13,2024-09-04
Moran Financial Group LLC,1,2020-07-15,2020-07-15
Robert Homfeld Credit Trust,5,2020-07-15,2026-07-28
"My Mortgage, Inc.",8,2020-07-16,2026-08-03
"Pangea Universal Holdings, Inc.",4,2020-07-16,2021-03-08
"Downeast Capital, Inc.",4,2020-07-17,2020-08-08
BCO Consulting Services,23,2020-07-21,2025-11-21
CUSO Home Lending,6,2020-07-23,2026-01-23
"Kostka and Associates, LLC",4,2020-07-23,2024-05-06
"PingYo, Inc.",2,2020-07-23,2025-08-02
16 Hands LLC. dba Fiducius,2,2020-07-24,2023-09-18
Law Office of Michael R Naughton,2,2020-07-24,2020-08-01
"Community Credit of Leeds, Inc.",2,2020-07-27,2024-08-10
AmNet ESOP Corporation,9,2020-07-30,2024-09-16
DocuPrep Xpress,8,2020-07-30,2023-05-02
"Caribou Financial, Inc.",39,2020-08-01,2026-09-05
SUNCOAST CREDIT UNION,1341,2020-08-01,2026-09-23
T.S. Holdings,7277,2020-08-02,2026-09-13
"CardarelliBridgewaterandAssociates,INC.",1,2020-08-03,2020-08-03
Keystone Law LLC,21,2020-08-03,2026-08-03
Nickel City Group LLC,17,2020-08-03,2025-10-12
"AMERICAN HOME MORTGAGE, INC.",4,2020-08-04,2026-06-12
Credit My Rent Inc,3,2020-08-04,2026-04-23
Weissman Attorney at Law,3,2020-08-05,2026-07-08
Nemovi Law Group,1,2020-08-06,2020-08-06
First Direct Mediation,21,2020-08-11,2022-03-18
"SHM Holdings, LLC",14,2020-08-12,2025-05-19
Next Level Finance Partners  LLC,21,2020-08-13,2026-07-20
"Snap Mortgage, LLC",1,2020-08-13,2020-08-13
"Foris DAX, Inc.",1134,2020-08-15,2026-09-27
PROSPER FIRST FUNDING CORPORATION,6,2020-08-15,2026-03-19
"Gordon, Feldbaum & Cantora",2,2020-08-17,2025-01-17
"Summit Mortgage Group, LLC",1,2020-08-17,2020-08-17
"LOGICOLL, LLC",8,2020-08-18,2022-05-05
"Nobilis Credit Management, LLC.",11,2020-08-18,2021-12-28
"Syncapay, Inc",30,2020-08-18,2022-11-28
Law Office of David A. Fernandez,1,2020-08-19,2020-08-19
"NEXA Mortgage, LLC",99,2020-08-19,2026-09-01
KWIK MORTGAGE CORPORATION,2,2020-08-20,2020-10-14
VeriScreen Inc.,11,2020-08-20,2026-05-19
"Inflection.com, Inc.",38,2020-08-21,2026-04-24
ZuntaFi Corp,144,2020-08-21,2026-08-28
E & C Finace Company Inc,1,2020-08-24,2020-08-24
APPLE RECOVERY SERVICES CORP,19,2020-08-25,2025-01-28
Lakeside Recovery Solutions,23,2020-08-27,2023-05-19
RGV Loans LLC,4,2020-08-27,2024-12-11
"U.S. Equity Advantage Holdings, Inc.",21,2020-08-27,2026-08-25
"United Mortgage Services, LLC",2,2020-08-27,2021-10-21
"Zillow Group Marketplace, Inc.",1,2020-08-27,2020-08-27
Sommars & Associates,1,2020-08-28,2020-08-28
FINANTA FEDERAL CREDIT UNION,4,2020-08-31,2026-06-17
"Revco Management, LLC",825,2020-08-31,2026-09-17
Arias Bosinger,7,2020-09-01,2026-09-01
ALAMEDA MORTGAGE CORPORATION,34,2020-09-03,2026-06-22
Great Northern Mortgage Corp.,2,2020-09-03,2024-08-05
TOPA EQUITIES,8,2020-09-03,2024-08-28
Tally Technologies,81,2020-09-05,2024-07-29
TIDEWATER MORTGAGE SERVICES,4,2020-09-08,2025-08-07
"Law Office of Brett M. Borland, P.C.",237,2020-09-09,2026-08-31
Nationwide Servicing Center Inc,3,2020-09-09,2025-05-12
Pacific Lending LLC,3,2020-09-09,2023-10-19
"TriStar Finance, Inc.",3,2020-09-11,2022-10-20
SG and Associates,486,2020-09-12,2026-09-10
Opportunity Fund,64,2020-09-14,2026-08-03
"Point Digital Finance, Inc.",55,2020-09-14,2026-09-24
RADIUS FINANCIAL GROUP INC.,3,2020-09-14,2026-05-15
"Tiffany & Bosco, P.A.",15,2020-09-15,2026-05-30
"Adelante, Inc",98,2020-09-16,2026-07-24
Coastal Bend Loans,4,2020-09-16,2026-08-01
"Digital Mortgage, LLC",1,2020-09-16,2020-09-16
"Filo Mortgage, L.L.C.",16,2020-09-16,2025-06-24
T2 Financial LLC,18,2020-09-16,2026-09-02
Trustpoint Lending Corporation,1,2020-09-16,2020-09-16
"AK Bell, Inc.",1,2020-09-17,2020-09-17
Boone & Associates Group LLC,6,2020-09-17,2021-08-19
"CMM Finance, Inc.",13,2020-09-18,2026-07-17
Empire Mortgage (NV),2,2020-09-18,2020-10-08
"Equinox Home Financing, Inc.",2,2020-09-18,2020-12-30
STOCKTON MORTGAGE,41,2020-09-18,2026-08-19
"TradeStation Group, Inc.",62,2020-09-19,2025-10-23
"Central Credit Audit, Inc.",7,2020-09-22,2024-01-22
"SandP Solutions, Inc.",34,2020-09-23,2023-11-12
Students Come First,12,2020-09-23,2023-06-16
"Thrash and Thrash, PLLC",1,2020-09-23,2020-09-23
Greenway Mortgage Funding Corp.,3,2020-09-24,2026-01-04
SUN AMERICAN MORTGAGE,3,2020-09-24,2026-05-15
"Splash Financial, Inc.",32,2020-09-24,2026-08-03
"LEIJA ENTERPRISES, INC.",1,2020-09-25,2020-09-25
All Debt Solutions Inc. dba: 1st Class Agency,51,2020-09-26,2025-05-28
High Mountain Funding Inc.,9,2020-09-27,2025-07-01
ASAP Credit Repair,9,2020-09-28,2026-01-12
"Clear Mortgage Capital, Inc.",9,2020-09-29,2026-08-23
Cleveland Mortgage Corporation,1,2020-09-29,2020-09-29
"Direct Mortgage, Corp.",4,2020-09-29,2021-04-22
"Insight One Solutions, LLC",9,2020-09-29,2026-08-22
"Nationwide Loan Consultants and Advisors, LLC",6,2020-09-29,2025-11-13
"Scratch Services, Inc.",43,2020-09-30,2024-07-20
Dedicated Credit Repair,2,2020-10-01,2021-03-17
Four Directions Lending LLC,55,2020-10-01,2023-04-20
Residential Funding Consultants LLC,1,2020-10-01,2020-10-01
The Rose Law Firm PLLC,4,2020-10-03,2026-01-26
Michigan First Title Agency,1,2020-10-05,2020-10-05
"Saale & Bailey, LLC",1,2020-10-05,2020-10-05
Student Aid Foundation,3,2020-10-05,2021-12-29
Title365 Holding Co.,7,2020-10-06,2021-07-19
"Vellum Mortgage, Inc.",3,2020-10-06,2024-09-19
"A+ Loans, Inc.",25,2020-10-08,2026-03-19
"Red Mortgage, Inc.",8,2020-10-09,2022-04-11
Fairfax Lending Inc.,2,2020-10-13,2025-06-05
"MLH Financial Services, Inc.",4,2020-10-13,2021-01-22
"Rate Plus, Inc.",2,2020-10-13,2021-10-27
Vertical Screen,58,2020-10-15,2026-08-18
360 Credit Consulting,4,2020-10-16,2025-10-17
Automotive Financial Services,4,2020-10-16,2025-01-02
"Reliant Home Funding, Inc",3,2020-10-19,2025-02-19
DigniFi,369,2020-10-20,2026-09-23
"SANDY SPRING BANCORP, INC.",67,2020-10-20,2025-04-30
American Capital Recovery LLC,3,2020-10-21,2025-05-22
PRONTO FINANCE INC.,77,2020-10-21,2026-09-16
"Cumberland Financial Services, INC.",2,2020-10-22,2023-03-23
"Devon Clark Currency Exchange, Inc",2,2020-10-22,2021-11-05
"Wedgewood, LLC",2,2020-10-22,2021-02-04
"MUSA Holdings, LLC",12,2020-10-23,2026-02-12
Huston & Angus,1,2020-10-24,2020-10-24
"SunnyHill Financial, Inc.",6,2020-10-26,2026-02-10
The Law Office of Nicole Hillman,6,2020-10-27,2026-01-06
SUNSTREET MORTGAGE LLC,3,2020-10-29,2026-08-24
"Celebrity Financial, Inc.",25,2020-10-30,2023-11-02
"GLOBAL TRUST FINANCE, LLC",1,2020-11-01,2020-11-01
"Reali, Inc.",4,2020-11-03,2022-02-28
"snapfi, inc.",2,2020-11-05,2021-06-01
Pacific Mortgage Planning LLC,1,2020-11-06,2020-11-06
JBrucker Advisors,1,2020-11-07,2020-11-07
Credit Quick,4,2020-11-08,2026-07-29
TAG Financial Services Inc.,1,2020-11-09,2020-11-09
ACCESS LOAN COMPANY,8,2020-11-10,2025-10-26
Moon Inc.,11,2020-11-11,2025-12-06
Reel Time Capital LLC,103,2020-11-11,2026-09-25
Wolfe Jones Wolfe Hancock Daniel & South LLC,1,2020-11-11,2020-11-11
ARP & Associates LLC,5,2020-11-12,2025-12-16
"Tilt Finance, Inc.",301,2020-11-13,2026-09-12
Banc One Mortgage Corporation,4,2020-11-14,2022-02-24
"Rosen Legal, LLC",1,2020-11-14,2020-11-14
Alamo Premier Mortgage Group Inc,4,2020-11-17,2025-10-09
ABC First Inc,1,2020-11-21,2020-11-21
"Direct Home Loans, LLC",1,2020-11-22,2020-11-22
"Emerge Financial Services, Inc.",1,2020-11-22,2020-11-22
GUARANTY HOME MORTGAGE CORPORATION,3,2020-11-22,2022-01-28
"Harris & MacNeil, LLP",2,2020-11-23,2025-11-14
Lo Inc. DBA Reliance Mortgage,1,2020-11-23,2020-11-23
Nathan A Schwartz PA,1,2020-11-23,2020-11-23
"MORTGAGE BANK OF CALIFORNIA, INC.",1,2020-11-24,2020-11-24
"Trebar Financial Services, Inc.",3,2020-11-24,2025-09-10
"WestGen Lending, a DBA of Beckam Funding",18,2020-11-24,2026-01-07
iHome Financial Inc.,1,2020-11-24,2020-11-24
Advise Solutions Services LLC,12,2020-11-25,2025-07-28
BAM Management US Holdings Inc.,868,2020-11-25,2026-09-18
"Cash Advance Centers of KY, Inc.",2,2020-11-27,2023-03-16
Superior Settlement Services LLC,4,2020-11-29,2026-06-11
"Nationwide T & L Holdings, LLC",1,2020-11-30,2020-11-30
InvestMark Mortgage,2,2020-12-01,2025-12-18
"Parkway Financial Group, LLC",29,2020-12-02,2026-06-01
Revolution Financial Inc.,28,2020-12-02,2024-05-16
"Servion, Inc.",28,2020-12-04,2026-06-09
"Buckingham, Doolittle & Burroughs, LLC",1,2020-12-05,2020-12-05
Varolii Corporation,1,2020-12-05,2020-12-05
M2 Law Group PC,3,2020-12-08,2021-10-07
Direct Account Management,9,2020-12-09,2023-10-10
"Parrish and Lebar, LLP",5,2020-12-09,2022-04-19
"ATKB PORTFOLIO MANAGEMENT, LLC",3,2020-12-11,2025-12-12
"Approved Mortgage Source, LLC",3,2020-12-12,2023-06-13
Lakeside Title Company,1,2020-12-12,2020-12-12
"MAGGUILLI LAW FIRM, PLLC",7,2020-12-12,2026-03-05
Community Housing Council of Fresno,1,2020-12-14,2020-12-14
Gregory and Jacobs Corporation,1,2020-12-14,2020-12-14
"Intelty, Inc",1,2020-12-14,2020-12-14
Kikoff Inc.,7093,2020-12-14,2026-09-21
MoneySpot USA LLC DBA Sunshine Loans,74,2020-12-14,2026-08-29
PHILADELPHIA MORTGAGE ADVISORS,1,2020-12-14,2020-12-14
"Advocates Professional Services, Inc.",2,2020-12-15,2022-10-05
"MUTUAL OF OMAHA MORTGAGE, LLC",180,2020-12-15,2026-09-28
Summit Horizon Financial Services,17,2020-12-16,2025-09-08
APLUS INSTACASH LLC dba A+ FINANCE,8,2020-12-19,2025-07-31
"Soja Management Services, LLC",15,2020-12-23,2026-04-17
Gulf Coast Auto Credit Corporation,3,2020-12-24,2026-03-07
"Premier Mortgage, LLC",5,2020-12-24,2022-01-19
"BLINCLOANS, INC.",85,2020-12-25,2026-08-28
Harris Law Group,2,2020-12-26,2024-04-24
Eastern Recovery Management Inc,1,2020-12-28,2020-12-28
Loan Cabin Inc.,10,2020-12-28,2025-12-30
"Tona Mortgage, LLC",21,2020-12-30,2026-07-08
"Mountain Run Solutions, LLC",325,2021-01-01,2025-02-02
"Summerfield Mortgage, LLC",1,2021-01-01,2021-01-01
"Liberate Debt, Inc. 9156",1,2021-01-05,2021-01-05
Arcon Credit Solutions LLC,145,2021-01-06,2026-09-09
EZ Finance Company,3,2021-01-06,2026-04-06
"AutoBank Financial, LLC",16,2021-01-07,2026-09-04
Girosol Corp.,1,2021-01-08,2021-01-08
Sezzle Inc.,1469,2021-01-12,2026-09-24
TitanPrep Inc,2,2021-01-13,2023-02-13
"Tromberg, Miller, Morris & Partners, PLLC",108,2021-01-13,2026-09-16
"Pivot Rock Solutions, LLC",3,2021-01-14,2023-10-21
"TSALTA FINANCIAL COMPANY, LLC",5,2021-01-14,2026-06-26
Avenify Corporation,2,2021-01-16,2025-07-10
"ACE LENDING GROUP, LLC",1,2021-01-20,2021-01-20
"Trevathan Law Firm, APLC",1,2021-01-20,2021-01-20
"HarrisLoftus, PLLC",35,2021-01-22,2026-09-21
IOWA BANKERS MORTGAGE CORPORATION,9,2021-01-22,2026-01-31
"Zieg Law Group, LLC",2,2021-01-22,2021-03-12
"Vision Mortgage Company, Ltd.",1,2021-01-24,2021-01-24
"Greeting Team, LLC DBA Customer Care Global",47,2021-01-25,2026-09-25
"First Florida Financial, Inc.",1,2021-01-26,2021-01-26
Crossroads Systems Inc.,63,2021-01-27,2026-03-26
PROFESSIONAL SOLUTIONS GROUP,2,2021-01-27,2025-07-15
"Capital Mitigation Services, LLC",60,2021-01-28,2026-08-18
New Start Financial,5,2021-01-28,2025-12-15
"Crawfordsville CCB, Inc.",4,2021-01-29,2025-10-29
Niederman Stanzel & Lindsey,3,2021-01-29,2025-08-01
Start Connecting dba USA Student Debt Relief,12,2021-01-29,2024-01-09
"BANKMOBILE TECHNOLOGIES, INC",257,2021-02-02,2025-07-31
"Accounts Receivables, Inc. (FL)",8,2021-02-03,2026-06-22
"LKN Capital Mortgage, Inc.",1,2021-02-04,2021-02-04
"South River Mortgage, LLC",30,2021-02-04,2026-08-27
Liberty Home Mortgage Corporation,8,2021-02-05,2024-03-08
Universal Payment Corporation,62,2021-02-06,2026-07-02
WESTERN EXPRESS LENDING,2,2021-02-06,2021-03-18
A1 Holding Group LLC,4,2021-02-08,2025-11-25
"Diaz Anselmo Lindberg, P.A.",7,2021-02-09,2024-11-22
"Grain Technology, Inc.",690,2021-02-09,2024-03-19
"Hollins & McVay, P.A.",24,2021-02-09,2026-01-29
CBC Holdings LLC,3,2021-02-11,2026-02-17
RC Willey,92,2021-02-11,2026-08-20
"Affirm Holdings, Inc",17497,2021-02-16,2026-09-15
"Synergy One Lending, Inc.",9,2021-02-16,2026-07-10
Activo Corp,2,2021-02-18,2021-04-09
Open Road Finance Corporation,4,2021-02-18,2022-05-19
"Adobe Settlement Group, LLC",2,2021-02-19,2022-05-31
Zillow Group Inc.,58,2021-02-19,2026-08-29
"Avant Holding Company, Inc.",3112,2021-02-20,2026-09-17
"GVG Financial Services, Inc",2,2021-02-20,2025-11-12
"Hypur, Inc",1,2021-02-21,2021-02-21
LL Services Parent LLC,16,2021-02-21,2026-07-10
EliteCashWire.com Inc,3,2021-02-22,2026-01-13
Blueleven Capital Corporation,1,2021-02-23,2021-02-23
Credilife ...A Financial Wellness Company,1,2021-02-23,2021-02-23
"NOVAD Management Consulting, LLC",201,2021-02-23,2026-02-23
"Call A Friend Financial Services, LLC",1,2021-02-24,2021-02-24
"CoinZoom, Inc.",14,2021-02-25,2026-07-08
"Easier Funding, LLC",31,2021-02-25,2026-09-03
Keeping Capital LLC,1,2021-02-25,2021-02-25
Kovo,1096,2021-02-25,2026-09-22
"AMALGAMATED TOKEN SERVICES, INC.",38,2021-02-26,2026-06-11
Florida Pro Mortgage LLC,2,2021-02-26,2022-04-28
Liberty SBF,3,2021-02-26,2023-08-08
Park Hill Holdings,487,2021-02-26,2026-09-22
"CAC Services, Inc.",2,2021-02-27,2022-06-15
"CARCO Group, Inc.",154,2021-03-01,2026-09-11
"AFJ Systems, Inc.",6,2021-03-02,2026-03-10
"Independence Capital Recovery, LLC",86,2021-03-03,2026-09-10
"Keystone Funding, Inc.",2,2021-03-04,2025-09-28
"Wall Financial, Inc.",1,2021-03-07,2021-03-07
"Mesa Auto Finance, LLC",7,2021-03-08,2026-07-17
Titan Revenue Solutions,33,2021-03-08,2025-10-17
Pinnacle Capital Funding Corporation,1,2021-03-09,2021-03-09
"Silverman Theologou, LLP",59,2021-03-09,2026-07-30
Priority Recovery Law PLC,1,2021-03-10,2021-03-10
Lakeview Mortgage Bankers Corp.,1,2021-03-11,2021-03-11
SoLo Funds Inc.,158,2021-03-13,2026-09-25
TITLE FINANCIAL CORPORATION,4,2021-03-15,2026-01-28
AT&T,1,2021-03-16,2021-03-16
Neat Capital Inc.,2,2021-03-16,2022-01-15
Sylvania Acceptance Corporation,4,2021-03-16,2025-10-07
Benefit Mortgage,1,2021-03-17,2021-03-17
"Continental Collection Agency, Ltd.",16,2021-03-17,2025-10-10
Lien Receivables LLC,39,2021-03-17,2026-08-31
PENNSYLVANIA HOUSING FINANCE AGENCY,86,2021-03-17,2026-09-22
Wilhite and Associates Law Firm,1,2021-03-17,2021-03-17
Couch Lambert LLC,79,2021-03-18,2026-09-07
"Intelliloan, Inc",14,2021-03-18,2026-08-31
"WAMM Sales, LLC d/b/a Auto Simple",7,2021-03-18,2026-03-10
Dressman Benzinger LaVelle PSC,1,2021-03-19,2021-03-19
Payfare International Inc.,314,2021-03-20,2026-09-21
Zachter PLLC,12,2021-03-20,2026-07-28
"Check Loans of South Carolina, Inc.",1,2021-03-22,2021-03-22
RANDOLPH-BROOKS FEDERAL CREDIT UNION,727,2021-03-22,2026-09-24
Metacorp LLC,22,2021-03-23,2026-08-29
Evelyn Financial Services,1,2021-03-24,2021-03-24
"Professional Datasolutions, Inc.",4,2021-03-24,2026-01-30
LAGO Funding Corp.,3,2021-03-27,2024-08-02
Lewis & Clark Capital LLC,31,2021-03-28,2026-08-24
REDEMPTION FINANCIAL SERVICES LLC dba NATIONAL AUTO ACCEPTANCE,10,2021-03-29,2025-10-15
Weimark,17,2021-03-30,2026-05-27
"Axela Technologies, Inc",80,2021-04-01,2026-09-02
"Kovitz Shifrin Nesbit, A Professional Corporation",19,2021-04-01,2026-03-08
Abrahamsen Gindin LLC,81,2021-04-05,2026-05-06
"DAVID W. EDWARDS, P.C.",3,2021-04-05,2026-01-06
"Padfield & Stout, LLP",2,2021-04-05,2025-04-24
Ready Capital Corporation,57,2021-04-05,2026-07-15
OKX INC.,67,2021-04-06,2026-08-21
Credit Service Repair,2,2021-04-07,2025-11-21
Universal Envoy Corporation,17,2021-04-07,2026-03-10
"Cloud Willis & Ellis, LLC",14,2021-04-08,2026-07-23
Asset Recovery Bureau LLC,93,2021-04-09,2026-09-11
"Imperial Recovery Consultants, LLC",37,2021-04-09,2026-08-28
"Ingenuity RM, LLC",32,2021-04-09,2026-04-18
"Premier Recovery Services, LLC",13,2021-04-09,2025-06-04
Bella Sloan Enterprises,9,2021-04-10,2026-01-08
"iReverse Home Loans, Corporation",1,2021-04-12,2021-04-12
"MERFICAP, LLC",2,2021-04-13,2023-03-14
Premier Capital Investment Group,6,2021-04-13,2026-06-18
"Barley Mortgage, LLC",1,2021-04-15,2021-04-15
"CNC MORTGAGE, LLC",1,2021-04-16,2021-04-16
Consumers Alliance Processing Corporation,3,2021-04-16,2026-03-17
River City Mortgage LLC,7,2021-04-16,2025-04-26
Smart Money Alliance,8,2021-04-16,2026-03-18
"Capital Auto Credit, LLC",6,2021-04-19,2026-01-31
"Cortland Capital Group, LLC",1,2021-04-19,2021-04-19
"EGL US, LLC",939,2021-04-19,2026-09-21
Potomac Trust Mortgage Company LLC,1,2021-04-19,2021-04-19
"TRUEBILL, INC",39,2021-04-20,2026-09-18
"Optimal Management Group, LLC",1,2021-04-21,2021-04-21
Credit Expert LLC,2,2021-04-22,2025-11-12
"Godwin-Jones & Price, P.C.",2,2021-04-22,2021-05-03
STATE BANK OF INDIA - NEW YORK BRANCH,37,2021-04-22,2026-08-20
Top Flight Assistance (Top Flight Credit Assistance),12,2021-04-22,2026-02-17
Williams & Rivera Litigation Group LLC,1,2021-04-22,2021-04-22
"Consumer Credit Services, LLC",3,2021-04-23,2021-08-21
"Consolidated Credit Solutions, Inc.",17,2021-04-24,2026-03-06
Lela Mae Portfolio Management Group,38,2021-04-26,2026-07-23
"Collection Receivables, Inc.",212,2021-04-27,2026-09-25
"FIRST METROPOLITAN FINANCIAL SERVICES, INC.",11,2021-04-27,2026-07-10
"National Credit Care, LLC",5,2021-04-28,2025-01-16
"Ladera Ranch Home Loans, Inc.",2,2021-04-29,2025-05-08
Red Target LLC,37,2021-04-29,2026-07-11
"Adela, Inc",15,2021-04-30,2026-09-06
First Loan Choice,3,2021-04-30,2021-07-26
TDS Financial LLC,13,2021-04-30,2025-11-26
CHN Housing Partners,6,2021-05-01,2026-09-11
ADP Inc.,930,2021-05-02,2026-09-11
CHEXTOP of America Inc.,1,2021-05-02,2021-05-02
"Alum Financial, LLC",15,2021-05-03,2022-07-14
"Dr.Skiptracer, LLC",1,2021-05-03,2021-05-03
Philip Sellers P.C.,5,2021-05-03,2026-06-03
INTERACTIVE MORTGAGE,1,2021-05-04,2021-05-04
"Steel River Systems, LLC",195,2021-05-04,2026-09-14
"The Barton Law Group, LLC",6,2021-05-04,2024-07-22
"Paxful Holdings, Inc.",53,2021-05-05,2025-10-28
"Lentegrity Management, LLC",163,2021-05-06,2026-09-08
Central Valley Receivables,3,2021-05-07,2025-07-24
"NCD Financial, LLC",78,2021-05-07,2026-07-18
Elite 1 Financial Services,2,2021-05-10,2022-06-21
PACIFIC FORESIGHT FINANCIAL CORPORATION,1,2021-05-11,2021-05-11
Regional Recovery Services,15,2021-05-11,2026-03-07
Electric Solidus LLC,4,2021-05-12,2026-05-30
"Harbour Portfolio Advisors, LLC",3,2021-05-12,2025-11-10
"Blockchain.com, Inc.",334,2021-05-13,2026-09-18
Credit Services of Michigan,8,2021-05-13,2025-11-11
BHA Services,24,2021-05-15,2026-07-05
"1 Auto Finance, Inc.",8,2021-05-16,2026-04-22
Five Clans Lending LLC,6,2021-05-17,2022-05-17
"Mark Sank & Associates, LLC",1,2021-05-19,2021-05-19
"Bay Shore Finance, Inc.",3,2021-05-20,2021-10-02
"Indian River County Habitat for Humanity, Inc.",1,2021-05-20,2021-05-20
Miranda Holdings LLC DBA Total Credit Relief,4,2021-05-20,2025-11-06
"National Healthcare Collections, LLC",70,2021-05-20,2026-09-22
"EAZZY CONSULTING GROUP, INC",1,2021-05-22,2021-05-22
"Tier Capital, LLC",5,2021-05-23,2026-05-21
"LL Capital Partners II, L.P.",6,2021-05-25,2022-03-18
Debt Solutions LLC,17,2021-05-26,2026-03-02
Ray Skillman Northeast Buick GMC Truck Inc,9,2021-05-26,2026-01-23
Total Auto Finance,29,2021-05-29,2026-06-08
Windham Equity Company,28,2021-05-29,2026-09-02
"Caddis Funding, LLC",13,2021-05-31,2025-12-11
Rausch Sturm LLP,627,2021-06-02,2026-09-15
"LUKE, JOHNSON & LEWIS LLC",10,2021-06-03,2025-09-10
"Sunbit, Inc.",974,2021-06-03,2026-09-20
The Credit Laboratory,1,2021-06-04,2021-06-04
A-L FINANCIAL CORP,52,2021-06-07,2026-09-01
FRANK & ISRAEL LTD.,4,2021-06-07,2026-02-23
Madison Avenue Associates,1,2021-06-07,2021-06-07
Makower Abbate Guerra Wegner Vollmer PLLC,17,2021-06-07,2026-09-02
"First Commerce, LLC",2,2021-06-09,2022-12-28
Intelligent Mortgage and Consulting Services LLC,5,2021-06-09,2025-12-17
"Uprova Credit, LLC",433,2021-06-09,2026-09-26
Driveway Finance Corporation,374,2021-06-10,2026-09-17
"OTR Fund I, LLC",8,2021-06-10,2026-08-17
"Enhanced Recovery Services 2, Inc.",2,2021-06-11,2024-08-01
"Foundation Title & Settlement Services, LLC",2,2021-06-11,2021-07-09
Law Offices of Brian P. Kowal PA,2,2021-06-11,2022-05-22
"TriPoint Lending, LLC",16,2021-06-11,2026-07-07
"Pizer & Associates, P.C.",4,2021-06-12,2026-05-11
"Unitas Lending, LLC",2,2021-06-14,2026-02-18
"O'Kelley & Sorohan, Attorneys at Law, LLC",2,2021-06-15,2025-11-01
"SF VAGO, LLC",136,2021-06-15,2026-07-20
Van Patten Mortgage Group,1,2021-06-15,2021-06-15
"Olin Berthelot & Associates, L.L.C.",1,2021-06-16,2021-06-16
"Professional Mitigation Services, Inc",4,2021-06-16,2025-03-03
Coastal Settlement Recovery Inc.,5,2021-06-17,2022-02-01
"Praxell, Inc.",3,2021-06-17,2021-11-08
"Bendett & McHugh, P.C.",3,2021-06-19,2023-05-02
Dividend Finance Inc.,39,2021-06-19,2023-03-22
"Bridge IT, Inc.",371,2021-06-21,2026-09-23
"Central Mortgage Funding, LLC",25,2021-06-21,2025-01-23
MOUNTAIN AMERICA FEDERAL CREDIT UNION,777,2021-06-21,2026-09-23
Madera Collection Services,5,2021-06-21,2025-12-30
Salary Finance Inc,3,2021-06-22,2023-05-24
M Squared Financial LLC,3,2021-06-23,2024-06-28
CRED Technologies dba cred.ai,48,2021-06-25,2026-06-26
"Cayetano Development, LLC",2,2021-06-25,2024-12-31
Tri-Cities Finance Company,3,2021-06-27,2025-11-30
PCF Holdings Corp.,1,2021-06-28,2021-06-28
"Arena Investors, LP",63,2021-06-29,2026-08-01
"PROVIDENT FINANCIAL SERVICES, INC.",52,2021-06-29,2026-08-08
"TNT Financial, Inc.",22,2021-06-29,2026-08-25
Guidance Alum LLC,8,2021-06-30,2022-10-24
Students First Limited Liability Co.,5,2021-07-01,2022-02-07
Master Finance Corporation,4,2021-07-02,2024-05-17
"Starkes Law Firm, L.L.C.",1,2021-07-03,2021-07-03
Illinois Collections Inc,14,2021-07-08,2026-03-07
"SERVISFIRST BANCSHARES, INC.",14,2021-07-08,2026-07-06
COMMUNITY REINVESTMENT FUND,22,2021-07-10,2026-09-13
Credova Holdings Inc,66,2021-07-10,2026-09-01
Landed Home Loans LLC,1,2021-07-10,2021-07-10
"Superior Holdings, LLC",36,2021-07-11,2026-09-13
A P Auto Finance Inc,1,2021-07-13,2021-07-13
"CLGF Holdco 1, LLC",9210,2021-07-13,2026-09-25
Kubota North America Corporation,81,2021-07-14,2026-09-03
NBT BANCORP INC.,203,2021-07-15,2026-09-23
"J. J. WALKER & ASSOCIATES, LLC",1,2021-07-16,2021-07-16
Modoc Tribe Financial Services Authority,15,2021-07-16,2025-05-30
New Start Capital,1,2021-07-17,2021-07-17
"Brewer's Quality Homes, Inc.",1,2021-07-18,2021-07-18
Legacy Title Service,2,2021-07-19,2026-08-27
ROLS INC,3,2021-07-19,2023-08-02
FIRST UNITED BANK AND TRUST COMPANY,108,2021-07-20,2026-09-14
APG Financial Inc,30,2021-07-21,2026-09-07
"AppFolio, Inc.",216,2021-07-21,2026-09-14
"Johnstown Credit Bureau, Inc.",8,2021-07-21,2026-06-16
Harr Imports Inc,1,2021-07-22,2021-07-22
KSP Global Inc.,3,2021-07-22,2022-03-16
"DIME COMMUNITY BANCSHARES, INC.",45,2021-07-23,2026-08-25
First Equity Mortgage Group LLC,1,2021-07-23,2021-07-23
"Loanatik, L.L.C.",1,2021-07-23,2021-07-23
ARM Professional Services LLC,27,2021-07-26,2026-09-19
KITTREDGE MORTGAGE CORPORATION,1,2021-07-26,2021-07-26
Derricka Harwell Enterprises,2,2021-07-27,2022-10-20
"CBK, Inc.",18,2021-07-28,2026-06-06
Bell Global Solutions LLC,10,2021-07-29,2024-02-20
Cember & Cember P.C.,2,2021-07-29,2023-04-01
Albert Corporation,769,2021-07-30,2026-09-18
"HomeLight, Inc.",1,2021-07-30,2021-07-30
"Mcburberod Financial, Inc. d/b/a SeedFi",131,2021-08-04,2025-05-22
SL Finance LLC,20,2021-08-04,2024-04-01
RANGE CREDIT BUREAU INC,16,2021-08-06,2026-07-09
DMI America Inc,2,2021-08-07,2022-04-26
Greco Financial Services Corp.,3,2021-08-07,2024-06-10
"Afterpay US Services, LLC",23,2021-08-09,2022-09-16
INTEGRITY CREDIT CORPORATION,2,2021-08-11,2022-07-11
Olympus Lending LLC,8,2021-08-11,2026-01-13
Credit Supreme LLC,5,2021-08-12,2022-12-12
GREEN ROAD FINANCE INC.,22,2021-08-12,2026-04-05
THE MORTGAGE EXPERTS LLC,2,2021-08-12,2025-10-24
"Creative Finance, Inc.",24,2021-08-14,2026-08-21
"US Best Credit Solutions, Inc.",1,2021-08-16,2021-08-16
InDebted Corporation,670,2021-08-17,2026-09-22
J. Ritter Law P.C.,15,2021-08-17,2023-04-06
"Fresh Start Funding, LLC",21,2021-08-18,2026-07-01
"PRIMAVERA FINANCIAL, INC.",17,2021-08-18,2026-05-08
Advantage Finance LLC,2,2021-08-19,2023-10-18
McKenzie Management LLC,49,2021-08-19,2026-09-08
Seasons Collection Service,1,2021-08-21,2021-08-21
"America Trust Funding-Mortgage, Bankers LLC",1,2021-08-23,2021-08-23
BUSEY BANK,80,2021-08-23,2026-09-01
"Heartland Resolution Group, LLC",37,2021-08-23,2022-10-12
West Realm Shires Services Inc.,25,2021-08-23,2023-01-18
Debt Co LLC,223,2021-08-24,2026-09-24
"MEMBERS MORTGAGE COMPANY, INC.",1,2021-08-24,2021-08-24
OCEANFIRST FINANCIAL CORP.,54,2021-08-27,2026-09-17
Audubon Solutions LLC DBA Titan Portfolio Management Group,1,2021-08-29,2021-08-29
Mahomes Capital,1,2021-08-30,2021-08-30
"AMERICONSULTANTS, LLC",2,2021-08-31,2023-09-21
Fidelity First Real Estate and Mortgage Inc,1,2021-08-31,2021-08-31
EPA USA INC,6,2021-09-01,2024-04-18
"Prodigy Finance Servicing, LLC",18,2021-09-01,2026-08-14
"Lakeview Law Group, PLLC",12,2021-09-06,2026-06-24
"Armin, O'Conner & Boch, LLC",3,2021-09-11,2026-05-15
"Transfermate, Inc.",3,2021-09-13,2023-11-21
Law Office of Henry L. Robertson PLLC,1,2021-09-14,2021-09-14
Lakeland Recovery Solutions,2,2021-09-15,2024-04-12
Celsius US Holding LLC,66,2021-09-16,2026-03-05
"Cullimore & Coleman, PLC",4,2021-09-17,2026-03-26
CNY Management Group Inc,1,2021-09-21,2021-09-21
"Kolter Financial Services, LLC",2,2021-09-22,2025-07-31
"MINISTRY BRANDS, LLC",5,2021-09-22,2026-09-09
DoubleCheck Solutions,1,2021-09-23,2021-09-23
Cajie LLC,1,2021-09-24,2021-09-24
UnBanked,9,2021-09-24,2023-05-26
"Christensen Financial, Inc.",1,2021-09-25,2021-09-25
"G.W. Golden Enterprises, Inc.",1,2021-09-27,2021-09-27
Bank of Baroda - New York Branch,3,2021-09-29,2023-02-03
"Andrews Law Firm, PLLC",3,2021-10-03,2025-04-02
INDIANAPOLIS NEIGHBORHOOD HOUSING PARTNERSHIP,4,2021-10-03,2026-07-13
"Crimcheck Holdings, LLC",5,2021-10-04,2026-03-19
"Snap Recovery, Inc.",48,2021-10-04,2026-09-23
Paycheck Solutions llc,31,2021-10-05,2025-10-20
"Equihome Mortgage, LLC",1,2021-10-06,2021-10-06
Lakeside Receivables LLC,8,2021-10-06,2026-04-09
"Richard D. London & Associates, P.C.",2,2021-10-06,2025-10-09
"Compattia Roccia Management Group, LLC",10,2021-10-07,2025-12-02
"Rate Rabbit, Inc.",1,2021-10-08,2021-10-08
"Kahn, Dees, Donovan & Kahn, LLP",9,2021-10-09,2025-10-09
"DApps Platform, Inc.",92,2021-10-10,2026-08-09
ACE Midland Holdings,4,2021-10-11,2026-06-12
"Family Financial Care, Inc.",1,2021-10-11,2021-10-11
FB FINANCIAL CORPORATION,79,2021-10-12,2026-07-09
Financial Warranty LLC,9,2021-10-12,2026-02-19
Abra,99,2021-10-13,2026-08-19
William Lavender dba Credit Restoration Services,1,2021-10-13,2021-10-13
Credimatico LLC,26,2021-10-14,2026-07-23
Hudson United Mortgage LLC,1,2021-10-14,2021-10-14
Standard Mortgage Group LLC,1,2021-10-14,2021-10-14
"Timios, Inc.",1,2021-10-14,2021-10-14
Bullseye Collection Agency,3,2021-10-15,2025-10-11
"Haws, Inc. d/b/a Loan House",2,2021-10-15,2025-09-20
Clear Lending Corp,1,2021-10-19,2021-10-19
"Real Pay, Inc",1,2021-10-19,2021-10-19
AdvantageFirst Lending Inc.,22,2021-10-20,2026-09-07
"Chelseamac, LLC dba Briteside Solutions",22,2021-10-20,2026-05-12
Law Office of Monica Guilarte LLC,7,2021-10-20,2025-10-29
"Verified First, LLC",14,2021-10-20,2026-07-22
"Cherry Creek Corporate, LLC",15,2021-10-21,2025-12-30
The Aligned Company DBA Extra,172,2021-10-21,2026-09-22
SE Capital Corp dba Credito Familiar,7,2021-10-22,2026-06-10
IOWA MORTGAGE SOLUTIONS INC,1,2021-10-24,2021-10-24
Finmax Smart Capital LLC,26,2021-10-25,2025-12-11
"Homeward, Inc.",5,2021-10-29,2026-09-09
"SMS Financial, LLC",10,2021-10-29,2026-02-07
Point Up Inc,5,2021-10-30,2022-05-13
"National Advisory Group, Inc",4,2021-11-08,2026-06-12
Ricardo A. Gonzalez dba Performance Elite Lending,1,2021-11-08,2021-11-08
"Round Up Ventures, L.P.",182,2021-11-08,2026-09-09
"Strategic Funding, Inc.",2,2021-11-08,2024-05-24
"Healthcare Collection Specialists, Inc.",9,2021-11-09,2026-03-05
Lendbuzz Inc.,331,2021-11-10,2026-09-13
"EZ Mortgages, Inc",1,2021-11-12,2021-11-12
American Mortgage Partners Inc.,2,2021-11-15,2022-01-11
"Lugano Capital, Inc. d/b/a Start Auto Finance",54,2021-11-15,2026-09-20
DocuService,2,2021-11-16,2021-12-01
RRD Financial LLC,10,2021-11-16,2026-07-13
"KeyStone Financial ,LLC",5,2021-11-17,2023-05-04
"FIRST FINANCIAL BANKSHARES, INC.",37,2021-11-18,2026-07-30
"Pine Court Holdings, LLC",7,2021-11-18,2022-11-27
"Maximus Federal Services, Inc.",12745,2021-11-19,2026-09-24
"Rock Creek Capital, LLC",33,2021-11-19,2025-07-22
RANTAX INC,1,2021-11-22,2021-11-22
"Ross Morgan & Associates, LLC",2,2021-11-24,2022-01-12
"CollectPark, LLC",2,2021-11-26,2023-08-01
Monevo Inc,14,2021-11-29,2025-07-09
"SELFi, Inc.",2,2021-12-01,2024-09-27
"Valon Technologies, Inc.",434,2021-12-02,2026-08-03
Sol Acceptance,6,2021-12-06,2026-02-06
"Advantage Plus Credit Reporting, Inc.",13,2021-12-09,2026-05-15
Inspire Mortgage LLC.,1,2021-12-14,2021-12-14
Stellantis Financial Services US Corp.,1091,2021-12-14,2026-09-28
"ANI International, Inc",1,2021-12-15,2021-12-15
Scott-Roberts and Associates LLC,2,2021-12-15,2025-04-03
Beacon Funding Corporation,5,2021-12-16,2025-06-28
Entrata Inc.,356,2021-12-16,2026-09-09
"Huffman, Hunt & Klym, LLC",3,2021-12-16,2022-05-14
Liberty Capital Services LLC,1,2021-12-17,2021-12-17
"Kind Holdings, LLC",21,2021-12-20,2026-08-28
California Enterprise Agencies,2,2021-12-21,2025-03-18
Scoreably,1,2021-12-21,2021-12-21
"Liberty Career Finance, LLC",29,2021-12-22,2026-07-13
"Bakkt Opco Holdings, LLC",7,2021-12-23,2026-07-16
Cross America Financial LLC,4,2021-12-24,2026-01-14
"P.D.A.B., Inc",3,2021-12-27,2023-03-06
"Plato, LLC",8,2021-12-29,2023-01-17
"Student Loan Solutions, LLC",20,2021-12-29,2026-03-17
"Makes Cents, Inc. dba Advance.Cash",51,2021-12-30,2026-09-18
"Select One Mortgage, Inc.",1,2021-12-31,2021-12-31
"January Technologies, Inc",822,2022-01-02,2026-09-15
"Melar Investments, LLC",13,2022-01-02,2026-07-24
CADENCE BANK,320,2022-01-04,2026-06-17
VYSTAR CREDIT UNION,1250,2022-01-04,2026-09-11
FourLeaf Federal Credit Union,602,2022-01-05,2026-09-15
DAIMLER TRUCK FINANCIAL SERVICES USA LLC,33,2022-01-06,2026-06-23
"Hawk, Haynie, Kammeyer & Smith, LLP",2,2022-01-06,2024-07-02
"Esusu, Inc.",71,2022-01-07,2026-08-22
Full Advance LLC,1,2022-01-07,2022-01-07
WEALTHFRONT CORPORATION,39,2022-01-07,2026-05-27
Vela US Holdco. Inc.,1,2022-01-09,2022-01-09
United Revenue Collection Service,28,2022-01-14,2026-09-02
"Specialized Collection Systems, Inc.",128,2022-01-15,2026-09-24
"The Savings Group, Inc.",143,2022-01-19,2026-09-20
CCF Intermediate Holdings LLC,2707,2022-01-20,2026-09-17
Enter Mortgage Inc,1,2022-01-20,2022-01-20
"Mercari, Inc.",141,2022-01-23,2026-09-15
"Benchmark Capital Management, LLC",2,2022-01-27,2023-12-15
"Rockport Holdings, LLC",1,2022-01-27,2022-01-27
Lynx Whole Loan Acquisition LLC,3,2022-01-28,2022-03-21
"Wator & Associates, P.C",3,2022-01-28,2025-01-16
"Welcome Tech, Inc.",1,2022-01-28,2022-01-28
"Be Money, Inc. (DBA Daylight)",1,2022-01-30,2022-01-30
"Gergory, Doyle, Calhoun & Rogers, LLC",1,2022-01-30,2022-01-30
A Credits Works,1,2022-01-31,2022-01-31
Alliance Acceptance Corp.,4,2022-01-31,2025-06-10
Consumer Information Bureau,5,2022-01-31,2024-04-22
"OS National, LLC",5,2022-01-31,2023-02-20
Post Oak Title,2,2022-01-31,2024-10-18
"Accelerated Portfolio, Inc.",23,2022-02-01,2026-08-18
Castle Mortgage Corporation dba Excelerate Capital,17,2022-02-01,2026-08-25
American Location Specialists,12,2022-02-02,2025-04-02
"Premier Mortgage Resources, LLC",15,2022-02-02,2026-07-16
"Duane C. Romanello, P.A., Inc.",1,2022-02-03,2022-02-03
"Patch Homes, Inc. dba Noah",4,2022-02-03,2025-07-24
"Steps Home Loans, LLC",1,2022-02-04,2022-02-04
Grow Credit Inc,257,2022-02-06,2026-09-11
"Portnoy Schneck, L.L.C.",26,2022-02-08,2026-09-03
"Capital Eleven Auto, LLC dba Capital Auto Loan",13,2022-02-09,2026-07-27
BlockFi Inc,182,2022-02-10,2023-08-25
"Branch Messenger, Inc.",353,2022-02-10,2026-09-24
"Argolica, LLC",2,2022-02-15,2023-09-25
"Associated Management Services, Inc..",1,2022-02-15,2022-02-15
"Atlantica, LLC",3,2022-02-15,2022-06-28
Boxwood Mortgage LLC,1,2022-02-22,2022-02-22
Bragg and Associates Real Estate LLC,1,2022-02-22,2022-02-22
INTERNATIONAL BANCSHARES CORPORATION,12,2022-02-22,2022-10-27
"Lendsmart, Inc.",11,2022-02-22,2026-02-17
"Barrett Motors, Inc.",10,2022-02-23,2026-08-01
I.P.M. Group LLC,2,2022-02-23,2022-04-25
"PIC Capital, Inc. dba Direct Home Lending",3,2022-02-23,2026-06-09
RUEDY & STITES ADVERTISING COMPANY,1,2022-02-24,2022-02-24
Business Credit Management Associates,5,2022-02-28,2023-02-20
Monex Inc.,1,2022-02-28,2022-02-28
Merchants Acquisition Group LLC,2,2022-03-01,2025-12-09
X5 Home Loans LLC,1,2022-03-01,2022-03-01
Class AMC Intermediate,4,2022-03-02,2026-03-08
"JP Jensen Collections, LLC",8,2022-03-02,2026-07-04
"Infinity Capital Group, LLC (CO)",2,2022-03-03,2026-08-08
"Portfolio Investment Exchange, Inc.",4,2022-03-03,2024-02-07
The Wirbicki Law Group LLC,3,2022-03-03,2024-08-07
Healthcare Finance Direct LLC.,440,2022-03-04,2026-09-14
MILLS LTD. dba Credit Bureau of Klamath County,3,2022-03-07,2024-05-16
Packers HC LLC,2,2022-03-07,2026-03-03
Starmark Financial LLC,339,2022-03-07,2026-09-13
"Action One Mortgage Banker, LLC",1,2022-03-08,2022-03-08
"Construction Credit and Finance Group, LLC",1,2022-03-09,2022-03-09
"Dave Operating, LLC",785,2022-03-09,2026-09-14
"Fridge & Resendez, P.C.",1,2022-03-09,2022-03-09
Giggle Finance Inc.,107,2022-03-09,2026-08-06
"Modern Asset Management, Inc.",19,2022-03-09,2026-07-07
"Metrolina Credit Co. of Burlington, INC.",2,2022-03-12,2022-04-29
"Amos & Muffoletto, LLC",1,2022-03-13,2022-03-13
Advanced Credit Management,3,2022-03-15,2026-04-15
"B9, Inc.",90,2022-03-15,2026-09-10
KP ASSET CONSULTING LLC,44,2022-03-17,2024-12-04
"LPI-IV, LLC dba American Foreclosure Prevention",1,2022-03-17,2022-03-17
McMichael Taylor Gray LLC,9,2022-03-17,2026-05-11
Law Office of Carl Brugnoli,3,2022-03-21,2023-02-07
First Credit Corporation,29,2022-03-22,2026-07-25
Hometown Title Agency,2,2022-03-22,2026-07-25
Excellent Credit Matters LLC,1,2022-03-23,2022-03-23
"Clunk Hoose Co., LPA",3,2022-03-24,2024-06-11
"Genesis Recovery Services, Inc.",5,2022-03-24,2026-05-25
"Lendgo, Inc.",10,2022-03-24,2026-05-29
"Mercury Technologies, Inc.",295,2022-03-26,2026-09-09
"Dimand Law Offices, P.C.",9,2022-03-28,2026-06-16
A&D Mortgage LLC,57,2022-03-29,2026-09-01
STAR ONE CREDIT UNION,11,2022-03-30,2024-05-28
Apex Processing,6,2022-03-31,2023-09-14
"Munar Mortgage, LLC DBA Co/LAB Lending",2,2022-03-31,2022-10-29
PREFERRED LOANS LLC,1,2022-04-02,2022-04-02
Transform Credit Inc.,372,2022-04-02,2026-09-11
"Riverstone Law, LLC",2,2022-04-03,2022-07-06
TapTap Send Inc.,149,2022-04-05,2026-09-22
Samsa Technologies Inc,4,2022-04-06,2026-03-25
"Andrea Visgilio-McGrath, LLC",1,2022-04-07,2022-04-07
"Fold, Inc.",23,2022-04-07,2026-04-02
"Spina & Lavelle, P.C.",7,2022-04-07,2026-04-28
"Mammoth Tech, Inc.",7,2022-04-08,2025-06-26
Thayer Properties Inc. DBA Residential First Capital,4,2022-04-08,2026-05-22
"Staunton Financial, Inc.",1,2022-04-10,2022-04-10
"CENTRAL BANCOMPANY, INC",138,2022-04-11,2026-09-05
Kna Global Enterprises Inc,1,2022-04-11,2022-04-11
"MM RV JV 1, LLC",2,2022-04-11,2022-09-16
"Rogers, Carter & Payne, LLC",10,2022-04-12,2026-02-14
"O&G Title, Inc",1,2022-04-13,2022-04-13
"Rapid Investments Holdings, Inc",8,2022-04-13,2026-01-06
Allied Consulting Services LLC,32,2022-04-14,2026-09-21
SECURITY SERVICE FEDERAL CREDIT UNION,312,2022-04-14,2026-09-28
"Hometap Equity Partners, LLC",32,2022-04-15,2026-08-13
"Results! Dental Collection Services, LLC",2,2022-04-15,2023-07-24
CHRISTUS HEALTH,35,2022-04-18,2026-07-24
"FirstCredit, Inc.",44,2022-04-18,2026-07-16
"Cronheim & Larsson, LLC",4,2022-04-19,2025-03-18
"ROAD Auto Finance, LLC",24,2022-04-19,2026-06-23
Global Credit Union,41,2022-04-21,2023-03-13
"MortgagePros, LLC",68,2022-04-21,2026-09-16
"Lefkoff, Rubin, Gleason, Russo & Williams, P.C.",21,2022-04-22,2026-06-02
"Majority USA, LLC",93,2022-04-22,2026-09-04
DebtEaze,10,2022-04-23,2026-05-12
"Gault Financial, LLC",1,2022-04-23,2022-04-23
Leif Technologies Inc.,17,2022-04-26,2026-05-03
Saint Services LLC,39,2022-04-27,2026-09-15
"Thrift McLemore, LLC",1,2022-04-27,2022-04-27
"Empire Home Loans, Inc.",5,2022-04-29,2024-03-15
"Equity Sales Finance, Inc.",20,2022-04-30,2026-08-31
"Debt Direct Portfolio Management, LLC",12,2022-05-02,2026-04-27
"Flyhomes, Inc.",2,2022-05-02,2025-11-03
Repair Like A Pro LLC,2,2022-05-02,2026-03-05
Camino Financial Inc.,50,2022-05-03,2026-08-04
AFFORDABLE MORTGAGE ADVISORS LLC,2,2022-05-05,2026-06-26
"Frank Innovations, Inc",3,2022-05-05,2023-06-27
"Pivot Financial Partners, Inc.",3,2022-05-05,2023-09-14
Rapid Home Lending Inc.,19,2022-05-05,2026-09-26
"Free Debt USA, Inc",1,2022-05-09,2022-05-09
Bright Capital Inc,202,2022-05-12,2026-09-09
Citizens Debt relief LLC,63,2022-05-12,2026-09-17
"Breit & Boomsma, P.C.",7,2022-05-13,2026-04-18
Denefits LLC,241,2022-05-13,2026-09-08
Nations Mortgage LLC,11,2022-05-13,2026-08-13
Foursight Holding LLC,181,2022-05-17,2024-07-23
"RAM America, Inc",13,2022-05-18,2026-09-14
CRCO,2,2022-05-19,2024-12-11
"Vanz, LLC",4,2022-05-19,2023-07-21
DirectArms,2,2022-05-20,2022-06-01
"PatientFi, Inc.",218,2022-05-20,2026-09-21
"Equity 4 U, Inc.",2,2022-05-23,2026-07-29
Stratus Financial LLC,37,2022-05-23,2026-08-30
Security Mortgage Corporation,1,2022-05-24,2022-05-24
Unlock Wealth $,2,2022-05-24,2022-09-01
"Edge Home Finance, LLC",20,2022-05-25,2026-08-01
"HomePace, Inc.",3,2022-05-25,2026-07-14
"RUPP AND ASSOCIATES, INC.",7,2022-05-25,2026-08-27
SAN DIEGO COUNTY CREDIT UNION,249,2022-05-25,2026-08-07
DOLLAR MUTUAL BANCORP,173,2022-05-26,2026-09-16
"On The Barrelhead, LLC",1,2022-05-26,2022-05-26
Credit Glory LLC,86,2022-05-31,2026-09-08
"American Settlement Funding, LLC",1,2022-06-01,2022-06-01
Fuel Capital Group,122,2022-06-01,2026-08-17
"CDS Debt Relief, LLC",17,2022-06-02,2026-01-13
ML Mortgage Corp.,2,2022-06-02,2025-06-18
"Two Rivers Title Company, LLC",1,2022-06-02,2022-06-02
"Kiavi, Inc.",25,2022-06-04,2026-07-12
"AGS Financial, Inc",8,2022-06-06,2026-09-02
"Above Lending, Inc.",25,2022-06-07,2026-07-08
"FirstCash, Inc.",29,2022-06-07,2026-09-20
"GL Holdings, LLC",1,2022-06-07,2022-06-07
Robert E. Lee Attorney At Law,1,2022-06-08,2022-06-08
Credit Bureau of Havre,6,2022-06-09,2026-06-02
"Own Up Holdings, Inc.",2,2022-06-09,2026-02-16
"EAGLE BANCORP, INC.",19,2022-06-10,2026-05-05
John C. Compton PC,1,2022-06-10,2022-06-10
"1803 Capital, LLC",64,2022-06-13,2026-09-11
"PALOMAR ENTERPRISES, LLC",8,2022-06-13,2026-07-01
"INTER & CO PAYMENTS, INC.",10,2022-06-14,2026-09-04
Northstar Legal Group LLC,18,2022-06-14,2026-06-11
Revol Collections Ltd,4,2022-06-14,2026-03-21
First Atlantic Auto Credit LLC,11,2022-06-15,2026-07-30
HUNT Real Estate Corporation,2,2022-06-16,2024-03-20
Wyoming Credit Association,5,2022-06-16,2023-03-14
Access Loan Services Inc.,9,2022-06-17,2025-12-27
Western Management Consultants,22,2022-06-17,2026-08-24
Wolf River Development Company,370,2022-06-17,2026-09-21
"Capital Provider Holdings, Inc.",1,2022-06-19,2022-06-19
Home Funding Corporation,1,2022-06-20,2022-06-20
"Upstate Premier Mortgage, Inc.",5,2022-06-21,2025-09-26
"Interstate Credit Solutions, LLC",3,2022-06-23,2025-02-27
"Reax Capital, LLC",2,2022-06-23,2025-04-15
"C&I Financial, Inc.",4,2022-06-27,2024-09-10
American Credit - Credit Repair Centers,12,2022-07-02,2026-03-25
"SouthLaw, P.C.",6,2022-07-03,2026-09-08
Southern Fidelity Mortgage Group of Huntsville,2,2022-07-05,2025-05-05
"Flyhomes Mortgage, LLC",1,2022-07-06,2022-07-06
"Cascade CISS Holdings, LLC",1688,2022-07-07,2026-09-23
Fundo LLC,122,2022-07-07,2026-09-02
"Principe & Strasnick, P.C.",1,2022-07-07,2022-07-07
"Cornerstone First Mortgage, Inc.",22,2022-07-08,2026-06-07
South Coast Doc Prep,3,2022-07-08,2024-01-04
"Automotive Leasing Specialists, L.L.C.",16,2022-07-13,2026-04-22
Credit Fresh Holdings Inc,851,2022-07-13,2026-09-16
"Zebit, Inc.",17,2022-07-14,2025-08-03
COINFLIP LLC,30,2022-07-20,2026-08-07
"Dolliemac, LLC dba Elite Document Management Solutions",6,2022-07-20,2024-07-18
"Rental Kharma, Inc",10,2022-07-20,2026-08-25
Southern Mortgage Corp.,2,2022-07-25,2026-06-25
Capital Asset Recovery INC DBA Jacobson and Wright,22,2022-07-26,2026-09-17
"Advantage Financial Services of Covington, LLC",3,2022-07-27,2024-08-28
"Clasp Group, Inc.",45,2022-07-27,2026-09-11
"Click n' Close, Inc.",157,2022-07-27,2026-09-18
"Hatfield, Inc.",137,2022-07-28,2026-09-11
"ALLSTATE LENDING GROUP, INC",11,2022-07-29,2025-01-04
Apex Advising LLC DBA Apex Credit Fix,2,2022-07-29,2025-03-06
Sulphur Bank Rancheria Enterprises,50,2022-07-29,2026-07-23
Maple Finance Company,3,2022-07-31,2024-11-16
"Byers Law, LLC",2,2022-08-02,2025-10-24
"Lending Force, LLC",26,2022-08-02,2026-08-28
"Trio Financial Technologies, Inc. DBA Finch",1,2022-08-02,2022-08-02
Orange Tree Holdings LLC,6,2022-08-04,2025-03-31
"Greenkey Financial, Inc.",1,2022-08-05,2022-08-05
Bailey & Galyen,1,2022-08-08,2022-08-08
"Island Portfolios Services, LLC",5,2022-08-08,2026-05-20
ALASKA HOUSING FINANCE CORPORATION,3,2022-08-09,2026-01-27
International Credit Inc,2,2022-08-10,2026-07-28
"Van Horn Automotive Group, Inc.",9,2022-08-10,2026-08-12
ENTERPRISE FINANCIAL SERVICES CORP,25,2022-08-12,2026-06-19
Enium Capital Group LLC,17,2022-08-15,2026-01-09
Main Resolution Group,14,2022-08-15,2026-07-17
"AZ LENDING EXPERTS, LLC",2,2022-08-16,2025-12-31
"Parkstone Mortgage, LLC",3,2022-08-16,2026-06-04
"United Funding Logistics, LLC",30,2022-08-17,2026-03-19
"Best Account Receivables Management Solutions, LLC",6,2022-08-18,2026-07-22
Credit Points 720,1,2022-08-19,2022-08-19
"MovoCash, Inc.",2,2022-08-19,2022-09-07
"Sonnek & Goldblatt, Ltd.",6,2022-08-25,2024-12-18
Ok Finance Group INC,9,2022-08-28,2026-05-18
"Flexible Finance, Inc.",250,2022-08-29,2026-09-12
"Cope Enterprises, LLC",1,2022-09-01,2022-09-01
Usset Weingarden & Liebo PLLP,3,2022-09-02,2025-10-28
"Blueprint Holding Co., Inc",1,2022-09-04,2022-09-04
CWI INC,1,2022-09-04,2022-09-04
"Truemper, Titiner & brouch Ltd",3,2022-09-06,2026-08-08
"Gregg M. Horowitz, P.A",1,2022-09-07,2022-09-07
"AUSSRQ Holdings, LLC",116,2022-09-08,2025-03-11
Lac Courte Oreilles Financial Services II,53,2022-09-10,2026-05-01
Francois Capital LLC,1,2022-09-11,2022-09-11
Loqbox US Inc,129,2022-09-12,2026-09-11
Malacko Law Office,4,2022-09-13,2026-05-07
New Light Marketing Inc,1,2022-09-13,2022-09-13
"Evans, Simpson and Associates, Inc.",1,2022-09-14,2022-09-14
First Pacific Funding Inc.,3,2022-09-14,2024-08-08
Groundwork Holdings LLC,1,2022-09-15,2022-09-15
"Debt Collectors International, Inc.",81,2022-09-16,2026-07-31
"Esler And Lindie, P.A.",3,2022-09-16,2026-06-12
Diamond Advances LLC,5,2022-09-19,2026-05-12
"JACKSON & McPHERSON, LLC",6,2022-09-19,2026-07-14
West Coast Mortgage Associates,1,2022-09-19,2022-09-19
CreditWorks LLC,15,2022-09-20,2026-08-18
Lexington Mortgage Corporation,4,2022-09-20,2024-12-10
TASO Group LLC,1,2022-09-20,2022-09-20
"Eckhoff & Massarelli, P.C.",1,2022-09-21,2022-09-21
"Exodus Movement, Inc.",25,2022-09-21,2026-04-08
Sammamish Mortgage Company,3,2022-09-21,2025-08-11
Safe Financial Group LLC,1,2022-09-24,2022-09-24
Bay Luxury Autos,1,2022-09-26,2022-09-26
People Trust,16,2022-09-26,2026-07-05
LAKE MICHIGAN CREDIT UNION,182,2022-09-27,2026-09-16
ENSURE HOME LOANS LLC,1,2022-09-29,2022-09-29
"CREDIT BUREAU OF BISMARCK, INC.",8,2022-09-30,2026-04-07
"Corpra Care, Inc.",1,2022-09-30,2022-09-30
PRIORITY PLUS FINANCIAL LLC,19,2022-09-30,2026-08-21
Viva Finance Inc.,113,2022-09-30,2026-09-09
"Heis & Wenstrup Co., L.P.A",2,2022-10-02,2022-10-31
UNITED ATLANTIC MORTGAGE CORP OF VIRGINIA,1,2022-10-04,2022-10-04
"Eisenberg, Gold & Agrawal, P.C.",3,2022-10-05,2026-07-20
"Accscient, LLC",253,2022-10-06,2026-09-09
"Dolan Gaddi Lending, Inc.",1,2022-10-07,2022-10-07
"Tunnell & Raysor, P.A.",1,2022-10-07,2022-10-07
"US Assets, LLC",1,2022-10-07,2022-10-07
"Crawford & von Keller, LLC",3,2022-10-09,2025-05-22
SILVERGATE CAPITAL CORPORATION,23,2022-10-11,2023-03-30
Money Tree Cash House llc,1,2022-10-12,2022-10-12
"Equity Wave Lending, Inc.",3,2022-10-15,2025-10-23
Farm Bureau Finance Company,5,2022-10-15,2025-12-12
Reliance Motor Credit LLC,14,2022-10-18,2026-03-07
Democracy Capital Corporation,1,2022-10-21,2022-10-21
Post Lake Lending Inc.,124,2022-10-21,2026-09-11
"Savvy Money, Inc.",41,2022-10-25,2026-07-21
Snellings Law LLC,1,2022-10-25,2022-10-25
Avanta Recovery Services,3,2022-10-27,2026-08-28
Carolina's Premier Mortgage Corporation,3,2022-10-27,2026-03-26
GREATAMERICA FINANCIAL SERVICES CORPORATION,5,2022-10-28,2026-05-13
"Asset Pursuit, LLC",2,2022-10-29,2023-06-13
Credit Reporting Services LLC,6,2022-11-01,2025-09-09
Elite Recovery Group LLC,31,2022-11-01,2026-08-24
950 Credit Inc,17,2022-11-02,2026-05-30
"Vis Law, LLC",2,2022-11-03,2025-06-13
"One on One Mortgage loans, inc",1,2022-11-07,2022-11-07
Airtm Inc.,52,2022-11-08,2026-09-08
American Mortgage Inc.,1,2022-11-09,2022-11-09
Credit Sage LLC,87,2022-11-09,2026-08-31
Surepay Lending Group LLC,2,2022-11-09,2023-12-09
XANDER MORTGAGE & REAL ESTATE INC,1,2022-11-09,2022-11-09
Cash In Minutes,4,2022-11-10,2026-03-03
Future Credit Fix,1,2022-11-10,2022-11-10
"Coast 2 Coast Financial Group, LLC",43,2022-11-12,2026-07-29
"Consuegra & Duffy, P.L.L.C.",27,2022-11-15,2026-09-08
"Saban Consulting Group, Inc.",1,2022-11-15,2022-11-15
"Maxim Lending, Corp",1,2022-11-16,2022-11-16
"PAR FINANCE, INC.",1,2022-11-16,2022-11-16
"ClearBalance Holdings, LLC",24,2022-11-17,2026-09-09
"Law Offices of Matthew Baysinger, Inc.",1,2022-11-17,2022-11-17
"W&A Intermediate Co., LLC",3805,2022-11-17,2026-09-05
CONST LLC,29,2022-11-18,2026-07-10
"Law Offices of Nathan Lollis, LLC",1,2022-11-18,2022-11-18
PREMIER HOME MORTGAGE LOANS,1,2022-11-18,2022-11-18
Leverage Lending Group LLC,1,2022-11-19,2022-11-19
LCI Acquisition Inc.,3505,2022-11-20,2026-09-28
"SMARTPAY, LLC",3,2022-11-21,2024-05-13
"Donut, Inc.",13,2022-11-22,2023-08-01
MIDWEST RECEIVABLE SOLUTIONS LLC,106,2022-11-23,2026-09-24
Assured Financial LLC,23,2022-11-26,2026-06-22
GEM Financial,5,2022-11-26,2026-08-27
"1ST CHOICE LOANS, LLC.",1,2022-11-29,2022-11-29
Ahn Management LLC,3,2022-11-29,2025-12-21
"Metallicus, Inc.",9,2022-11-29,2026-06-25
"Uetsa Tsakits, Inc. d/b/a MaxLend",132,2022-11-29,2026-09-13
Secure One Financial Inc.,10,2022-12-01,2026-07-15
A1 Solutions Group Inc,1,2022-12-02,2022-12-02
"DISCOUNT BANCORP, INC.",3,2022-12-02,2023-11-17
"Complete Care, Inc.",5,2022-12-03,2026-04-06
"Denali Capital Holdings, LLC",69,2022-12-03,2026-09-16
"Ratchford Law Group, P.C.",69,2022-12-03,2026-09-13
"Real Estate Equity Exchange, Inc. d/b/a Unison",15,2022-12-03,2026-05-27
"MPOWER Financing, Public Benefit Corporation",53,2022-12-04,2026-09-12
"Zo Financial, Inc.",4,2022-12-04,2025-05-07
"Loandrone, Inc.",3,2022-12-05,2026-05-03
"Texas National Holding, LLC",2,2022-12-05,2025-08-23
"Winthrop Financial Resources, LLC",13,2022-12-05,2026-03-07
"Freedom First Financial Services, Inc.",1,2022-12-06,2022-12-06
"Predian Financial Services, LLC",1,2022-12-06,2022-12-06
Concerto Card Company,15,2022-12-07,2024-10-10
Tactical Mortgage LLC,2,2022-12-07,2026-07-27
"Freeway Funding, Inc.",65,2022-12-08,2026-09-03
"SF-ALP, LLC",6,2022-12-09,2024-12-15
Business Financing Corporation,30,2022-12-13,2026-06-09
Jupiter PreOwned Sales LLC,7,2022-12-13,2026-02-17
Receivable Solutions LLC,59,2022-12-13,2026-08-28
"Vendor Resource Management, Inc.",3,2022-12-13,2025-09-25
Aiden & Bodley  Enterprise,1,2022-12-14,2022-12-14
"American Home Funding, Inc.",1,2022-12-14,2022-12-14
Future Judgement Solutions,72,2022-12-14,2026-06-17
BLACK MANN & GRAHAM LLP,1,2022-12-16,2022-12-16
"STARK & STARK, P.C.",1,2022-12-16,2022-12-16
Newport Intermediate Inc.,384,2022-12-20,2026-09-12
Loan Park (Loanpark Mortgage Lending),2,2022-12-21,2026-07-13
Backgrounds Online,7,2022-12-22,2026-02-17
"BetterNOI, LLC",134,2022-12-22,2026-09-11
"AR1 MORTGAGES, INC",1,2022-12-23,2022-12-23
Waveland LLC dba FJM,2,2022-12-23,2023-01-01
"DEBTWEBEX, LLC",2,2022-12-28,2022-12-28
"Gusdorf Law Firm, LLC",6,2022-12-29,2025-03-21
"Princeton Financial, LLC",1,2022-12-30,2022-12-30
"Thrifty Loans, LLC",1,2022-12-30,2022-12-30
"Durrett Motor Company, Inc.",15,2023-01-03,2026-09-11
"Occupational Management Group, LLC",1,2023-01-04,2023-01-04
"Bench Equity, L.L.C.",1,2023-01-05,2023-01-05
Top Credit Consulting,1,2023-01-05,2023-01-05
"Waddell Serafino Geary Rechner Jenevein, PC",15,2023-01-05,2026-08-03
National Background Solution,2,2023-01-06,2023-06-20
Digital Currency Group Inc,4,2023-01-08,2026-06-07
"Capital M Lending, LLC",1,2023-01-09,2023-01-09
Citizen Mortgage LLC,1,2023-01-09,2023-01-09
"Kornerstone Credit,  LLC.",62,2023-01-09,2026-07-22
"Mythe Huff & Murphy, PC",1,2023-01-09,2023-01-09
Car Credit Inc,4,2023-01-10,2025-08-28
"SOFTGATE SYSTEMS, INC.",9,2023-01-10,2026-05-12
"Acrisure Mortgage Partners, LLC",69,2023-01-11,2026-08-04
Amigos Préstamos,11,2023-01-11,2026-09-01
Certify Student Services,2,2023-01-11,2023-07-21
RumbleOn Finance LLC,2,2023-01-11,2023-06-18
United Mortgage Lending LLC,20,2023-01-11,2026-07-24
FIRST FOUNDATION INC.,19,2023-01-12,2026-09-08
PACIFIC CAPITAL EXCHANGE,14,2023-01-12,2026-08-05
TGA,7,2023-01-12,2026-01-25
"M/I Homes, Inc.",9,2023-01-14,2026-04-10
Great Lakes Entities,6,2023-01-16,2026-04-23
Covington Pike Acceptance Company,2,2023-01-17,2024-06-20
"Benefit Recovery Group, LLC",2,2023-01-18,2025-10-28
Rediger Investment Corporation,1,2023-01-19,2023-01-19
Cohn & Dussi LLC,6,2023-01-20,2026-05-11
Sombrero Capital LLC,20,2023-01-21,2026-07-07
"Key, Greer, Harrison & Casey",2,2023-01-22,2023-03-14
"Momnt Technologies, Inc.",164,2023-01-23,2026-09-10
"Greenberg, Grant & Richards Inc.",63,2023-01-24,2026-08-27
Richard Stone & Associates,6,2023-01-24,2026-04-14
LT17 Services LLC,4,2023-01-25,2023-06-27
Lionheart Funding LLC,1,2023-01-26,2023-01-26
"Michel Law, LLC d/b/a Level One Law",95,2023-01-26,2026-09-10
"GREENSKY OPERATIONS, LLC",550,2023-01-27,2026-09-11
Lexicon Title Services LLC,1,2023-01-27,2023-01-27
CaseAdvance,2,2023-01-28,2026-02-18
"Severin, Ringsak & Morrow",1,2023-01-30,2023-01-30
Zions Debt Holdings,1637,2023-01-30,2026-09-20
"Arundina, LLC",2,2023-01-31,2023-02-07
The Collection Analyst Incorporated,5,2023-01-31,2026-01-28
Coconut Funding Corporation,12,2023-02-01,2026-07-15
"Ozark Mountain Mortgage, LLC",1,2023-02-01,2023-02-01
Accountable Finance Inc,3,2023-02-03,2026-01-19
Beloin & Brown LLC,1,2023-02-03,2023-02-03
"Crabtree Law, PA",7,2023-02-05,2025-06-22
"Madison Auto, LLC",101,2023-02-06,2026-09-01
Smart Finance Inc dba Fishtail Financial,17,2023-02-06,2026-03-16
"Bitstamp USA, Inc.",69,2023-02-07,2026-07-05
HoldCo LLC,51,2023-02-07,2026-05-27
Panamerican Consulting,7,2023-02-07,2026-08-25
AMERICAN ARMED FORCES MUTUAL AID ASSOCIATION,3,2023-02-08,2024-02-29
90 Day Credit Experts,31,2023-02-09,2026-09-10
"Finular Group, Inc.",5,2023-02-09,2025-12-23
"XPRESS CREDIT MANAGEMENT, LLC",1,2023-02-11,2023-02-11
"Luno US, Inc.",2,2023-02-13,2024-02-16
Accessity,4,2023-02-14,2026-03-19
American Lending Finance,15,2023-02-15,2026-07-31
"NORTH HIGHLAND HOLDING COMPANY LLC, THE",2,2023-02-15,2023-06-30
DriveNow Leasing LLC,1,2023-02-16,2023-02-16
First Bancorp North Carolina,15,2023-02-16,2026-04-03
"CMD Investment Group, Inc.",6,2023-02-18,2026-08-08
"Quantum Financial, Inc.",3,2023-02-19,2025-09-04
"True Link Financial, Inc.",16,2023-02-19,2026-08-12
"Yield Solutions Group, LLC",22,2023-02-20,2026-09-23
"Costner Law Office, PLLC",1,2023-02-22,2023-02-22
"Lender Services, Inc",1,2023-02-23,2023-02-23
Midwest Recovery Ltd,2,2023-02-23,2026-02-06
PLAID INC.,38,2023-02-23,2026-07-24
"Anchor Financial, Inc.",3,2023-02-25,2025-02-11
Funding Metrics LLC,24,2023-02-27,2026-08-20
"INTERCONTINENTAL EXCHANGE, INC.",40,2023-02-27,2026-09-07
"McPhail Sanchez, LLC",3,2023-02-28,2025-12-08
HOME ACCEPTANCE CORPORATION,25,2023-03-01,2026-09-24
"PCMA, Inc.",1,2023-03-01,2023-03-01
PLAC Guarantee,1,2023-03-01,2023-03-01
"Palisade Legal Group, PLLC",32,2023-03-01,2026-09-01
"Debois, Inc.",67,2023-03-02,2026-08-28
"Capstone Capital USA, LLC",22,2023-03-03,2026-09-07
Recreational Holdings Corp.,27,2023-03-03,2026-09-04
"FlexPoint, Inc.",2,2023-03-06,2026-06-23
KCB Credit LLC,15,2023-03-06,2026-07-27
Premium Security Inc.,1,2023-03-06,2023-03-06
"Propel, Inc.",56,2023-03-07,2026-09-10
"Randolph Walzer & Associates, LLC",1,2023-03-07,2023-03-07
GLOBAL CREDIT UNION,251,2023-03-10,2026-09-14
Solera,2,2023-03-10,2023-11-16
Allied Financial Services Inc,19,2023-03-13,2026-09-22
"Financial Solutions Group, LLC",12,2023-03-13,2026-04-07
"Leatherstocking Group, Inc.",1,2023-03-14,2023-03-14
Next Door Lending LLC,9,2023-03-15,2026-09-02
"The Law Offices of Garry L. Hayes, a professional corporation",1,2023-03-15,2023-03-15
"Dynamic Collectors, Incorporated",38,2023-03-16,2026-08-12
"Hebrew Free Loan Society, Inc.",3,2023-03-16,2024-03-15
Pappas Hayden Westberg & Jackson PC,17,2023-03-16,2026-07-15
"West Capital Lending, Inc.",41,2023-03-16,2026-09-11
"Certus Capital, LLC",1,2023-03-17,2023-03-17
"Go Companies, LLC",7,2023-03-17,2026-05-27
HF Holdings,102,2023-03-17,2026-09-22
ATM OPS Inc,1,2023-03-18,2023-03-18
"Wyolaw, LLC",2,2023-03-19,2024-01-24
Law Offices of Gary A Bemis APC,3,2023-03-20,2026-07-31
"Moore Legal Group, LLC",30,2023-03-23,2026-01-22
"Global Processing Services, LLC",48,2023-03-24,2026-04-29
"Virtual Assets, LLC",4,2023-03-24,2025-10-30
PacWest Funding Inc,1,2023-03-26,2023-03-26
CEX.IO CORP.,28,2023-03-27,2026-05-21
Credit Points LLC,2,2023-03-27,2026-07-22
Florida Coastal Closing & Escrow LLC,1,2023-03-29,2023-03-29
Scranton Recovery Group LLC,1,2023-03-31,2023-03-31
"Rhame, Elwood & McClure PC",1,2023-04-02,2023-04-02
"Servicing Solutions, LLC",234,2023-04-02,2026-09-16
"BDF Partners, PC",21,2023-04-03,2026-05-02
"Burke Moore Law Group, LLP",30,2023-04-03,2026-08-15
Integra Auto Capital,7,2023-04-03,2025-11-13
LCB Rent Reporting Ltd.,21,2023-04-03,2026-08-09
"Senior Management Group, Inc.",1,2023-04-03,2023-04-03
"Groves Capital, Inc.",4,2023-04-04,2025-09-22
"Relay Financial (US), Corp.",356,2023-04-04,2026-09-12
"Pegasus Legal Capital, LLC",1,2023-04-05,2023-04-05
Silverline Lending L.L.C.,2,2023-04-05,2026-06-17
"Adonis Auto Group, LLC",13,2023-04-08,2025-05-02
Robert Morgan Group Inc,1,2023-04-08,2023-04-08
SEACOAST BANKING CORPORATION OF FLORIDA,71,2023-04-10,2026-09-02
Alliant Cooperative Data Solutions,7,2023-04-11,2025-08-12
"Blue Front Financial, LLC d/b/a Ladder Loans",5,2023-04-11,2026-06-28
"Hasson Law, LLC",1,2023-04-11,2023-04-11
"Precise Home Loans, LLC",1,2023-04-11,2023-04-11
Unified Global Solutions LLC,15,2023-04-11,2026-08-06
Anytime Cash Solutions LLC,7,2023-04-12,2026-05-02
BANCFIRST CORPORATION,52,2023-04-12,2026-09-12
Core Capital Lending LLC,5,2023-04-12,2025-02-15
"DOSS Group, Inc.",1,2023-04-13,2023-04-13
Wilkie Puchi L.L.P.,1,2023-04-14,2023-04-14
HOMEPROMISE CORPORATION,1,2023-04-16,2023-04-16
"American Heritage Lending, LLC",13,2023-04-17,2026-09-02
"Golden Capital Services, LLC",1,2023-04-17,2023-04-17
Porter Law Firm,3,2023-04-17,2025-10-12
Lexington Capital Holdings LTD,5,2023-04-18,2024-12-26
"Cleara, LLC",6,2023-04-21,2026-08-06
"Mid-Continent Funding, Inc.",1,2023-04-21,2023-04-21
"The RaymondPaul Group, LLC",1,2023-04-21,2023-04-21
"SIERRA LENDING GROUP, LLC",1,2023-04-24,2023-04-24
MID FLORIDA FINANCING LLC,80,2023-04-26,2026-09-12
Express Enrollment LLC,6,2023-04-30,2024-03-10
Kaydem Enterprises LLC,1,2023-04-30,2023-04-30
"Reliable Home Lenders, LLC",1,2023-05-01,2023-05-01
"Statewide Tax Recovery, LLC",8,2023-05-01,2025-05-02
"Tweedy Law Office, LLC",1,2023-05-01,2023-05-01
MITSUBISHI HC CAPITAL (U.S.A.) INC.,25,2023-05-02,2026-08-24
Niagara Central Revenue,17,2023-05-03,2026-07-24
SCW Acquisitions LLC DBA TrustARG,1,2023-05-03,2023-05-03
"The Law Firm of Derek Williams, LLC d/b/a Infinite Law Group",31,2023-05-03,2026-01-30
Titan Solutions Group LLC,21,2023-05-03,2026-06-03
"Money Stash, L.L.C.",11,2023-05-04,2026-04-20
"Financiera Campeon, LLC dba Champion Equipment Finance",2,2023-05-05,2023-08-30
PLACID NK CORPORATION,8,2023-05-05,2026-08-24
Paysend US LLC,42,2023-05-05,2026-09-12
Southeast Investment Corp,14,2023-05-05,2026-07-01
Make A Way Worldwide,1,2023-05-06,2023-05-06
M1 Holdings Inc.,73,2023-05-08,2026-08-28
BOC Capital Corp.,6,2023-05-09,2025-11-06
Ershowsky Verstandig PLLC,3,2023-05-09,2026-02-23
Aidenbaum Schloff and Bloom PLLC,2,2023-05-10,2026-04-09
"BH Financial Group, LLC",13,2023-05-10,2026-07-24
Graduate Resource Network,3,2023-05-11,2025-01-16
"Leafy Financial, LLC",586,2023-05-11,2026-09-28
"Tapper and Fratto, LLC",2,2023-05-11,2024-07-03
"SENIOR MORTGAGE BANKERS, INC.",1,2023-05-12,2023-05-12
"STATE BANKSHARES, INC.",59,2023-05-12,2026-08-03
"Spectrum Funding Group, LLC",1,2023-05-12,2023-05-12
"The Law Office of Peter S. Lake, P. C.",1,2023-05-12,2023-05-12
Homestead Title Abstract Agency Inc.,1,2023-05-13,2023-05-13
Inland Debt Management,1,2023-05-13,2023-05-13
Novation Inheritance LLC,3,2023-05-13,2024-12-31
Win-Win LLC,4,2023-05-13,2026-07-07
"Hollander, Goode & Lopez, PLLC",1,2023-05-14,2023-05-14
"PrimeLine Capital, Inc.",2,2023-05-15,2025-09-08
Loan Fox Inc,1,2023-05-16,2023-05-16
"King of Credit Financial, Inc",62,2023-05-17,2026-09-08
Mortgage Vintage Inc.,2,2023-05-17,2024-07-10
"Accounts Receivable Management, Inc",7,2023-05-18,2026-01-09
"Boomerang Capital Partners, LLC",2,2023-05-18,2024-12-11
Breit Investment,18,2023-05-18,2026-06-18
First Choice MH LLC,3,2023-05-18,2025-10-28
TDN Acquisition Corporation,10,2023-05-19,2026-07-14
"Loan Velocity, Inc.",2,2023-05-21,2026-06-10
"Axiom Acquisition Ventures, LLC",39,2023-05-22,2026-08-25
ELITE FINANCIAL SERVICES INC,1,2023-05-22,2023-05-22
F5 Mortgage LLC,3,2023-05-23,2025-05-12
"Landmark Strategy Group, LLC",37,2023-05-23,2026-09-08
"Rutledge Law Firm, P.C",3,2023-05-23,2025-10-15
Tiffany & Tiffany PLLC,11,2023-05-23,2026-05-05
"Brightside Benefit, Inc.",3,2023-05-24,2026-07-06
Delphi Group Inc.,2,2023-05-24,2026-02-27
"Trott Law, P.C.",14,2023-05-25,2026-03-31
Nexum Group Inc,46,2023-05-26,2026-05-24
BID SOLUTIONS LLC,7,2023-05-27,2025-06-21
"DynaGen Lending, LLC",11,2023-05-28,2026-05-13
"Wheels of Chicago, Inc.",12,2023-05-29,2026-09-01
Education Principle Foundation,27,2023-05-30,2024-10-21
Stream Innovations Inc.,12,2023-05-30,2026-09-12
CSI Mortgage Corporation,1,2023-05-31,2023-05-31
Valorem Lending LLC,2,2023-05-31,2026-04-25
Horman Nichols LLC,1,2023-06-01,2023-06-01
"BCAF, Inc",1,2023-06-02,2023-06-02
"Darby Law Firm, LLC",2,2023-06-03,2025-07-15
"HONG LAN SERVICES, INC.",1,2023-06-03,2023-06-03
"RH Portfolio I, LLC",2,2023-06-04,2023-08-15
"Wyre, Inc.",2,2023-06-04,2025-12-10
ALPHA MIDCO INC,24,2023-06-05,2025-03-16
CARILION CLINIC,2,2023-06-05,2024-02-29
Darnieder & Sosnay,3,2023-06-05,2025-05-21
Robinson Economic Development Corporation,69,2023-06-05,2026-09-21
Spicewood Funding Group,2,2023-06-05,2026-07-11
"VStar Financial, LLC",2,2023-06-05,2026-08-23
AFC Recovery LLC,1,2023-06-06,2023-06-06
"Coastline Capital Fund Management, LLC",1,2023-06-06,2023-06-06
"Midwest Resale Specialist, Inc.",30,2023-06-06,2026-07-08
Auto Credit of Virginia Inc.,22,2023-06-07,2026-08-28
Sunnova Energy Corporation,115,2023-06-07,2025-12-16
"Champions Funding, LLC",14,2023-06-10,2025-11-20
Stream Auto Outlet,6,2023-06-10,2026-06-10
"JMC Leasing Specialties, LLC",9,2023-06-11,2026-04-28
Barham & Maucere LLC,1,2023-06-12,2023-06-12
"Crux Commercial Partners, LLC",1,2023-06-12,2023-06-12
GRB Law,1,2023-06-12,2023-06-12
Hanbery & Turner P.A.,1,2023-06-12,2023-06-12
Harrison Financial Group,2,2023-06-12,2023-07-07
DSJ Service Corporation,1,2023-06-13,2023-06-13
"Tomo Networks, Inc.",15,2023-06-13,2026-07-02
"Alantic Personnel & Tenant Screening, Inc",1,2023-06-14,2023-06-14
Allied Enrollment Centers LLC,9,2023-06-14,2026-06-17
"C & S Associates, Inc. dba NCS Credit",3,2023-06-14,2025-06-25
CITY CREDIT CORPORATION,3,2023-06-14,2026-07-02
Nelson Automotive Finance,4,2023-06-14,2026-07-31
Creditly Corp.,44,2023-06-15,2026-09-03
"Allison L. Friedman, P.A.",3,2023-06-16,2025-07-21
Nexus Nova LLC,64,2023-06-16,2026-09-10
Dankos Gordon & Tucker PC,4,2023-06-19,2025-09-03
"Medical Delinquency Management, Inc",1,2023-06-19,2023-06-19
"Blake Enterprises, LLC",4,2023-06-21,2025-10-02
Carmichael & Frost LLC,54,2023-06-21,2026-07-06
Eastside Funding LLC,3,2023-06-21,2025-11-17
"Pasadena Receivables, Inc.",1,2023-06-21,2023-06-21
ARTICLE ACCEPTANCE COMPANY,9,2023-06-22,2026-07-09
Citadel Finance Company,2,2023-06-22,2026-02-20
"Even Responsible Finance, Inc.",1,2023-06-23,2023-06-23
"FPS-Nationwide, LLC",1,2023-06-23,2023-06-23
KPL Select Mortgage Inc,1,2023-06-23,2023-06-23
"Sanders, Ranck & Skilling, P.C.",1,2023-06-23,2023-06-23
FIRST COMMONWEALTH FINANCIAL CORPORATION,115,2023-06-24,2026-09-09
JMEN Capital Group Ltd,1,2023-06-26,2023-06-26
CHERRY TECHNOLOGIES INC.,638,2023-06-28,2026-09-28
Allied Union Group Inc,7,2023-07-01,2026-04-23
"The Schutzer Group, PLLC",1,2023-07-01,2023-07-01
"Nolensville Road Auto Mart, Inc.",2,2023-07-02,2026-08-30
"Expanse Financial Technologies, Inc. f/k/a Prepaid Ventures, LTD",8,2023-07-03,2024-05-13
"American Management Services, Inc.",19,2023-07-04,2026-08-11
"Greenlight Financial Technology, Inc",46,2023-07-04,2026-08-31
Financial Network Recovery Inc,14,2023-07-05,2026-05-30
"Saturn Systems, Inc",37,2023-07-05,2026-08-31
"VERITEX HOLDINGS, INC.",6,2023-07-07,2025-12-10
Primus Law PC,19,2023-07-09,2026-06-28
Auto Loan Inc.,2,2023-07-10,2025-01-01
Capital Realty Professional LLC,1,2023-07-10,2023-07-10
GREENSTATE CREDIT UNION,168,2023-07-10,2026-09-22
Island Mortgage Source Inc,1,2023-07-10,2023-07-10
HKM and Associates,6,2023-07-11,2025-02-05
Indie Technology DBA Found,94,2023-07-11,2025-02-21
Maynard Nexsen PC,2,2023-07-11,2024-04-01
Premier Account Management,43,2023-07-11,2026-07-17
"The Title Connection Of South Florida, Inc.",1,2023-07-12,2023-07-12
"Southeast Auto Financial Services, LLC",2,2023-07-13,2026-08-31
GVC MORTGAGE,3,2023-07-14,2025-02-12
"Insight Financial, LLC",2,2023-07-19,2025-01-14
"North Georgia Loans, Inc.",2,2023-07-19,2024-07-13
STELLAR BANCORP INC.,16,2023-07-20,2026-08-27
ECredable,12,2023-07-21,2025-10-30
"MedPlan Credit, LLC",2,2023-07-21,2026-09-11
"SameDay Auto Finance, LLC",24,2023-07-23,2026-08-21
ADVANCED COLLECTION SOLUTIONS LLC,1,2023-07-24,2023-07-24
CapitalCredit LLC,22,2023-07-25,2026-09-04
"Council Law Group, PLLC",3,2023-07-25,2026-09-03
"Good Funding, LLC",4,2023-07-25,2026-06-02
Highline Automotive Inc.,4,2023-07-25,2025-11-16
"Williams Law Office, PC",1,2023-07-25,2023-07-25
Fast Money Loan,2,2023-07-26,2025-01-11
AML Funding LLC,3,2023-07-27,2025-12-04
"AccessOne  Holdings, Inc.",6,2023-07-27,2026-01-26
"Frank, Frank, Goldstein & Nager, P.C.",3,2023-07-28,2026-07-10
Greg King DBA Karma Consulting,1,2023-07-28,2023-07-28
Loan Garden LLC,2,2023-07-28,2023-12-27
"Mr. Mortgage, LLC",2,2023-07-30,2024-11-06
Black Equity Lending LLC,1,2023-07-31,2023-07-31
"First Choice Lending Group, LP",1,2023-07-31,2023-07-31
"Welcome Finance Company, Inc",8,2023-08-01,2026-09-10
CarPutty Inc.,3,2023-08-02,2025-02-05
Encompass Mortgage Services Inc.,1,2023-08-02,2023-08-02
KOP Collection Services LLC,4,2023-08-02,2026-01-02
Judgment Acquisitions Unlimited Inc,14,2023-08-03,2026-05-26
PRIDE LENDING LLC,1,2023-08-03,2023-08-03
Sandman Law Group LLC,1,2023-08-04,2023-08-04
"America's Moneyline, Inc.",3,2023-08-07,2026-08-09
"Castle Peak Mortgage, LLC",1,2023-08-07,2023-08-07
Cress Law Group PC,3,2023-08-07,2023-08-08
"AMKO Lending, LLC",2,2023-08-08,2023-12-14
Chester County Auto Finance Inc,2,2023-08-08,2026-01-24
CrediFlash LLC,1,2023-08-08,2023-08-08
"LegumFitzpatrick, PLC",3,2023-08-08,2026-07-01
QUEST FINANCE  LLC,1,2023-08-08,2023-08-08
"The Law Office of Heather Cullen, A Professional Corporation",1,2023-08-08,2023-08-08
FORTIFI FUNDING III LLC,6,2023-08-09,2026-02-18
Benjamin Chaise Recovery Services LLC.,3,2023-08-10,2024-10-07
"Quad Cities Financial, Inc.",2,2023-08-10,2026-06-02
SUPERIOR CAR CREDIT,1,2023-08-10,2023-08-10
"Title One, Inc.",1,2023-08-10,2023-08-10
BEAL FINANCIAL CORPORATION,22,2023-08-11,2026-08-27
"Zendable, Inc.",52,2023-08-11,2026-09-04
"Tpls, Inc dba Auto Master",5,2023-08-14,2026-01-11
Collection Attorneys USA LLC,65,2023-08-16,2026-09-17
"Kopp Collection Service, Inc.",5,2023-08-16,2025-12-01
"Cars-N-Credit Finance, Inc.",2,2023-08-17,2025-04-22
Longhorn Asset Management LLC,16,2023-08-17,2026-04-08
"LAKELAND BANCORP, INC.",3,2023-08-18,2024-04-05
"CashRepublic Holdings, Inc.",284,2023-08-23,2026-09-26
Fortress University Inc.,3,2023-08-23,2025-11-19
"Critical Ideas, Inc.",4,2023-08-26,2026-08-25
"Consumer Legal Group, P.C.",44,2023-08-27,2026-09-08
Felhaber Larson,2,2023-08-30,2023-08-31
Grads Financial,1,2023-08-31,2023-08-31
"Integrity Home Lending, LLC",2,2023-09-01,2025-11-25
"NATIONAL FUNDING, INC.",11,2023-09-01,2026-03-16
"FinFit Holding Co, LLC",36,2023-09-03,2026-08-28
"Top Asset Solutions, LLC",33,2023-09-03,2026-09-11
"Payday Motors, Inc.",4,2023-09-04,2026-01-06
Credit Repair Anywhere,10,2023-09-05,2026-08-26
NATIONAL DEBT RELIEF LLC,400,2023-09-05,2026-09-13
Prospering Home Loans LLC,1,2023-09-05,2023-09-05
"Sperlonga Data & Analytics Systems, LLC",7,2023-09-06,2026-04-26
"Howard Solochek & Weber, S.C.",1,2023-09-07,2023-09-07
"Instant Loans, Inc",1,2023-09-07,2023-09-07
"Inverterra Holdings, LLC",1,2023-09-07,2023-09-07
"MMG Law Group, PLLC",24,2023-09-07,2026-09-08
"Ostarch Hilmy & McCauley, PLLC",1,2023-09-07,2023-09-07
TITLE MIDWEST INC,4,2023-09-07,2025-10-30
"Personal Cash Loans of SC, Inc.",27,2023-09-10,2026-09-15
DK Auto LLC,3,2023-09-12,2025-11-25
"Great Marten Holdings, Inc.",4,2023-09-12,2025-01-07
Northwest Acceptance Corp. Inc.,1,2023-09-12,2023-09-12
208 Capital Holdings LLC,11,2023-09-13,2026-03-20
Beacon Recovery Group LLC,5,2023-09-14,2026-08-09
Hanwha QCells USA Corp,133,2023-09-14,2026-09-26
Kees to Success,1,2023-09-14,2023-09-14
Law Offices of Bradley G Nykamp PC,2,2023-09-14,2025-09-25
Venture Auto Finance,1,2023-09-14,2023-09-14
Washington Trust Bank Financial Corporation,20,2023-09-15,2026-08-06
Double D Finance dba Idaho Finance,4,2023-09-16,2026-02-18
Aerostar Finance Inc.,1,2023-09-19,2023-09-19
Lendtable Inc.,7,2023-09-19,2024-08-21
"Wheeler Law Firm, PLLC",1,2023-09-19,2023-09-19
"Delphi Law Group, LLP",3,2023-09-20,2025-01-18
www.TrustScience.com USA Inc.,2,2023-09-20,2023-09-20
Mechoopda Indian Tribe of Chico Rancheria,14,2023-09-21,2026-07-29
"Unchained Capital, Inc.",2,2023-09-21,2026-03-23
"DA AUTO GROUP, INC",1,2023-09-22,2023-09-22
"Grant Law, LLC",1,2023-09-22,2023-09-22
"MCS CLAIMS SERVICES, INC",7,2023-09-22,2026-03-03
SecureNet Loan Services LLC,20,2023-09-23,2026-03-03
Credit Power LLC,1,2023-09-24,2023-09-24
"Northwest Contract Collections, Inc.",1,2023-09-24,2023-09-24
Logan Finance Corporation,4,2023-09-26,2025-07-31
"Direct, Inc",5,2023-09-27,2026-03-18
CAROLINA FINANCIAL OF BEAUFORT INC.,1,2023-09-28,2023-09-28
"Crystal R. Cole, Attorney at Law",1,2023-09-29,2023-09-29
KCM & AHS LLC,1,2023-09-30,2023-09-30
Vantage Point Group,4,2023-10-02,2026-05-13
"F10 Financial Group, LLC",2,2023-10-03,2024-04-12
Southwest Law Offices PC,5,2023-10-03,2026-06-10
"HEARTLAND FINANCIAL USA, INC.",16,2023-10-04,2025-01-15
"Phil Watson, P.C.",2,2023-10-05,2025-11-06
Cass & Associates,6,2023-10-06,2025-07-01
"FinanceCo of Kansas, Inc",4,2023-10-06,2025-08-19
Get Financed LLC,12,2023-10-06,2026-04-19
"Rapido Credit Repair, Inc.",1,2023-10-07,2023-10-07
"Property Receivables, Corp",456,2023-10-08,2026-09-13
"Landis Technologies, Inc.",1,2023-10-10,2023-10-10
Yes Online Inc,24,2023-10-10,2026-04-17
"NCC Holdings, LLC",18,2023-10-12,2026-08-09
Witkes Law Firm LLC,1,2023-10-12,2023-10-12
"Castle Rock Mortgage, LLC",2,2023-10-13,2024-03-11
"John B. Ingleson, Attorney at Law",2,2023-10-13,2024-02-29
"Kurt A. Holmes, PA",1,2023-10-14,2023-10-14
"Approve Holdings, Inc",38,2023-10-16,2026-05-30
Atlantic Discount Corporation dba Atlantic Financial Services,13,2023-10-17,2026-07-15
Milestone Parrish LLC,8,2023-10-17,2026-09-04
Allies for Community Business,10,2023-10-19,2026-08-20
Red River Credit Corporation,39,2023-10-19,2026-08-03
"Best in Funding, Inc.",2,2023-10-20,2024-09-11
ECG Debt Collection Corp.,2,2023-10-20,2026-06-24
Dependable Debt Recovery,4,2023-10-24,2025-05-27
"Grupo Estrella, LLC",2,2023-10-24,2026-04-10
"MCM Holdings, Inc.",2,2023-10-24,2026-05-08
"NY Community Financial, LLC",8,2023-10-24,2026-05-23
Armstrong Teasdale LLP,1,2023-10-27,2023-10-27
Hernandez R E Services,1,2023-10-27,2023-10-27
"Wildhorse Financial Services, LLC",35,2023-10-27,2026-09-01
Levelset Collection LLC,2,2023-11-01,2025-12-16
"Mortgage Professionals, Inc.",1,2023-11-01,2023-11-01
Triton Recovery Group,58,2023-11-02,2026-08-05
"Apple Auto Sales, Inc.",1,2023-11-03,2023-11-03
Blackburne & Sons Realty Capital Corporation,2,2023-11-06,2026-03-29
"Ace Customer Services, LLC",4,2023-11-07,2026-04-02
"LORD MORTGAGE & LOAN, INC.",1,2023-11-07,2023-11-07
Roseth Mortgage LLC,2,2023-11-07,2025-03-22
"Rock Solid Funding, LLC",3,2023-11-08,2026-02-08
"Cannon Finance, Inc.",21,2023-11-09,2026-09-21
"Jackson Law Offices, PLLC",1,2023-11-10,2023-11-10
EVERCOMMERCE SOLUTIONS INC.,4,2023-11-13,2026-04-17
"Red White and Blue Autos, Inc.",6,2023-11-13,2025-06-22
Accredited Business Solutions LLC,1,2023-11-14,2023-11-14
American First Funding LLC,13,2023-11-16,2026-05-30
Tarpon Financial Corporation,5,2023-11-17,2026-05-24
Red Leaf Servicing,1,2023-11-20,2023-11-20
Zenith Financial,2,2023-11-20,2025-12-12
9 Dots Lending LLC,1,2023-11-21,2023-11-21
Shnayder Law Firm LLC,3,2023-11-22,2026-04-08
"Rapid Collection Systems, Inc.",4,2023-11-24,2024-09-04
Taggart Motor Co,1,2023-11-25,2023-11-25
SOP Pioneer Partners LP,110,2023-11-27,2026-08-21
Freedom Trucks LLC,2,2023-11-28,2026-03-06
Imperial Finance Corp,8,2023-11-28,2026-08-08
"Union Home Loan, Inc.",1,2023-11-30,2023-11-30
onDemand Lending Inc.,2,2023-11-30,2026-07-14
"Nationwide Capital Services, LLC",570,2023-12-01,2026-09-18
"Modern Mortgage Financial, LLC",9,2023-12-04,2026-08-18
Premier Lending Corp,5,2023-12-04,2024-04-03
EZ Loans Co LLC,2,2023-12-05,2026-01-22
"Affiliated Collection Service of Florida, Inc",1,2023-12-07,2023-12-07
"Home Lending Pal, Inc.",1,2023-12-07,2023-12-07
"Brazington Mortgage, LLC",1,2023-12-08,2023-12-08
REGAL CREDIT CORPORATION,5,2023-12-08,2026-02-09
"First National Auto Sales, Inc",8,2023-12-10,2026-03-18
"CHACON AUTOS, LTD.",38,2023-12-12,2026-07-18
"Bounce AI, Inc.",1546,2023-12-13,2026-09-13
FIRST TECHNOLOGY FEDERAL CREDIT UNION,992,2023-12-14,2026-09-13
River Heights Capital LLC,33,2023-12-15,2026-08-19
"Prober & Raphael, A Law Corporation",5,2023-12-17,2026-05-21
Thunder Auto Finance LLC,6,2023-12-17,2026-08-12
Newby Sartip & Masel LLC,1,2023-12-18,2023-12-18
Benht: Economic Development Corporation,119,2023-12-19,2026-09-04
"Auto World Financial, Inc.",3,2023-12-20,2026-02-19
Credit Suite Inc.,3,2023-12-20,2026-01-15
Capstone Private Mortgage Holdings Limited,4,2023-12-21,2026-07-24
"Private Mortgage Advisors, LLC",1,2023-12-21,2023-12-21
Sander Law LLC,3,2023-12-21,2026-08-17
Texan Credit Corporation,53,2023-12-21,2026-07-28
Colony Ridge Inc.,16,2023-12-22,2026-07-30
"Parlanti & Cooperman, LLP",1,2023-12-25,2023-12-25
"SettlementOne, LLC",33,2023-12-27,2026-07-09
"TrustLine Mortgage, Inc.",1,2023-12-27,2023-12-27
"Medical Debt Resolution, Inc. dba RIP Medical Debt",4,2023-12-29,2025-08-17
"PRG Ventures, Inc",16,2023-12-30,2026-08-31
"Merchants & Medical Adjustment Bureau, Inc. dba Credit Bureau Associates",346,2023-12-31,2026-09-12
Turke & Strauss LLP,1,2024-01-02,2024-01-02
TOO STRONG Mortgage LLC,1,2024-01-03,2024-01-03
"Line Financial, PBC",37,2024-01-04,2026-09-11
MCT GROUP INC.,25,2024-01-05,2026-08-11
DallasAutos4Less,6,2024-01-07,2026-06-22
VIAL FOTHERINGHAM,1,2024-01-07,2024-01-07
"Coastal Custom Mortgage, Inc.",3,2024-01-10,2026-04-10
"Ava Finance, Inc",1022,2024-01-11,2026-09-21
"INTERNAL CREDIT SYSTEMS, INC",32,2024-01-11,2026-08-07
VIN Title LLC d/b/a Discount Title Loan,9,2024-01-12,2026-04-03
"Cordoba Legal Group, PLLC.",70,2024-01-16,2026-07-28
Meta Payments Inc.,407,2024-01-17,2026-09-14
R&M Marketing Associates LLC,7,2024-01-19,2026-02-12
"NerdWallet, Inc.",38,2024-01-21,2026-08-28
MIRACLE FINANCE LTD,15,2024-01-22,2026-07-31
"StrongBox Home Loans, LLC",1,2024-01-22,2024-01-22
DreamSpring,90,2024-01-23,2026-08-12
Five Lakes Law Group PLLC,64,2024-01-23,2026-09-10
"JZ Mortgage Services, Inc.",1,2024-01-23,2024-01-23
"Kratochvil Law, P.C.",3,2024-01-23,2025-10-23
"Lincoln Capital, LLC",1,2024-01-24,2024-01-24
Mortgage One Funding LLC,11,2024-01-24,2026-03-18
American Credit,3,2024-01-25,2026-07-18
Easyknock,5,2024-01-25,2024-05-07
FNZ WMS HOLDCO LLC,4,2024-01-25,2025-08-28
"Progress Law, LLC",5,2024-01-29,2026-09-09
"Davis & Jones, LLC",31,2024-01-30,2026-08-10
Broadway Advance LLC,3,2024-01-31,2026-01-28
"Carchoice of Memphis, Inc.",4,2024-02-01,2025-09-22
Global Consulting Agency LLC,21,2024-02-02,2025-11-06
"Launch Financial Group, LLC",2,2024-02-02,2025-09-18
"Alliance Consumer Solutions, Inc",7,2024-02-06,2026-07-15
"Blend Labs, Inc.",16,2024-02-06,2026-06-30
"Eads Murray & Pugh, P.C.",3,2024-02-06,2026-05-19
Lendah LLC,1,2024-02-06,2024-02-06
"NexGen Proceed, LLC",7,2024-02-06,2025-01-02
HomeXpress Mortgage Corp.,5,2024-02-07,2026-03-30
"Priority 1 Lending, LLC",5,2024-02-07,2026-02-03
"StellarFinance, Inc.",61,2024-02-07,2026-08-29
"DSR HOLDINGS GROUP, LLC",91,2024-02-08,2026-09-03
Fidelity Home Group Corp.,1,2024-02-08,2024-02-08
"OPT-OUT SERVICES, LLC",9,2024-02-08,2026-07-18
Credit Wellness LLC,20,2024-02-09,2026-09-03
DMC Inc,1,2024-02-09,2024-02-09
"Imperium Lending, LLC",20,2024-02-09,2026-07-31
"We Find Everyone, Inc.",4,2024-02-10,2026-05-23
ME Title Holding LLC,1,2024-02-11,2024-02-11
AUTO CREDIT USA,9,2024-02-12,2026-09-14
SOLERA LLC,8,2024-02-12,2026-04-03
ECN Platinum LLC,3,2024-02-13,2026-03-24
"Members Mortgage Services, L.L.C.",2,2024-02-13,2024-03-22
"Temple View Capital Funding, LP",5,2024-02-14,2025-08-20
"bitFlyer USA, Inc.",3,2024-02-15,2026-06-29
Divergent Consumer Services,2,2024-02-16,2024-11-17
"Smith & Johnson, Attorneys  PC",1,2024-02-16,2024-02-16
Mortgage Origination Holdings LLC,7,2024-02-17,2026-04-20
Ray Skillman Northeast Imports Inc,4,2024-02-17,2026-04-10
"Parnell Law Group, LLC",12,2024-02-19,2025-11-03
"Schriever Legal, PLLC",2,2024-02-19,2024-02-19
INSPERITY INC,5,2024-02-20,2026-05-29
Mastercars Auto Group,1,2024-02-20,2024-02-20
Fidem Baltimore Holdings LLC,54,2024-02-21,2026-08-21
Kora Financial,69,2024-02-22,2026-08-21
"RN Financial, LLC",8,2024-02-23,2026-09-10
"American Cash Exchange Enterprise of Tennessee, LLC",2,2024-02-26,2025-10-07
"Centennial Title Agency, Inc.",1,2024-02-26,2024-02-26
"NEXBANK CAPITAL, INC.",18,2024-02-28,2026-07-01
Northern Lakes Mortgage LLC,2,2024-02-28,2025-08-29
"Chambless, Math, Carr, P.C.",6,2024-02-29,2026-01-07
INDEPENDENCE HOME LOANS LLC,51,2024-02-29,2026-09-15
Lightning Mortgage Holding Company Inc,7,2024-02-29,2025-11-24
"Perpay, Inc.",286,2024-02-29,2026-09-11
"Caramel Dealer Services, LLC",5,2024-03-02,2026-05-27
Revenued LLC,11,2024-03-02,2026-06-08
"West Bay Leasing Services, LLC",4,2024-03-02,2024-05-23
"PayZen, Inc.",4,2024-03-04,2026-05-26
TomoCredit Inc.,370,2024-03-06,2026-09-15
"Digital Access, LLC",3,2024-03-07,2025-12-08
Faloni Law Group,33,2024-03-07,2026-08-06
"MM Cooperation, Ltd Co",1,2024-03-07,2024-03-07
"iCore Lending, Inc.",1,2024-03-07,2024-03-07
Envision Funding Solutions,1,2024-03-08,2024-03-08
"SOFI TECHNOLOGIES, INC.",7233,2024-03-08,2026-09-22
Wertjes Atkission Law PS,1,2024-03-08,2024-03-08
Kaiter Enterprises Inc.,1,2024-03-09,2024-03-09
"Alexander, Winton & Associates, Inc.",3,2024-03-10,2025-12-19
Sandalwood Solutions,3,2024-03-10,2025-02-14
"BMANSOL Intermediate Holdings, Inc.",10,2024-03-12,2025-01-08
Polk Auto Finance Inc,8,2024-03-12,2026-02-16
SECURITY HOME MORTGAGE,2,2024-03-12,2024-07-10
"Doxo, Inc.",9,2024-03-14,2026-07-26
Maison Capital Group Inc,1,2024-03-14,2024-03-14
Advanced Recovery Group LLC,23,2024-03-15,2026-08-06
"Oakdale Group of Companies, LLC",2,2024-03-15,2025-10-16
"Lyon Collection Services, Inc",11,2024-03-19,2026-04-09
Cornerstone Lending Group Inc.,1,2024-03-20,2024-03-20
"Ragan & Ragan, P.C.",14,2024-03-20,2026-03-03
VETERIS CAPITAL LLC,7,2024-03-20,2026-03-05
"Cedar Holdings, Inc.",10,2024-03-21,2026-04-20
Inter-America Finance Corp.,3,2024-03-21,2026-06-02
Pagliaro Inc. dba Collection Associates,2,2024-03-21,2025-11-12
"Apoyo Financiero, Inc.",21,2024-03-22,2026-09-14
"BYS, LLC. d/b/a Boost Your Score",38,2024-03-22,2026-09-22
Simplending Financial LLC,1,2024-03-22,2024-03-22
SSRM,7,2024-03-23,2026-04-18
"Main Line Recovery Solutions, Inc.",36,2024-03-25,2026-08-12
"THOMPSON KANE & COMPANY, LLC",1,2024-03-25,2024-03-25
IDAHO CENTRAL CREDIT UNION,91,2024-03-26,2026-09-11
"AMERICAN FINANCIAL MANAGEMENT, INC.",5,2024-03-28,2026-07-15
Kiva Microfunds,4,2024-03-28,2026-06-13
RevNow LLC,39,2024-03-28,2026-09-18
"STAT Financial, Inc.",1,2024-03-28,2024-03-28
"AMERIPRISE BANK, FSB",5,2024-03-29,2026-06-08
Auto Acceptance Finance LLC,1,2024-03-29,2024-03-29
"OM Financial, LLC",22,2024-03-29,2026-08-03
"Clarity Debt Resolution, Inc",51,2024-03-30,2026-07-28
"Consumer Credit Counseling Foundation, Inc.",15,2024-03-31,2026-06-27
Singer Financial Corp.,1,2024-03-31,2024-03-31
Layer2 Financial Inc.,6,2024-04-01,2026-06-15
Premlo Inc.,4,2024-04-01,2026-06-08
Universal Commercial Capital. Inc,1,2024-04-02,2024-04-02
"ARL Credit Services, Inc.",3,2024-04-03,2025-01-28
"Prog Holdings, Inc.",69,2024-04-03,2026-09-22
COOPERATIVA DE AHORRO Y CREDITO HATILLO,1,2024-04-04,2024-04-04
Debt Busters,2,2024-04-04,2024-05-10
"North Colony Law Group, PC",3,2024-04-04,2026-03-19
"Taproot Financial, LLC",27,2024-04-04,2026-06-02
"TARRANT GROUP, LLC",1,2024-04-05,2024-04-05
Barton Benson Jones PLLC,3,2024-04-06,2026-03-30
"Fountainhead Commercial Capital, LLC",4,2024-04-08,2026-09-07
Golden Entropy Marketing Inc,9,2024-04-09,2026-04-09
Novo Platform Inc.,149,2024-04-09,2026-09-04
"WEST ASSET MANAGEMENT, INC.",1,2024-04-09,2024-04-09
"The Law Offices of Bradley Kim Thomas ii, LLC",4,2024-04-10,2026-07-08
Watercress Financial Group LLC,11,2024-04-10,2026-09-12
Lengenuity LLC,25,2024-04-11,2026-06-15
"Maddocks Collection Services, LLC",1,2024-04-11,2024-04-11
Fulfillment Financial Solutions,1,2024-04-12,2024-04-12
"Steven R. Hrdlicka, Attorney at Law",3,2024-04-12,2025-09-16
Golden State Home Loans Inc.,1,2024-04-13,2024-04-13
"Fairway Holdings, LLC",4,2024-04-14,2025-11-09
"Isanthes, LLC",1,2024-04-15,2024-04-15
RDM Capital Funding LLC,1,2024-04-15,2024-04-15
"FAST AND FAIR COLLECTION SOLUTIONS, LLC",10,2024-04-16,2026-06-12
Informative LLC,12,2024-04-16,2026-07-08
"Mortgage Expert, Inc. dba The Mortgage Expert",1,2024-04-16,2024-04-16
The Avon Group dba Wyn Financial,1,2024-04-16,2024-04-16
Bell Global Services LLC,9,2024-04-17,2026-03-10
"Pine Belt Credit, LLC",1,2024-04-17,2024-04-17
700 Credit Experts,65,2024-04-18,2026-07-17
JGB Management Inc.,1,2024-04-19,2024-04-19
Steel Lending Group LLC,16,2024-04-20,2026-07-13
"TESORO FINANCIAL, LLC",16,2024-04-21,2026-08-11
"Accelerate Financial, LLC",3,2024-04-23,2026-03-19
"Chowder, Inc.",3,2024-04-25,2026-08-09
Taekus Inc,2,2024-04-29,2025-08-19
US Mortgage Lenders LLC,2,2024-04-29,2025-02-20
The Gentry Law Office LLC,1,2024-04-30,2024-04-30
MORTGAGE EQUITY PARTNERS LLC,2,2024-05-02,2025-10-20
Evident Capital LLC,7,2024-05-03,2026-07-17
Local Finance LLC,7,2024-05-05,2026-05-12
InstaLend,1,2024-05-07,2024-05-07
"RCN Capital, LLC",9,2024-05-08,2026-04-27
"Futura TItle & Escrow, LLC",1,2024-05-09,2024-05-09
"Klutch Technologies, Inc.",3,2024-05-09,2026-04-23
"Richard J. Knapp & Associates, P.C.",1,2024-05-09,2024-05-09
Mercury Financial Intermediate LLC,409,2024-05-10,2026-09-15
Ben Franklin Finance LLC,16,2024-05-11,2025-07-08
"Array US, Inc",19,2024-05-13,2026-07-21
CapitalJ Inc. dba Juno,261,2024-05-13,2026-09-08
"Creditors Financial Services, LLC",3,2024-05-14,2025-07-01
"LIVE OAK BANCSHARES, INC.",40,2024-05-14,2026-09-14
"NPG Associates, Inc.",47,2024-05-14,2026-06-29
"Coinme Holdings, Inc.",42,2024-05-15,2026-08-20
"Commercial Mortgage Consultants, Inc.",1,2024-05-15,2024-05-15
"Efinity Financial, LLC",1,2024-05-15,2024-05-15
Safe Harbor Funding LLC,2,2024-05-15,2024-12-03
Tex-Mex Primo Auto Sales,2,2024-05-15,2025-10-28
"Money Matters Professional Collections, LLC",2,2024-05-16,2025-07-23
Revela Inc,1,2024-05-16,2024-05-16
"Shepherd Outsourcing, LLC",564,2024-05-16,2026-09-21
Sorensen Auto Plaza,1,2024-05-16,2024-05-16
"Reset Financial Technologies, Inc.",1,2024-05-17,2024-05-17
Royalty Lending Financial Services Inc.,6,2024-05-17,2026-04-01
"Southwood Financial, LLC.",19,2024-05-17,2026-09-15
Blue Ox II LLC dba MyHRScreens,1,2024-05-20,2024-05-20
Home Mortgage Finance Corp,1,2024-05-20,2024-05-20
"Compass Property Group, LLC",1,2024-05-21,2024-05-21
Next Financial Inc. dba Copper,19,2024-05-21,2024-08-23
"Property Collection Lawyers, LLC",1,2024-05-21,2024-05-21
"Leib Solutions, LLC",4,2024-05-24,2025-11-14
Legal Logix Inc.,11,2024-05-25,2026-06-17
"MTGLQ Investors, L.P.",1,2024-05-27,2024-05-27
"IDT Telecom, Inc",27,2024-05-29,2026-09-02
Chainlink Services LLC,36,2024-05-30,2026-09-15
CreditDusters LLC,1,2024-05-31,2024-05-31
"AFI Loan Servicing, LLC",1,2024-06-02,2024-06-02
BIYING Inc,16,2024-06-03,2026-09-14
"STATEWIDE HOME MORTGAGE, INC",1,2024-06-03,2024-06-03
WEBULL PAY HOLDINGS (US) INC,17,2024-06-03,2026-05-31
West Forest Capital II LLC,1,2024-06-03,2024-06-03
Loansteady LLC,1,2024-06-04,2024-06-04
DRIVE NOW AUTO CREDIT COMPANY INC,6,2024-06-05,2026-06-14
"Marlin Mortgage Holdings, LLC",1,2024-06-05,2024-06-05
Pier Special Opportunities Fund LP,6,2024-06-06,2026-09-22
"Pomelo International, Inc",5,2024-06-07,2024-10-11
Prisma Capital LLC,3,2024-06-07,2025-11-09
"Affordable Auto Finance, Inc",1,2024-06-09,2024-06-09
"Heller and Frisone, LTD.",1,2024-06-09,2024-06-09
Discovery Auto Sales LLC,16,2024-06-11,2026-08-26
OfferMarket,2,2024-06-12,2026-08-23
Paula G Kaplan Esq,1,2024-06-12,2024-06-12
Phoenix mortgage specialist inc.,1,2024-06-12,2024-06-12
BIRK CORPORATION,1,2024-06-13,2024-06-13
Rithm Capital Corp.,6,2024-06-13,2026-06-28
"Equity Express Mortgage, LLC",2,2024-06-14,2025-01-23
Upstate Remedial Management Inc,8,2024-06-14,2025-10-06
"Smith Carroad Wan & Parikh, P.C.",11,2024-06-16,2026-04-30
"Forward Funding Group, Inc.",7,2024-06-17,2025-11-03
EZ Financing Inc,2,2024-06-19,2024-06-28
"Bright Side Loans, LLC",6,2024-06-20,2026-02-03
"Lost Lake Finance, LLC",8,2024-06-20,2026-07-30
"Reference Services, Inc.",2,2024-06-21,2025-08-06
"AUTO FINANCE USA, LLC",17,2024-06-22,2026-07-22
"Financial Triangle, Inc.",2,2024-06-22,2024-06-22
Schaefer Legal LLC,1,2024-06-22,2024-06-22
Dario Auto Sales,4,2024-06-24,2026-08-26
"Magnus Title Agency, LLC",2,2024-06-24,2024-09-18
Changed Inc.,2,2024-06-25,2025-05-22
"Gerard Services, Inc.",1,2024-06-25,2024-06-25
"Kirkwood Law, LLC",1,2024-06-25,2024-06-25
NERD SOLUTIONS INC,7,2024-06-25,2026-06-30
"Harrington Law Firm, P.C.",2,2024-06-26,2025-12-23
BR & CA Finance Corp,1,2024-06-27,2024-06-27
CURevl LLC,1,2024-06-27,2024-06-27
Saul Jablon Attorney at Law,1,2024-06-27,2024-06-27
Turnbull Law Group,32,2024-06-27,2026-09-15
CUILA LLC,17,2024-06-28,2026-02-27
BYDcash LLC,1,2024-06-30,2024-06-30
Go Rascal Inc.,4,2024-06-30,2026-08-31
"Probate Advance Holdco, LLC",8,2024-06-30,2026-05-30
ATM OPS INC,4,2024-07-01,2026-09-15
"KCC Services, LLC",2,2024-07-01,2026-06-16
"SOUTH COUNTRY CAPITAL MANAGEMENT, LLC",4,2024-07-01,2026-02-06
"Unlock Technologies, Inc.",26,2024-07-02,2026-09-14
Liberty Debt Relief LLC,7,2024-07-03,2026-07-10
Arative Technologies LLC  (Bancoli),3,2024-07-04,2024-11-12
Central Research Inc,1526,2024-07-04,2026-09-28
Penrith Home Loans LLC,1,2024-07-08,2024-07-08
North Main Motors Inc.,3,2024-07-10,2026-04-13
Blue Bay Capital,4,2024-07-15,2026-06-10
"Trident Home Loans, LLC",1,2024-07-15,2024-07-15
"Anchor Financial Mortgage, Inc.",1,2024-07-16,2024-07-16
"Bilt Technologies, Inc.",680,2024-07-16,2026-09-13
"Hillcrest Capital, LLC",3,2024-07-16,2025-09-24
"Commercial Credit, Inc.",3,2024-07-17,2025-06-30
"Milliman, Inc.",96,2024-07-19,2026-09-25
"COLLECTION AGENCY OF THE HIGH COUNTRY,INC",1,2024-07-22,2024-07-22
"CredHub, Inc",18,2024-07-22,2026-08-21
TOC Financial DBA Mi Gente,4,2024-07-27,2025-11-12
OpenRoad Financial Services Inc,1,2024-07-30,2024-07-30
TRI POINTE HOMES INC,2,2024-07-30,2026-05-28
AltCap,1,2024-07-31,2024-07-31
Loancutters Inc.,3,2024-08-01,2026-02-14
"Oz Gram Investment, Inc.",2,2024-08-02,2025-05-20
Exto Inc.,236,2024-08-03,2026-09-10
"Helping Hand Financial, Inc",7,2024-08-04,2025-11-06
Assure Home Mortgage LLC,1,2024-08-05,2024-08-05
SweetPay LLC,1,2024-08-06,2024-08-06
Recovery Exchange LLC,5,2024-08-07,2026-06-04
AutoSmart  Acceptance Corporation,2,2024-08-09,2025-11-25
PPM CAPITAL INC.,1,2024-08-09,2024-08-09
"Tennessee Credit Management, Inc",63,2024-08-12,2026-09-12
"HENRY SCHEIN, INC.",1,2024-08-13,2024-08-13
"Homeland Financial Network, Inc.",2,2024-08-13,2025-05-13
"Loan Pronto, Inc.",1,2024-08-13,2024-08-13
NEIGHBORHOOD ECONOMIC DEVELOPMENT CORPORATION (NEDCO),1,2024-08-14,2024-08-14
"Powerhouse Solutions, Inc.",2,2024-08-14,2024-09-17
"Adam I. Skolnik, P.A. d/b/a Law Office of Adam I. Skolnik, P.A.",2,2024-08-15,2026-04-08
Extreme Loans LLC,6,2024-08-15,2026-07-30
"Anchor Home Mortgage, Inc.",1,2024-08-16,2024-08-16
Cardinal Branch,3,2024-08-16,2025-01-23
"Loom Capital, LLC",12,2024-08-16,2026-03-19
City Select Auto Sales,6,2024-08-20,2025-12-20
FDR Asset USA LTD,64,2024-08-20,2026-08-25
Range View Management LLC,15,2024-08-20,2026-08-26
"Standard Financial of Louisiana, LLC",4,2024-08-20,2025-06-03
Atchison Account Management,1,2024-08-21,2024-08-21
"D&D Motors S, Inc",2,2024-08-23,2026-05-19
KINGS MORTGAGE SERVICES INCORPORATED,1,2024-08-23,2024-08-23
"Sparrow Financial, Inc.",321,2024-08-23,2026-09-22
Wilson Breit,4,2024-08-23,2026-05-24
"Boek, Inc.",5,2024-08-24,2026-09-23
"Dunn Law, P.A.",4,2024-08-25,2025-12-29
"PACIFIC SOUTHWEST NOTE FUND, LLC",4,2024-08-25,2026-05-07
"Optimum First, Inc.",7,2024-08-26,2026-08-20
Southern Credit LLC,4,2024-08-26,2025-11-26
Turbo Debt LLC,6,2024-08-26,2026-07-03
Recovery Legal Group,2,2024-08-27,2026-08-24
Biorn Corporation,2,2024-08-28,2025-07-21
"EML Payments USA, LLC",3,2024-08-28,2026-07-02
"LeasePoint Funding Group, LLC",5,2024-08-28,2026-06-10
Neuhauser Law PLLC,1,2024-08-28,2024-08-28
TheTenn Inc.,3,2024-08-28,2024-09-26
PARAMOUNT BOND & MORTGAGE CO.,4,2024-09-01,2026-04-22
Better Debt Solutions LLC,8,2024-09-04,2026-05-07
Sky Venture Holdings LLC,4,2024-09-04,2026-04-13
Financial Recovery Group,3,2024-09-05,2025-05-20
Scoutlogic Inc.,3,2024-09-07,2025-08-26
MDG USA Inc.,3,2024-09-08,2024-11-13
"NEU Money, Inc.",24,2024-09-09,2026-09-02
Quest Legal Group,31,2024-09-09,2024-10-22
"Automania, Inc",2,2024-09-10,2025-02-19
"US Claims Litigation Funding, LLC",4,2024-09-10,2026-05-06
PRIMERA FINANCIAL CORP.,10,2024-09-11,2026-03-02
"Family Mortgage, Inc",2,2024-09-12,2026-02-12
COOPERATIVA DE AHORRO Y CREDITO ROOSEVELT ROADS,1,2024-09-13,2024-09-13
"RecFi,LLC",3,2024-09-14,2025-11-25
Becker and Poliakoff,8,2024-09-16,2026-08-03
Law Office of Stephen Buckley PLLC,1,2024-09-18,2024-09-18
"Smart Money Capital, LLC",2,2024-09-19,2024-11-27
"Freedom Rides, Inc.",1,2024-09-21,2024-09-21
Heights Finance LLC,6,2024-09-21,2026-05-28
Landmark Collection Services Inc.,12,2024-09-21,2026-09-04
Olympus1 LLC,52,2024-09-21,2026-09-13
"MortgageOne, Inc.",5,2024-09-23,2026-03-02
"BitGo Holdings, Inc.",7,2024-09-24,2025-08-26
"Georgia Assessment Recovery, LLC",4,2024-09-24,2026-08-31
General Financial Group Inc,3,2024-09-25,2026-02-25
Unlimited Credit Repair,2,2024-09-25,2025-10-06
AAA  LENDERS INC.,4,2024-09-27,2026-05-20
"TRISTATE CAPITAL HOLDINGS, INC",1,2024-09-27,2024-09-27
Revenue Recovery Solutions  Inc.,2,2024-09-29,2025-12-23
Madison Atrina LLC,6,2024-09-30,2026-03-05
ALCAR INC.,91,2024-10-02,2026-09-14
Courtesy Loans of Oklahoma LLC.,8,2024-10-03,2026-07-06
AmRes Corporation,2,2024-10-04,2026-03-30
OFG BANCORP,155,2024-10-07,2026-09-15
Tater Inc.,21,2024-10-07,2026-09-11
UNIVERSAL ACCOUNTS LLC,9,2024-10-08,2026-05-18
"West Michigan Mortgage, LLC",1,2024-10-08,2024-10-08
Strand Finance Inc.,3,2024-10-10,2026-08-21
Checkbook Inc,12,2024-10-11,2026-09-13
SCHEER LAW GROUP LLP,1,2024-10-12,2024-10-12
"DeBellis Financial Services, Inc.",1,2024-10-15,2024-10-15
Huron Law Group PLLC,4,2024-10-15,2026-02-11
Auction Credit Enterprise,1,2024-10-16,2024-10-16
Thinkwallet Loans,1,2024-10-16,2024-10-16
Centric Financial Group LLC,2,2024-10-17,2026-04-05
MST Consulting LLC,2,2024-10-17,2025-02-21
"Halliday, Watkins & Mann, P.C.",7,2024-10-18,2026-05-28
Kiwi Financial Inc.,14,2024-10-18,2026-09-18
LRS Mediations Group,4,2024-10-18,2026-05-22
"Wxw Investments, LLC",34,2024-10-18,2026-09-18
Xpert Home Lending Inc.,3,2024-10-18,2026-01-20
"Alperstein and Associates, LLC",10,2024-10-21,2026-09-14
PRA LAW FIRM,5,2024-10-21,2026-05-28
TRG Auto Finance LLC,3,2024-10-21,2025-04-18
Consolidation Capital,20,2024-10-22,2026-08-09
North Prime Lending Inc,1,2024-10-22,2024-10-22
Sports & Imports Auto,25,2024-10-22,2026-06-18
Stone Haven Capital,1,2024-10-22,2024-10-22
Bison Bucks Lending,25,2024-10-23,2026-07-09
Cambrian Group,10,2024-10-23,2026-06-17
National Investigative Services,3,2024-10-23,2025-09-22
SilverLake Financial LLC,9,2024-10-23,2026-06-12
Watanabe Ing LLP,1,2024-10-23,2024-10-23
Advance Loan Service,5,2024-10-24,2026-05-12
"Pinata Rent, Inc",24,2024-10-24,2026-09-15
Fair Credit Firm  (Kona Credit),2,2024-10-25,2025-10-10
"JRCM, LLC",2,2024-10-25,2025-01-20
Pure Debt Solutions,2,2024-10-25,2026-05-21
"CAPITAL SOLUTIONS MANAGEMENT, INC.",1,2024-10-27,2024-10-27
"Line 5, LLC",30,2024-10-28,2026-09-04
"Suncoast Financial Group, LLC",6,2024-10-28,2026-03-27
CapitalHut Finance,2,2024-10-29,2025-08-07
The Cook Law Office PLLC,5,2024-10-29,2026-05-18
"Unified Mortgage Service, Inc.",1,2024-10-29,2024-10-29
Unisource Joint Ventures LLC,4,2024-10-29,2026-01-24
ZOOM HOME LENDING LLC,4,2024-10-29,2026-06-10
"MSK Group, Inc.",1,2024-10-31,2024-10-31
DB Premier Asset Partners LLC,1,2024-11-05,2024-11-05
Greenwood and Allen Financial,16,2024-11-05,2026-09-01
Allied Consumer Assistance,2,2024-11-06,2024-11-21
"PASSAGE HEALTH INTERNATIONAL HOLDINGS, INC.",5,2024-11-07,2026-09-11
No Limits Access,10,2024-11-08,2026-08-27
"Snap Credit, Inc.",4,2024-11-08,2026-05-01
Sonora Lending Corporation,1,2024-11-08,2024-11-08
"G&L Wise Financial, Inc.",4,2024-11-09,2025-10-23
Airport Finance,1,2024-11-11,2024-11-11
Hughes Finance,26,2024-11-12,2026-06-16
Rosenberg & Associates Recovery Services,55,2024-11-12,2026-08-07
Ameritan Group Services,19,2024-11-13,2026-08-14
PacificLife Servicing,2,2024-11-13,2026-03-17
Precision Capital Mediation,2,2024-11-13,2025-05-02
Instant Cash Point,1,2024-11-14,2024-11-14
"Take Charge America, Inc.",2,2024-11-15,2026-01-17
Texas Mortgage Lending LLC,3,2024-11-15,2025-09-29
Fintology Technologies,1,2024-11-16,2024-11-16
"Allied Capital Management, Inc.",12,2024-11-18,2026-06-26
"Debt Settlement Group, Inc. dba Debt Rx",3,2024-11-18,2026-05-28
"Omni AR, LLC",17,2024-11-18,2026-07-30
Asset Complaint Solutions,15,2024-11-19,2026-07-10
"Law Office of Gregory Javardian, LLC",1,2024-11-19,2024-11-19
Northbrook and Associates,10,2024-11-19,2026-08-25
"Presto Mas, Inc.",2,2024-11-19,2026-07-14
RenoFi Inc.,3,2024-11-19,2026-03-01
"TRT HOME LOANS, INC.",1,2024-11-20,2024-11-20
Marquee Funding Group Inc.,2,2024-11-22,2026-02-12
Orbita Asset Purchasing,16,2024-11-22,2026-09-01
Fred Fincher Motors,1,2024-11-23,2024-11-23
Speed Investments LLC,2,2024-11-26,2025-05-22
"Zap Solutions, Inc.",27,2024-11-27,2026-07-09
Chrebet Associates  LLC,9,2024-11-29,2026-09-25
"Button Finance, Inc.",1,2024-11-30,2024-11-30
SOFI LOCAL CORP,2,2024-12-01,2025-12-30
MBOCAL,2,2024-12-02,2026-02-24
"Union Credit, Inc.",6,2024-12-03,2026-08-05
"America's Secure Home Loans, Inc.",1,2024-12-04,2024-12-04
"Liberty Mortgage Lending, Inc.",1,2024-12-04,2024-12-04
Glassen Rhead Mclean Campbell & Schumaker P.L.C.,2,2024-12-07,2024-12-13
"Walentine O’Toole, LLP",2,2024-12-07,2026-07-17
Apple Financing LLC,55,2024-12-10,2026-09-15
"CRC Holding, LLC",8,2024-12-10,2026-04-21
BANCO PICHINCHA MIAMI AGENCY,2,2024-12-11,2024-12-19
Halpin Slagh PC,1,2024-12-11,2024-12-11
"JHL, LLC",11,2024-12-11,2026-05-11
Second Chance Advocate,3,2024-12-12,2026-02-27
EF CORPORATE HOLDINGS LLC,6,2024-12-14,2026-02-07
Recuvery LLC,69,2024-12-15,2026-09-18
Retl Mnanagement LLC,2,2024-12-16,2025-07-22
"Bartley & Spears, P.C.",1,2024-12-17,2024-12-17
Debt Freedom Attorneys,5,2024-12-17,2026-01-27
Servicer under contract with Federal Student Aid,7490,2024-12-17,2026-09-13
A1 Lending Team LLC,1,2024-12-18,2024-12-18
"Miller George and Suggs, PLLC",1,2024-12-19,2024-12-19
Checkpoint Screening,1,2024-12-29,2024-12-29
"Horizon Digital Finance Holdings, Inc",4,2024-12-29,2026-05-05
"LPI, INC.",19,2024-12-31,2026-08-12
"Trusted Rate, Inc.",1,2024-12-31,2024-12-31
Cliff Lending Inc. d/b/a Advance Loan Solutions,25,2025-01-02,2026-09-20
PINNACLE CAPITAL MORTGAGE CORP,2,2025-01-02,2026-06-15
Trusted Mortgage Capital Inc,16,2025-01-02,2026-09-11
"Atlas Exploration, Inc.",1,2025-01-03,2025-01-03
Lending Base Inc.,1,2025-01-03,2025-01-03
Lending Tower LLC,10,2025-01-03,2026-07-03
"Trustly, Inc.",29,2025-01-03,2026-06-26
Karwaala Inc,7,2025-01-04,2026-06-29
"Klover Holdings, Inc.",47,2025-01-04,2026-09-10
Neb-Tex of Dalhart LLC,1,2025-01-04,2025-01-04
"RICHLAND LOAN PROCESSING CENTER, LLC",6,2025-01-06,2026-07-09
Elite Legal Practice PC,26,2025-01-08,2026-08-28
"Live Oak Financial, Inc",60,2025-01-08,2026-09-08
"The Law Office of Alan Pritchard, PLLC",3,2025-01-08,2026-03-16
Grey Inc,15,2025-01-09,2026-06-20
"AUTO MARKET OF FLORIDA, CORP",31,2025-01-10,2026-07-06
"Cypress Creek Financial, LLC",12,2025-01-10,2026-08-19
GuardHill Financial LLC,1,2025-01-12,2025-01-12
VISION ONE MORTGAGE,2,2025-01-13,2025-09-06
Ready Finance LLC,4,2025-01-14,2026-08-29
Rockdale Capital Management,1,2025-01-14,2025-01-14
Dash Funding Source LLC,1,2025-01-15,2025-01-15
"Law Offices of Bill Malone, Jr.",1,2025-01-15,2025-01-15
LATIN AMERICAN FINANCIAL,2,2025-01-17,2025-01-23
"Norwest Auto Sales, Inc",1,2025-01-17,2025-01-17
Maury's Motors Inc DBA Midpoint Auto Group,5,2025-01-18,2026-06-16
"The Zellman Group, LLC",2,2025-01-18,2025-01-25
CAPITAL INTERNATIONAL FINANCIAL INC.,1,2025-01-20,2025-01-20
"AutoCred, Inc.",8,2025-01-21,2026-09-22
"Centara Capital Group, Inc.",2,2025-01-21,2026-02-09
G. R. Isidro,1,2025-01-21,2025-01-21
Lovitts Auto Sales Inc,3,2025-01-21,2026-06-28
JLO Ventures LLC dba Car By U,4,2025-01-22,2025-12-08
Thrifty Motors Inc.,3,2025-01-22,2026-02-20
"Wilco Finance, Inc",7,2025-01-22,2026-03-06
A-1 Payday Loans and Title Loan Referral Inc.,4,2025-01-23,2026-07-31
"Apex Recovery Services, LLC",2,2025-01-23,2025-02-10
"Capital Assessment Service Company, Inc.",2,2025-01-24,2026-06-27
"EzeCreditServices, LLC",1,2025-01-24,2025-01-24
Recovery Remedies Corporation,1,2025-01-24,2025-01-24
Brentwood Pacific Financial,1,2025-01-25,2025-01-25
Credee Corporation,31,2025-01-25,2026-08-10
Capitol Loans,8,2025-01-26,2026-04-27
College Guidance Resources  LLC,2,2025-01-28,2025-08-06
Miller Harrison LLC,3,2025-01-28,2026-05-26
"Selection Management Systems, Inc.",2,2025-01-28,2025-08-17
Shield Home Loans Inc.,5,2025-01-30,2026-08-25
"First Mile Group, Inc.",2,2025-01-31,2025-08-13
Reese Pyle Meyer PLL,1,2025-01-31,2025-01-31
Capital Core Advisors LLC,4,2025-02-01,2026-01-09
Inclusive Action for the City,1,2025-02-01,2025-02-01
"Executive Title & Closing, Inc.",1,2025-02-03,2025-02-03
AJM Consultants LLC,1,2025-02-04,2025-02-04
ALPHA COLLECTION SERVICES,3,2025-02-05,2025-11-14
"BYTE FEDERAL, INC.",3,2025-02-05,2025-12-05
Gingo Palumbo Law Group LLC,1,2025-02-05,2025-02-05
New Silver Lending LLC,2,2025-02-05,2026-04-08
"The Green Law Firm, PC",1,2025-02-05,2025-02-05
"Total Financial Services, Inc",6,2025-02-05,2026-03-10
Boostify Financial Solutions,1,2025-02-06,2025-02-06
"Business Processing Solutions, LLC",152,2025-02-06,2026-09-22
Doctor Billa LLC,2,2025-02-07,2025-07-11
Hamiltonian Inc.,6,2025-02-07,2026-09-26
"ProVisor, Inc.",1,2025-02-07,2025-02-07
WINCHESTER SELLERS FOSTER & STEELE PC,1,2025-02-07,2025-02-07
WALTON FUNDING LLC,1,2025-02-09,2025-02-09
"SHAZAM, INC./IOWA TRANSFER SYSTEM, INC. (ITS)",1,2025-02-11,2025-02-11
Xperia Credit Solutions,1,2025-02-13,2025-02-13
"Foothills Mortgage Group, LLC",1,2025-02-15,2025-02-15
"Oliphant United, Inc.",605,2025-02-16,2026-09-13
Empire Realty Inc. DBA US Funding Co.,1,2025-02-18,2025-02-18
TRINITY CAPITAL ADVISORS LLC,1,2025-02-19,2025-02-19
"Atlas Medical Collection, Inc.",1,2025-02-23,2025-02-23
Choice Payment Services,1,2025-02-23,2025-02-23
"United First, LLC",6,2025-02-23,2026-03-22
AIM Financial LLC,1,2025-02-24,2025-02-24
Henschel & Beinhaker P.A.,6,2025-02-24,2025-11-26
Rockwallet LLC,1,2025-02-24,2025-02-24
"TORO COMPANY, THE",1,2025-02-24,2025-02-24
"COMPASS FINANCIAL HOLDING GROUP, LLC",2,2025-02-26,2025-09-07
East McComb Check Cash,1,2025-02-26,2025-02-26
Molinar LLC dba El Patron Title Loans,1,2025-02-27,2025-02-27
Amicus Lending,4,2025-02-28,2026-08-06
Malik J Hall Inc,1,2025-03-02,2025-03-02
"Eagle Rentals, Inc",2,2025-03-03,2025-04-28
Barker Financial LLC,3,2025-03-04,2026-06-11
DCFC PL,2,2025-03-04,2026-08-03
"Peterson Young P.C., d/b/a  Miller Cohen Peterson Young P.C.",4,2025-03-05,2026-07-24
Sierra Collections and Consulting LLC,4,2025-03-05,2026-01-23
"Wallick & Associates, Ltd",1,2025-03-05,2025-03-05
"Cure Payment Recovery Solutions, LLC",1,2025-03-06,2025-03-06
"Latham Keele Lehman Ratcliff Carter & Clarke, PC",1,2025-03-06,2025-03-06
Obligo Inc.,21,2025-03-06,2026-09-06
"Galt Financial Solutions, LLC",6,2025-03-12,2026-07-31
JB Motors LLC,1,2025-03-12,2025-03-12
"COAST 2 COAST LENDERS, LLC",3,2025-03-14,2026-04-02
Nala Payments LLC,10,2025-03-14,2026-05-14
RELIABLE HOLDINGS MANAGER LLC,1,2025-03-14,2025-03-14
FAITH FINANCIAL LLC,2,2025-03-15,2026-07-14
HLT CHECK EXCHANGE LLP,2,2025-03-17,2026-09-01
OttoMoto,1,2025-03-17,2025-03-17
"LEE S. DENNISON, P.C.",1,2025-03-18,2025-03-18
Mid Atlantic Auto Finance,4,2025-03-18,2026-04-25
"Stein & Stein, LLP",2,2025-03-20,2025-10-27
PINGPONG GLOBAL SOLUTIONS INC,3,2025-03-22,2026-06-25
ADS Resolve LLC,32,2025-03-26,2026-09-09
COOPERATIVA DE AHORRO Y CREDITO BARRANQUITAS,3,2025-03-27,2026-06-22
David Fogel P.C.,3,2025-04-01,2025-08-26
PROVENTURE CAPITAL LLC,1,2025-04-01,2025-04-01
Jacob & Griffin Associates,2,2025-04-03,2026-06-03
Wallace Consulting and Investment Corp,3,2025-04-03,2026-06-18
Spark Mortgage Advisors LLC,1,2025-04-04,2025-04-04
"Wilson Salamoff, LLP",1,2025-04-04,2025-04-04
"RIGHT SIDE UP LENDING, LLC",1,2025-04-05,2025-04-05
Brookhaven Law Group PLLC,4,2025-04-12,2026-06-08
International Collection Agency & Service Inc.,2,2025-04-12,2026-08-21
"AlpacaDB, Inc.",6,2025-04-15,2026-07-29
Rent One,1,2025-04-15,2025-04-15
1st Nationwide Mortgage of Texas Corp.,4,2025-04-16,2026-03-19
"Consumer Financial Services of Tampa, FL LLC",4,2025-04-16,2026-03-06
Select Us Consulting and Coaching,1,2025-04-16,2025-04-16
SATORI FINANCIALMORTGAGE GROUP LLC,1,2025-04-18,2025-04-18
"Titan Home Lending,LLC",1,2025-04-21,2025-04-21
FundFlare LLC,2,2025-04-22,2025-07-11
"Barber, Kaper, Stamm, McWatters, Whitlock & Maloney, LLP",1,2025-04-23,2025-04-23
Winton Law,1,2025-04-23,2025-04-23
1 Stop Payday Loan Services LLC,1,2025-04-24,2025-04-24
4 RE Services llc,1,2025-04-24,2025-04-24
Car World Group,13,2025-04-25,2026-06-24
Prodebtco LLC,4,2025-04-26,2026-07-30
"Onset Financial, Inc.",5,2025-04-27,2026-04-16
"Higlobe, Inc.",2,2025-04-28,2026-09-03
"Glick Management, LLC",7,2025-04-30,2026-07-05
"Wyatt Johnson Automotive Group Holdings, LLC",5,2025-04-30,2026-09-06
FYM Capital LLC,1,2025-05-01,2025-05-01
"Safetrust Mortgage, LLC",1,2025-05-01,2025-05-01
cottman check cashing l.p.,1,2025-05-02,2025-05-02
B-LO LLC,1,2025-05-03,2025-05-03
Encompass Recovery Group LLC,1,2025-05-03,2025-05-03
"Keowee Auto Sales, Inc.",1,2025-05-03,2025-05-03
Mortgage Choice LLC dba: Motto Mortgage Choice,2,2025-05-03,2025-11-18
SGCP Holdco LLC,2,2025-05-03,2026-06-05
Michelle A. Arace dbaThe Law Firm of Michelle A. Arace,1,2025-05-04,2025-05-04
JRG FUNDING LLC,2,2025-05-05,2025-11-25
J D FACTORS LLC,1,2025-05-06,2025-05-06
Pennie Mgmt LLC,5,2025-05-08,2026-07-25
"Spinwheel Solutions, Inc.",3,2025-05-09,2026-05-07
PrimeCore Group,1,2025-05-10,2025-05-10
"Grisham Cummins, LLC",5,2025-05-12,2026-03-24
"Automotive Financial of America, Inc.",11,2025-05-13,2026-07-17
The Car Network llc,2,2025-05-13,2026-07-06
William Raveis Real Estate,3,2025-05-13,2026-06-19
24/7 MORTGAGE CORPORATION,1,2025-05-14,2025-05-14
"Elite Portfolio Management, LLC",19,2025-05-14,2026-09-09
Kompato AI Inc,5,2025-05-14,2026-06-02
River Financial Inc.,17,2025-05-14,2026-09-10
Champlin & Associates PLLC,3,2025-05-15,2026-05-29
"Stream Platforms, Inc.",2,2025-05-15,2026-04-10
Cambridge Credit Counseling Corp.,3,2025-05-16,2026-05-11
"Costello Sury & Rooney, P.C.",4,2025-05-17,2026-09-05
Two Dots Inc.,9,2025-05-17,2026-08-19
PROVINCE MORTGAGE ASSOCIATES,1,2025-05-19,2025-05-19
Solvent Plus LLC,10,2025-05-20,2026-08-31
The Peak Service Corp.,1,2025-05-20,2025-05-20
"United Lending Team, INC",2,2025-05-20,2025-09-25
"B Walters CO., LLC",1,2025-05-21,2025-05-21
EM Auto Corporation,1,2025-05-27,2025-05-27
"General Recovery Services of WV, Inc.",9,2025-05-28,2026-01-20
"PreFi, LLC",1,2025-05-28,2025-05-28
Bear Claw Lending dba Lucent Cash,20,2025-05-30,2026-09-09
"CAPITAL AUTO FINANCIAL, INC.",1,2025-05-30,2025-05-30
National Credit Managers Association,1,2025-05-30,2025-05-30
Romano Parker & Associates,1,2025-05-30,2025-05-30
Red Star Mortgage,1,2025-05-31,2025-05-31
Top Line Collectors LLC,69,2025-05-31,2026-09-19
"Brio Management Group, LLC",3,2025-06-03,2026-05-27
"Key Debt Recovery, Inc.",5,2025-06-04,2026-06-17
"PayFiniti, LLC",2,2025-06-05,2026-07-08
Payment Servicing Corporation,1,2025-06-05,2025-06-05
"Laelia, LLC",1,2025-06-06,2025-06-06
DEVLIN INC,1,2025-06-11,2025-06-11
"Kohner, Mann & Kailas, S.C.",1,2025-06-13,2025-06-13
B&B Hold Corp.,15,2025-06-16,2026-08-31
TTM GLOBAL ENTERPRISES LLC,14,2025-06-19,2026-06-19
"ShoulderTap Technologies, Inc. d/b/a Fizz",52,2025-06-20,2026-07-20
"CBG Financial, LLC",1,2025-06-24,2025-06-24
Integrity Acquisitions Group,1,2025-06-24,2025-06-24
Saba Commercial Services Corp dba Saba & Associates,1,2025-06-26,2025-06-26
Hanson Capital LLC,2,2025-06-27,2025-07-21
"Lanier Law Firm, LLC",38,2025-06-29,2026-02-09
PPPLF ECONOMIC AND COMMUNITY DEVELOPMENT INSTITUTE,3,2025-07-01,2026-03-09
Monogram LLC,1,2025-07-03,2025-07-03
"Your Favorite Lenders, Inc",1,2025-07-05,2025-07-05
Approve Lending Holdings LLC,1,2025-07-08,2025-07-08
MCCARTHY LAW PLC,1,2025-07-09,2025-07-09
"Linden Research, Inc.",3,2025-07-11,2026-02-24
"Pinnacle Legal, P.C.",2,2025-07-11,2026-05-04
Pauls Auto Sales & Service Inc,1,2025-07-15,2025-07-15
"MLM Investors, LLC",1,2025-07-16,2025-07-16
"Affirmative Law, PC",16,2025-07-17,2026-09-03
CZFC Incorporated,1,2025-07-17,2025-07-17
"Goldman & Van Beek, P.C",2,2025-07-17,2026-01-23
Aspire Mortgage Advisors LLC,2,2025-07-18,2026-09-03
CMB FINANCIAL SERVICES INC,1,2025-07-18,2025-07-18
"Coastal Breeze Mortgage, LLC",1,2025-07-18,2025-07-18
NCR Financial Services Inc,1,2025-07-18,2025-07-18
Vericheck,63,2025-07-25,2026-06-17
Management Location Services Inc.,15,2025-07-27,2026-08-27
Right Step Mortgage LLC,1,2025-07-28,2025-07-28
SKYRIDGE LENDING LLC,1,2025-08-01,2025-08-01
"Credit Sesame, Inc.",14,2025-08-04,2026-07-16
Empire West Mortgage Lending PLLC,1,2025-08-05,2025-08-05
AMERITRUST MORTGAGE CORPORATION,3,2025-08-06,2026-09-16
"BesTitle Agency, Inc.",1,2025-08-07,2025-08-07
Clear Point Home Loans LLC,1,2025-08-09,2025-08-09
RF MORTGAGE AND INVESTMENT COR,1,2025-08-13,2025-08-13
Chesapeakes Services,1,2025-08-15,2025-08-15
"RESCO, INC.",1,2025-08-17,2025-08-17
Great Florida Lending Inc.,1,2025-08-19,2025-08-19
"James D. Calmes, 111",1,2025-08-19,2025-08-19
MAINSTREET LOAN COMPANY IN,2,2025-08-20,2025-09-03
Rutherford Credit,2,2025-08-25,2025-08-26
"Oliver Enterprises, Inc",1,2025-08-26,2025-08-26
Link Chain World Inc,1,2025-08-27,2025-08-27
"Prominence Capital Partners, LLC",1,2025-08-31,2025-08-31
"ClarityPay, Inc.",60,2025-09-01,2026-09-09
Federal Trade Commission,4,2025-09-02,2026-08-14
"Harrison Financial, LLC",4,2025-09-02,2026-05-15
"Gate US, Inc.",2,2025-09-04,2026-04-29
Acorns Grow Incorporated,100,2025-09-05,2026-09-21
"Georgia Mortgage Resources, LLC",1,2025-09-06,2025-09-06
"O'Currance, Inc.",5,2025-09-08,2026-03-26
Mission Asset Fund,2,2025-09-09,2026-08-05
MSA MORTGAGE LLC,1,2025-09-12,2025-09-12
SCHAEFER MORTGAGE CORPORATION,2,2025-09-13,2025-12-01
Mortgage Corp. of the East - III,1,2025-09-17,2025-09-17
"Oquirrh Mountain Law Group, P.C.",73,2025-09-17,2026-09-20
"MMRR Finance, d/b/a Cash Loans Direct",5,2025-09-20,2026-08-26
Accenture LLP,7,2025-09-24,2026-04-28
"Mortgage Express, Inc.",2,2025-09-25,2026-06-17
Economic Empowerment Center,2,2025-09-26,2026-05-13
"NRG STX Properties, LLC",4,2025-09-30,2026-03-13
Blue Printing Success Inc,1,2025-10-02,2025-10-02
"Newland Mortgage, Inc.",1,2025-10-02,2025-10-02
True Finance,8,2025-10-04,2026-09-11
Copeland Mortgage Company,1,2025-10-07,2025-10-07
Credit Recovery Systems LLC,47,2025-10-08,2026-09-14
Hidden Meadow Lending,11,2025-10-08,2026-09-06
Omni Investments Inc.,1,2025-10-08,2025-10-08
"Skylight Lending, LLC",3,2025-10-08,2026-09-08
"Credit West, LLC",1,2025-10-09,2025-10-09
Credit Done Right Inc,2,2025-10-11,2026-04-07
Diamond Finance LLC,2,2025-10-11,2026-07-11
TM Communication LLC,3,2025-10-13,2026-03-31
"Good News Group, LLC d/b/a Savvy Loans",4,2025-10-17,2026-07-29
MEPCO FINANCE CORPORATION,4,2025-10-17,2026-02-11
Freede Solutions Inc.,4,2025-10-19,2026-03-20
"Millennium Mortgage Group, LLC",1,2025-10-20,2025-10-20
"Yardstik, Inc.",2,2025-10-21,2026-01-13
American Coast Mortgage Corporation,1,2025-10-22,2025-10-22
Time Auto Group,2,2025-10-22,2026-07-15
"Sungage Financial, LLC",8,2025-10-24,2026-07-17
"Account Recovery Company, Inc.",1,2025-10-26,2025-10-26
Realogy Title Group LLC,2,2025-10-29,2025-10-30
"TLD ENTERPRISES, INC",1,2025-10-31,2025-10-31
Pomelo Technology US Inc,12,2025-11-01,2026-07-23
"Forsythe Finance, LLC",8,2025-11-04,2026-05-14
"Imprint Payments, Inc.",372,2025-11-05,2026-09-20
MERCHANTS BANCORP,1,2025-11-05,2025-11-05
Prosperum Capital Partners LLC,1,2025-11-05,2025-11-05
Deer Creek Lending,61,2025-11-06,2026-09-07
Integrity Property Financial Services LLC,1,2025-11-06,2025-11-06
"Katie Stylianou, P.C.",1,2025-11-06,2025-11-06
Elective Group USA Inc.,4,2025-11-07,2026-07-20
TClub Inc,275,2025-11-10,2026-09-08
"Convoy Home Loans, Inc.",1,2025-11-13,2025-11-13
Citywide Finance Company Inc.,1,2025-11-14,2025-11-14
Hard Capital Funding LLC,1,2025-11-14,2025-11-14
"First Premier Mortgage Lending, LLC",1,2025-11-16,2025-11-16
Federal First Lending LLC,4,2025-11-18,2026-08-13
"YREFY SLP5, LLC",3,2025-11-19,2026-04-29
Capital Lending Corp.,1,2025-11-20,2025-11-20
Lender Estimate LLC,1,2025-11-20,2025-11-20
"TexStar Escrow, LLC",1,2025-11-20,2025-11-20
"RBC BANK (GEORGIA), NATIONAL ASSOCIATION",27,2025-11-22,2026-09-08
Splash Cash Holdings LLC,2,2025-11-22,2025-12-08
"Speed1, Inc",5,2025-11-24,2026-07-27
"Wright, Finlay & Zak, LLP",1,2025-11-24,2025-11-24
"AAA CAPITAL INVESTMENT, INC.",3,2025-11-25,2026-04-06
BLUE WHALE LENDING L.L.C.,1,2025-11-25,2025-11-25
"JWBA Enterprise, Inc. dba American Financial Education Center",1,2025-11-28,2025-11-28
"Aero Payments, Inc.",4,2025-11-29,2026-09-04
Compliant Collection LLC,1,2025-11-29,2025-11-29
"POWERPAY, LLC",24,2025-12-01,2026-09-04
UTAHCASHLOANS LLC,3,2025-12-01,2026-07-14
Express Paycheck LLC,4,2025-12-02,2026-07-02
Allure Retention Solutions,1,2025-12-03,2025-12-03
"CUSO Development Company, LLC",1,2025-12-03,2025-12-03
"HighPoint Law Offices, LLC",4,2025-12-03,2026-08-25
Stone Guard Lending Inc.,1,2025-12-03,2025-12-03
"Pelham Loan Company, Inc.",2,2025-12-04,2026-07-30
Secure Choice Lending,1,2025-12-04,2025-12-04
Smyrna Finance LLC,3,2025-12-04,2026-04-07
Star loan centers,2,2025-12-04,2025-12-04
"All Area Abstract, LLC",1,2025-12-05,2025-12-05
"Horsepower Financial, LLC",6,2025-12-06,2026-07-13
"IRC's Center for Economic Opportunity, Inc.",1,2025-12-06,2025-12-06
"Partners Title Agency, LLC",1,2025-12-07,2025-12-07
Midwest Municipal Services dba CredStar Revenue Solutions,21,2025-12-08,2026-09-19
"Creditors Adjustment Bureau, Inc.",3,2025-12-09,2026-08-07
"Dill Law Firm, PLLC",1,2025-12-09,2025-12-09
Let's Get Funded,2,2025-12-09,2026-07-09
Momkus LLP,1,2025-12-09,2025-12-09
Central Land Title Guarantee Company,1,2025-12-10,2025-12-10
"30 Day Credit Pros, LLC",3,2025-12-12,2026-08-19
Ark Auto Solutions,3,2025-12-12,2026-07-15
Aluria Financial Holding LLC,1,2025-12-13,2025-12-13
"Loebsack & Brownlee, PLLC",2,2025-12-13,2026-08-25
"Indigo Ultimate Parent, LLC",3,2025-12-14,2026-05-14
F&M Financial Group LLC,1,2025-12-15,2025-12-15
"MARVELOANS, LLC",1,2025-12-15,2025-12-15
Sun 1318 Corp,1,2025-12-15,2025-12-15
Lead Finance DBA HyperSpeed Loans,8,2025-12-16,2026-03-17
Saluda Grade Holdings,1,2025-12-16,2025-12-16
"Hawthorn Horizon Credit Fund, Series 2",3,2025-12-17,2026-02-21
NOVAE LLC,2,2025-12-17,2026-05-16
"Blackstreet Mortgage Group, LLC",1,2025-12-18,2025-12-18
FloatMe Corp.,9,2025-12-18,2026-09-17
"FCTI, Inc.",5,2025-12-19,2026-07-10
"FHL HOLDINGS, LLC",1,2025-12-19,2025-12-19
Oro Express LLC,1,2025-12-19,2025-12-19
Verified Acquisition Company LLC,3,2025-12-19,2026-06-23
"Wetlands Holdings, Inc.",8,2025-12-20,2026-08-30
"Genius Technologies, Inc",1,2025-12-22,2025-12-22
"Prime Home Lending, LLC",3,2025-12-22,2026-08-18
CreditSmart Holdings Inc,4,2025-12-23,2026-06-23
"Independent Settlement Group, LLC dba EKKO Title",1,2025-12-23,2025-12-23
"Agora Data, Inc.",17,2025-12-24,2026-09-21
"DCS2 Asset Recovery, LLC",2,2025-12-24,2026-01-29
"Wiicar U.S., LLC",2,2025-12-24,2026-04-20
Focus Point INC,1,2025-12-26,2025-12-26
"Meta Platforms, Inc",1,2025-12-28,2025-12-28
CFS Investments,2,2025-12-29,2026-08-22
RecoverX Corp,1,2025-12-29,2025-12-29
Motto Mortgage Coastal,1,2026-01-02,2026-01-02
ZLN Finance LLC,6,2026-01-03,2026-04-04
"Rees Broome, PC",2,2026-01-06,2026-08-31
SOLAR SERVICING HOLDINGS LLC,204,2026-01-06,2026-09-25
Upward Financial Inc.,17,2026-01-07,2026-08-30
VolunteerNow,2,2026-01-08,2026-07-16
FOOTHILL CAPITAL SOLUTIONS LLC,8,2026-01-09,2026-09-10
"Paratus Partners, LLC.",1,2026-01-09,2026-01-09
"D Michael Dendy, A Professional Law Corporation",1,2026-01-10,2026-01-10
Swift Debt Relief Inc.,4,2026-01-10,2026-03-17
"Cleva Technologies, Inc",1,2026-01-11,2026-01-11
Eastern Shore Judgment Recovery,1,2026-01-12,2026-01-12
FIRSTSOURCE GROUP USA INC,1,2026-01-12,2026-01-12
"Prime Escrow, LLC",1,2026-01-12,2026-01-12
"Karta, Inc.",1,2026-01-13,2026-01-13
"Meridian North America, Inc.",1,2026-01-13,2026-01-13
GREEN BRICK PARTNERS INC,1,2026-01-14,2026-01-14
"RL Wendt, LLC",1,2026-01-14,2026-01-14
"CAPITALPlus Mortgage & Underwriting Services, Inc",1,2026-01-15,2026-01-15
"Morning Law Group, P.C.",6,2026-01-15,2026-09-04
"Prosser Holdings, LLC",1,2026-01-15,2026-01-15
Quick Money Solutions LLC,2,2026-01-15,2026-04-29
Ken Litman Attorney at Law,1,2026-01-16,2026-01-16
Paylaterr Inc,44,2026-01-17,2026-09-10
King Newton Financial Services LLC,1,2026-01-18,2026-01-18
Best Collection Services LLC,1,2026-01-19,2026-01-19
"C & C FINANCIAL, CORP",1,2026-01-19,2026-01-19
Bell Leasing dba Corporate Capital,1,2026-01-21,2026-01-21
TruNorth Resolution Group LLC,3,2026-01-21,2026-05-30
"Cornerstone Credit Group, LLC",2,2026-01-22,2026-08-18
AAA Company Loans and Tax Service,1,2026-01-23,2026-01-23
Lit Financial Corporation,2,2026-01-23,2026-01-28
Thornton Mortgage Inc.,3,2026-01-23,2026-05-04
"Casa Finance, LLC",1,2026-01-24,2026-01-24
Builders Choice Mortgage LLC,1,2026-01-26,2026-01-26
"iSolved HCM Services, LLC",3,2026-01-27,2026-06-29
Geraci LLP dba Fortra Law,1,2026-01-28,2026-01-28
Omega Recovery Solutions LLC,1,2026-01-28,2026-01-28
"BEST FRIEND FINANCE, INC.",1,2026-01-29,2026-01-29
Credithood LLC,1,2026-01-29,2026-01-29
"Internet Escrow Services, Inc.",1,2026-01-30,2026-01-30
"Snap US Holdings, LLC",111,2026-02-01,2026-09-18
American Eagle Mortgage Co. Inc. (FL),2,2026-02-02,2026-04-30
"Christian Credit Counselors, Inc.",1,2026-02-02,2026-02-02
Marshall Law LLC,2,2026-02-02,2026-08-07
"William Reilly Law Offices, PC.",2,2026-02-02,2026-06-29
1st Step Financial INC.,1,2026-02-03,2026-02-03
FLAGSHIP FINANCIAL GROUP LLC,106,2026-02-03,2026-09-12
"Jackson Credit, LLC",1,2026-02-03,2026-02-03
"OLD VIRGINIA MORTGAGE, INC",1,2026-02-03,2026-02-03
"Champions Mortgage Services, Inc",1,2026-02-04,2026-02-04
EQUITY PRIME MORTGAGE,9,2026-02-04,2026-08-15
"East Alabama Title & Escrow Services, LLC",1,2026-02-04,2026-02-04
First Professional Services Corporation,1,2026-02-04,2026-02-04
"Intercap Services, LLC",2,2026-02-04,2026-05-26
"Emerald Score, LLC",2,2026-02-05,2026-03-24
Rain Technologies Inc.,5,2026-02-05,2026-08-27
"Trustpoint Mortgage Company, Inc",1,2026-02-06,2026-02-06
Owl Bridge Credit LLC,4,2026-02-07,2026-07-22
United Capital Management,2,2026-02-08,2026-02-18
"XtraCash, LLC",1,2026-02-09,2026-02-09
"Adobe Auto Sales, Inc.",1,2026-02-10,2026-02-10
"Palmetto Clean Technology, Inc.",16,2026-02-11,2026-09-07
"World Credit Investors, LLC",1,2026-02-11,2026-02-11
First Coast Mortgage Funding LLC,2,2026-02-12,2026-02-12
"BLOOM & ASSOCIATES, P.A.",1,2026-02-13,2026-02-13
"FSC HOLDCO, LLC",1,2026-02-13,2026-02-13
RTO National,4,2026-02-13,2026-08-03
"Vista Financial Services of NC, LLC",1,2026-02-16,2026-02-16
"The Gibson Law Group, PC d/b/a Gibson Herod Law",1,2026-02-18,2026-02-18
UE MMXXV Trust,3,2026-02-18,2026-09-17
"David B. Watner, Esq.",1,2026-02-19,2026-02-19
"Hess & Jendro Law Office, P.A.",1,2026-02-19,2026-02-19
"Park Place Finance, LLC",1,2026-02-20,2026-02-20
Affinity Home Lending LLC,1,2026-02-23,2026-02-23
J.C. Lewis Motor Co.,1,2026-02-23,2026-02-23
"Performant Recovery, Inc.",3,2026-02-24,2026-09-10
The HELOC Company LLC,3,2026-02-24,2026-08-19
"DRT Enterprises, Inc",2,2026-02-25,2026-04-13
"Superior Financial Holdings, LLC",4,2026-02-25,2026-04-11
"B.S.D. Capital, Inc.",9,2026-02-26,2026-08-20
"American Trust Cash Advance, LLC",1,2026-02-27,2026-02-27
"Newport Home Loan, Inc.",1,2026-02-27,2026-02-27
Hometown Select Mortgage LLC,3,2026-02-28,2026-04-14
"Loan Ridge USA, LLC",1,2026-02-28,2026-02-28
"Spritz Finance, Inc.",2,2026-02-28,2026-07-14
"Puridy Financial, Inc",1,2026-03-02,2026-03-02
NRS Billing Services LLC,1,2026-03-03,2026-03-03
"CV3 Financial Services, LLC",6,2026-03-04,2026-09-17
"The Carroll Mortgage Group, Inc",2,2026-03-04,2026-05-28
Unified Mediation Group LLC,10,2026-03-04,2026-09-10
"Mitratech Holdings, Inc.",2,2026-03-05,2026-09-17
OFTA LLC,5,2026-03-09,2026-08-11
"Schwartz & McClure, LLC d/b/a McClure Law",1,2026-03-09,2026-03-09
"Texas Palmetto Ventures, LLC dba First Credit",1,2026-03-09,2026-03-09
"Health Management Services, Inc. d/b/a Corporate Legal Services LLC",1,2026-03-10,2026-03-10
Key Noble Financials,1,2026-03-11,2026-03-11
"Splitero, Inc.",3,2026-03-11,2026-04-25
Elem Indian Colony,8,2026-03-13,2026-09-05
"A.C. Wilson & Associates, LLC",1,2026-03-15,2026-03-15
Cashera LLC,6,2026-03-17,2026-07-13
"PLATINUM RECOVERY, LLC",3,2026-03-17,2026-07-13
Advance Service Group,7,2026-03-18,2026-09-19
DIAMOND RESIDENTIAL MORTGAGE,1,2026-03-18,2026-03-18
"Data Search Collection, Inc",3,2026-03-18,2026-05-07
Fairway Financial Services LLC,1,2026-03-18,2026-03-18
McLeod Capital Fund Inc,1,2026-03-18,2026-03-18
"Acala Investments, LLC",1,2026-03-19,2026-03-19
"Jeffrey A. Clark & Associates, APLC",1,2026-03-19,2026-03-19
Liberty 1 Lending Inc.,3,2026-03-19,2026-09-07
"Carolina Acceptance, LLC",2,2026-03-20,2026-07-10
"credi finance, inc.",1,2026-03-20,2026-03-20
"Maryland Portfolios, Inc.",1,2026-03-21,2026-03-21
Glow Financial Services Inc.,7,2026-03-24,2026-09-12
"Quality Funding, Inc",1,2026-03-24,2026-03-24
"Saxton Mortgage, LLC",2,2026-03-24,2026-07-24
"KNOCKAWAY, INC.",1,2026-03-25,2026-03-25
Bravo Finance,1,2026-03-26,2026-03-26
"Resolution Processing, LLC",5,2026-03-26,2026-06-05
007 Credit Agent,2,2026-03-30,2026-08-11
"ATM.com, Inc.",3,2026-03-31,2026-09-03
Beccas Home LLC,3,2026-03-31,2026-09-09
"Mortgage Buyers, Inc",1,2026-03-31,2026-03-31
"RAPID FINANCIAL SERVICES, LLC",3,2026-03-31,2026-06-16
BetterMe Financial,1,2026-04-01,2026-04-01
Breeze Labs Inc.,3,2026-04-01,2026-09-04
CRS Standard Financial Technologies Inc,1,2026-04-01,2026-04-01
Pacific Equity and Loan,1,2026-04-02,2026-04-02
iHome Mortgage Corporation,1,2026-04-02,2026-04-02
"elizabeth f schwartz, p.a.",1,2026-04-03,2026-04-03
Pantheon Student Solutions,1,2026-04-06,2026-04-06
"Giving Tree Group, Inc.",1,2026-04-07,2026-04-07
ET Investments,1,2026-04-09,2026-04-09
"Resolution Law Group, LLC",2,2026-04-09,2026-05-21
Roger Van Wert,5,2026-04-09,2026-08-26
"All American Title, Inc.",2,2026-04-11,2026-06-18
"CredCare, LLC",2,2026-04-12,2026-05-03
Forest Hill Account Management Inc.,7,2026-04-13,2026-09-14
"Hofman Law Group, A.P.C.",1,2026-04-13,2026-04-13
"Northland Capital Financial Services, LLC",1,2026-04-13,2026-04-13
Advanced Check And Credit Recovery,1,2026-04-15,2026-04-15
Chaos Capital Holdings LLC,2,2026-04-15,2026-06-02
"Carlson & Associates, Ltd.",1,2026-04-16,2026-04-16
Robert P Cuccia Inc,1,2026-04-16,2026-04-16
ELECTRONIC FUNDS SOURCE LLC,1,2026-04-17,2026-04-17
"O'Shaughnessy & Carter, PLLC",1,2026-04-17,2026-04-17
Clear2Mortgage Inc.,3,2026-04-19,2026-09-08
"PCH JV Ventures #9, LLC",3,2026-04-19,2026-09-02
Tapcheck Inc.,1,2026-04-20,2026-04-20
"Treasure Title Insurance Agency, Inc.",1,2026-04-20,2026-04-20
"Active Link, Inc.",1,2026-04-22,2026-04-22
"FIRST COASTAL FINANCIAL, INC.",2,2026-04-22,2026-06-24
FORTIS LEGAL FUNDING,1,2026-04-22,2026-04-22
"LEM FINANCIAL, INC",2,2026-04-22,2026-07-21
Friedman Vartolo LLP,2,2026-04-23,2026-09-01
"GF SunStrong Management Holdings, LLC",114,2026-04-23,2026-09-13
ClearPath Recovery Management LLC,2,2026-04-24,2026-06-02
"GHT MORTGAGE, LLC",1,2026-04-24,2026-04-24
National Mortgage Home Loans LLC,2,2026-04-24,2026-07-14
"Berkshire Financial Services, LLC",2,2026-04-28,2026-06-23
Kwai Credit,3,2026-04-28,2026-08-20
"Magee Holdings, LLC",2,2026-04-28,2026-04-28
Bluestar Mortgage Inc.,1,2026-04-30,2026-04-30
"Instant Cash, Inc.",1,2026-04-30,2026-04-30
"Scolopax, LLC",2,2026-04-30,2026-07-06
"Nexum Solutions, LLC",5,2026-05-01,2026-06-21
"Credit Bureau of Bainbridge, Inc.",1,2026-05-02,2026-05-02
The Law Office of Caridi,1,2026-05-02,2026-05-02
"Barr, Unger & McIntosh, LLC",1,2026-05-05,2026-05-05
"Newport Bayshore properties, Inc.",1,2026-05-05,2026-05-05
NEW JERSEY HOME FUNDING,1,2026-05-07,2026-05-07
"Wakefield Law, PLLC",1,2026-05-07,2026-05-07
"DTJS Financial Services, Inc.",1,2026-05-08,2026-05-08
First State Financial Corporation,1,2026-05-08,2026-05-08
"Phoenix Financial Holdings, Inc.",1,2026-05-08,2026-05-08
"Warm Lodge, Inc., dba Dash Credit",6,2026-05-08,2026-08-30
Priority Mortgage Corporation,1,2026-05-10,2026-05-10
"GenWay Home Mortgage, Inc.",2,2026-05-12,2026-07-11
Morales Law Group PA,1,2026-05-12,2026-05-12
"SSI Group, LLC d/b/a Receive Revenue Recovery",1,2026-05-12,2026-05-12
Auto Credit Assistance Corporation,1,2026-05-13,2026-05-13
Capiktal LLC,1,2026-05-13,2026-05-13
"Berry Cannon Crawford Macaw, PLLC",2,2026-05-15,2026-08-18
"Verato, Inc.",2,2026-05-18,2026-06-11
Counsel of the Carolinas,1,2026-05-19,2026-05-19
"Derrick E. Rosser, PC",1,2026-05-19,2026-05-19
"Industry Recovery Solutions, LLC",1,2026-05-19,2026-05-19
North Seattle Community College Foundation,1,2026-05-19,2026-05-19
CODY CLIFF CO INC,3,2026-05-20,2026-09-03
"The Law Office of Charles Mifsud, LLC",1,2026-05-20,2026-05-20
Kinsfolk Signature Realty,1,2026-05-21,2026-05-21
"Premier Judgment Recovery and Collections, LLC",1,2026-05-21,2026-05-21
SPLITIT USA INC.,4,2026-05-21,2026-09-03
"eHome Loan Advisors, LLC",1,2026-05-21,2026-05-21
"FASTLENDING.COM, LLC",1,2026-05-25,2026-05-25
"Mortgage Options, Inc, Columbia, SC Branch",1,2026-05-26,2026-05-26
A CREDIT SOLUTIONS INC.,1,2026-05-27,2026-05-27
Ashwood TD Services LLC,1,2026-05-27,2026-05-27
Everest Land Title Agency Ltd.,1,2026-05-27,2026-05-27
Lumin Lending Inc.,1,2026-05-27,2026-05-27
ADL AUTO SALES LLC,1,2026-05-28,2026-05-28
"Alliance Financial Services, LLC",3,2026-05-28,2026-08-06
United American Mortgage Corporation,2,2026-05-28,2026-06-03
"Defy Mortgage, LLC",1,2026-05-29,2026-05-29
"TriBeam Financial, Inc.",5,2026-05-29,2026-09-06
ZayZoon US Operating Inc.,3,2026-05-29,2026-08-07
"STANLEY MARTIN HOLDINGS, LLC",4,2026-05-30,2026-08-01
Ascent Auto Finance Inc.,1,2026-05-31,2026-05-31
"PHILANYA, INC.",2,2026-05-31,2026-07-18
DC Management Group LLC (Capital Credit Consulting),1,2026-06-02,2026-06-02
"Hometown Finance of Gaffney, Inc.",1,2026-06-09,2026-06-09
Homegrown Auto LLC,1,2026-06-12,2026-06-12
"Sandia Resolution Company, LLC",2,2026-06-12,2026-08-05
"MFS Mortgage Service, Inc.",1,2026-06-13,2026-06-13
Redwood Lending Services,1,2026-06-15,2026-06-15
FLEX FLOW 8 LLC,3,2026-06-16,2026-09-01
"Nexa Portfolio Strategies, LLC",2,2026-06-16,2026-08-13
Bills Cars and Trucks Inc.,1,2026-06-18,2026-06-18
"Johns Creek Mortgage, LLC",1,2026-06-20,2026-06-20
Steiner Marketing LLC,1,2026-06-20,2026-06-20
Alliance Capital Corp.,4,2026-06-23,2026-09-09
INTER US HOLDING INC.,1,2026-06-24,2026-06-24
"Rizz Lending, LLC",1,2026-06-24,2026-06-24
OLYMPIAN MORTGAGE LLC,1,2026-06-26,2026-06-26
Peoples Preferred Lending,4,2026-06-26,2026-09-24
"DMIL Enterprises, LLC",1,2026-07-03,2026-07-03
"Protocol Financial Service, LLC",1,2026-07-03,2026-07-03
Madison Mortgage Services Inc.,1,2026-07-05,2026-07-05
"Sherwood Mortgage Group, Inc",1,2026-07-06,2026-07-06
"Juice Global, Inc.",2,2026-07-07,2026-09-11
Presto Home Loans,1,2026-07-13,2026-07-13
"Gelt Financial, LLC",1,2026-07-14,2026-07-14
"Nonstop Mortgage, Inc",1,2026-07-14,2026-07-14
Nations Client Resolution LLC,1,2026-07-15,2026-07-15
Bell LLC,1,2026-07-17,2026-07-17
Clover Credit,2,2026-07-17,2026-08-26
"Walker & Associates, P.C.",1,2026-07-20,2026-07-20
"JKB Financial, Inc.",1,2026-07-22,2026-07-22
Federal Deposit Insurance Corporation,1,2026-07-24,2026-07-24
"Landmark Settlement & Title, LLC",1,2026-07-28,2026-07-28
"FAIRSHARE SOLUTIONS, LLC",1,2026-07-31,2026-07-31
"500 Down Dallas, LLC",1,2026-08-08,2026-08-08
"Bright Light Marketing, LLC",1,2026-08-11,2026-08-11
"My City Home Loans, Inc.",1,2026-08-14,2026-08-14
"Financial Health Strategies, Inc.",1,2026-08-17,2026-08-17
"Block Land Transfer, LLC",1,2026-08-19,2026-08-19
"SayGo Connect, LLLP",1,2026-08-30,2026-08-30
UNITED NATIONS FEDERAL CREDIT UNION,2,2026-09-07,2026-09-09
United MediCorp LLC,1,2026-09-07,2026-09-07
"Vista Point Mortgage, LLC",1,2026-09-07,2026-09-07
